도로명주소,상권업종대분류명,경도,위도
서울특별시 용산구 보광로59길 10,숙박,126.9935057,37.53403862
서울특별시 용산구 한강대로 399,음식,126.9723523,37.55395666
서울특별시 용산구 두텁바위로 147,음식,126.9808747,37.55148961
서울특별시 용산구 녹사평대로 170,음식,126.989082,37.53348869
서울특별시 용산구 소월로38가길 5,음식,126.9901782,37.5432376
서울특별시 용산구 한강대로88길 6-1,음식,126.9727858,37.54437014
서울특별시 용산구 이태원로54길 31,음식,127.0019461,37.53703011
서울특별시 용산구 이태원로 160-1,음식,126.9917633,37.53416465
서울특별시 용산구 청파로 74,음식,126.9595641,37.5327885
서울특별시 용산구 한강대로 205,음식,126.9720643,37.53721603
서울특별시 용산구 효창원로 156,음식,126.9623087,37.5419706
서울특별시 용산구 소월로 108,소매,126.9812367,37.55210235
서울특별시 용산구 새창로 213,음식,126.9672699,37.5304663
서울특별시 용산구 소월로2다길 5,숙박,126.9779883,37.55356141
서울특별시 용산구 이태원로 166,음식,126.9923969,37.53420975
서울특별시 용산구 한강대로10길 11-76,음식,126.964942,37.5246812
서울특별시 용산구 새창로 116-5,음식,126.9604218,37.53683428
서울특별시 용산구 한강대로 52,음식,126.9646136,37.52537487
서울특별시 용산구 녹사평대로54길 23,음식,126.9886172,37.53915593
서울특별시 용산구 이촌로 319,음식,126.9823199,37.51795459
서울특별시 용산구 원효로56길 3,숙박,126.9629569,37.53560974
서울특별시 용산구 서빙고로 69,음식,126.9723522,37.52371008
서울특별시 용산구 이촌로88길 8,보건의료,126.9777612,37.51825115
서울특별시 용산구 이태원로27가길 9,음식,126.9947728,37.53496672
서울특별시 용산구 신흥로 94-2,음식,126.984882,37.54566073
서울특별시 용산구 두텁바위로35길 2,음식,126.9811927,37.54709279
서울특별시 용산구 이태원로 223-5,음식,126.9983934,37.5355795
서울특별시 용산구 청파로 289,음식,126.9701941,37.54537863
서울특별시 용산구 한강대로 365,음식,126.9718441,37.55104632
서울특별시 용산구 두텁바위로 147,음식,126.9808747,37.55148961
서울특별시 용산구 이촌로 62,음식,126.9557551,37.52639002
서울특별시 용산구 이태원로 143-7,음식,126.9895457,37.53449785
서울특별시 용산구 회나무로 74,음식,126.9947611,37.54040876
서울특별시 용산구 원효로97길 37,음식,126.9685773,37.54219768
서울특별시 용산구 이태원로 143-11,음식,126.9893647,37.5345609
서울특별시 용산구 청파로45길 18,음식,126.969674,37.54446849
서울특별시 용산구 대사관로31길 20,음식,127.0060191,37.53412875
서울특별시 용산구 회나무로 24-1,음식,126.9894432,37.53921908
서울특별시 용산구 후암로57길 3-2,음식,126.9742538,37.55316421
서울특별시 용산구 한남대로27길 66,음식,127.0029985,37.53959794
서울특별시 용산구 한강대로10길 11-48,음식,126.9647837,37.52449194
서울특별시 용산구 청파로47가길 9-4,음식,126.9669923,37.54425153
서울특별시 용산구 한강대로 112,음식,126.9682206,37.52961061
서울특별시 용산구 한강대로40가길 24,보건의료,126.9723042,37.53097215
서울특별시 용산구 한남대로21길 18,소매,127.0061662,37.5340927
서울특별시 용산구 이태원로 211,예술·스포츠,126.9972733,37.53499383
서울특별시 용산구 한강대로11길 25,음식,126.9622718,37.52547326
서울특별시 용산구 한강대로 130-3,음식,126.9699962,37.53101664
서울특별시 용산구 이태원로 211,소매,126.9972733,37.53499383
서울특별시 용산구 청파로 74,음식,126.9595641,37.5327885
서울특별시 용산구 서빙고로 237,음식,126.9899549,37.52071255
서울특별시 용산구 원효로 75,음식,126.9522553,37.53274973
서울특별시 용산구 한강대로 405,음식,126.9717295,37.55483949
서울특별시 용산구 청파로 267,음식,126.9705683,37.54343256
서울특별시 용산구 백범로87길 40,음식,126.968952,37.53902626
서울특별시 용산구 이태원로26길 17,음식,126.9934718,37.53371426
서울특별시 용산구 보광로 13,음식,127.0011087,37.52581265
서울특별시 용산구 백범로99길 54,음식,126.9724721,37.53590967
서울특별시 용산구 한강대로 95,음식,126.9666597,37.5288173
서울특별시 용산구 한강대로15길 19-2,음식,126.9630747,37.52601411
서울특별시 용산구 서빙고로 17,음식,126.96657,37.52690715
서울특별시 용산구 후암로 4,음식,126.9786921,37.54625444
서울특별시 용산구 한강대로 405,음식,126.9717295,37.55483949
서울특별시 용산구 한남대로 130,음식,127.0044355,37.53994027
서울특별시 용산구 청파로 271,예술·스포츠,126.9705456,37.54381098
서울특별시 용산구 이태원로54길 5,음식,127.0019348,37.53804824
서울특별시 용산구 청파로 293,음식,126.9701487,37.54580209
서울특별시 용산구 한남대로42가길 4,음식,127.0027497,37.54317491
서울특별시 용산구 한강대로46길 19,음식,126.9713878,37.53107104
서울특별시 용산구 원효로89길 7,예술·스포츠,126.9685441,37.54043171
서울특별시 용산구 대사관로24길 27,음식,127.005442,37.53251598
서울특별시 용산구 이태원로 192,음식,126.9953725,37.53437208
서울특별시 용산구 청파로43길 53,음식,126.9677619,37.54388233
서울특별시 용산구 보광로 9,음식,127.0012897,37.52561443
서울특별시 용산구 이태원로 143-13,음식,126.9892628,37.53459693
서울특별시 용산구 한남대로27가길 34,음식,127.0025571,37.53822843
서울특별시 용산구 한강대로 69,보건의료,126.9648956,37.52704181
서울특별시 용산구 이태원로27가길 43,음식,126.992906,37.53482246
서울특별시 용산구 청파로43가길 33,예술·스포츠,126.9682482,37.5444591
서울특별시 용산구 이촌로64길 61,음식,126.9677042,37.52023103
서울특별시 용산구 신흥로 28,음식,126.987112,37.5409758
서울특별시 용산구 원효로41길 73,음식,126.9611351,37.53585243
서울특별시 용산구 한강대로 259,음식,126.9724134,37.54157695
서울특별시 용산구 이촌로75길 16,음식,126.9744234,37.52058407
서울특별시 용산구 후암로 107,음식,126.9735634,37.55346139
서울특별시 용산구 이촌로 260,음식,126.9762114,37.51857521
서울특별시 용산구 신흥로 83,음식,126.9858665,37.54543561
서울특별시 용산구 한강대로76길 21-11,음식,126.9741445,37.54207289
서울특별시 용산구 녹사평대로54길 11,음식,126.9879723,37.53933607
서울특별시 용산구 서빙고로 297,음식,126.9964254,37.52125353
서울특별시 용산구 만리재로 138,음식,126.9627679,37.55156638
서울특별시 용산구 이태원로 222,음식,126.9988686,37.53478663
서울특별시 용산구 독서당로 39,예술·스포츠,127.0071616,37.53155182
서울특별시 용산구 이촌로77길 19,음식,126.9749212,37.5205121
서울특별시 용산구 한강대로39길 2-13,음식,126.9692155,37.53115158
서울특별시 용산구 이촌로77길 19,음식,126.9749212,37.5205121
서울특별시 용산구 한강대로88길 11-17,음식,126.9727744,37.54482063
서울특별시 용산구 백범로87길 48-5,음식,126.9694045,37.53930569
서울특별시 용산구 백범로 293,음식,126.9618914,37.53932152
서울특별시 용산구 효창원로69길 5,음식,126.9615622,37.54144778
서울특별시 용산구 이태원로45길 4,음식,126.9993438,37.5362012
서울특별시 용산구 효창원로 270,음식,126.963696,37.55133241
서울특별시 용산구 한강대로84길 11-16,음식,126.9732385,37.54438826
서울특별시 용산구 한강대로 162-2,음식,126.9722355,37.53331474
서울특별시 용산구 원효로41길 21-1,음식,126.9586466,37.53475236
서울특별시 용산구 녹사평대로46길 11,음식,126.9875426,37.53734482
서울특별시 용산구 이태원로27가길 12,음식,126.9945805,37.53517394
서울특별시 용산구 우사단로2길 1,예술·스포츠,126.9968774,37.53079516
서울특별시 용산구 한강대로104길 83,음식,126.9768576,37.55036265
서울특별시 용산구 이태원로 179,음식,126.9937432,37.5348135
서울특별시 용산구 한강대로54길 31,음식,126.9733445,37.53248607
서울특별시 용산구 원효로90길 16,음식,126.9696986,37.53959409
서울특별시 용산구 한강대로23길 55,음식,126.964736,37.5297718
서울특별시 용산구 이태원로42길 32,음식,127.0004073,37.53603001
서울특별시 용산구 신흥로 87,음식,126.9855949,37.54562478
서울특별시 용산구 한강대로 58-1,숙박,126.9651111,37.52582552
서울특별시 용산구 효창원로40길 24,음식,126.9600261,37.53622147
서울특별시 용산구 이촌로65가길 78,음식,126.9752265,37.52078246
서울특별시 용산구 청파로47가길 7,음식,126.9669582,37.54455786
서울특별시 용산구 대사관로30길 8,음식,127.0053402,37.53287639
서울특별시 용산구 한강대로 256,예술·스포츠,126.9735224,37.54128889
서울특별시 용산구 한강대로104길 57,음식,126.9753978,37.55036235
서울특별시 용산구 한강대로 188,음식,126.9740112,37.53496397
서울특별시 용산구 새창로 108-1,음식,126.960014,37.53771712
서울특별시 용산구 한강대로23길 55,음식,126.964736,37.5297718
서울특별시 용산구 한강대로 268,음식,126.9730808,37.5422078
서울특별시 용산구 이태원로49길 18,음식,126.9995022,37.53716527
서울특별시 용산구 한강대로84길 11-18,음식,126.9732045,37.54445132
서울특별시 용산구 청파로47길 52,음식,126.9676483,37.54497251
서울특별시 용산구 한강대로102길 11-24,음식,126.9731006,37.55011858
서울특별시 용산구 새창로 132,음식,126.961237,37.5357083
서울특별시 용산구 한남대로 59,예술·스포츠,127.0067206,37.53398455
서울특별시 용산구 독서당로 98,예술·스포츠,127.0114953,37.53507439
서울특별시 용산구 후암로 65,음식,126.9766536,37.55134469
서울특별시 용산구 보광로 86,음식,126.996176,37.53086721
서울특별시 용산구 이태원로 162,음식,126.9918651,37.53415565
서울특별시 용산구 보광로60길 6,숙박,126.9944674,37.53384946
서울특별시 용산구 이촌로 105,음식,126.9597159,37.52390467
서울특별시 용산구 이태원로 5-1,음식,126.9750067,37.53535162
서울특별시 용산구 대사관로 64,음식,127.0051705,37.5332368
서울특별시 용산구 새창로12길 11-3,음식,126.9578521,37.53916698
서울특별시 용산구 후암로57길 55,음식,126.9741188,37.55108288
서울특별시 용산구 보광로59길 7,음식,126.9935623,37.53382238
서울특별시 용산구 백범로 341,보건의료,126.9679794,37.53793579
서울특별시 용산구 이태원로 164-1,음식,126.9922385,37.5341737
서울특별시 용산구 보광로 21,음식,127.0005883,37.52634425
서울특별시 용산구 청파로 74,보건의료,126.9595641,37.5327885
서울특별시 용산구 청파로47길 81,음식,126.9658943,37.54491796
서울특별시 용산구 두텁바위로 147,소매,126.9808747,37.55148961
서울특별시 용산구 청파로 378,음식,126.9704869,37.54911785
서울특별시 용산구 청파로73길 7,소매,126.9692192,37.54980228
서울특별시 용산구 새창로 213-9,숙박,126.9676431,37.53066462
서울특별시 용산구 보광로60길 15,음식,126.9950331,37.53408375
서울특별시 용산구 원효로 246,음식,126.9686011,37.53949469
서울특별시 용산구 회나무로 51,음식,126.9922832,37.54014733
서울특별시 용산구 원효로1길 16,음식,126.9456236,37.53516154
서울특별시 용산구 이태원로20길 18-1,음식,126.9921028,37.53353398
서울특별시 용산구 대사관로34길 41,예술·스포츠,127.0060302,37.53148881
서울특별시 용산구 보광로 124,음식,126.9942864,37.53384945
서울특별시 용산구 대사관로5길 17,음식,127.0005657,37.53497584
서울특별시 용산구 한강대로 92,보건의료,126.9675198,37.52817783
서울특별시 용산구 한강대로23길 55,음식,126.964736,37.5297718
서울특별시 용산구 백범로74길 50,음식,126.9612129,37.53851941
서울특별시 용산구 이태원로27가길 18,음식,126.9942637,37.5351559
서울특별시 용산구 효창원로 132,예술·스포츠,126.961778,37.53977199
서울특별시 용산구 청파로89길 42,숙박,126.9665808,37.55338754
서울특별시 용산구 우사단로 37,음식,126.9954404,37.53353415
서울특별시 용산구 새창로 131-9,음식,126.9619158,37.5359608
서울특별시 용산구 한남대로18길 18,음식,127.0083838,37.53434484
서울특별시 용산구 신흥로 42,음식,126.9874966,37.54212011
서울특별시 용산구 이태원로36길 18-9,음식,126.999027,37.53435415
서울특별시 용산구 청파로47가길 7-11,소매,126.9673203,37.54455796
서울특별시 용산구 대사관로 56,소매,127.0041975,37.53328189
서울특별시 용산구 이태원로26길 19,음식,126.9935736,37.53363318
서울특별시 용산구 후암로57길 9-1,숙박,126.9741973,37.55304707
서울특별시 용산구 한강대로84길 11-9,음식,126.9731254,37.54397377
서울특별시 용산구 후암로 14,음식,126.9783297,37.54721844
서울특별시 용산구 한강대로77길 21,음식,126.9715422,37.54163981
서울특별시 용산구 이태원로 211,음식,126.9972733,37.53499383
서울특별시 용산구 이태원로 143-28,음식,126.989161,37.53471405
서울특별시 용산구 후암로 37-1,음식,126.9774011,37.5493266
서울특별시 용산구 한강대로14길 20,음식,126.9652361,37.52465426
서울특별시 용산구 한강대로80길 15,음식,126.9736464,37.54273051
서울특별시 용산구 대사관로19길 7,소매,127.0036431,37.53384052
서울특별시 용산구 새창로14길 16,음식,126.95852,37.53863563
서울특별시 용산구 한강대로 283,예술·스포츠,126.9719488,37.54344191
서울특별시 용산구 신흥로26길 35,음식,126.9843842,37.54536334
서울특별시 용산구 회나무로10길 5,음식,126.9891264,37.53896677
서울특별시 용산구 서빙고로91나길 112,음식,126.9962781,37.52556933
서울특별시 용산구 한강대로21길 17-3,음식,126.9640586,37.52673522
서울특별시 용산구 효창원로 112,예술·스포츠,126.9608737,37.53807781
서울특별시 용산구 이태원로 153,음식,126.9909939,37.53459708
서울특별시 용산구 신흥로 101-9,음식,126.9849048,37.54471469
서울특별시 용산구 이태원로54길 22,음식,127.0019914,37.53733645
서울특별시 용산구 한남대로18길 26,음식,127.0086553,37.53454304
서울특별시 용산구 원효로58길 40,음식,126.9636136,37.53447469
서울특별시 용산구 청파로 391,음식,126.9687419,37.55450537
서울특별시 용산구 원효로58길 31,음식,126.9636813,37.53492521
서울특별시 용산구 신흥로11길 7,숙박,126.9872248,37.54317425
서울특별시 용산구 우사단로10가길 10,음식,126.9970697,37.53366935
서울특별시 용산구 한강대로23길 55,음식,126.964736,37.5297718
서울특별시 용산구 원효로83길 13-5,음식,126.9675599,37.54000798
서울특별시 용산구 한강대로104가길 11-2,음식,126.9735534,37.54970422
서울특별시 용산구 백범로90길 26,음식,126.9687379,37.53689984
서울특별시 용산구 새창로 217,보건의료,126.9677791,37.53021416
서울특별시 용산구 우사단로10길 74,음식,126.9994004,37.53204759
서울특별시 용산구 청파로93길 49-6,음식,126.9661847,37.55344149
서울특별시 용산구 이태원로 228-1,음식,126.9992306,37.53545337
서울특별시 용산구 신흥로 78-2,음식,126.9864776,37.54516538
서울특별시 용산구 장문로6길 110,음식,126.9969455,37.5257946
서울특별시 용산구 이태원로54길 62-8,음식,127.0006902,37.53555248
서울특별시 용산구 이촌로 319,음식,126.9823199,37.51795459
서울특별시 용산구 원효로 137,음식,126.9584432,37.53423872
서울특별시 용산구 우사단로 47,음식,126.9954857,37.53435406
서울특별시 용산구 한강대로62길 45-17,음식,126.9738988,37.53270243
서울특별시 용산구 이촌로 260,음식,126.9762114,37.51857521
서울특별시 용산구 신흥로 150,음식,126.9816341,37.54665137
서울특별시 용산구 한강대로 69,음식,126.9648956,37.52704181
서울특별시 용산구 우사단로2길 20,음식,126.9978504,37.53051587
서울특별시 용산구 청파로49길 56,음식,126.9672182,37.54505348
서울특별시 용산구 회나무로 3,음식,126.9874066,37.53857917
서울특별시 용산구 이촌로88길 3,음식,126.9787114,37.5180531
서울특별시 용산구 후암로 107,소매,126.9735634,37.55346139
서울특별시 용산구 녹사평대로26길 24,음식,126.9916845,37.53093906
서울특별시 용산구 보광로59길 33,음식,126.9921254,37.53383131
서울특별시 용산구 한강대로62나길 6,음식,126.9741812,37.53421618
서울특별시 용산구 한남대로27가길 23,음식,127.0025797,37.53771485
서울특별시 용산구 새창로45길 20-1,음식,126.9634552,37.53454672
서울특별시 용산구 새창로 123,음식,126.9612027,37.53641107
서울특별시 용산구 새창로49길 19,음식,126.9635119,37.53434851
서울특별시 용산구 새창로35길 7,음식,126.9615422,37.53638415
서울특별시 용산구 한남대로42길 12,음식,127.0029646,37.5425352
서울특별시 용산구 대사관로 25,음식,127.0011993,37.53389463
서울특별시 용산구 한남대로10길 36,음식,127.0091642,37.53221842
서울특별시 용산구 만리재로 176,보건의료,126.9657884,37.55395494
서울특별시 용산구 신흥로 136-1,음식,126.9818947,37.54540803
서울특별시 용산구 후암로48길 1,음식,126.9768003,37.55284038
서울특별시 용산구 이촌로18길 15-12,음식,126.9552917,37.52567805
서울특별시 용산구 이태원로 244,음식,127.0005092,37.53648051
서울특별시 용산구 한강대로39길 10,음식,126.9689892,37.53125064
서울특별시 용산구 이촌로18길 16,음식,126.9549519,37.52625457
서울특별시 용산구 한강대로 202,음식,126.974633,37.53635165
서울특별시 용산구 한강대로 138,음식,126.9704599,37.53144022
서울특별시 용산구 녹사평대로46길 69,예술·스포츠,126.9903825,37.5379037
서울특별시 용산구 후암로57길 35-17,음식,126.9744014,37.55200196
서울특별시 용산구 한강대로 95,소매,126.9666597,37.5288173
서울특별시 용산구 한강대로7길 18-5,음식,126.9620119,37.52479742
서울특별시 용산구 보광로 26,음식,127.0005317,37.52679475
서울특별시 용산구 이태원로 174,음식,126.9932341,37.53428188
서울특별시 용산구 회나무로44길 40,음식,126.9953948,37.53957986
서울특별시 용산구 대사관로31길 20,음식,127.0060191,37.53412875
서울특별시 용산구 대사관로 66,소매,127.0053402,37.53317372
서울특별시 용산구 보광로 17,음식,127.0009163,37.52601087
서울특별시 용산구 회나무로28가길 7,음식,126.9922946,37.53883187
서울특별시 용산구 이태원로26길 15,음식,126.9933926,37.53378634
서울특별시 용산구 한강대로 306,음식,126.9722423,37.54549626
서울특별시 용산구 이태원로27가길 13,음식,126.9945805,37.53494869
서울특별시 용산구 우사단로 36,음식,126.9957346,37.53341703
서울특별시 용산구 이태원로19길 5,음식,126.9917633,37.53475931
서울특별시 용산구 녹사평대로40나길 16,음식,126.9883463,37.53511943
서울특별시 용산구 청파로71길 10,음식,126.9694117,37.54946896
서울특별시 용산구 한강대로77길 15,음식,126.9717797,37.54172096
서울특별시 용산구 대사관로30길 11-9,음식,127.005838,37.53286735
서울특별시 용산구 한강대로80길 11-6,음식,126.9736011,37.54287466
서울특별시 용산구 보광로60길 22,음식,126.9954631,37.53390356
서울특별시 용산구 청파로47길 26,음식,126.9690288,37.54488278
서울특별시 용산구 한강대로 283,소매,126.9719488,37.54344191
서울특별시 용산구 청파로 277,음식,126.9705001,37.54435157
서울특별시 용산구 청파로47길 56,음식,126.9673088,37.54493638
서울특별시 용산구 우사단로 2-1,음식,126.9969227,37.53058793
서울특별시 용산구 한강대로 100,음식,126.9686735,37.52879082
서울특별시 용산구 보광로60길 22,예술·스포츠,126.9954631,37.53390356
서울특별시 용산구 효창원로15길 26-4,음식,126.9536786,37.53641737
서울특별시 용산구 청파로47길 52,숙박,126.9676483,37.54497251
서울특별시 용산구 효창원로48길 6,음식,126.9609079,37.53757326
서울특별시 용산구 청파로 391,음식,126.9687419,37.55450537
서울특별시 용산구 회나무로 9,음식,126.9878592,37.53866932
서울특별시 용산구 후암로 80-1,소매,126.9766983,37.55311066
서울특별시 용산구 후암로57길 9,음식,126.9741294,37.55304706
서울특별시 용산구 회나무로 26,음식,126.989545,37.53930919
서울특별시 용산구 이태원로 242,음식,127.0003394,37.53625526
서울특별시 용산구 회나무로26길 3,소매,126.9916722,37.53949857
서울특별시 용산구 한강대로88길 11-10,음식,126.9731364,37.54495587
서울특별시 용산구 신흥로18길 4,소매,126.9858325,37.5457059
서울특별시 용산구 백범로87길 54,음식,126.9695742,37.53950395
서울특별시 용산구 이태원로54길 58-18,음식,127.0007807,37.53582278
서울특별시 용산구 이태원로27가길 45,음식,126.9927928,37.53488552
서울특별시 용산구 서빙고로 67,음식,126.9704059,37.5248629
서울특별시 용산구 이촌로77길 19,음식,126.9749212,37.5205121
서울특별시 용산구 한강대로40길 14,음식,126.9699739,37.53014266
서울특별시 용산구 한강대로23길 55,음식,126.964736,37.5297718
서울특별시 용산구 서빙고로 17,음식,126.96657,37.52690715
서울특별시 용산구 대사관로30길 30,음식,127.0054646,37.53192132
서울특별시 용산구 신흥로 145,음식,126.9816229,37.54611978
서울특별시 용산구 신흥로 99-1,음식,126.9848595,37.54508409
서울특별시 용산구 이촌로 248,음식,126.9750233,37.51940389
서울특별시 용산구 신흥로 55,음식,126.987485,37.54342656
서울특별시 용산구 신흥로 97-6,음식,126.9848595,37.54519221
서울특별시 용산구 새창로 217,보건의료,126.9677791,37.53021416
서울특별시 용산구 이태원로 220,음식,126.9984839,37.53481365
서울특별시 용산구 원효로 267-1,음식,126.9699242,37.54123396
서울특별시 용산구 유엔빌리지길 14,음식,127.0098319,37.53396631
서울특별시 용산구 한강대로15길 23,음식,126.9631765,37.52613128
서울특별시 용산구 이촌로75길 12,음식,126.9742651,37.52042186
서울특별시 용산구 신흥로12길 7,음식,126.988164,37.54347168
서울특별시 용산구 소월로2길 29,음식,126.9766755,37.55374135
서울특별시 용산구 이촌로14길 16,음식,126.9545776,37.52787623
서울특별시 용산구 한강대로 365,음식,126.9718441,37.55104632
서울특별시 용산구 회나무로 30,보건의료,126.9899071,37.53941734
서울특별시 용산구 청파로85가길 10-12,숙박,126.9674866,37.55236966
서울특별시 용산구 한강대로54길 22,음식,126.9727902,37.53247693
서울특별시 용산구 두텁바위로1길 5,음식,126.9726496,37.54548734
서울특별시 용산구 한강대로42길 8,음식,126.9700303,37.53064723
서울특별시 용산구 한강대로 351,음식,126.9715278,37.54960464
서울특별시 용산구 청파로47길 20-2,음식,126.9693683,37.54498198
서울특별시 용산구 회나무로 76,음식,126.9949987,37.54049887
서울특별시 용산구 백범로 341,예술·스포츠,126.9679455,37.53796281
서울특별시 용산구 후암로 38,음식,126.9778199,37.5492546
서울특별시 용산구 한강대로62길 5,예술·스포츠,126.9739434,37.53463059
서울특별시 용산구 새창로 181,음식,126.9651758,37.53270919
서울특별시 용산구 녹사평대로 244,음식,126.9873839,37.53931799
서울특별시 용산구 효창원로70길 14,음식,126.9629992,37.54152933
서울특별시 용산구 한강대로38길 11-8,음식,126.9698044,37.52978221
서울특별시 용산구 원효로63길 24,숙박,126.9637591,37.53774536
서울특별시 용산구 한남대로21길 14,음식,127.0061888,37.53431795
서울특별시 용산구 녹사평대로 168-8,음식,126.9894554,37.53324545
서울특별시 용산구 이태원로20길 13,음식,126.9921594,37.53372319
서울특별시 용산구 독서당로 87,음식,127.0101036,37.53472313
서울특별시 용산구 서빙고로 4-4,음식,126.9653147,37.52589766
서울특별시 용산구 청파로45길 5,음식,126.970206,37.54415327
서울특별시 용산구 원효로41길 5,음식,126.9579567,37.53417548
서울특별시 용산구 한강대로 26,소매,126.9630421,37.52342823
서울특별시 용산구 신흥로20길 1,예술·스포츠,126.9851083,37.54591304
서울특별시 용산구 서빙고로91나길 104,음식,126.9961537,37.52526298
서울특별시 용산구 녹사평대로 236,음식,126.987203,37.53872331
서울특별시 용산구 한강대로30길 25,음식,126.9688551,37.52735827
서울특별시 용산구 회나무로 24-1,음식,126.9894432,37.53921908
서울특별시 용산구 회나무로44길 10,음식,126.9964584,37.54055298
서울특별시 용산구 우사단로14길 3,숙박,126.9958477,37.5341018
서울특별시 용산구 청파로71길 9,음식,126.9693212,37.54931577
서울특별시 용산구 한남대로21길 17,보건의료,127.0065282,37.53414674
서울특별시 용산구 신흥로26길 20,예술·스포츠,126.983875,37.54510198
서울특별시 용산구 이태원로 180,예술·스포츠,126.9941845,37.53422787
서울특별시 용산구 백범로99길 52,음식,126.9723589,37.5359547
서울특별시 용산구 효창원로 168,소매,126.9624893,37.54297077
서울특별시 용산구 이태원로 238,음식,126.9999095,37.53592189
서울특별시 용산구 이촌로 200,예술·스포츠,126.9693441,37.52095227
서울특별시 용산구 한강대로88길 6-3,음식,126.9727972,37.54432509
서울특별시 용산구 효창원로40길 3-6,음식,126.9596524,37.5369061
서울특별시 용산구 대사관로 73,예술·스포츠,127.0061435,37.53336289
서울특별시 용산구 한강대로52길 29,음식,126.9727451,37.53180117
서울특별시 용산구 회나무로13길 16,음식,126.9897146,37.54012912
서울특별시 용산구 백범로77길 14,음식,126.9648447,37.53915125
서울특별시 용산구 대사관로 58,음식,127.0046161,37.53326385
서울특별시 용산구 후암로 65,음식,126.9759746,37.55146169
서울특별시 용산구 이촌로 290,음식,126.9787114,37.5180531
서울특별시 용산구 한강대로 69,예술·스포츠,126.9648956,37.52704181
서울특별시 용산구 한강대로 126,음식,126.9696457,37.53062912
서울특별시 용산구 원효로54길 16,음식,126.9622104,37.5349698
서울특별시 용산구 한강대로 32,음식,126.963517,37.52378878
서울특별시 용산구 효창원로62길 16,예술·스포츠,126.9626832,37.53980832
서울특별시 용산구 신흥로 95,음식,126.9850857,37.54553462
서울특별시 용산구 소월로20길 53,소매,126.9846899,37.54424614
서울특별시 용산구 회나무로13길 52-43,음식,126.991027,37.54161587
서울특별시 용산구 후암로 97-1,음식,126.9746499,37.55336252
서울특별시 용산구 장문로 14,음식,126.9921712,37.52868659
서울특별시 용산구 원효로 153-4,음식,126.9601964,37.53509527
서울특별시 용산구 대사관로31길 17,음식,127.0057476,37.5340747
서울특별시 용산구 한강대로 277-1,예술·스포츠,126.9722319,37.54301851
서울특별시 용산구 한강대로23길 55,음식,126.964736,37.5297718
서울특별시 용산구 새창로 181,음식,126.9651758,37.53270919
서울특별시 용산구 이태원로26길 22,음식,126.9935058,37.53342594
서울특별시 용산구 청파로89길 66-1,예술·스포츠,126.9654943,37.55362149
서울특별시 용산구 보광로 126,음식,126.9942298,37.53402965
서울특별시 용산구 청파로85가길 22,숙박,126.9674754,37.55217144
서울특별시 용산구 백범로 325,음식,126.965241,37.53843057
서울특별시 용산구 원효로89길 19,음식,126.9680801,37.54071991
서울특별시 용산구 이태원로 164-1,음식,126.9922385,37.5341737
서울특별시 용산구 이태원로 222-34,숙박,127.000181,37.53428207
서울특별시 용산구 한강대로 260,음식,126.9732281,37.54156813
서울특별시 용산구 새창로 130,음식,126.9610898,37.53594251
서울특별시 용산구 새창로35길 10,음식,126.9617233,37.5362851
서울특별시 용산구 녹사평대로46길 13,음식,126.9876331,37.5373178
서울특별시 용산구 한강대로52길 25-11,음식,126.9728355,37.53234179
서울특별시 용산구 독서당로 73-4,음식,127.0092097,37.53461508
서울특별시 용산구 두텁바위로1길 80,음식,126.9758401,37.54747024
서울특별시 용산구 한강대로104길 38-3,음식,126.9745604,37.55029009
서울특별시 용산구 한강대로23길 55,음식,126.964736,37.5297718
서울특별시 용산구 이태원로16길 14-4,음식,126.9910167,37.5335339
서울특별시 용산구 한강대로 95,음식,126.9666597,37.5288173
서울특별시 용산구 소월로2길 11,음식,126.9767318,37.55452523
서울특별시 용산구 이태원로27가길 37,음식,126.9931096,37.53487653
서울특별시 용산구 우사단로 33,음식,126.9954178,37.53320979
서울특별시 용산구 청파로 273,음식,126.970421,37.54393709
서울특별시 용산구 후암로57길 9-10,숙박,126.9745482,37.55292101
서울특별시 용산구 녹사평대로 224-1,음식,126.9869542,37.53774119
서울특별시 용산구 보광로59길 36,음식,126.9920123,37.53395744
서울특별시 용산구 원효로19길 34,음식,126.9537259,37.53311972
서울특별시 용산구 청파로89길 56,음식,126.9660263,37.5533153
서울특별시 용산구 한강대로 264,음식,126.9731941,37.54183842
서울특별시 용산구 녹사평대로26길 30,소매,126.991741,37.53111927
서울특별시 용산구 후암로57길 61,음식,126.9741302,37.5507405
서울특별시 용산구 우사단로10길 39,음식,126.9976127,37.53325491
서울특별시 용산구 이태원로42길 60,음식,127.0013804,37.53707516
서울특별시 용산구 녹사평대로40길 48,음식,126.9883804,37.53438962
서울특별시 용산구 이태원로54가길 12,음식,127.0016746,37.53725536
서울특별시 용산구 새창로 128-1,음식,126.9609653,37.53610465
서울특별시 용산구 한강대로81길 5,음식,126.9719716,37.54300043
서울특별시 용산구 보광로 41,보건의료,126.9992646,37.52775882
서울특별시 용산구 원효로41길 14,소매,126.9584771,37.53434685
서울특별시 용산구 녹사평대로40길 43-6,음식,126.9883577,37.53472299
서울특별시 용산구 회나무로 41,음식,126.9911743,37.5398319
서울특별시 용산구 한강대로23길 55,음식,126.964736,37.5297718
서울특별시 용산구 소월로2길 23,음식,126.9766867,37.55396661
서울특별시 용산구 이태원로19길 14,음식,126.9919103,37.53511071
서울특별시 용산구 이태원로19길 8,음식,126.9919669,37.53484042
서울특별시 용산구 한강대로76길 11-8,음식,126.973873,37.54193768
서울특별시 용산구 회나무로13가길 40,음식,126.9918078,37.54083206
서울특별시 용산구 새창로 131,음식,126.9614405,37.53599669
서울특별시 용산구 청파로85길 38,숙박,126.9669998,37.552793
서울특별시 용산구 두텁바위로69길 4,음식,126.9806031,37.55147155
서울특별시 용산구 대사관로24길 27,음식,127.005442,37.53251598
서울특별시 용산구 보광로 95,소매,126.9949428,37.53135371
서울특별시 용산구 우사단로14길 8,숙박,126.9960966,37.5340027
서울특별시 용산구 한강대로 287,보건의료,126.9719373,37.54391043
서울특별시 용산구 원효로 167,음식,126.9612938,37.53540198
서울특별시 용산구 후암로57길 3-14,음식,126.9748876,37.55305623
서울특별시 용산구 청파로47길 42,음식,126.9681689,37.54482849
서울특별시 용산구 한남대로 136,음식,127.0042997,37.54043583
서울특별시 용산구 이촌로75길 16-9,음식,126.9747853,37.52073732
서울특별시 용산구 한강대로62나길 18,음식,126.9747694,37.5343875
서울특별시 용산구 서빙고로 56,음식,126.9703275,37.52303384
서울특별시 용산구 이촌로88길 16,보건의료,126.9776482,37.51784568
서울특별시 용산구 한강대로 372,소매,126.9735869,37.55101068
서울특별시 용산구 두텁바위로35길 2,음식,126.9811927,37.54709279
서울특별시 용산구 이촌로65가길 66,음식,126.9746722,37.5209175
서울특별시 용산구 회나무로 21,음식,126.9890019,37.53921904
서울특별시 용산구 청파로45길 19,숙박,126.9693799,37.54427019
서울특별시 용산구 만리재로24길 47,소매,126.9657439,37.55227006
서울특별시 용산구 한강대로77길 8,음식,126.9721417,37.54219858
서울특별시 용산구 한강대로17길 15,숙박,126.9638325,37.52638376
서울특별시 용산구 백범로99길 48,음식,126.97211,37.53607177
서울특별시 용산구 한강대로76길 11-2,음식,126.973941,37.54171245
서울특별시 용산구 독서당로 29,음식,127.0073765,37.53108329
서울특별시 용산구 이촌로75길 22,음식,126.9745025,37.52078231
서울특별시 용산구 유엔빌리지길 200-16,음식,127.0142566,37.53839878
서울특별시 용산구 이태원로 238,음식,126.9999095,37.53592189
서울특별시 용산구 보광로60길 20,음식,126.9952255,37.53391256
서울특별시 용산구 보광로60길 22,음식,126.9954631,37.53390356
서울특별시 용산구 회나무로13길 5,음식,126.9892848,37.53953442
서울특별시 용산구 이태원로 4,음식,126.9745429,37.53503617
서울특별시 용산구 한강대로 159-1,음식,126.9716132,37.53344073
서울특별시 용산구 독서당로 80,예술·스포츠,127.0094699,37.53401139
서울특별시 용산구 새창로 146,소매,126.9618372,37.53461828
서울특별시 용산구 원효로48길 17,예술·스포츠,126.9611812,37.53432074
서울특별시 용산구 새창로 119,음식,126.9608857,37.53687949
서울특별시 용산구 한강대로42길 5,음식,126.9700642,37.53083645
서울특별시 용산구 효창원로 277,음식,126.9630394,37.5516836
서울특별시 용산구 한강대로 287,보건의료,126.9719373,37.54391043
서울특별시 용산구 새창로 213,예술·스포츠,126.9672699,37.5304663
서울특별시 용산구 원효로41길 70,음식,126.9610787,37.53559112
서울특별시 용산구 신흥로 25,음식,126.9868292,37.54084963
서울특별시 용산구 대사관로34길 16,음식,127.0059285,37.53265111
서울특별시 용산구 한남대로42가길 2,음식,127.0028515,37.54313887
서울특별시 용산구 두텁바위로 108,음식,126.9823352,37.54862467
서울특별시 용산구 백범로87길 52,음식,126.9694384,37.53944986
서울특별시 용산구 독서당로 46,음식,127.0074219,37.5323537
서울특별시 용산구 한남대로 158,음식,127.0026817,37.54239104
서울특별시 용산구 소월로20길 27,음식,126.9853687,37.5452193
서울특별시 용산구 새창로 130,음식,126.9610898,37.53594251
서울특별시 용산구 한남대로 60,음식,127.0078747,37.53446201
서울특별시 용산구 한강대로39길 10,음식,126.9689892,37.53125064
서울특별시 용산구 보광로 120,음식,126.9946032,37.53344402
서울특별시 용산구 효창원로 93,예술·스포츠,126.959177,37.53718525
서울특별시 용산구 서빙고로 17,음식,126.967713,37.52614161
서울특별시 용산구 우사단로 37,음식,126.9954404,37.53353415
서울특별시 용산구 원효로 129,음식,126.957493,37.53388699
서울특별시 용산구 우사단로 19-1,음식,126.9961081,37.5320295
서울특별시 용산구 이촌로77길 19,음식,126.9749212,37.5205121
서울특별시 용산구 두텁바위로 59-1,예술·스포츠,126.9788958,37.54612833
서울특별시 용산구 청파로 378,음식,126.9704869,37.54911785
서울특별시 용산구 소월로20길 60,음식,126.9843279,37.54412896
서울특별시 용산구 신흥로 44,음식,126.9875305,37.54223724
서울특별시 용산구 소월로2길 7,음식,126.9767771,37.55467841
서울특별시 용산구 회나무로 40,음식,126.990982,37.53956159
서울특별시 용산구 이태원로55가길 15,음식,127.0003734,37.53754369
서울특별시 용산구 새창로 209,음식,126.9669983,37.53067346
서울특별시 용산구 이태원로26길 27,음식,126.9937999,37.53329081
서울특별시 용산구 한남대로21길 32,예술·스포츠,127.0062906,37.53346199
서울특별시 용산구 대사관로31길 19,음식,127.0057815,37.53417381
서울특별시 용산구 우사단로4길 4,음식,126.996934,37.53131774
서울특별시 용산구 보광로 31-1,예술·스포츠,126.9998303,37.52713713
서울특별시 용산구 한강대로 259,예술·스포츠,126.9724134,37.54157695
서울특별시 용산구 장문로6길 4,예술·스포츠,126.992488,37.52819106
서울특별시 용산구 한강대로 53,음식,126.9643532,37.52583431
서울특별시 용산구 후암로28길 10,음식,126.9778423,37.54981323
서울특별시 용산구 청파로43길 62,음식,126.9673657,37.54410747
서울특별시 용산구 우사단로 42,음식,126.9957685,37.53394862
서울특별시 용산구 녹사평대로 254,소매,126.9884132,37.5415796
서울특별시 용산구 신흥로 97-5,음식,126.9848821,37.54522825
서울특별시 용산구 한남대로27길 36-61,음식,127.0032474,37.53992229
서울특별시 용산구 한강대로39길 5,음식,126.9686048,37.53052973
서울특별시 용산구 청파로85가길 3,음식,126.9681883,37.55243293
서울특별시 용산구 대사관로 73,음식,127.0061435,37.53336289
서울특별시 용산구 한강대로 26,음식,126.9630421,37.52342823
서울특별시 용산구 보광로59길 31,음식,126.9922159,37.53381329
서울특별시 용산구 새창로 124-4,음식,126.9606257,37.53644692
서울특별시 용산구 이태원로 239,보건의료,126.9997171,37.53637239
서울특별시 용산구 이촌로 303,음식,126.9811545,37.51890947
서울특별시 용산구 이촌로 352,음식,126.9851705,37.51737834
서울특별시 용산구 청파로47길 73,음식,126.9663244,37.54487303
서울특별시 용산구 효창원로 270,음식,126.963696,37.55133241
서울특별시 용산구 이태원로 186,보건의료,126.9946145,37.53429997
서울특별시 용산구 새창로14길 7,음식,126.9585083,37.53918523
서울특별시 용산구 청파로 378,음식,126.9704869,37.54911785
서울특별시 용산구 장문로 72,음식,126.9975338,37.52586669
서울특별시 용산구 녹사평대로 168-6,음식,126.9893535,37.53325445
서울특별시 용산구 한남대로20길 37,음식,127.0089948,37.53504758
서울특별시 용산구 대사관로34길 21,음식,127.0060755,37.53225466
서울특별시 용산구 한강대로62나길 10-4,숙박,126.9743962,37.53413514
서울특별시 용산구 신흥로26길 20,음식,126.983875,37.54510198
서울특별시 용산구 신흥로 95-1,음식,126.9850065,37.54548055
서울특별시 용산구 이촌로77길 19,음식,126.9749212,37.5205121
서울특별시 용산구 청파로 269-1,음식,126.9705456,37.54369385
서울특별시 용산구 이태원로 199,보건의료,126.9962097,37.53484063
서울특별시 용산구 회나무로 45-1,숙박,126.9916722,37.5399761
서울특별시 용산구 후암로16가길 7,음식,126.978669,37.54773207
서울특별시 용산구 회나무로 83,음식,126.9955418,37.54098543
서울특별시 용산구 이촌로65가길 66,음식,126.9746722,37.5209175
서울특별시 용산구 두텁바위로1길 24-1,음식,126.9737585,37.54564077
서울특별시 용산구 새창로 120-7,음식,126.9603541,37.5365099
서울특별시 용산구 이태원로16길 14-4,음식,126.9910167,37.5335339
서울특별시 용산구 새창로 156,음식,126.9624713,37.53375353
서울특별시 용산구 한강대로23길 55,음식,126.964736,37.5297718
서울특별시 용산구 우사단로12길 10,음식,126.9961759,37.53352517
서울특별시 용산구 녹사평대로54길 6,음식,126.9875536,37.53927296
서울특별시 용산구 후암로 23,음식,126.9777637,37.54788507
서울특별시 용산구 이태원로49길 24,음식,126.9990609,37.53712923
서울특별시 용산구 청파로47가길 3,음식,126.9669694,37.5447741
서울특별시 용산구 남산공원길 105,음식,126.9878685,37.55112113
서울특별시 용산구 한강대로23길 55,음식,126.964736,37.5297718
서울특별시 용산구 청파로 271,음식,126.9705456,37.54381098
서울특별시 용산구 한강대로54길 12,소매,126.9722018,37.53258492
서울특별시 용산구 한강대로 259,보건의료,126.9724134,37.54157695
서울특별시 용산구 한강대로50길 24,음식,126.9720551,37.53145863
서울특별시 용산구 한강대로 276,음식,126.9728995,37.54288351
서울특별시 용산구 한강대로23길 55,음식,126.964736,37.5297718
서울특별시 용산구 백범로74길 13,음식,126.9631819,37.53807855
서울특별시 용산구 청파로47가길 5,음식,126.9669694,37.544684
서울특별시 용산구 한강대로 95,음식,126.9666597,37.5288173
서울특별시 용산구 이태원로26길 13,음식,126.9933134,37.53385841
서울특별시 용산구 한강대로 254,숙박,126.9734207,37.54108163
서울특별시 용산구 원효로 129,음식,126.957493,37.53388699
서울특별시 용산구 이태원로20가길 6,음식,126.9924762,37.53352499
서울특별시 용산구 한강대로 69,음식,126.9648956,37.52704181
서울특별시 용산구 효창원로 160,음식,126.9628404,37.54229513
서울특별시 용산구 이촌로 352,음식,126.9851705,37.51737834
서울특별시 용산구 두텁바위로35길 2-1,음식,126.9811361,37.5471108
서울특별시 용산구 장문로 98,음식,127.0003733,37.52600187
서울특별시 용산구 이촌로 245,음식,126.974367,37.52017861
서울특별시 용산구 한남대로20길 61,음식,127.0102394,37.53494837
서울특별시 용산구 대사관로24길 13,음식,127.0048989,37.53300255
서울특별시 용산구 한강대로40가길 39,음식,126.9722021,37.5316659
서울특별시 용산구 한강대로 52,음식,126.9646136,37.52537487
서울특별시 용산구 이태원로20길 22,음식,126.9921481,37.53338081
서울특별시 용산구 장문로 77,음식,126.9983144,37.52616404
서울특별시 용산구 청파로 378,음식,126.9704869,37.54911785
서울특별시 용산구 한강대로11길 6,예술·스포츠,126.9632675,37.52511317
서울특별시 용산구 신흥로9길 4,음식,126.9873946,37.54265169
서울특별시 용산구 청파로 393,음식,126.9687984,37.55473964
서울특별시 용산구 신흥로 15-1,음식,126.9864786,37.5400477
서울특별시 용산구 회나무로 18,음식,126.9888549,37.53893071
서울특별시 용산구 한강대로 262-1,음식,126.9732281,37.54175734
서울특별시 용산구 백범로99가길 3,음식,126.9719063,37.5360537
서울특별시 용산구 이촌로 224,보건의료,126.9719462,37.52016905
서울특별시 용산구 원효로 69,음식,126.9515537,37.53301974
서울특별시 용산구 보광로24길 30,음식,127.0001244,37.52911933
서울특별시 용산구 한강대로 289,음식,126.9719712,37.5440546
서울특별시 용산구 한강대로43길 13,소매,126.9690796,37.53153898
서울특별시 용산구 우사단로10길 51,음식,126.9983369,37.5327864
서울특별시 용산구 한강대로 256,보건의료,126.9735224,37.54128889
서울특별시 용산구 이촌로77길 19,음식,126.9749212,37.5205121
서울특별시 용산구 녹사평대로 228-1,음식,126.9869994,37.53799348
서울특별시 용산구 이태원로 136-13,음식,126.9896816,37.53378607
서울특별시 용산구 한강대로23길 55,음식,126.964736,37.5297718
서울특별시 용산구 한강대로87길 3,음식,126.9718693,37.54418972
서울특별시 용산구 한강대로81길 32,예술·스포츠,126.9715307,37.54210833
서울특별시 용산구 이촌로 182,소매,126.9673757,37.52122205
서울특별시 용산구 원효로41길 59,음식,126.9605243,37.5355639
서울특별시 용산구 신흥로2길 31,음식,126.987293,37.54130018
서울특별시 용산구 효창원로 147,음식,126.9618565,37.54128569
서울특별시 용산구 청파로85가길 4,숙박,126.9680411,37.552532
서울특별시 용산구 이촌로 264,음식,126.976132,37.5190347
서울특별시 용산구 백범로99길 58,음식,126.972721,37.53584666
서울특별시 용산구 효창원로55길 6,예술·스포츠,126.960715,37.53877153
서울특별시 용산구 이태원로 169,음식,126.992691,37.53465125
서울특별시 용산구 두텁바위로 6,음식,126.9727064,37.54506389
서울특별시 용산구 한강대로23길 55,음식,126.964736,37.5297718
서울특별시 용산구 한강대로 175,음식,126.9726084,37.53460325
서울특별시 용산구 청파로47나길 7,예술·스포츠,126.9668221,37.54529664
서울특별시 용산구 원효로41길 26,음식,126.9589634,37.53470742
서울특별시 용산구 이태원로55가길 26-1,음식,126.9998077,37.53736349
서울특별시 용산구 새창로 70,음식,126.9549445,37.53860729
서울특별시 용산구 원효로93길 2,소매,126.9696075,37.54105368
서울특별시 용산구 한강대로62가길 20,음식,126.9749617,37.53466685
서울특별시 용산구 이촌로 280,음식,126.9778742,37.51844939
서울특별시 용산구 이촌로 248,음식,126.9738921,37.51970097
서울특별시 용산구 후암로35길 36,보건의료,126.9759524,37.54997504
서울특별시 용산구 독서당로 97,음식,127.0107938,37.53531773
서울특별시 용산구 한강대로 153-1,음식,126.9712173,37.53301716
서울특별시 용산구 독서당로 65-7,음식,127.0080669,37.53395743
서울특별시 용산구 한강대로23길 55,음식,126.964736,37.5297718
서울특별시 용산구 회나무로25길 1,소매,126.9914459,37.53994004
서울특별시 용산구 우사단로14길 3,음식,126.9958477,37.5341018
서울특별시 용산구 이태원로20길 2-10,음식,126.9915144,37.53402949
서울특별시 용산구 한강대로88길 11-10,음식,126.9731364,37.54495587
서울특별시 용산구 한강대로38길 11-8,음식,126.9698044,37.52978221
서울특별시 용산구 이촌로29길 35,음식,126.9606203,37.5250943
서울특별시 용산구 청파로75길 8-11,숙박,126.9686531,37.55042382
서울특별시 용산구 이태원로23길 16-5,음식,126.9929625,37.53520989
서울특별시 용산구 이태원로42길 19,음식,126.9998303,37.53581377
서울특별시 용산구 녹사평대로32길 14,음식,126.9896137,37.53348873
서울특별시 용산구 두텁바위로 59-1,예술·스포츠,126.9788958,37.54612833
서울특별시 용산구 장문로 60,음식,126.9961083,37.52633517
서울특별시 용산구 회나무로 22,예술·스포츠,126.9893301,37.53907491
서울특별시 용산구 원효로 178,소매,126.9627193,37.53559165
서울특별시 용산구 한강대로87길 8,음식,126.9714505,37.54460408
서울특별시 용산구 두텁바위로 111,음식,126.9820297,37.54882284
서울특별시 용산구 원효로89길 6,음식,126.9688383,37.54051288
서울특별시 용산구 신흥로 111,음식,126.9834564,37.5446334
서울특별시 용산구 보광로 11,음식,127.0011765,37.52573156
서울특별시 용산구 신흥로20길 37,음식,126.9839425,37.54719231
서울특별시 용산구 신흥로 94-1,음식,126.9849612,37.54570579
서울특별시 용산구 청파로85가길 14,소매,126.9679394,37.55217157
서울특별시 용산구 한강대로 130-1,음식,126.9699397,37.53095355
서울특별시 용산구 대사관로 63,음식,127.0052723,37.53346204
서울특별시 용산구 청파로47가길 7,음식,126.9669582,37.54455786
서울특별시 용산구 후암로 107,음식,126.9735634,37.55346139
서울특별시 용산구 한강대로 405,음식,126.9717295,37.55483949
서울특별시 용산구 새창로 147,음식,126.9622445,37.53465446
서울특별시 용산구 한강대로23길 55,음식,126.964736,37.5297718
서울특별시 용산구 회나무로 11,소매,126.9880629,37.53875043
서울특별시 용산구 서빙고로 69,소매,126.9723522,37.52371008
서울특별시 용산구 한강대로104길 77,음식,126.9767105,37.55041668
서울특별시 용산구 청파로95길 5,숙박,126.9686287,37.55461346
서울특별시 용산구 소월로20길 24,음식,126.9852215,37.54546256
서울특별시 용산구 백범로 341,보건의료,126.9679455,37.53796281
서울특별시 용산구 한강대로104마길 7,음식,126.9753978,37.55043443
서울특별시 용산구 청파로 112,음식,126.963784,37.5330872
서울특별시 용산구 한강대로 280-2,음식,126.9727522,37.54341507
서울특별시 용산구 녹사평대로40길 43,음식,126.9881993,37.53453376
서울특별시 용산구 한강대로39길 5,음식,126.9686048,37.53052973
서울특별시 용산구 청파로43길 4,음식,126.9704891,37.54358571
서울특별시 용산구 효창원로94길 27,소매,126.9649875,37.54822436
서울특별시 용산구 신흥로 117,소매,126.9828454,37.54471441
서울특별시 용산구 한강대로48길 10,음식,126.9711274,37.53154851
서울특별시 용산구 이태원로42길 20,음식,126.9999321,37.53569664
서울특별시 용산구 후암로 83,음식,126.9761099,37.55310153
서울특별시 용산구 청파로93길 6,음식,126.9685156,37.5544062
서울특별시 용산구 원효로 166,음식,126.9615768,37.53501464
서울특별시 용산구 독서당로 46,음식,127.0074219,37.5323537
서울특별시 용산구 신흥로5길 13,음식,126.9865122,37.54172356
서울특별시 용산구 한강대로40가길 6,음식,126.9713089,37.53035022
서울특별시 용산구 신흥로 97-1,음식,126.9849387,37.54536341
서울특별시 용산구 이태원로 244,음식,127.0005092,37.53648051
서울특별시 용산구 한강대로 126-3,음식,126.9698267,37.5306652
서울특별시 용산구 서빙고로95길 22,음식,127.0020816,37.52654245
서울특별시 용산구 청파로85길 61,숙박,126.9657438,37.55251333
서울특별시 용산구 회나무로 9,음식,126.9878592,37.53866932
서울특별시 용산구 원효로97길 9,음식,126.9699467,37.54161239
서울특별시 용산구 후암로57길 55,예술·스포츠,126.9741188,37.55108288
서울특별시 용산구 효창원로42길 12,음식,126.9597656,37.53673495
서울특별시 용산구 보광로59길 36,소매,126.9920123,37.53395744
서울특별시 용산구 이태원로54길 58-26,음식,127.0005544,37.53570565
서울특별시 용산구 후암로 95,음식,126.9749668,37.55336258
서울특별시 용산구 한강대로11길 13,음식,126.9628037,37.525086
서울특별시 용산구 소월로20길 70,소매,126.9841695,37.54371448
서울특별시 용산구 한강대로 272-1,음식,126.9729675,37.54264026
서울특별시 용산구 이태원로27가길 26,음식,126.9937885,37.53510182
서울특별시 용산구 원효로 51,보건의료,126.950071,37.53385706
서울특별시 용산구 우사단로 2-1,음식,126.9969227,37.53058793
서울특별시 용산구 한강대로87길 7-3,음식,126.9715978,37.54409055
서울특별시 용산구 이태원로26길 26,음식,126.9935171,37.53334485
서울특별시 용산구 이촌로58길 12,음식,126.968394,37.52069073
서울특별시 용산구 청파로45길 29,음식,126.9689272,37.5443872
서울특별시 용산구 이촌로75길 16-9,음식,126.9747853,37.52073732
서울특별시 용산구 우사단로 2,음식,126.996934,37.53047981
서울특별시 용산구 한강대로62나길 16,음식,126.9746111,37.53434241
서울특별시 용산구 새창로45길 12,음식,126.963014,37.53443846
서울특별시 용산구 원효로 51,예술·스포츠,126.950071,37.53385706
서울특별시 용산구 이태원로27가길 41,음식,126.9930078,37.53486751
서울특별시 용산구 원효로41길 15,예술·스포츠,126.9583186,37.53453601
서울특별시 용산구 한강대로76길 11-6,음식,126.9738956,37.5418566
서울특별시 용산구 보광로 72,음식,126.997364,37.53002031
서울특별시 용산구 후암로35길 30,음식,126.9759636,37.55030841
서울특별시 용산구 효창원로 17,소매,126.9501838,37.53442473
서울특별시 용산구 녹사평대로 174-11,음식,126.98941,37.53380407
서울특별시 용산구 한남대로21길 17,보건의료,127.0065282,37.53414674
서울특별시 용산구 이태원로26길 12,음식,126.9931663,37.53379533
서울특별시 용산구 한강대로23길 55,음식,126.964736,37.5297718
서울특별시 용산구 한강대로40가길 15,음식,126.9714671,37.53081878
서울특별시 용산구 대사관로31길 16,음식,127.0059965,37.53400261
서울특별시 용산구 녹사평대로54길 19,음식,126.9883909,37.53919195
서울특별시 용산구 이촌로54길 13,음식,126.9677606,37.52069957
서울특별시 용산구 보광로 21-1,음식,127.0005204,37.52639831
서울특별시 용산구 이태원로54길 31,음식,127.0019461,37.53703011
서울특별시 용산구 한강대로62길 11,음식,126.9739096,37.5343783
서울특별시 용산구 원효로41길 54,음식,126.9603095,37.53523947
서울특별시 용산구 장문로 81,음식,126.9986425,37.52620008
서울특별시 용산구 이촌로 196,소매,126.9688463,37.52115937
서울특별시 용산구 이태원로 245,음식,127.0000339,37.53690398
서울특별시 용산구 이태원로 230-1,음식,126.9993551,37.53554347
서울특별시 용산구 독서당로29길 6,음식,127.0115861,37.53678628
서울특별시 용산구 원효로97길 15,소매,126.9693584,37.54135996
서울특별시 용산구 녹사평대로 240,예술·스포츠,126.9875989,37.53891256
서울특별시 용산구 이태원로27가길 40,음식,126.9929852,37.53505672
서울특별시 용산구 이태원로14길 19,음식,126.9907904,37.53354289
서울특별시 용산구 한강대로30길 25,음식,126.9688551,37.52735827
서울특별시 용산구 신흥로 82-2,음식,126.9861607,37.54548069
서울특별시 용산구 이태원로4길 14,음식,126.9754937,37.53388309
서울특별시 용산구 한강대로 95,음식,126.9666597,37.5288173
서울특별시 용산구 녹사평대로54길 16,음식,126.9881081,37.53913786
서울특별시 용산구 새창로 126,소매,126.9608181,37.53632985
서울특별시 용산구 한강대로23길 55,음식,126.964736,37.5297718
서울특별시 용산구 백범로 322-1,음식,126.9647659,37.53821419
서울특별시 용산구 녹사평대로 168-6,음식,126.9893535,37.53325445
서울특별시 용산구 한강대로77길 18,음식,126.9716665,37.54208133
서울특별시 용산구 녹사평대로40길 55,소매,126.9888103,37.5344257
서울특별시 용산구 청파로 40,음식,126.956046,37.53180515
서울특별시 용산구 녹사평대로26길 16,숙박,126.9915148,37.53050657
서울특별시 용산구 이태원로16길 14,음식,126.9911411,37.53359698
서울특별시 용산구 백범로87길 46,음식,126.9692348,37.5392606
서울특별시 용산구 한강대로21나길 40,소매,126.9642276,37.52824895
서울특별시 용산구 우사단로10가길 15,음식,126.9969452,37.53395767
서울특별시 용산구 후암로57길 7,음식,126.9741633,37.55316419
서울특별시 용산구 한강대로 126-2,음식,126.9696796,37.53067417
서울특별시 용산구 한강대로38길 29,음식,126.9699857,37.52915156
서울특별시 용산구 두텁바위로 6,음식,126.9727064,37.54506389
서울특별시 용산구 독서당로 67,음식,127.0081461,37.5338403
서울특별시 용산구 신흥로12길 4,음식,126.9879603,37.54335453
서울특별시 용산구 이태원로42길 46,음식,127.0009391,37.53648051
서울특별시 용산구 한강대로40길 19,음식,126.9703698,37.530359
서울특별시 용산구 이촌로64길 24,음식,126.9698762,37.52000636
서울특별시 용산구 새창로20길 1,음식,126.9595724,37.53838371
서울특별시 용산구 이태원로 185,소매,126.9946031,37.53472344
서울특별시 용산구 이태원로 134,음식,126.9888217,37.5338851
서울특별시 용산구 한강대로 95,보건의료,126.9666597,37.5288173
서울특별시 용산구 신흥로 54,음식,126.9878359,37.54308422
서울특별시 용산구 대사관로24길 15,음식,127.0049894,37.53292145
서울특별시 용산구 한강대로62다길 42,음식,126.9752339,37.53254955
서울특별시 용산구 한강대로40길 18-6,음식,126.9700985,37.52998952
서울특별시 용산구 청파로20길 34,음식,126.9661149,37.53261036
서울특별시 용산구 한강대로 363-1,예술·스포츠,126.9717989,37.55083007
서울특별시 용산구 한강대로 92,소매,126.9675198,37.52817783
서울특별시 용산구 이태원로 29,음식,126.9784683,37.53731648
서울특별시 용산구 한강대로87길 7,음식,126.9716544,37.54410858
서울특별시 용산구 한강대로 258,예술·스포츠,126.9732961,37.54139695
서울특별시 용산구 청파로43가길 28,음식,126.9686556,37.54432406
서울특별시 용산구 후암로 28,음식,126.9780125,37.54843473
서울특별시 용산구 우사단로14길 3,음식,126.9958477,37.5341018
서울특별시 용산구 대사관로 65,음식,127.0054534,37.53344401
서울특별시 용산구 한강대로 283,보건의료,126.9719488,37.54344191
서울특별시 용산구 이태원로 142-1,음식,126.9897042,37.53394825
서울특별시 용산구 새창로 102-1,음식,126.9597649,37.53814051
서울특별시 용산구 백범로87길 22,음식,126.968296,37.53846747
서울특별시 용산구 이태원로 172,음식,126.9929287,37.53420077
서울특별시 용산구 보광로 34,음식,127.0000226,37.5274705
서울특별시 용산구 보광로60길 10,음식,126.9947276,37.53388551
서울특별시 용산구 백범로90길 90,음식,126.9688281,37.53774681
서울특별시 용산구 이태원로55나길 6,음식,126.9991062,37.53666071
서울특별시 용산구 한강대로62다길 29,음식,126.9747361,37.53254044
서울특별시 용산구 우사단로10길 81,음식,126.9999095,37.53218274
서울특별시 용산구 청파로 74,예술·스포츠,126.9595641,37.5327885
서울특별시 용산구 녹사평대로 168-6,음식,126.9893535,37.53325445
서울특별시 용산구 후암로 93,음식,126.9751252,37.55335361
서울특별시 용산구 청파로47길 52,음식,126.9676483,37.54497251
서울특별시 용산구 독서당로14길 43-2,예술·스포츠,127.0087115,37.53122736
서울특별시 용산구 보광로 37-1,음식,126.9994343,37.52756961
서울특별시 용산구 이태원로54가길 20,음식,127.0014143,37.53689496
서울특별시 용산구 이태원로55나길 7,음식,126.9987328,37.53652556
서울특별시 용산구 청파로43길 70,음식,126.9667999,37.54417038
서울특별시 용산구 새창로 181,음식,126.9651758,37.53270919
서울특별시 용산구 백범로87길 54,예술·스포츠,126.9695742,37.53950395
서울특별시 용산구 새창로 213-12,음식,126.9680279,37.53048453
서울특별시 용산구 녹사평대로 150,음식,126.9904737,37.53245265
서울특별시 용산구 보광로 124,음식,126.9942864,37.53384945
서울특별시 용산구 한강대로 372,소매,126.9735192,37.55058719
서울특별시 용산구 청파로71길 20,음식,126.9689137,37.54951388
서울특별시 용산구 장문로17길 3,음식,126.9973075,37.52617303
서울특별시 용산구 원효로71길 36,음식,126.9631932,37.53824975
서울특별시 용산구 신흥로7길 51-5,음식,126.9850409,37.54327311
서울특별시 용산구 원효로19길 56,음식,126.954925,37.53335445
서울특별시 용산구 한강대로80길 16,숙박,126.9738049,37.54255035
서울특별시 용산구 한강대로23길 55,음식,126.964736,37.5297718
서울특별시 용산구 백범로87길 48-10,음식,126.9694385,37.5391255
서울특별시 용산구 이촌로65가길 66,음식,126.9746722,37.5209175
서울특별시 용산구 한강대로 372,음식,126.9729303,37.55167727
서울특별시 용산구 회나무로 15,보건의료,126.9884136,37.53889463
서울특별시 용산구 원효로97길 13,음식,126.9697204,37.54168441
서울특별시 용산구 독서당로 73,음식,127.0086214,37.53421869
서울특별시 용산구 대사관로34길 22,음식,127.0057814,37.5323628
서울특별시 용산구 두텁바위로1길 114,음식,126.9762357,37.54886687
서울특별시 용산구 한강대로44길 11,음식,126.9706863,37.53101681
서울특별시 용산구 우사단로10길 103,음식,127.0009843,37.53165114
서울특별시 용산구 새창로45길 26,음식,126.9637493,37.5346279
서울특별시 용산구 신흥로9길 4,음식,126.9873946,37.54265169
서울특별시 용산구 원효로41길 21-1,음식,126.9586466,37.53475236
서울특별시 용산구 한강대로39길 6,음식,126.9687631,37.53074602
서울특별시 용산구 이태원로20가길 14,음식,126.9928835,37.53347997
서울특별시 용산구 대사관로31길 29,음식,127.0058381,37.53463332
서울특별시 용산구 한강대로23길 55,음식,126.964736,37.5297718
서울특별시 용산구 한남대로20길 47,음식,127.0094813,37.53490338
서울특별시 용산구 청파로45길 26,음식,126.9691648,37.54454044
서울특별시 용산구 한강대로23길 55,음식,126.964736,37.5297718
서울특별시 용산구 이태원로27가길 51,음식,126.9923516,37.53484945
서울특별시 용산구 대사관로24길 14,음식,127.0048084,37.5328674
서울특별시 용산구 한강대로62나길 2,소매,126.9738757,37.53414403
서울특별시 용산구 한강대로14길 8,음식,126.964659,37.5249334
서울특별시 용산구 한강대로71길 24,숙박,126.9721876,37.54035154
서울특별시 용산구 녹사평대로26가길 24,음식,126.992827,37.53249787
서울특별시 용산구 청파로47길 52,음식,126.9676483,37.54497251
서울특별시 용산구 한강대로57길 24,음식,126.9727327,37.5348916
서울특별시 용산구 두텁바위로 4-1,음식,126.9725932,37.54503683
서울특별시 용산구 한강대로 296,예술·스포츠,126.9724576,37.54471244
서울특별시 용산구 한강대로84길 21-9,음식,126.9735667,37.54416308
서울특별시 용산구 회나무로 3,예술·스포츠,126.9874066,37.53857917
서울특별시 용산구 이태원로27가길 54-4,음식,126.9921932,37.53510172
서울특별시 용산구 한강대로15길 4,음식,126.9641269,37.52582523
서울특별시 용산구 신흥로 56,음식,126.9877,37.54352569
서울특별시 용산구 청파로 335-8,음식,126.9693551,37.54958608
서울특별시 용산구 한강대로23길 55,음식,126.964736,37.5297718
서울특별시 용산구 한강대로 393,음식,126.9723525,37.55351517
서울특별시 용산구 후암로 97-2,음식,126.9745707,37.55337151
서울특별시 용산구 한강대로76길 11-31,음식,126.9735673,37.54229801
서울특별시 용산구 새창로 122-1,음식,126.9606822,37.53656407
서울특별시 용산구 녹사평대로 286,음식,126.9895219,37.54312042
서울특별시 용산구 한강대로 69,음식,126.9648956,37.52704181
서울특별시 용산구 소월로20길 36,음식,126.9851877,37.54500304
서울특별시 용산구 새창로 115,음식,126.9607158,37.53714072
서울특별시 용산구 원효로41길 58,음식,126.9604905,37.53533864
서울특별시 용산구 한강대로 69,음식,126.9648956,37.52704181
서울특별시 용산구 한강대로 292,음식,126.9725369,37.54431602
서울특별시 용산구 한강대로62길 40,음식,126.9734574,37.53316185
서울특별시 용산구 원효로41길 47-4,숙박,126.9599473,37.53556371
서울특별시 용산구 신흥로9길 4,음식,126.9873946,37.54265169
서울특별시 용산구 이태원로15길 1,음식,126.9901906,37.53461503
서울특별시 용산구 청파로93길 7,음식,126.9684591,37.55428004
서울특별시 용산구 대사관로 72,소매,127.0059511,37.53310161
서울특별시 용산구 청파로85길 33,음식,126.9672037,37.5524687
서울특별시 용산구 장문로17길 33,숙박,126.9988348,37.52692088
서울특별시 용산구 서빙고로 17,음식,126.96657,37.52690715
서울특별시 용산구 이태원로19길 9,음식,126.9917406,37.53489446
서울특별시 용산구 한강대로 200-1,음식,126.9746557,37.53626155
서울특별시 용산구 새창로45길 31,음식,126.9639642,37.5348442
서울특별시 용산구 이촌로75길 6,음식,126.974367,37.52017861
서울특별시 용산구 두텁바위로69길 18,소매,126.9801732,37.55119217
서울특별시 용산구 서빙고로 17,음식,126.9676565,37.52589833
서울특별시 용산구 신흥로 33,음식,126.9870667,37.54154343
서울특별시 용산구 소월로2길 37-4,숙박,126.9768341,37.55336297
서울특별시 용산구 청파로95길 8,음식,126.9685607,37.55473958
서울특별시 용산구 한남대로 91,음식,127.0021384,37.53656158
서울특별시 용산구 청파로47길 37,음식,126.9683839,37.54465736
서울특별시 용산구 이촌로64길 61,음식,126.9677042,37.52023103
서울특별시 용산구 청파로93길 18-29,음식,126.9668747,37.55426159
서울특별시 용산구 신흥로36길 15-1,숙박,126.9824716,37.54634516
서울특별시 용산구 녹사평대로54길 23-1,음식,126.9885041,37.53920097
서울특별시 용산구 녹사평대로40길 43,음식,126.9881993,37.53453376
서울특별시 용산구 원효로41길 16,음식,126.9585336,37.53439192
서울특별시 용산구 한강대로 366,음식,126.9729079,37.55109162
서울특별시 용산구 소월로2길 23,음식,126.9766867,37.55396661
서울특별시 용산구 새창로14길 46,음식,126.9593579,37.5375367
서울특별시 용산구 백범로99길 60,음식,126.9728116,37.53582866
서울특별시 용산구 우사단로 3,보건의료,126.9966512,37.53069604
서울특별시 용산구 장문로 86-1,음식,126.9991515,37.52595681
서울특별시 용산구 청파로47나길 13,음식,126.9668106,37.54557595
서울특별시 용산구 청파로49길 18,음식,126.9693568,37.54542347
서울특별시 용산구 이태원로27길 31-1,음식,126.9943202,37.53528205
서울특별시 용산구 이태원로54길 48,음식,127.0012672,37.53633635
서울특별시 용산구 서빙고로 52-3,음식,126.9700446,37.52317793
서울특별시 용산구 소월로40길 42,숙박,126.9912533,37.54188619
서울특별시 용산구 원효로 171,보건의료,126.9617688,37.53562738
서울특별시 용산구 한강대로54길 14,음식,126.9723376,37.53256693
서울특별시 용산구 한강대로 369,음식,126.9719345,37.55141575
서울특별시 용산구 대사관로24길 16,음식,127.0048537,37.5327773
서울특별시 용산구 새창로35길 3,음식,126.9613385,37.53633903
서울특별시 용산구 대사관로31길 12,음식,127.0059851,37.53385845
서울특별시 용산구 한강대로80길 5,음식,126.9731825,37.54267635
서울특별시 용산구 한강대로 57,음식,126.9646359,37.52614073
서울특별시 용산구 녹사평대로54길 6,음식,126.9875536,37.53927296
서울특별시 용산구 보광로60길 7,음식,126.9945353,37.53408372
서울특별시 용산구 한강대로21나길 40,음식,126.9642276,37.52824895
서울특별시 용산구 한강대로76길 3,음식,126.9733526,37.5416042
서울특별시 용산구 만리재로 138-1,음식,126.9628358,37.55162046
서울특별시 용산구 녹사평대로54길 19,음식,126.9883909,37.53919195
서울특별시 용산구 한강대로87길 7-6,음식,126.971496,37.54395537
서울특별시 용산구 청파로 320-39,음식,126.9706455,37.54871244
서울특별시 용산구 백범로90길 74,음식,126.9696542,37.53737761
서울특별시 용산구 대사관로19길 7,음식,127.0036431,37.53384052
서울특별시 용산구 한강대로80길 11-47,음식,126.9732728,37.54328905
서울특별시 용산구 이촌로64길 26,음식,126.9699102,37.51984419
서울특별시 용산구 후암로 6,음식,126.9784884,37.54637153
서울특별시 용산구 백범로77길 31,음식,126.9651272,37.53987213
서울특별시 용산구 녹사평대로54길 17,음식,126.9883004,37.53920996
서울특별시 용산구 한강대로23길 55,음식,126.964736,37.5297718
서울특별시 용산구 한남대로21길 18,음식,127.0061662,37.5340927
서울특별시 용산구 한남대로21길 32,음식,127.0062906,37.53346199
서울특별시 용산구 우사단로10마길 4,음식,127.0027605,37.53045278
서울특별시 용산구 백범로74길 26,음식,126.9623899,37.5381684
서울특별시 용산구 한강대로84길 22,음식,126.9737366,37.54366757
서울특별시 용산구 한강대로40길 20,음식,126.9703699,37.53011573
서울특별시 용산구 대사관로 56,예술·스포츠,127.0041975,37.53328189
서울특별시 용산구 한강대로88길 11-13,음식,126.9729102,37.5447666
서울특별시 용산구 이촌로 280,예술·스포츠,126.9778742,37.51844939
서울특별시 용산구 보광로55길 19,숙박,126.9932795,37.53293038
서울특별시 용산구 이촌로88길 3,음식,126.9787114,37.5180531
서울특별시 용산구 한강대로81길 22,음식,126.9715079,37.54256784
서울특별시 용산구 신흥로 99-13,음식,126.985018,37.54492193
서울특별시 용산구 보광로 112-3,음식,126.9946598,37.5328854
서울특별시 용산구 원효로54길 12,음식,126.9623122,37.53513201
서울특별시 용산구 청파로51길 4,음식,126.9699903,37.54579304
서울특별시 용산구 이태원로45길 7,음식,126.9989817,37.53608407
서울특별시 용산구 신흥로22가길 14,소매,126.9835467,37.54593986
서울특별시 용산구 효창원로 158,음식,126.9623313,37.54208774
서울특별시 용산구 한강대로84길 11-7,음식,126.9731368,37.54392873
서울특별시 용산구 녹사평대로40길 57,음식,126.9890592,37.53450681
서울특별시 용산구 한강대로104길 45,음식,126.9746848,37.55056943
서울특별시 용산구 후암로57길 41,숙박,126.9740959,37.55165951
서울특별시 용산구 임정로11길 4,음식,126.9585628,37.54305054
서울특별시 용산구 대사관로31길 20,음식,127.0060191,37.53412875
서울특별시 용산구 장문로 23,숙박,126.9931102,37.52856952
서울특별시 용산구 청파로 46,소매,126.9565551,37.53192247
서울특별시 용산구 한강대로104길 64,음식,126.9757034,37.55011915
서울특별시 용산구 백범로90길 46,음식,126.970175,37.53669299
서울특별시 용산구 보광로55길 3,음식,126.9941281,37.53298448
서울특별시 용산구 장문로 98,음식,127.0003733,37.52600187
서울특별시 용산구 보광로 21-1,음식,127.0005204,37.52639831
서울특별시 용산구 회나무로 30-1,음식,126.9900202,37.53949844
서울특별시 용산구 청파로 273,음식,126.970421,37.54393709
서울특별시 용산구 대사관로 69,음식,127.0058607,37.53338092
서울특별시 용산구 새창로 106-1,음식,126.9599121,37.53789729
서울특별시 용산구 한강대로15길 19-4,음식,126.9630408,37.52598707
서울특별시 용산구 장문로 112,음식,127.0019685,37.52639829
서울특별시 용산구 한강대로 405,음식,126.9717295,37.55483949
서울특별시 용산구 장문로6길 97,소매,126.9963572,37.52605587
서울특별시 용산구 한강대로38길 29,음식,126.9699857,37.52915156
서울특별시 용산구 한강대로104길 51,소매,126.974979,37.55058751
서울특별시 용산구 독서당로 73,음식,127.0086214,37.53421869
서울특별시 용산구 이촌로 248,음식,126.9727947,37.52005212
서울특별시 용산구 한강대로 312,보건의료,126.9722421,37.54605488
서울특별시 용산구 백범로90라길 45,음식,126.9695743,37.53917959
서울특별시 용산구 한강대로 95,음식,126.9666597,37.5288173
서울특별시 용산구 한강대로40길 9-7,음식,126.9699511,37.53059315
서울특별시 용산구 한강대로15길 19-17,음식,126.9629393,37.52545545
서울특별시 용산구 보광로59길 9,음식,126.9934492,37.53386743
서울특별시 용산구 원효로89길 11,음식,126.9683517,37.54054879
서울특별시 용산구 후암로 93,음식,126.9751252,37.55335361
서울특별시 용산구 한강대로80길 11,음식,126.9734541,37.54269443
서울특별시 용산구 이태원로42길 60,음식,127.0013804,37.53707516
서울특별시 용산구 한강대로104길 60,음식,126.9754884,37.55016415
서울특별시 용산구 한남대로 76,보건의료,127.006551,37.53556131
서울특별시 용산구 한강대로 278-2,음식,126.9727976,37.54317181
서울특별시 용산구 녹사평대로40길 46,음식,126.9882107,37.53439861
서울특별시 용산구 신흥로20길 37,음식,126.9839425,37.54719231
서울특별시 용산구 청파로71길 16,음식,126.9691061,37.54954096
서울특별시 용산구 한강대로52길 25-11,음식,126.9728355,37.53234179
서울특별시 용산구 청파로89길 41,음식,126.9667394,37.5531353
서울특별시 용산구 한강대로 31,음식,126.9627928,37.52430212
서울특별시 용산구 신흥로11길 50,음식,126.9861609,37.54478692
서울특별시 용산구 우사단로 36,음식,126.9957346,37.53341703
서울특별시 용산구 청파로 48,예술·스포츠,126.9568265,37.53214782
서울특별시 용산구 장문로 88,음식,126.9993552,37.52598385
서울특별시 용산구 회나무로 28,음식,126.98976,37.53941733
서울특별시 용산구 신흥로20길 39,음식,126.9840104,37.54727341
서울특별시 용산구 녹사평대로 234,음식,126.9871577,37.53849806
서울특별시 용산구 한강대로 54-1,음식,126.9647493,37.52551006
서울특별시 용산구 청파로 332,음식,126.9701587,37.54916282
서울특별시 용산구 대사관로34길 21,음식,127.0060755,37.53225466
서울특별시 용산구 이태원로 187,음식,126.9947842,37.53472345
서울특별시 용산구 독서당로 79,음식,127.0091758,37.53433577
서울특별시 용산구 이태원로 235,음식,126.9994795,37.53613813
서울특별시 용산구 청파로 303,음식,126.9700692,37.54666703
서울특별시 용산구 신흥로 107-6,숙박,126.9838864,37.54460643
서울특별시 용산구 두텁바위로 85,음식,126.9810004,37.54693058
서울특별시 용산구 두텁바위로 12,음식,126.973374,37.54513612
서울특별시 용산구 청파로47길 42-1,음식,126.9680104,37.54481043
서울특별시 용산구 한강대로 139,음식,126.9701429,37.53189064
서울특별시 용산구 새창로 114-3,음식,126.9602406,37.53711353
서울특별시 용산구 녹사평대로26가길 14,음식,126.992431,37.53229963
서울특별시 용산구 원효로 268,음식,126.9704449,37.54092775
서울특별시 용산구 한남대로20길 21-18,음식,127.009108,37.53521876
서울특별시 용산구 청파로47길 35,음식,126.9684745,37.54464837
서울특별시 용산구 백범로99길 40,소매,126.9713523,37.53513455
서울특별시 용산구 한강대로62길 18,예술·스포츠,126.9730953,37.53345009
서울특별시 용산구 보광로 127,음식,126.9937207,37.53408368
서울특별시 용산구 효창원로 117,소매,126.9608734,37.53871752
서울특별시 용산구 대사관로30길 4,예술·스포츠,127.0054986,37.53311064
서울특별시 용산구 우사단로 8,음식,126.9968096,37.53102941
서울특별시 용산구 백범로 322,음식,126.9646528,37.53824118
서울특별시 용산구 한강대로10길 11-46,음식,126.9647271,37.52449193
서울특별시 용산구 두텁바위로1길 68,음식,126.9755234,37.54692957
서울특별시 용산구 이촌로 300,소매,126.980329,37.51784615
서울특별시 용산구 남산공원길 105,예술·스포츠,126.9878685,37.55112113
서울특별시 용산구 한강대로 130,음식,126.9699057,37.5309175
서울특별시 용산구 이태원로19길 21,음식,126.9916048,37.53534495
서울특별시 용산구 백범로 323-1,음식,126.9650034,37.53847555
서울특별시 용산구 신흥로 19-1,음식,126.9866256,37.54038109
서울특별시 용산구 이태원로 223-5,음식,126.9983934,37.5355795
서울특별시 용산구 보광로 54,보건의료,126.9987668,37.52883101
서울특별시 용산구 한강대로 155,음식,126.9713304,37.53314333
서울특별시 용산구 효창원로 79,소매,126.9577968,37.53680634
서울특별시 용산구 한강대로 216,음식,126.9743384,37.5375409
서울특별시 용산구 한강대로81길 20,음식,126.9715078,37.54272101
서울특별시 용산구 후암로 17,음식,126.9778996,37.54738955
서울특별시 용산구 녹사평대로46길 10,음식,126.9874182,37.5372547
서울특별시 용산구 한강대로15길 29,음식,126.962871,37.52632039
서울특별시 용산구 원효로97길 15,음식,126.9693584,37.54135996
서울특별시 용산구 한남대로20길 47-24,음식,127.0100471,37.53537185
서울특별시 용산구 후암로57길 63,음식,126.9741302,37.55069545
서울특별시 용산구 우사단로 34,음식,126.9957007,37.53322782
서울특별시 용산구 유엔빌리지길 14,음식,127.0098319,37.53396631
서울특별시 용산구 신흥로 33,음식,126.9870667,37.54154343
서울특별시 용산구 녹사평대로46길 1,음식,126.9871126,37.53752497
서울특별시 용산구 한강대로15길 27,음식,126.9629502,37.52627537
서울특별시 용산구 회나무로26길 12,소매,126.9912309,37.53952557
서울특별시 용산구 녹사평대로11길 40,음식,126.9934276,37.52157776
서울특별시 용산구 이촌로18길 5,음식,126.9554949,37.52629081
서울특별시 용산구 효창원로 117,음식,126.9608734,37.53871752
서울특별시 용산구 서빙고로91길 10,음식,127.0015951,37.52438005
서울특별시 용산구 원효로 186-1,음식,126.9632961,37.53608738
서울특별시 용산구 한강대로72길 11-18,예술·스포츠,126.974009,37.54135206
서울특별시 용산구 청파로47길 39,음식,126.9681124,37.54452214
서울특별시 용산구 청파로85길 27,음식,126.9675658,37.55252286
서울특별시 용산구 대사관로 65,음식,127.0054534,37.53344401
서울특별시 용산구 서빙고로 17,음식,126.96657,37.52690715
서울특별시 용산구 이촌로 1,예술·스포츠,126.955605,37.53150765
서울특별시 용산구 한강대로43길 8,소매,126.9697467,37.53258431
서울특별시 용산구 녹사평대로46길 34-6,음식,126.9888777,37.53737198
서울특별시 용산구 회나무로35길 5,음식,126.9931657,37.54035462
서울특별시 용산구 대사관로 48,음식,127.0035413,37.53335399
서울특별시 용산구 백범로87길 54,음식,126.9695742,37.53950395
서울특별시 용산구 이태원로 180,음식,126.9941845,37.53422787
서울특별시 용산구 청파로47길 71,음식,126.9664602,37.54484604
서울특별시 용산구 새창로45길 18,음식,126.9633195,37.53451964
서울특별시 용산구 후암로 37,예술·스포츠,126.9773899,37.54919145
서울특별시 용산구 원효로41길 21,예술·스포츠,126.9585787,37.53468026
서울특별시 용산구 청파로 330-3,음식,126.9703058,37.54913582
서울특별시 용산구 이촌로 210,음식,126.9704075,37.52084443
서울특별시 용산구 신흥로 54,음식,126.9878359,37.54308422
서울특별시 용산구 한강대로54길 7,예술·스포츠,126.9720546,37.53283716
서울특별시 용산구 청파로47길 17,음식,126.9694815,37.5447027
서울특별시 용산구 청파로47길 8,음식,126.9700246,37.54495512
서울특별시 용산구 한강대로23길 55,음식,126.964736,37.5297718
서울특별시 용산구 원효로 220,음식,126.9663728,37.53773713
서울특별시 용산구 녹사평대로32길 47,예술·스포츠,126.9907905,37.53270496
서울특별시 용산구 원효로89길 12,음식,126.9686798,37.54072007
서울특별시 용산구 독서당로14길 46,숙박,127.0083947,37.53119134
서울특별시 용산구 한남대로18길 26,음식,127.0086553,37.53454304
서울특별시 용산구 백범로 313,소매,126.9629777,37.53923177
서울특별시 용산구 이태원로 243,음식,127.0000113,37.53680487
서울특별시 용산구 대사관로31길 17,음식,127.0057476,37.5340747
서울특별시 용산구 한강대로80길 11-3,음식,126.973454,37.54277552
서울특별시 용산구 효창원로 164,예술·스포츠,126.9628855,37.54266455
서울특별시 용산구 백범로 326,음식,126.9650601,37.53814219
서울특별시 용산구 보광로59길 10,음식,126.9935057,37.53403862
서울특별시 용산구 신흥로26길 20,예술·스포츠,126.983875,37.54510198
서울특별시 용산구 후암로57길 55,음식,126.9741188,37.55108288
서울특별시 용산구 한강대로76길 11,음식,126.9737373,37.54166735
서울특별시 용산구 한강대로23길 55,음식,126.964736,37.5297718
서울특별시 용산구 효창원로 144,음식,126.9621735,37.54082629
서울특별시 용산구 서빙고로 17,음식,126.96657,37.52690715
서울특별시 용산구 소월로20길 52,음식,126.9845541,37.54444434
서울특별시 용산구 이촌로 200,음식,126.9693441,37.52095227
서울특별시 용산구 대사관로5길 17,음식,127.0005657,37.53497584
서울특별시 용산구 효창원로 146,음식,126.96223,37.54099749
서울특별시 용산구 효창원로 150,소매,126.9622864,37.54137593
서울특별시 용산구 우사단로4길 23,음식,126.9979862,37.531534
서울특별시 용산구 한강대로 69,음식,126.9648956,37.52704181
서울특별시 용산구 한강대로 163-1,음식,126.9717827,37.53380117
서울특별시 용산구 두텁바위로 13,소매,126.973917,37.54550565
서울특별시 용산구 청파로 378,음식,126.9704869,37.54911785
서울특별시 용산구 한강대로40가길 7,음식,126.9710939,37.53044928
서울특별시 용산구 회나무로13길 10,음식,126.9896015,37.53977772
서울특별시 용산구 원효로48길 11-8,음식,126.9612263,37.53452799
서울특별시 용산구 새창로45길 79,소매,126.9664421,37.53460166
서울특별시 용산구 우사단로10길 92,음식,127.0003734,37.53192145
서울특별시 용산구 효창원로 145,보건의료,126.9618452,37.54112351
서울특별시 용산구 한강대로39길 16,음식,126.9683897,37.5309982
서울특별시 용산구 한강대로 405,음식,126.9717295,37.55483949
서울특별시 용산구 한강대로7길 10-9,음식,126.9624984,37.52480659
서울특별시 용산구 우사단로14길 14-5,숙박,126.9966058,37.53394865
서울특별시 용산구 신흥로 59,음식,126.9872587,37.54370585
서울특별시 용산구 서빙고로 17,음식,126.96657,37.52690715
서울특별시 용산구 이태원로54길 58-13,음식,127.0004752,37.53552545
서울특별시 용산구 새창로 221-19,음식,126.9683333,37.53067382
서울특별시 용산구 두텁바위로 43,보건의료,126.9769722,37.54590273
서울특별시 용산구 새창로 116-1,음식,126.9604443,37.53705053
서울특별시 용산구 한강대로38가길 7-26,음식,126.9699061,37.5299264
서울특별시 용산구 한강대로96길 44,음식,126.9740637,37.5467851
서울특별시 용산구 한강대로87길 8,음식,126.9714505,37.54460408
서울특별시 용산구 보광로 93,음식,126.9949541,37.53126361
서울특별시 용산구 한강대로 95,보건의료,126.9666597,37.5288173
서울특별시 용산구 신흥로 31,음식,126.9869649,37.54128212
서울특별시 용산구 독서당로 73,음식,127.0086214,37.53421869
서울특별시 용산구 녹사평대로40길 31,음식,126.9876109,37.53474994
서울특별시 용산구 한강대로48길 3,음식,126.970901,37.53184578
서울특별시 용산구 새창로44길 11,음식,126.9618829,37.53386146
서울특별시 용산구 대사관로31길 7-3,예술·스포츠,127.0054986,37.53362421
서울특별시 용산구 서빙고로 69,예술·스포츠,126.9723522,37.52371008
서울특별시 용산구 효창원로 270,예술·스포츠,126.963696,37.55133241
서울특별시 용산구 이태원로 165-1,소매,126.9923516,37.53466024
서울특별시 용산구 회나무로13가길 57,소매,126.9928375,37.54100332
서울특별시 용산구 청파로 74,소매,126.9595641,37.5327885
서울특별시 용산구 이태원로54길 58-14,음식,127.0006902,37.53591288
서울특별시 용산구 한강대로21나길 7,음식,126.9632435,37.52791528
서울특별시 용산구 서빙고로71길 25,음식,126.9954751,37.52181212
서울특별시 용산구 이태원로 238,음식,126.9999095,37.53592189
서울특별시 용산구 한강대로104가길 7,숙박,126.9738249,37.54995656
서울특별시 용산구 이태원로42길 19,음식,126.9998303,37.53581377
서울특별시 용산구 한강대로 405,음식,126.9717295,37.55483949
서울특별시 용산구 이태원로27가길 49,음식,126.9925552,37.53485848
서울특별시 용산구 이태원로16길 15,음식,126.9913334,37.53363303
서울특별시 용산구 한강대로21길 17-12,음식,126.963527,37.52657288
서울특별시 용산구 한강대로21길 25,음식,126.9637756,37.52702345
서울특별시 용산구 만리재로 136,소매,126.9626548,37.55147625
서울특별시 용산구 보광로5길 1-8,음식,127.0013123,37.52542522
서울특별시 용산구 효창원로 149,음식,126.9618564,37.54136678
서울특별시 용산구 효창원로 117,소매,126.9608734,37.53871752
서울특별시 용산구 원효로89길 33,음식,126.9672201,37.5407467
서울특별시 용산구 청파로47나길 35,소매,126.9673874,37.54645008
서울특별시 용산구 신흥로 63,음식,126.9871002,37.54389504
서울특별시 용산구 청파로 74,음식,126.9595641,37.5327885
서울특별시 용산구 한강대로 95,음식,126.9666483,37.52884432
서울특별시 용산구 이태원로54길 48,음식,127.0012672,37.53633635
서울특별시 용산구 한강대로 286-2,보건의료,126.9726276,37.54391059
서울특별시 용산구 한강대로7길 13,음식,126.9621253,37.52432894
서울특별시 용산구 후암로 37,예술·스포츠,126.9773899,37.54919145
서울특별시 용산구 한강대로 287-1,예술·스포츠,126.9718015,37.5440005
서울특별시 용산구 녹사평대로 222,음식,126.9870674,37.53734476
서울특별시 용산구 청파로47길 84,음식,126.9658377,37.54514319
서울특별시 용산구 한남대로 60,음식,127.0078747,37.53446201
서울특별시 용산구 원효로41길 15,음식,126.9583186,37.53453601
서울특별시 용산구 보광로55길 19,음식,126.9932795,37.53293038
서울특별시 용산구 원효로 268,음식,126.9704449,37.54092775
서울특별시 용산구 한강대로30길 25,음식,126.9689228,37.52769166
서울특별시 용산구 원효로 128,음식,126.9576404,37.53329238
서울특별시 용산구 녹사평대로 234,소매,126.9871577,37.53849806
서울특별시 용산구 청파로49길 17,음식,126.9693455,37.54522524
서울특별시 용산구 보광로 116,음식,126.9945354,37.5331647
서울특별시 용산구 한강대로 95,음식,126.9666597,37.5288173
서울특별시 용산구 한강대로 381-1,음식,126.9721718,37.55248799
서울특별시 용산구 이촌로65가길 78,음식,126.9752265,37.52078246
서울특별시 용산구 새창로45길 1,음식,126.9624256,37.5346455
서울특별시 용산구 청파로 378,음식,126.9704869,37.54911785
서울특별시 용산구 한강대로104길 38,음식,126.974368,37.55019995
서울특별시 용산구 독서당로 67,음식,127.0081461,37.5338403
서울특별시 용산구 대사관로30길 17,음식,127.0056569,37.53251597
서울특별시 용산구 한남대로21길 33,음식,127.0065961,37.53335386
서울특별시 용산구 후암로57길 9-10,숙박,126.9745482,37.55292101
서울특별시 용산구 한강대로23길 55,음식,126.964736,37.5297718
서울특별시 용산구 한강대로42길 12,음식,126.9702793,37.53050314
서울특별시 용산구 이촌로29길 9,음식,126.9594781,37.52437311
서울특별시 용산구 신흥로 57,소매,126.9873492,37.54353466
서울특별시 용산구 한강대로 366,음식,126.9729079,37.55109162
서울특별시 용산구 원효로 55,소매,126.9504898,37.5335599
서울특별시 용산구 보광로 5,음식,127.001629,37.52520897
서울특별시 용산구 한강대로10길 11-50,음식,126.9648063,37.52450997
서울특별시 용산구 이촌로75길 22,음식,126.9745025,37.52078231
서울특별시 용산구 보광로 124,음식,126.9942864,37.53384945
서울특별시 용산구 독서당로 89,음식,127.0102846,37.53476816
서울특별시 용산구 회나무로 9,음식,126.9878592,37.53866932
서울특별시 용산구 효창원로42길 18,음식,126.9599807,37.53650076
서울특별시 용산구 한강대로 23,음식,126.9620464,37.52373425
서울특별시 용산구 후암로 81,예술·스포츠,126.9761891,37.5530565
서울특별시 용산구 한강대로40길 30,음식,126.9709469,37.53007983
서울특별시 용산구 청파로43가길 33,음식,126.9682482,37.5444591
서울특별시 용산구 대사관로30길 15,음식,127.0056456,37.53257003
서울특별시 용산구 만리재로 196,음식,126.9679043,37.55477544
서울특별시 용산구 백범로 291,음식,126.9616877,37.53937552
서울특별시 용산구 신흥로 121,음식,126.9826304,37.54459724
서울특별시 용산구 새창로 131-6,음식,126.9617235,37.53581658
서울특별시 용산구 회나무로 66,음식,126.9938446,37.54011138
서울특별시 용산구 녹사평대로 168-12,음식,126.9896477,37.53322745
서울특별시 용산구 한강대로62길 23,예술·스포츠,126.9738532,37.53390076
서울특별시 용산구 회나무로42길 36,음식,126.9942972,37.54007537
서울특별시 용산구 한강대로 95,음식,126.9666597,37.5288173
서울특별시 용산구 한강대로 56-1,음식,126.9649867,37.52573539
서울특별시 용산구 한강대로40길 22,음식,126.9704604,37.53009773
서울특별시 용산구 한강대로40길 14,음식,126.9699739,37.53014266
서울특별시 용산구 한강대로 100,음식,126.9686735,37.52879082
서울특별시 용산구 한강대로17길 11,음식,126.9640702,37.52624868
서울특별시 용산구 청파로45길 39,음식,126.9683613,37.5445222
서울특별시 용산구 녹사평대로 250,예술·스포츠,126.9875762,37.53986762
서울특별시 용산구 우사단로2길 3,음식,126.9970245,37.53076813
서울특별시 용산구 새창로 213-12,음식,126.9680279,37.53048453
서울특별시 용산구 녹사평대로32길 37,음식,126.9907904,37.53315546
서울특별시 용산구 한강대로 57,음식,126.9646359,37.52614073
서울특별시 용산구 한남대로20길 47-24,음식,127.0100471,37.53537185
서울특별시 용산구 신흥로3길 21,음식,126.9859352,37.54148023
서울특별시 용산구 회나무로 83,음식,126.9955418,37.54098543
서울특별시 용산구 한강대로 211,음식,126.9726074,37.53718012
서울특별시 용산구 청파로71길 26-14,숙박,126.9685515,37.54989221
서울특별시 용산구 한강대로30길 25,음식,126.9688551,37.52735827
서울특별시 용산구 우사단로4길 11-9,숙박,126.997296,37.53187637
서울특별시 용산구 대사관로 35,음식,127.0021497,37.53375046
서울특별시 용산구 이태원로23길 22,예술·스포츠,126.9924533,37.53548917
서울특별시 용산구 이태원로 136-1,음식,126.9890366,37.53397522
서울특별시 용산구 청파로45길 6,음식,126.9703077,37.54432449
서울특별시 용산구 신흥로 30,음식,126.9872365,37.54104789
서울특별시 용산구 이태원로23길 6,음식,126.9928042,37.53480443
서울특별시 용산구 한강대로 385,숙박,126.9722396,37.55280336
서울특별시 용산구 백범로87길 48-4,음식,126.969348,37.53921558
서울특별시 용산구 한강대로98가길 12,숙박,126.9729317,37.54774892
서울특별시 용산구 장문로 14,소매,126.9921712,37.52868659
서울특별시 용산구 효창원로 58,음식,126.9555684,37.53596759
서울특별시 용산구 우사단로 39,음식,126.9954404,37.53369633
서울특별시 용산구 원효로71길 70,음식,126.9613373,37.53863658
서울특별시 용산구 우사단로12길 18,음식,126.9966624,37.53355221
서울특별시 용산구 청파로53길 5,음식,126.9697865,37.54597319
서울특별시 용산구 녹사평대로32길 22,음식,126.9900324,37.53344372
서울특별시 용산구 원효로41길 19,음식,126.9584882,37.53461716
서울특별시 용산구 이태원로 230-2,음식,126.999423,37.53557951
서울특별시 용산구 원효로19길 3,음식,126.9520968,37.53299293
서울특별시 용산구 보광로 49,음식,126.998699,37.52836248
서울특별시 용산구 청파로47길 48,음식,126.9678181,37.54481939
서울특별시 용산구 서빙고로91길 2,음식,127.0017082,37.52473144
서울특별시 용산구 서빙고로 17,음식,126.96657,37.52690715
서울특별시 용산구 한강대로 112,음식,126.9682206,37.52961061
서울특별시 용산구 한강대로104길 77,음식,126.9767105,37.55041668
서울특별시 용산구 한강대로80길 17,음식,126.9737709,37.54274856
서울특별시 용산구 만리재로 194,음식,126.9677686,37.55468531
서울특별시 용산구 청파로47나길 19,소매,126.9669689,37.54590936
서울특별시 용산구 원효로89길 13-14,음식,126.9677182,37.54034139
서울특별시 용산구 한강대로23길 55,음식,126.964736,37.5297718
서울특별시 용산구 청파로47길 78,음식,126.9661885,37.54509824
서울특별시 용산구 후암로49길 13,숙박,126.9757366,37.5525969
서울특별시 용산구 이태원로 164-1,음식,126.9922385,37.5341737
서울특별시 용산구 한강대로84길 7,음식,126.9729445,37.54371244
서울특별시 용산구 만리재로 148,예술·스포츠,126.9636955,37.55230549
서울특별시 용산구 청파로 139-12,음식,126.9668043,37.53428642
서울특별시 용산구 이태원로27가길 18,음식,126.9942637,37.5351559
서울특별시 용산구 신흥로 42,음식,126.9874966,37.54212011
서울특별시 용산구 청파로45길 32,음식,126.9689045,37.54463948
서울특별시 용산구 두텁바위로 73-1,음식,126.9802876,37.5463358
서울특별시 용산구 한강대로 205,소매,126.9726076,37.53659447
서울특별시 용산구 한강대로 259,보건의료,126.9724134,37.54157695
서울특별시 용산구 효창원로 136,음식,126.9619024,37.53994322
서울특별시 용산구 이태원로49길 24-8,음식,126.9994456,37.53725537
서울특별시 용산구 한강대로104길 24,음식,126.9734401,37.55023579
서울특별시 용산구 한강대로52길 19,음식,126.9722699,37.53203532
서울특별시 용산구 한강대로52길 41,음식,126.9732318,37.53144989
서울특별시 용산구 이태원로 245,소매,127.0000339,37.53690398
서울특별시 용산구 후암로 23,음식,126.9777637,37.54788507
서울특별시 용산구 이촌로 278,음식,126.9774783,37.51856645
서울특별시 용산구 후암로57길 3-9,음식,126.9746725,37.55327242
서울특별시 용산구 대사관로5길 28,음식,127.000396,37.53544436
서울특별시 용산구 한강대로 257,소매,126.9725607,37.54124362
서울특별시 용산구 신흥로16길 3,소매,126.986704,37.5447149
서울특별시 용산구 이촌로 319,음식,126.9823199,37.51795459
서울특별시 용산구 원효로 205,음식,126.9649246,37.53760155
서울특별시 용산구 한강대로 329,음식,126.9714833,37.54766749
서울특별시 용산구 한강대로15길 8-4,음식,126.9641382,37.52598741
서울특별시 용산구 한남대로 60,음식,127.0078747,37.53446201
서울특별시 용산구 백범로 284-1,음식,126.9607599,37.53929412
서울특별시 용산구 독서당로 65-11,음식,127.0081009,37.53403852
서울특별시 용산구 원효로39길 24,음식,126.9581602,37.53445486
서울특별시 용산구 녹사평대로 222,음식,126.9870674,37.53734476
서울특별시 용산구 이촌로88길 8,음식,126.9777612,37.51825115
서울특별시 용산구 한강대로 266,음식,126.9731261,37.54205465
서울특별시 용산구 우사단로2길 12,소매,126.9974092,37.53056992
서울특별시 용산구 청파로 378,음식,126.9704869,37.54911785
서울특별시 용산구 녹사평대로32길 8,음식,126.9893083,37.53349772
서울특별시 용산구 청파로89길 31-14,숙박,126.9671808,37.55297325
서울특별시 용산구 후암로57길 55,음식,126.9741188,37.55108288
서울특별시 용산구 한강대로62가길 8-6,음식,126.9743508,37.53451355
서울특별시 용산구 보광로59길 40,음식,126.9918199,37.53395743
서울특별시 용산구 한남대로 59,보건의료,127.0067206,37.53398455
서울특별시 용산구 이촌로18길 21-6,음식,126.9548052,37.52571391
서울특별시 용산구 후암로 10,음식,126.9783864,37.54684003
서울특별시 용산구 효창원로70길 25,소매,126.9635761,37.54185387
서울특별시 용산구 이촌로 319,음식,126.9823199,37.51795459
서울특별시 용산구 한강대로40길 13,음식,126.9700643,37.53040397
서울특별시 용산구 이태원로27가길 26,음식,126.9937885,37.53510182
서울특별시 용산구 서빙고로 4-6,음식,126.9652921,37.52587063
서울특별시 용산구 한강대로 405,소매,126.9717295,37.55483949
서울특별시 용산구 두텁바위로 2,음식,126.9724348,37.54497372
서울특별시 용산구 후암로4길 30,음식,126.9796763,37.5471466
서울특별시 용산구 새창로 134,음식,126.9612937,37.53555515
서울특별시 용산구 우사단로14길 16,음식,126.9965831,37.53407479
서울특별시 용산구 이촌로29길 11,음식,126.9595233,37.52441818
서울특별시 용산구 청파로 383,보건의료,126.9686743,37.55376653
서울특별시 용산구 대사관로30길 11-6,음식,127.0058606,37.53253398
서울특별시 용산구 한남대로 91,음식,127.0021384,37.53656158
서울특별시 용산구 장문로 88,음식,126.9993552,37.52598385
서울특별시 용산구 보광로60길 9,음식,126.9946937,37.53404769
서울특별시 용산구 한강대로57길 4,예술·스포츠,126.9722351,37.53434188
서울특별시 용산구 효창원로 271,음식,126.9632434,37.55118811
서울특별시 용산구 새창로 213-9,음식,126.9676431,37.53066462
서울특별시 용산구 후암로 26,음식,126.978103,37.54836267
서울특별시 용산구 이태원로54길 62,소매,127.000973,37.53568763
서울특별시 용산구 신흥로 95-15,음식,126.9850179,37.54524629
서울특별시 용산구 한강대로88길 11,음식,126.9729668,37.54455038
서울특별시 용산구 이태원로55가길 26-5,음식,126.9997398,37.53748963
서울특별시 용산구 원효로 171,음식,126.9617688,37.53562738
서울특별시 용산구 장문로6길 11,음식,126.9929858,37.52799287
서울특별시 용산구 한강대로62길 32,음식,126.9730953,37.53349514
서울특별시 용산구 서빙고로 17,보건의료,126.9676565,37.52589833
서울특별시 용산구 한남대로20길 21-12,음식,127.0087912,37.53521878
서울특별시 용산구 한강대로 95,음식,126.9666597,37.5288173
서울특별시 용산구 이태원로27가길 13,음식,126.9945805,37.53494869
서울특별시 용산구 이태원로 230-1,음식,126.9993551,37.53554347
서울특별시 용산구 청파로47길 89,음식,126.9655775,37.54498994
서울특별시 용산구 이태원로54길 58-3,음식,127.000973,37.53576872
서울특별시 용산구 한강대로104길 86,음식,126.9769143,37.55005632
서울특별시 용산구 새창로49길 17,음식,126.9633875,37.5342764
서울특별시 용산구 이태원로23길 28-4,숙박,126.9920913,37.53578648
서울특별시 용산구 만리재로 144,음식,126.9633109,37.55193596
서울특별시 용산구 이태원로20길 32,음식,126.992431,37.53293934
서울특별시 용산구 후암로 2,음식,126.9785676,37.54619135
서울특별시 용산구 서빙고로 17,음식,126.9676565,37.52589833
서울특별시 용산구 신흥로 30,음식,126.9872365,37.54104789
서울특별시 용산구 한강대로 95,음식,126.9664221,37.52877218
서울특별시 용산구 한강대로 69,소매,126.9652348,37.52745637
서울특별시 용산구 서빙고로 17,예술·스포츠,126.9676565,37.52589833
서울특별시 용산구 새창로 126,음식,126.9608181,37.53632985
서울특별시 용산구 서빙고로51길 4,숙박,126.990939,37.52064055
서울특별시 용산구 한남대로21길 33,예술·스포츠,127.0065961,37.53335386
서울특별시 용산구 이태원로26길 16-4,숙박,126.9932342,37.53357009
서울특별시 용산구 후암로57길 3-11,음식,126.9748083,37.55327245
서울특별시 용산구 한강대로104길 77,음식,126.9767105,37.55041668
서울특별시 용산구 이촌로77길 19,음식,126.9749212,37.5205121
서울특별시 용산구 청파로 333,음식,126.9696947,37.54932488
서울특별시 용산구 이촌로 101,음식,126.9593199,37.52409375
서울특별시 용산구 우사단로 13,음식,126.9964022,37.53146188
서울특별시 용산구 신흥로29길 14,음식,126.9811481,37.54444385
서울특별시 용산구 대사관로24길 27,음식,127.005442,37.53251598
서울특별시 용산구 한남대로27길 33,음식,127.0029984,37.53824644
서울특별시 용산구 효창원로 158,음식,126.9623313,37.54208774
서울특별시 용산구 두텁바위로 59-1,예술·스포츠,126.9788958,37.54612833
서울특별시 용산구 청파로 270-2,음식,126.9709417,37.54366692
서울특별시 용산구 한강대로54길 7,음식,126.9720546,37.53283716
서울특별시 용산구 새창로 114-1,음식,126.9603311,37.53718564
서울특별시 용산구 한강대로 353-4,음식,126.9715956,37.5500011
서울특별시 용산구 이태원로20길 2-8,숙박,126.9916502,37.53404752
서울특별시 용산구 효창원로 174,음식,126.9625003,37.5435384
서울특별시 용산구 원효로25길 31,보건의료,126.9525833,37.532876
서울특별시 용산구 한강대로30길 25,음식,126.9689228,37.52769166
서울특별시 용산구 효창원로 270,음식,126.963696,37.55133241
서울특별시 용산구 이태원로27가길 41,음식,126.9930078,37.53486751
서울특별시 용산구 이태원로27가길 49,음식,126.9925552,37.53485848
서울특별시 용산구 회나무로25길 1,음식,126.9914459,37.53994004
서울특별시 용산구 새창로14길 42,예술·스포츠,126.9592333,37.53774389
서울특별시 용산구 백범로87길 40,음식,126.968952,37.53902626
서울특별시 용산구 백범로99길 40,음식,126.9716349,37.53582839
서울특별시 용산구 서빙고로 40,음식,126.968732,37.52398849
서울특별시 용산구 독서당로 84,음식,127.0098546,37.53415552
서울특별시 용산구 녹사평대로46길 5,음식,126.9872597,37.5374439
서울특별시 용산구 신흥로 81-1,음식,126.9859797,37.54535453
서울특별시 용산구 청파로47나길 75,음식,126.9682353,37.54814419
서울특별시 용산구 신흥로36길 15-1,숙박,126.9824716,37.54634516
서울특별시 용산구 이태원로42길 62,음식,127.0014596,37.5372013
서울특별시 용산구 이촌로 352,음식,126.9851705,37.51737834
서울특별시 용산구 효창원로52길 4,소매,126.9606816,37.53769032
서울특별시 용산구 한강대로62나길 13,음식,126.9743847,37.53443246
서울특별시 용산구 소월로 377,음식,127.0014371,37.5443192
서울특별시 용산구 만리재로26가길 3,숙박,126.9644084,37.55248591
서울특별시 용산구 회나무로 25,음식,126.9896016,37.53954346
서울특별시 용산구 한강대로 401-1,예술·스포츠,126.9723183,37.5540918
서울특별시 용산구 새창로45길 29,음식,126.9638963,37.53482616
서울특별시 용산구 한강대로 125-2,음식,126.9692835,37.53099843
서울특별시 용산구 이태원로27가길 49,음식,126.9925552,37.53485848
서울특별시 용산구 보광로 30,보건의료,127.0002941,37.52719119
서울특별시 용산구 녹사평대로 226,음식,126.9869768,37.53781328
서울특별시 용산구 대사관로34길 21,음식,127.0060755,37.53225466
서울특별시 용산구 한강대로 405,음식,126.9717295,37.55483949
서울특별시 용산구 한강대로84길 16,음식,126.9735442,37.54362248
서울특별시 용산구 한강대로76길 11-40,음식,126.9737144,37.54244221
서울특별시 용산구 이촌로65가길 72,음식,126.974955,37.52083647
서울특별시 용산구 독서당로 77,예술·스포츠,127.0090513,37.53425469
서울특별시 용산구 신흥로 99-11,음식,126.9849727,37.54495797
서울특별시 용산구 원효로 263,음식,126.9696754,37.54099063
서울특별시 용산구 청파로75길 8-11,음식,126.9686531,37.55042382
서울특별시 용산구 새창로 112,음식,126.9602745,37.53732077
서울특별시 용산구 원효로 7,음식,126.9452619,37.53471989
서울특별시 용산구 보광로 30,예술·스포츠,127.0002941,37.52719119
서울특별시 용산구 원효로53길 8,소매,126.9621307,37.53602394
서울특별시 용산구 독서당로 70,예술·스포츠,127.008576,37.53360601
서울특별시 용산구 한강대로104길 51,예술·스포츠,126.974979,37.55058751
서울특별시 용산구 한강대로 126-1,음식,126.9698041,37.53060213
서울특별시 용산구 한강대로48길 18,음식,126.9713537,37.53135935
서울특별시 용산구 새창로 90-4,음식,126.9590402,37.5390773
서울특별시 용산구 이촌로 1,예술·스포츠,126.955605,37.53150765
서울특별시 용산구 이촌로 303,음식,126.9799669,37.51827857
서울특별시 용산구 이촌로 5,음식,126.9550508,37.53112001
서울특별시 용산구 만리재로28길 5-19,숙박,126.9653926,37.55333314
서울특별시 용산구 녹사평대로40길 55,음식,126.9888103,37.5344257
서울특별시 용산구 한강대로77길 8,음식,126.9721417,37.54219858
서울특별시 용산구 한남대로 60,음식,127.0078747,37.53446201
서울특별시 용산구 독서당로 65-3,음식,127.0079199,37.53396645
서울특별시 용산구 한강대로62길 23,예술·스포츠,126.9738532,37.53390076
서울특별시 용산구 새창로 70,음식,126.9549445,37.53860729
서울특별시 용산구 신흥로 15,음식,126.9863654,37.53992155
서울특별시 용산구 장문로 54,음식,126.9957689,37.52665051
서울특별시 용산구 후암로 91-6,음식,126.9751253,37.55314638
서울특별시 용산구 이태원로27가길 58,음식,126.9921027,37.53495756
서울특별시 용산구 장문로6길 101,음식,126.9965156,37.5259838
서울특별시 용산구 보광로 39,음식,126.9993552,37.52764169
서울특별시 용산구 이태원로 162,음식,126.9918651,37.53415565
서울특별시 용산구 한강대로39길 12,음식,126.9684915,37.53092614
서울특별시 용산구 이태원로 176-1,음식,126.9935962,37.5342819
서울특별시 용산구 백범로79길 81,음식,126.9645603,37.54232269
서울특별시 용산구 한남대로20길 61-17,음식,127.0102168,37.53546194
서울특별시 용산구 청파로 255,음식,126.9705574,37.54242344
서울특별시 용산구 청파로20길 95,숙박,126.9608881,37.53216725
서울특별시 용산구 후암로 101,음식,126.9743104,37.55339848
서울특별시 용산구 독서당로 25,음식,127.0074896,37.53071387
서울특별시 용산구 이태원로20길 24,음식,126.9922386,37.5332817
서울특별시 용산구 한남대로 76,예술·스포츠,127.006551,37.53556131
서울특별시 용산구 우사단로 33,음식,126.9954178,37.53320979
서울특별시 용산구 이촌로75길 12,음식,126.9742651,37.52042186
서울특별시 용산구 한강대로15길 2-3,음식,126.9641948,37.5258703
서울특별시 용산구 백범로 326,음식,126.9650601,37.53814219
서울특별시 용산구 녹사평대로26가길 14,음식,126.992431,37.53229963
서울특별시 용산구 우사단로 46,소매,126.9958364,37.53420091
서울특별시 용산구 한강대로72길 11-22,음식,126.9739523,37.54155928
서울특별시 용산구 후암로4길 21,음식,126.9792463,37.54735376
서울특별시 용산구 이태원로54가길 26,음식,127.0013351,37.53677784
서울특별시 용산구 청파로 276,음식,126.9709301,37.5442886
서울특별시 용산구 만리재로 142-1,음식,126.963243,37.55189089
서울특별시 용산구 효창원로42길 11,보건의료,126.9600937,37.53673506
서울특별시 용산구 청파로 330-18,숙박,126.9704303,37.54900971
서울특별시 용산구 한강대로 304,음식,126.9723215,37.5454242
서울특별시 용산구 신흥로20길 14,음식,126.9848706,37.54634549
서울특별시 용산구 한강대로23길 55,음식,126.964736,37.5297718
서울특별시 용산구 한강대로 95,음식,126.9666597,37.5288173
서울특별시 용산구 이태원로55가길 38,음식,126.9995361,37.53688596
서울특별시 용산구 이촌로 101,음식,126.9593199,37.52409375
서울특별시 용산구 한강대로14가길 14,음식,126.9649196,37.52419465
서울특별시 용산구 대사관로34가길 2-8,음식,127.0053514,37.53183123
서울특별시 용산구 대사관로34길 22,음식,127.0057814,37.5323628
서울특별시 용산구 녹사평대로 248,음식,126.9875536,37.53968742
서울특별시 용산구 한강대로 401-2,음식,126.9722956,37.55420893
서울특별시 용산구 소월로 322,음식,126.9962434,37.5397691
서울특별시 용산구 우사단로10길 21,음식,126.9967076,37.53329092
서울특별시 용산구 남산공원길 105,음식,126.9878685,37.55112113
서울특별시 용산구 청파로 253-1,숙박,126.9704895,37.5423964
서울특별시 용산구 효창원로 270,음식,126.963696,37.55133241
서울특별시 용산구 한남대로40길 31,음식,127.0034512,37.54323796
서울특별시 용산구 효창원로 168,음식,126.9624893,37.54297077
서울특별시 용산구 녹사평대로40길 43,숙박,126.9881993,37.53453376
서울특별시 용산구 백범로 338,음식,126.9665086,37.53775518
서울특별시 용산구 한강대로 366,음식,126.9729079,37.55109162
서울특별시 용산구 한강대로62길 27,음식,126.9737627,37.53367549
서울특별시 용산구 원효로 71,음식,126.9517687,37.53294775
서울특별시 용산구 유엔빌리지길 20,보건의료,127.0098319,37.53376809
서울특별시 용산구 한강대로 371-2,음식,126.9719797,37.55164101
서울특별시 용산구 한강대로 284,음식,126.9726842,37.54370337
서울특별시 용산구 한강대로 272-1,음식,126.9729675,37.54264026
서울특별시 용산구 이태원로19길 8,음식,126.9919669,37.53484042
서울특별시 용산구 소월로2길 21-13,음식,126.9768567,37.5534801
서울특별시 용산구 한강대로62길 41,예술·스포츠,126.9737516,37.5330628
서울특별시 용산구 녹사평대로46길 13,음식,126.9876331,37.5373178
서울특별시 용산구 청파로47길 71,음식,126.9664602,37.54484604
서울특별시 용산구 백범로99길 50,음식,126.9722458,37.53599071
서울특별시 용산구 원효로19길 72,음식,126.9557509,37.53349892
서울특별시 용산구 서빙고로51길 10,음식,126.9909164,37.52075768
서울특별시 용산구 원효로41길 70-1,음식,126.9611126,37.5356542
서울특별시 용산구 한강대로40가길 13,음식,126.9713766,37.53074668
서울특별시 용산구 한강대로 270,음식,126.9730355,37.542397
서울특별시 용산구 소월로40길 38-5,음식,126.9911854,37.54182311
서울특별시 용산구 장문로 111,음식,127.0018327,37.5265875
서울특별시 용산구 신흥로 9,음식,126.9864447,37.53934492
서울특별시 용산구 한강대로38가길 7-18,음식,126.9700533,37.52980931
서울특별시 용산구 한강대로 279,음식,126.9721979,37.54312662
서울특별시 용산구 한강대로38가길 31,음식,126.9711506,37.53007087
서울특별시 용산구 한남대로 91,음식,127.0021384,37.53656158
서울특별시 용산구 이태원로 221,음식,126.9982237,37.53536326
서울특별시 용산구 한강대로 282,예술·스포츠,126.9727409,37.54349616
서울특별시 용산구 한강대로15길 9,예술·스포츠,126.9638894,37.52574407
서울특별시 용산구 한강대로62길 45-25,음식,126.9740686,37.53262138
서울특별시 용산구 대사관로 52,음식,127.0038807,37.53331794
서울특별시 용산구 한강대로44길 17,음식,126.9709127,37.53088171
서울특별시 용산구 두텁바위로1길 29,음식,126.9739169,37.54585704
서울특별시 용산구 한강대로21나길 7,음식,126.9632435,37.52791528
서울특별시 용산구 회나무로 54,음식,126.9924982,37.53996715
서울특별시 용산구 이태원로 140-1,음식,126.989444,37.53396625
서울특별시 용산구 새창로 213,소매,126.9672699,37.5304663
서울특별시 용산구 두텁바위로1길 99-17,예술·스포츠,126.9756474,37.54823605
서울특별시 용산구 후암로35길 24-3,음식,126.9757938,37.5504255
서울특별시 용산구 이태원로20가길 7-2,음식,126.9926798,37.53372322
서울특별시 용산구 우사단로 2-1,음식,126.9969227,37.53058793
서울특별시 용산구 청파로47길 16,음식,126.969504,37.54500904
서울특별시 용산구 보광로 47,음식,126.9988347,37.5281913
서울특별시 용산구 한강대로62나길 20-5,음식,126.9751202,37.53427044
서울특별시 용산구 한강대로23길 55,음식,126.964736,37.5297718
서울특별시 용산구 원효로 73,소매,126.9521309,37.53275869
서울특별시 용산구 한강대로104가길 4,음식,126.9735759,37.55023582
서울특별시 용산구 원효로41길 18,음식,126.9586128,37.53446403
서울특별시 용산구 새창로45길 20-1,음식,126.9634552,37.53454672
서울특별시 용산구 신흥로 143,음식,126.9816456,37.54598463
서울특별시 용산구 한남대로10길 58-6,음식,127.0086212,37.53298431
서울특별시 용산구 청파로85길 39,음식,126.9668188,37.55266681
서울특별시 용산구 효창원로 100,음식,126.9598672,37.53721251
서울특별시 용산구 두텁바위로1길 103,음식,126.9759189,37.54849739
서울특별시 용산구 한강대로 372,음식,126.9735192,37.55058719
서울특별시 용산구 한강대로30길 25,음식,126.9689228,37.52769166
서울특별시 용산구 신흥로12길 3,음식,126.9879263,37.54349869
서울특별시 용산구 한강대로104길 30,음식,126.9737569,37.55023586
서울특별시 용산구 이촌로 224,음식,126.9719462,37.52016905
서울특별시 용산구 이태원로54길 36,음식,127.0016067,37.53678684
서울특별시 용산구 청파로 101,예술·스포츠,126.9621659,37.53346511
서울특별시 용산구 한강대로 95,보건의료,126.9666597,37.5288173
서울특별시 용산구 한강대로62길 32,음식,126.9730953,37.53349514
서울특별시 용산구 백범로99길 40,음식,126.9713523,37.53513455
서울특별시 용산구 한강대로 256,보건의료,126.9735224,37.54128889
서울특별시 용산구 이태원로54길 5-5,음식,127.0022064,37.5380212
서울특별시 용산구 백범로 313,음식,126.9629777,37.53923177
서울특별시 용산구 만리재로 182,음식,126.966422,37.55421641
서울특별시 용산구 한강대로44길 17-3,음식,126.9709918,37.53098084
서울특별시 용산구 서빙고로 17,음식,126.9676565,37.52589833
서울특별시 용산구 이촌로 343-20,예술·스포츠,126.984288,37.51844141
서울특별시 용산구 서빙고로 17,소매,126.9676565,37.52589833
서울특별시 용산구 한강대로62다길 27,음식,126.9746569,37.53266656
서울특별시 용산구 원효로 257,음식,126.9691211,37.54056702
서울특별시 용산구 이촌로75길 16,음식,126.9744234,37.52058407
서울특별시 용산구 청파로 74,예술·스포츠,126.9595641,37.5327885
서울특별시 용산구 원효로 166,음식,126.9615768,37.53501464
서울특별시 용산구 만리재로 184,음식,126.9665691,37.55424348
서울특별시 용산구 한강대로77길 11,음식,126.9721305,37.54171203
서울특별시 용산구 회나무로 38-1,음식,126.9907896,37.53964266
서울특별시 용산구 새창로42길 8,음식,126.9615997,37.5345191
서울특별시 용산구 녹사평대로40길 55-7,음식,126.9887424,37.53465995
서울특별시 용산구 한강대로 254,음식,126.9734207,37.54108163
서울특별시 용산구 녹사평대로 168-14,음식,126.9897269,37.53324547
서울특별시 용산구 회나무로13길 10,음식,126.9896015,37.53977772
서울특별시 용산구 한강대로88길 11-5,음식,126.9729328,37.54469453
서울특별시 용산구 이태원로 222,음식,126.9988686,37.53478663
서울특별시 용산구 이태원로23길 16-5,음식,126.9929625,37.53520989
서울특별시 용산구 청파로 391,숙박,126.9687419,37.55450537
서울특별시 용산구 한강대로7길 20,음식,126.9618763,37.52465322
서울특별시 용산구 청파로95길 6,음식,126.9686739,37.5547306
서울특별시 용산구 서빙고로 291,음식,126.9958824,37.52094717
서울특별시 용산구 한강대로 266-1,음식,126.9733185,37.54216281
서울특별시 용산구 청파로93길 46,음식,126.9664109,37.55386502
서울특별시 용산구 이촌로 248,음식,126.9750233,37.51940389
서울특별시 용산구 한강대로44길 11-3,음식,126.9708447,37.53103487
서울특별시 용산구 녹사평대로32길 59,음식,126.9912997,37.53226351
서울특별시 용산구 효창원로 177-15,음식,126.9616514,37.54404269
서울특별시 용산구 이촌로77길 19,음식,126.9749212,37.5205121
서울특별시 용산구 한강대로15길 23,음식,126.9631765,37.52613128
서울특별시 용산구 원효로 229-3,음식,126.9669155,37.53882749
서울특별시 용산구 우사단로10길 36,음식,126.9975675,37.53300262
서울특별시 용산구 청파로 378,음식,126.9704869,37.54911785
서울특별시 용산구 이태원로20길 13,음식,126.9921594,37.53372319
서울특별시 용산구 신흥로 56,음식,126.9877,37.54352569
서울특별시 용산구 후암로23길 6,음식,126.9770615,37.54968694
서울특별시 용산구 한강대로87길 4,음식,126.9717561,37.5443789
서울특별시 용산구 이태원로 287,소매,127.0017425,37.54030074
서울특별시 용산구 청파로89길 59,음식,126.9656416,37.55330618
서울특별시 용산구 청파로 40,예술·스포츠,126.956046,37.53180515
서울특별시 용산구 후암로 87,음식,126.9758948,37.55325466
서울특별시 용산구 우사단로10길 47,음식,126.9981671,37.53290353
서울특별시 용산구 대사관로24길 6,음식,127.0043559,37.53315574
서울특별시 용산구 새창로 114-9,음식,126.9600031,37.53704137
서울특별시 용산구 이촌로 248,음식,126.9738921,37.51970097
서울특별시 용산구 우사단로 46,음식,126.9958364,37.53420091
서울특별시 용산구 청파로 312,예술·스포츠,126.9704536,37.54741495
서울특별시 용산구 이태원로42길 36,음식,127.0005657,37.53615615
서울특별시 용산구 새창로45길 30,예술·스포츠,126.9639756,37.53464599
서울특별시 용산구 청파로93길 18-1,음식,126.9678366,37.55433394
서울특별시 용산구 한강대로80길 12,음식,126.9734767,37.54254126
서울특별시 용산구 녹사평대로40나길 22,음식,126.988516,37.53537172
서울특별시 용산구 한강대로40길 26,음식,126.9706188,37.53005272
서울특별시 용산구 청파로45길 36,음식,126.9685989,37.5446394
서울특별시 용산구 이태원로 211,음식,126.9972733,37.53499383
서울특별시 용산구 원효로 231-1,음식,126.9670739,37.53884555
서울특별시 용산구 새창로 213,음식,126.9672699,37.5304663
서울특별시 용산구 이촌로29길 14,예술·스포츠,126.9597496,37.52436419
서울특별시 용산구 새창로 104,음식,126.9598215,37.53806845
서울특별시 용산구 후암로 97,음식,126.9747178,37.55337154
서울특별시 용산구 한강대로 112,음식,126.9682206,37.52961061
서울특별시 용산구 보광로 14,소매,127.0020816,37.52589373
서울특별시 용산구 한강대로23길 55,음식,126.964736,37.5297718
서울특별시 용산구 청파로 251,음식,126.9703653,37.54190982
서울특별시 용산구 효창원로66길 2,음식,126.9621963,37.540565
서울특별시 용산구 청파로85가길 2,음식,126.968109,37.55258607
서울특별시 용산구 한강대로50길 14,음식,126.971512,37.53173781
서울특별시 용산구 대사관로 60,음식,127.0047632,37.53327285
서울특별시 용산구 후암로 8-1,음식,126.9784204,37.54672291
서울특별시 용산구 새창로 124-15,음식,126.9605126,37.53622163
서울특별시 용산구 한강대로 332,음식,126.9720716,37.54793793
서울특별시 용산구 소월로20길 30,음식,126.9852103,37.54524632
서울특별시 용산구 새창로45길 5,음식,126.9626632,37.53453746
서울특별시 용산구 효창원로 145,보건의료,126.9618452,37.54112351
서울특별시 용산구 새창로 213-9,음식,126.9676431,37.53066462
서울특별시 용산구 후암로57길 3-7,숙박,126.9745254,37.55327239
서울특별시 용산구 이태원로19길 4-1,음식,126.9920914,37.53468726
서울특별시 용산구 백범로79길 110,음식,126.9650124,37.54340402
서울특별시 용산구 한강대로 69,음식,126.9648956,37.52704181
서울특별시 용산구 이태원로 245,음식,127.0000339,37.53690398
서울특별시 용산구 한강대로46길 15-6,음식,126.971433,37.5312062
서울특별시 용산구 한강대로21길 29-16,음식,126.9630516,37.52697818
서울특별시 용산구 이태원로 270,음식,127.0020367,37.5384627
서울특별시 용산구 한강대로62가길 8,음식,126.9742263,37.53469372
서울특별시 용산구 청파로93길 5,음식,126.9685496,37.55428007
서울특별시 용산구 한강대로38길 35,음식,126.9702234,37.5287732
서울특별시 용산구 보광로 103-2,음식,126.994592,37.53206548
서울특별시 용산구 이태원로 227,음식,126.9988573,37.53563357
서울특별시 용산구 우사단로 43,음식,126.9954291,37.5341198
서울특별시 용산구 한강대로 69,예술·스포츠,126.9648956,37.52704181
서울특별시 용산구 한남대로28가길 22,숙박,127.0058383,37.5374985
서울특별시 용산구 한강대로38가길 7-2,음식,126.9700873,37.52965615
서울특별시 용산구 회나무로26길 12,예술·스포츠,126.9912309,37.53952557
서울특별시 용산구 새창로45길 74,음식,126.966001,37.53440332
서울특별시 용산구 한강대로 92,음식,126.9675198,37.52817783
서울특별시 용산구 한남대로20길 51,음식,127.0097416,37.53493039
서울특별시 용산구 백범로90길 50,음식,126.9703221,37.53662094
서울특별시 용산구 소월로20길 26-18,음식,126.9850858,37.54503907
서울특별시 용산구 한강대로38가길 7-16,음식,126.9701325,37.52977329
서울특별시 용산구 녹사평대로40가길 2-4,음식,126.9875204,37.53483102
서울특별시 용산구 새창로14길 38,음식,126.9592106,37.53782497
서울특별시 용산구 독서당로 80,보건의료,127.0094699,37.53401139
서울특별시 용산구 한강대로46길 15,음식,126.9711614,37.53121515
서울특별시 용산구 이태원로26길 17,음식,126.9934718,37.53371426
서울특별시 용산구 유엔빌리지3길 24,음식,127.0129207,37.53424532
서울특별시 용산구 대사관로19길 7,음식,127.0036431,37.53384052
서울특별시 용산구 회나무로28길 6-3,음식,126.9916722,37.53927332
서울특별시 용산구 후암로28바길 3,음식,126.9800719,37.54913787
서울특별시 용산구 원효로84길 19,음식,126.9692462,37.53903535
서울특별시 용산구 한강대로 92,음식,126.9675198,37.52817783
서울특별시 용산구 이촌로 248,음식,126.9750233,37.51940389
서울특별시 용산구 우사단로10길 39,음식,126.9976127,37.53325491
서울특별시 용산구 한강대로 391,음식,126.9723639,37.5532719
서울특별시 용산구 원효로48길 11-7,음식,126.9610792,37.53460903
서울특별시 용산구 청파로47길 48,음식,126.9678181,37.54481939
서울특별시 용산구 새창로12길 11-15,음식,126.958418,37.53894193
서울특별시 용산구 이태원로54가길 14,음식,127.0015954,37.53714724
서울특별시 용산구 이태원로54길 58-4,음식,127.0008599,37.536021
서울특별시 용산구 이태원로55길 11,음식,127.0008599,37.53824647
서울특별시 용산구 한강대로 259,보건의료,126.9724134,37.54157695
서울특별시 용산구 효창원로 270,음식,126.963696,37.55133241
서울특별시 용산구 효창원로 109,음식,126.9604099,37.53803261
서울특별시 용산구 백범로 341,음식,126.9679455,37.53796281
서울특별시 용산구 후암로 81,음식,126.9761891,37.5530565
서울특별시 용산구 후암로34길 31,숙박,126.9786113,37.55169645
서울특별시 용산구 보광로 112,소매,126.9946825,37.53272322
서울특별시 용산구 한남대로 76,보건의료,127.006551,37.53556131
서울특별시 용산구 한강대로38가길 19,음식,126.9706302,37.52989054
서울특별시 용산구 효창원로 91,음식,126.9590413,37.5370951
서울특별시 용산구 장문로 96,소매,127.0001244,37.52596583
서울특별시 용산구 한강대로88길 12,음식,126.9729895,37.54442424
서울특별시 용산구 녹사평대로26길 36,음식,126.9917976,37.53131749
서울특별시 용산구 한강대로21길 17-7,음식,126.963923,37.52652795
서울특별시 용산구 소월로20길 32,음식,126.985199,37.5451472
서울특별시 용산구 한강대로44길 19,음식,126.9710711,37.53077363
서울특별시 용산구 후암로 107,음식,126.9735634,37.55346139
서울특별시 용산구 이촌로64길 26,음식,126.9699102,37.51984419
서울특별시 용산구 이태원로27가길 18,음식,126.9942637,37.5351559
서울특별시 용산구 한강대로 137-1,음식,126.9700751,37.53182756
서울특별시 용산구 청파로93길 18-12,숙박,126.9673839,37.55436084
서울특별시 용산구 한강대로96길 56-5,음식,126.9748332,37.54651497
서울특별시 용산구 새창로 120-5,음식,126.9604899,37.53652796
서울특별시 용산구 원효로 139-2,음식,126.9586242,37.5343469
서울특별시 용산구 녹사평대로 214,음식,126.9870788,37.53675912
서울특별시 용산구 신흥로36길 8,예술·스포츠,126.9819511,37.54631805
서울특별시 용산구 장문로 60,음식,126.9961083,37.52633517
서울특별시 용산구 보광로60길 20,음식,126.9952255,37.53391256
서울특별시 용산구 한강대로 333-1,숙박,126.9714944,37.54811799
서울특별시 용산구 한남대로21길 20,음식,127.0061549,37.53393052
서울특별시 용산구 한강대로 58,음식,126.9650433,37.52578045
서울특별시 용산구 대사관로 59,보건의료,127.0038694,37.53428201
서울특별시 용산구 한강대로 140,음식,126.9706748,37.53165652
서울특별시 용산구 신흥로 94,음식,126.9850065,37.54577788
서울특별시 용산구 청파로85길 38,음식,126.9669998,37.552793
서울특별시 용산구 새창로35길 8,음식,126.9616554,37.53625805
서울특별시 용산구 후암로 1,소매,126.9782734,37.54606515
서울특별시 용산구 원효로48길 11-3,음식,126.9609887,37.5345189
서울특별시 용산구 이촌로14길 16,음식,126.954589,37.52785821
서울특별시 용산구 신흥로 89,음식,126.9854478,37.54568783
서울특별시 용산구 장문로9길 11,음식,126.9944339,37.52850652
서울특별시 용산구 대사관로 72,음식,127.0059511,37.53310161
서울특별시 용산구 독서당로 81-1,음식,127.0095605,37.53462406
서울특별시 용산구 한강대로40길 5,소매,126.9696118,37.53039485
서울특별시 용산구 한강대로21길 17-6,음식,126.963821,37.52680723
서울특별시 용산구 한강대로 55,예술·스포츠,126.964421,37.52590641
서울특별시 용산구 이태원로 151,음식,126.9907224,37.53447993
서울특별시 용산구 한남대로21길 32,음식,127.0062906,37.53346199
서울특별시 용산구 한강대로104마길 2,음식,126.9757033,37.55031736
서울특별시 용산구 이태원로27가길 40,음식,126.9929852,37.53505672
서울특별시 용산구 이촌로 245,소매,126.9744236,37.51994436
서울특별시 용산구 한강대로23길 55,음식,126.964736,37.5297718
서울특별시 용산구 녹사평대로42길 37,음식,126.9885837,37.53657907
서울특별시 용산구 이태원로55가길 49,음식,126.9992646,37.53635437
서울특별시 용산구 장문로6길 101,음식,126.9965156,37.5259838
서울특별시 용산구 녹사평대로40길 59-1,음식,126.9891837,37.5344798
서울특별시 용산구 한강대로62길 5,음식,126.9739434,37.53463059
서울특별시 용산구 한강대로10길 11-4,음식,126.964354,37.52404131
서울특별시 용산구 소월로 62,음식,126.9775127,37.55451637
서울특별시 용산구 이태원로 185,음식,126.9946031,37.53472344
서울특별시 용산구 이태원로55가길 15,음식,127.0003734,37.53754369
서울특별시 용산구 한강대로15길 19-16,음식,126.9628599,37.5257888
서울특별시 용산구 서빙고로 137,음식,126.9777366,37.52470233
서울특별시 용산구 두텁바위로37길 22,숙박,126.9807851,37.54784957
서울특별시 용산구 대사관로30길 12,음식,127.0054646,37.53276826
서울특별시 용산구 대사관로24길 6,음식,127.0043559,37.53315574
서울특별시 용산구 남산공원길 105,음식,126.9878685,37.55112113
서울특별시 용산구 청파로47길 75,음식,126.9661999,37.54487299
서울특별시 용산구 새창로45길 4,음식,126.9626181,37.53433922
서울특별시 용산구 보광로 43,음식,126.9991628,37.52788496
서울특별시 용산구 한강대로21길 17-12,음식,126.963527,37.52657288
서울특별시 용산구 한강대로77길 15,예술·스포츠,126.9717797,37.54172096
서울특별시 용산구 독서당로8길 9-1,음식,127.0083155,37.53099312
서울특별시 용산구 신흥로3길 7,음식,126.9866141,37.54119198
서울특별시 용산구 이촌로75길 16-5,음식,126.9746722,37.52071928
서울특별시 용산구 녹사평대로32길 57,음식,126.9910734,37.53230854
서울특별시 용산구 회나무로6길 19,음식,126.988889,37.53808377
서울특별시 용산구 한강대로 100,음식,126.9686735,37.52879082
서울특별시 용산구 한강대로 145,음식,126.9706971,37.53249445
서울특별시 용산구 한강대로77길 21,음식,126.9715422,37.54163981
서울특별시 용산구 효창원로 18,소매,126.9516885,37.53445239
서울특별시 용산구 한강대로 278-5,숙박,126.9730238,37.54330701
서울특별시 용산구 녹사평대로 210-6,음식,126.987407,37.53633568
서울특별시 용산구 새창로49길 17-1,음식,126.9634553,37.53432147
서울특별시 용산구 효창원로64길 6,음식,126.9622531,37.54011452
서울특별시 용산구 대사관로 65,음식,127.0054534,37.53344401
서울특별시 용산구 한강대로104길 78,음식,126.976439,37.55002018
서울특별시 용산구 원효로 181-3,음식,126.9627077,37.53619531
서울특별시 용산구 신흥로 148,음식,126.9817474,37.54634505
서울특별시 용산구 한강대로52길 17-3,음식,126.9720775,37.53218845
서울특별시 용산구 녹사평대로46길 31,음식,126.9884591,37.53748006
서울특별시 용산구 대사관로 63,음식,127.0052723,37.53346204
서울특별시 용산구 청파로95길 4,음식,126.9687871,37.55467657
서울특별시 용산구 이태원로20길 13,음식,126.9921594,37.53372319
서울특별시 용산구 서빙고로 17,음식,126.9676565,37.52589833
서울특별시 용산구 서빙고로 17,보건의료,126.9676565,37.52589833
서울특별시 용산구 서빙고로 17,음식,126.9676565,37.52589833
서울특별시 용산구 서빙고로 17,음식,126.9676565,37.52589833
서울특별시 용산구 이태원로27가길 5,음식,126.9949991,37.53498475
서울특별시 용산구 청파로73길 96,음식,126.9660042,37.55212598
서울특별시 용산구 서빙고로 17,보건의료,126.9676565,37.52589833
서울특별시 용산구 회나무로13길 52-22,음식,126.9908347,37.5414717
서울특별시 용산구 보광로60길 17,음식,126.9951689,37.53417385
서울특별시 용산구 한강대로14가길 2,음식,126.9652701,37.52451011
서울특별시 용산구 백범로81길 2,음식,126.9651731,37.5384756
서울특별시 용산구 이태원로54길 31,음식,127.0019461,37.53703011
서울특별시 용산구 신흥로 45,음식,126.9873268,37.54249851
서울특별시 용산구 대사관로 66-1,음식,127.0054307,37.53320975
서울특별시 용산구 한강대로62가길 6,음식,126.9741131,37.53471171
서울특별시 용산구 보광로31길 1,음식,126.9979297,37.52906526
서울특별시 용산구 이태원로 153,음식,126.9909939,37.53459708
서울특별시 용산구 한강대로17길 7,음식,126.9642286,37.52612259
서울특별시 용산구 한강대로 278,음식,126.9728429,37.5430637
서울특별시 용산구 장문로 109,음식,127.0017648,37.52651542
서울특별시 용산구 독서당로 33,소매,127.007467,37.53135358
서울특별시 용산구 새창로 131-2,음식,126.9615764,37.53578049
서울특별시 용산구 한강대로 274,음식,126.9729222,37.54276639
서울특별시 용산구 원효로58길 31,음식,126.9636813,37.53492521
서울특별시 용산구 소월로 268,음식,126.9911174,37.54265203
서울특별시 용산구 원효로1길 20,음식,126.9458046,37.53526975
서울특별시 용산구 한강대로102길 3,음식,126.9723312,37.5499382
서울특별시 용산구 한남대로20길 36,음식,127.0088025,37.53484036
서울특별시 용산구 녹사평대로11길 38,음식,126.9934389,37.52168588
서울특별시 용산구 효창원로 270,음식,126.963696,37.55133241
서울특별시 용산구 이촌로 248,음식,126.9750233,37.51940389
서울특별시 용산구 효창원로15길 2,예술·스포츠,126.9533624,37.53547119
서울특별시 용산구 원효로41길 66,음식,126.9609769,37.53558207
서울특별시 용산구 이태원로55가길 26-5,음식,126.9997398,37.53748963
서울특별시 용산구 백범로90라길 16,음식,126.9685903,37.53813418
서울특별시 용산구 원효로83길 7-2,음식,126.9677522,37.54004407
서울특별시 용산구 원효로97길 3,음식,126.9701957,37.54154938
서울특별시 용산구 후암로 91-21,예술·스포츠,126.974933,37.55282198
서울특별시 용산구 두텁바위로 55,음식,126.9781716,37.54602008
서울특별시 용산구 한강대로 205,음식,126.972585,37.53665753
서울특별시 용산구 원효로35길 42,음식,126.9558179,37.53499461
서울특별시 용산구 새창로 217,예술·스포츠,126.9677791,37.53021416
서울특별시 용산구 한강대로 371,음식,126.9719345,37.55153288
서울특별시 용산구 원효로 184,음식,126.9630699,37.53590711
서울특별시 용산구 이촌로65가길 72,음식,126.974955,37.52083647
서울특별시 용산구 후암로 20-1,음식,126.9782503,37.54774101
서울특별시 용산구 소월로2길 27,음식,126.9766981,37.55384047
서울특별시 용산구 대사관로30길 8,음식,127.0053402,37.53287639
서울특별시 용산구 한강대로52길 27,음식,126.972632,37.53180115
서울특별시 용산구 후암로57길 11,음식,126.9741294,37.55294795
서울특별시 용산구 한남대로27가길 32,음식,127.0025684,37.5381113
서울특별시 용산구 한강대로98나길 23,숙박,126.9745722,37.54890256
서울특별시 용산구 후암로 27,음식,126.9776164,37.54836258
서울특별시 용산구 원효로 257,음식,126.9691211,37.54056702
서울특별시 용산구 한강대로 95,음식,126.9666597,37.5288173
서울특별시 용산구 두텁바위로31길 1,음식,126.9803555,37.54639889
서울특별시 용산구 원효로 51,보건의료,126.950071,37.53385706
서울특별시 용산구 한강대로62나길 2,예술·스포츠,126.9738757,37.53414403
서울특별시 용산구 한강대로14길 18,음식,126.965123,37.52469927
서울특별시 용산구 한강대로80길 11-25,음식,126.9733521,37.54309085
서울특별시 용산구 청파로47길 37-27,숙박,126.968056,37.54407162
서울특별시 용산구 보광로59길 36,음식,126.9920123,37.53395744
서울특별시 용산구 한강대로7길 34-18,음식,126.9616722,37.52545505
서울특별시 용산구 청파로 74,음식,126.9595641,37.5327885
서울특별시 용산구 회나무로44길 46,소매,126.9952704,37.53948075
서울특별시 용산구 한강대로 95,예술·스포츠,126.9666597,37.5288173
서울특별시 용산구 대사관로 65,음식,127.0054534,37.53344401
서울특별시 용산구 한강대로88길 17,숙박,126.9733628,37.54472166
서울특별시 용산구 한강대로15길 19-19,음식,126.9628262,37.52534729
서울특별시 용산구 신흥로36길 4,음식,126.9817926,37.54642615
서울특별시 용산구 이촌로77길 19,음식,126.9749212,37.5205121
서울특별시 용산구 이촌로 260,음식,126.9762114,37.51857521
서울특별시 용산구 청파로47나길 7,음식,126.9668221,37.54529664
서울특별시 용산구 녹사평대로 222,음식,126.9870674,37.53734476
서울특별시 용산구 새창로 181,음식,126.9651758,37.53270919
서울특별시 용산구 서빙고로91나길 46,음식,126.9979185,37.52356013
서울특별시 용산구 후암로 35-1,예술·스포츠,126.9774238,37.54909235
서울특별시 용산구 대사관로31길 7-6,음식,127.0055665,37.53390352
서울특별시 용산구 녹사평대로42길 19,음식,126.9877124,37.53688532
서울특별시 용산구 한강대로 95,보건의료,126.9666597,37.5288173
서울특별시 용산구 청파로 391,예술·스포츠,126.9687419,37.55450537
서울특별시 용산구 효창원로 146,음식,126.96223,37.54099749
서울특별시 용산구 녹사평대로40길 33,음식,126.9877241,37.53465985
서울특별시 용산구 우사단로 43,음식,126.9954291,37.5341198
서울특별시 용산구 한남대로18길 26,음식,127.0086553,37.53454304
서울특별시 용산구 이태원로 143-13,음식,126.9892628,37.53459693
서울특별시 용산구 녹사평대로 218,음식,126.9870675,37.53711951
서울특별시 용산구 한강대로40길 33,음식,126.9711958,37.53025108
서울특별시 용산구 효창원로 151,음식,126.9619355,37.54157404
서울특별시 용산구 신흥로 99-1,음식,126.9848595,37.54508409
서울특별시 용산구 대사관로30길 17,예술·스포츠,127.0056569,37.53251597
서울특별시 용산구 녹사평대로32길 9,음식,126.9894101,37.53367793
서울특별시 용산구 독서당로 122-1,음식,127.0128533,37.53684021
서울특별시 용산구 보광로 123,음식,126.9939922,37.53371429
서울특별시 용산구 한강대로104길 72,음식,126.9761674,37.5499931
서울특별시 용산구 한강대로102길 12,소매,126.9726707,37.54975808
서울특별시 용산구 신흥로 37,음식,126.9871345,37.54179571
서울특별시 용산구 청파로45길 13,음식,126.9697986,37.54423426
서울특별시 용산구 백범로90라길 28,음식,126.9690655,37.53835054
서울특별시 용산구 대사관로20길 5,음식,127.0038015,37.53313774
서울특별시 용산구 한남대로27가길 10,음식,127.0031568,37.53760672
서울특별시 용산구 백범로90길 90,음식,126.9688281,37.53774681
서울특별시 용산구 이태원로 189,음식,126.9949199,37.53484959
서울특별시 용산구 한강대로15길 19-28,음식,126.9626338,37.52547337
서울특별시 용산구 이태원로27가길 51,음식,126.9923516,37.53484945
서울특별시 용산구 이촌로 16-7,숙박,126.9541238,37.52993033
서울특별시 용산구 대사관로30길 11-6,음식,127.0058606,37.53253398
서울특별시 용산구 청파로85가길 10-14,숙박,126.9673961,37.55237865
서울특별시 용산구 효창원로69길 5,음식,126.9615622,37.54144778
서울특별시 용산구 한강대로23길 55,음식,126.964736,37.5297718
서울특별시 용산구 한강대로62길 32,음식,126.9730953,37.53349514
서울특별시 용산구 유엔빌리지길 1,음식,127.0104543,37.5343627
서울특별시 용산구 한강대로77길 11,예술·스포츠,126.9721305,37.54171203
서울특별시 용산구 녹사평대로32길 36,음식,126.9904397,37.53318246
서울특별시 용산구 이태원로16길 3,음식,126.9910279,37.5340745
서울특별시 용산구 이태원로55가길 21,음식,127.0002829,37.53739052
서울특별시 용산구 이태원로54길 82,음식,127.0006449,37.53520109
서울특별시 용산구 한강대로 205,음식,126.972585,37.53665753
서울특별시 용산구 한강대로 92,음식,126.9675198,37.52817783
서울특별시 용산구 이태원로19길 5,음식,126.9917633,37.53475931
서울특별시 용산구 녹사평대로 240,예술·스포츠,126.9875989,37.53891256
서울특별시 용산구 청파로45길 39,음식,126.9683613,37.5445222
서울특별시 용산구 한강대로21나길 7,음식,126.9632435,37.52791528
서울특별시 용산구 효창원로93길 2,음식,126.9633013,37.54853919
서울특별시 용산구 서빙고로 69,음식,126.9723522,37.52371008
서울특별시 용산구 청파로73길 38,숙박,126.9678156,37.55059479
서울특별시 용산구 후암로 43-3,음식,126.9772199,37.54984915
서울특별시 용산구 서빙고로 67,음식,126.9704059,37.5248629
서울특별시 용산구 후암로 95-1,음식,126.9748649,37.55337157
서울특별시 용산구 대사관로 76,예술·스포츠,127.0064942,37.53304752
서울특별시 용산구 우사단로 36,음식,126.9957346,37.53341703
서울특별시 용산구 한강대로 151,음식,126.9710251,37.53283691
서울특별시 용산구 새창로 124-10,음식,126.9604107,37.53639279
서울특별시 용산구 이촌로65가길 72,음식,126.974955,37.52083647
서울특별시 용산구 한강대로62다길 1,음식,126.9738193,37.53361243
서울특별시 용산구 청파로45길 37,음식,126.9685424,37.54445918
서울특별시 용산구 신흥로26길 35,음식,126.9843842,37.54536334
서울특별시 용산구 독서당로 22,음식,127.0077611,37.53033543
서울특별시 용산구 이촌로75길 12,음식,126.9742651,37.52042186
서울특별시 용산구 백범로79길 110,음식,126.9650124,37.54340402
서울특별시 용산구 원효로 273-1,음식,126.9703088,37.54151337
서울특별시 용산구 두텁바위로 47,소매,126.9774135,37.54595687
서울특별시 용산구 한남대로 158,음식,127.0026817,37.54239104
서울특별시 용산구 원효로97길 3,음식,126.9701957,37.54154938
서울특별시 용산구 새창로 131,음식,126.9614405,37.53599669
서울특별시 용산구 한강대로57길 33,예술·스포츠,126.9725514,37.53561236
서울특별시 용산구 한강대로 124,음식,126.9696683,37.53055704
서울특별시 용산구 보광로59길 26,음식,126.9925214,37.53402955
서울특별시 용산구 한강대로30길 25,음식,126.9688551,37.52735827
서울특별시 용산구 한강대로52길 17-14,음식,126.9726205,37.53244085
서울특별시 용산구 한강대로53길 19,음식,126.9704139,37.53336835
서울특별시 용산구 원효로54길 11,숙박,126.9626063,37.53516814
서울특별시 용산구 이태원로26길 16-8,음식,126.9931777,37.53337186
서울특별시 용산구 원효로41길 23,음식,126.9587597,37.53481547
서울특별시 용산구 백범로 338,음식,126.9665086,37.53775518
서울특별시 용산구 이태원로 165-6,음식,126.9925439,37.53475036
서울특별시 용산구 이촌로 248,음식,126.9750233,37.51940389
서울특별시 용산구 한강대로84길 11-12,숙박,126.9733404,37.54412699
서울특별시 용산구 후암로 5,음식,126.9782055,37.54638049
서울특별시 용산구 효창원로 270,음식,126.963696,37.55133241
서울특별시 용산구 이태원로54길 48,음식,127.0012672,37.53633635
서울특별시 용산구 한강대로40길 14,음식,126.9699739,37.53014266
서울특별시 용산구 한강대로104길 53,음식,126.9752393,37.55053351
서울특별시 용산구 후암로57길 45-3,음식,126.9742544,37.55153341
서울특별시 용산구 보광로 37-1,음식,126.9994343,37.52756961
서울특별시 용산구 이촌로77길 19,음식,126.9749212,37.5205121
서울특별시 용산구 원효로93길 9-3,음식,126.9690419,37.54064809
서울특별시 용산구 원효로41길 11,음식,126.9582508,37.53440984
서울특별시 용산구 이태원로27가길 50,음식,126.9925552,37.53506571
서울특별시 용산구 한강대로7길 34-18,음식,126.9616722,37.52545505
서울특별시 용산구 두텁바위로 54-99,음식,126.9795868,37.54334437
서울특별시 용산구 원효로 250,음식,126.9687368,37.53974701
서울특별시 용산구 회나무로 20,음식,126.9889793,37.53898478
서울특별시 용산구 신흥로20길 18,소매,126.9847461,37.54647161
서울특별시 용산구 서빙고로59길 33,음식,126.9932918,37.52166785
서울특별시 용산구 후암로28길 49,소매,126.9799699,37.54939915
서울특별시 용산구 이태원로54길 58-7,음식,127.0007694,37.53566961
서울특별시 용산구 남산공원길 105,음식,126.9878685,37.55112113
서울특별시 용산구 한강대로77길 21,예술·스포츠,126.9715422,37.54163981
서울특별시 용산구 한강대로 185-1,음식,126.9732756,37.53533322
서울특별시 용산구 대사관로 52,음식,127.0038807,37.53331794
서울특별시 용산구 한강대로 264,음식,126.9731941,37.54183842
서울특별시 용산구 대사관로 72,음식,127.0059511,37.53310161
서울특별시 용산구 효창원로 54,소매,126.9551726,37.53563407
서울특별시 용산구 두텁바위로 67-1,음식,126.9796653,37.54622758
서울특별시 용산구 백범로 275,음식,126.9596732,37.5403209
서울특별시 용산구 이태원로55가길 26-4,음식,126.9999547,37.53735448
서울특별시 용산구 한강대로10길 11-44,음식,126.9647158,37.52446489
서울특별시 용산구 이태원로 208,음식,126.9970583,37.53453431
서울특별시 용산구 한강대로46길 16,음식,126.9710257,37.53107996
서울특별시 용산구 두텁바위로1길 42,음식,126.9744939,37.5461545
서울특별시 용산구 한강대로 112,음식,126.9682206,37.52961061
서울특별시 용산구 백범로90길 74,음식,126.9696542,37.53737761
서울특별시 용산구 신흥로27길 6-5,숙박,126.9820082,37.54412863
서울특별시 용산구 녹사평대로40길 43,음식,126.9881993,37.53453376
서울특별시 용산구 원효로41길 65,음식,126.9609315,37.53578028
서울특별시 용산구 청파로 109,음식,126.9633651,37.53368173
서울특별시 용산구 청파로47다길 4,음식,126.9657018,37.54530533
서울특별시 용산구 서빙고로 17,소매,126.9676565,37.52589833
서울특별시 용산구 서빙고로 17,소매,126.9676565,37.52589833
서울특별시 용산구 이태원로27가길 8,음식,126.9948973,37.5351289
서울특별시 용산구 보광로60길 13,음식,126.9949313,37.53408374
서울특별시 용산구 한강대로39길 10,음식,126.9689892,37.53125064
서울특별시 용산구 한강대로7길 14,음식,126.9623062,37.52462633
서울특별시 용산구 백범로99길 46,음식,126.9720195,37.53610779
서울특별시 용산구 이태원로14길 16,음식,126.9904736,37.53352485
서울특별시 용산구 이태원로 169,음식,126.992691,37.53465125
서울특별시 용산구 만리재로36길 9,음식,126.9670672,37.55400035
서울특별시 용산구 효창원로 270,음식,126.963696,37.55133241
서울특별시 용산구 후암로 47,보건의료,126.9771406,37.55005636
서울특별시 용산구 청파로47길 21,음식,126.9692213,37.54469362
서울특별시 용산구 녹사평대로 136,음식,126.9909491,37.53087594
서울특별시 용산구 한남대로 72,음식,127.0070488,37.53506573
서울특별시 용산구 만리재로28길 5-34,숙박,126.965585,37.55320705
서울특별시 용산구 청파로47길 62-1,음식,126.9670712,37.54493631
서울특별시 용산구 대사관로 72,소매,127.0059511,37.53310161
서울특별시 용산구 청파로20길 95,소매,126.9608881,37.53216725
서울특별시 용산구 대사관로31길 12,음식,127.0059851,37.53385845
서울특별시 용산구 한강대로104나길 4,음식,126.9746509,37.55029011
서울특별시 용산구 한강대로 95,음식,126.9666483,37.52884432
서울특별시 용산구 독서당로 65-3,음식,127.0079199,37.53396645
서울특별시 용산구 두텁바위로 23,음식,126.9746638,37.54555987
서울특별시 용산구 청파로 77,음식,126.9606498,37.53366283
서울특별시 용산구 한강대로88길 11-3,음식,126.9729555,37.54464047
서울특별시 용산구 후암로 56,음식,126.9773101,37.55088531
서울특별시 용산구 이촌로77길 19,음식,126.9749212,37.5205121
서울특별시 용산구 한강대로80길 11-45,음식,126.9733181,37.54320797
서울특별시 용산구 두텁바위로1길 7,숙박,126.9727854,37.54555945
서울특별시 용산구 보광로 47,음식,126.9988347,37.5281913
서울특별시 용산구 청파로85길 39-2,음식,126.9667623,37.55257669
서울특별시 용산구 이태원로36길 7,음식,126.9994569,37.53472356
서울특별시 용산구 한강대로40길 14,음식,126.9699739,37.53014266
서울특별시 용산구 이태원로45길 4,음식,126.9993438,37.5362012
서울특별시 용산구 원효로93길 13,음식,126.9688721,37.54072012
서울특별시 용산구 한강대로 158,음식,126.9718509,37.53296325
서울특별시 용산구 이태원로 173,소매,126.9932681,37.5346603
서울특별시 용산구 한남대로 60,음식,127.0078294,37.53467825
서울특별시 용산구 효창원로 240-1,음식,126.9635615,37.54863838
서울특별시 용산구 한강대로40가길 42,음식,126.9725303,37.5316029
서울특별시 용산구 새창로 213-12,소매,126.9680279,37.53048453
서울특별시 용산구 한강대로62나길 16-1,음식,126.9747129,37.53434243
서울특별시 용산구 회나무로 13,음식,126.9882778,37.53884956
서울특별시 용산구 새창로 213,음식,126.9672699,37.5304663
서울특별시 용산구 독서당로 77,음식,127.0090513,37.53425469
서울특별시 용산구 한강대로 136,음식,126.970392,37.53141318
서울특별시 용산구 백범로90라길 29,음식,126.9689748,37.5386929
서울특별시 용산구 한남대로42길 41,음식,127.0029873,37.54396778
서울특별시 용산구 이촌로 245,음식,126.9744236,37.51994436
서울특별시 용산구 이촌로 9,음식,126.9548474,37.53080458
서울특별시 용산구 대사관로31길 24,음식,127.0060418,37.53433598
서울특별시 용산구 새창로 213-17,예술·스포츠,126.9678919,37.53088093
서울특별시 용산구 녹사평대로 218,음식,126.9870675,37.53711951
서울특별시 용산구 신흥로3길 31,음식,126.9854259,37.54185858
서울특별시 용산구 원효로97길 16,소매,126.9696637,37.54191866
서울특별시 용산구 원효로97길 9-1,음식,126.9698788,37.5416394
서울특별시 용산구 이태원로27가길 26,음식,126.9937885,37.53510182
서울특별시 용산구 한강대로 95,보건의료,126.9666597,37.5288173
서울특별시 용산구 장문로 23,음식,126.9931102,37.52856952
서울특별시 용산구 대사관로30길 7,음식,127.0057022,37.53289439
서울특별시 용산구 효창원로42길 6,음식,126.9597542,37.53686108
서울특별시 용산구 원효로 70,음식,126.9516445,37.53250621
서울특별시 용산구 한강대로 277-2,음식,126.9722205,37.54306356
서울특별시 용산구 한강대로 186,음식,126.9739773,37.53485584
서울특별시 용산구 한강대로 280-1,음식,126.9728201,37.54336102
서울특별시 용산구 이태원로20가길 7-5,음식,126.9924309,37.53372321
서울특별시 용산구 효창원로 177-18,음식,126.9622959,37.54496191
서울특별시 용산구 장문로 114,음식,127.0021721,37.52663255
서울특별시 용산구 회나무로 62,음식,126.9934712,37.54008433
서울특별시 용산구 원효로41길 30,음식,126.9591105,37.53471648
서울특별시 용산구 청파로47길 49,예술·스포츠,126.9675692,37.54458506
서울특별시 용산구 회나무로 20-1,음식,126.9890925,37.53905687
서울특별시 용산구 우사단로 5,음식,126.9965607,37.53094832
서울특별시 용산구 청파로 74,음식,126.9595641,37.5327885
서울특별시 용산구 후암로34길 11,음식,126.9777853,37.55130887
서울특별시 용산구 신흥로 29,소매,126.9868744,37.54107488
서울특별시 용산구 한강대로 205,음식,126.972585,37.53665753
서울특별시 용산구 독서당로 67,음식,127.0081461,37.5338403
서울특별시 용산구 녹사평대로54길 16,음식,126.9881081,37.53913786
서울특별시 용산구 이촌로64길 34,음식,126.9697179,37.51992523
서울특별시 용산구 회나무로 76,음식,126.9949987,37.54049887
서울특별시 용산구 한강대로7길 9,숙박,126.962329,37.52419385
서울특별시 용산구 한강대로 32,소매,126.963517,37.52378878
서울특별시 용산구 이태원로54길 58-20,음식,127.0006449,37.53581377
서울특별시 용산구 청파로89길 43,음식,126.9665809,37.55313526
서울특별시 용산구 원효로41길 18,예술·스포츠,126.9586128,37.53446403
서울특별시 용산구 한강대로 69,음식,126.9648956,37.52704181
서울특별시 용산구 효창원로40길 9,음식,126.9596411,37.53677095
서울특별시 용산구 독서당로 39,음식,127.0071616,37.53155182
서울특별시 용산구 한강대로104길 32,음식,126.9740512,37.55023592
서울특별시 용산구 청파로45길 3,음식,126.9703191,37.54409924
서울특별시 용산구 한강대로80길 11-49,예술·스포츠,126.9731483,37.54340615
서울특별시 용산구 우사단로4길 34,음식,126.9985745,37.53133579
서울특별시 용산구 녹사평대로 216,음식,126.9870675,37.53686723
서울특별시 용산구 효창원로12길 39,음식,126.9527755,37.53317341
서울특별시 용산구 효창원로 155,음식,126.9619128,37.54173621
서울특별시 용산구 원효로 103-3,음식,126.955197,37.53260672
서울특별시 용산구 회나무로 69,음식,126.9942519,37.54042675
서울특별시 용산구 회나무로 28,음식,126.98976,37.53941733
서울특별시 용산구 한강대로 298,예술·스포츠,126.9723783,37.54488361
서울특별시 용산구 장문로 85,음식,126.9991176,37.52617305
서울특별시 용산구 한강대로 118,음식,126.9695101,37.5300164
서울특별시 용산구 한강대로62길 5,음식,126.9739434,37.53463059
서울특별시 용산구 이태원로23길 4,음식,126.9928268,37.53469631
서울특별시 용산구 보광로60길 7,음식,126.9945353,37.53408372
서울특별시 용산구 원효로 220,음식,126.9663728,37.53773713
서울특별시 용산구 새창로 125,음식,126.9612367,37.53634801
서울특별시 용산구 한남대로 91,음식,127.0021384,37.53656158
서울특별시 용산구 만리재로36길 16-7,숙박,126.9666147,37.55365785
서울특별시 용산구 한강대로84길 22,보건의료,126.9737366,37.54366757
서울특별시 용산구 만리재로26길 17,숙박,126.9649402,37.55258518
서울특별시 용산구 청파로 391,예술·스포츠,126.9687419,37.55450537
서울특별시 용산구 한강대로 405,소매,126.9717295,37.55483949
서울특별시 용산구 대사관로34길 40,음식,127.0056116,37.53141675
서울특별시 용산구 원효로89길 13-12,음식,126.9677634,37.54041348
서울특별시 용산구 장문로 20,음식,126.9924767,37.52832621
서울특별시 용산구 이태원로27가길 50,음식,126.9925552,37.53506571
서울특별시 용산구 녹사평대로 228-1,음식,126.9869994,37.53799348
서울특별시 용산구 새창로12길 8,음식,126.9577954,37.53934716
서울특별시 용산구 이태원로17길 11,숙박,126.9913107,37.53480433
서울특별시 용산구 한강대로87길 5,음식,126.9717336,37.54415365
서울특별시 용산구 원효로97길 3-16,음식,126.9697544,37.54137808
서울특별시 용산구 새창로 144,음식,126.9617806,37.5348255
서울특별시 용산구 한강대로 95,음식,126.9666597,37.5288173
서울특별시 용산구 대사관로24길 22,음식,127.0050007,37.53258808
서울특별시 용산구 독서당로 46,음식,127.0074219,37.5323537
서울특별시 용산구 신흥로 99-9,음식,126.9849387,37.54498499
서울특별시 용산구 효창원로 18,소매,126.9516885,37.53445239
서울특별시 용산구 이태원로54길 16-7,음식,127.0024779,37.53729139
서울특별시 용산구 효창원로 164,예술·스포츠,126.9628855,37.54266455
서울특별시 용산구 이태원로27가길 54-3,음식,126.9920574,37.53505666
서울특별시 용산구 보광로32길 18-6,숙박,126.998122,37.52990319
서울특별시 용산구 회나무로 3,음식,126.9874066,37.53857917
서울특별시 용산구 대사관로31길 25,음식,127.0058042,37.53448015
서울특별시 용산구 한남대로 164,음식,127.0024781,37.54256224
서울특별시 용산구 원효로 68,음식,126.9513391,37.53250608
서울특별시 용산구 녹사평대로40길 31,음식,126.9876109,37.53474994
서울특별시 용산구 만리재로36길 16-1,숙박,126.9669995,37.55361291
서울특별시 용산구 한남대로21길 20,음식,127.0061549,37.53393052
서울특별시 용산구 장문로 114,숙박,127.0021721,37.52663255
서울특별시 용산구 한강대로 385,음식,126.9722396,37.55280336
서울특별시 용산구 녹사평대로 168-31,음식,126.9901116,37.53339868
서울특별시 용산구 서빙고로 137,음식,126.9777366,37.52470233
서울특별시 용산구 청파로71길 45,음식,126.9676577,37.54936939
서울특별시 용산구 한남대로42길 31,음식,127.0028741,37.54354432
서울특별시 용산구 한강대로104길 38-3,음식,126.9745604,37.55029009
서울특별시 용산구 한강대로 353,음식,126.971573,37.54983891
서울특별시 용산구 보광로59길 36,음식,126.9920123,37.53395744
서울특별시 용산구 한남대로42길 33,예술·스포츠,127.0028628,37.54364343
서울특별시 용산구 이촌로 182,음식,126.9673757,37.52122205
서울특별시 용산구 이촌로 260,음식,126.9762114,37.51857521
서울특별시 용산구 새창로 70,음식,126.9549445,37.53860729
서울특별시 용산구 청파로47길 20-7,음식,126.9690854,37.54500893
서울특별시 용산구 대사관로31길 19,음식,127.0057815,37.53417381
서울특별시 용산구 이촌로88길 16,예술·스포츠,126.9776482,37.51784568
서울특별시 용산구 이태원로49길 19,음식,126.9994456,37.53698507
서울특별시 용산구 백범로 341,보건의료,126.9679794,37.53793579
서울특별시 용산구 녹사평대로 218,음식,126.9870675,37.53711951
서울특별시 용산구 서빙고로 69,음식,126.9723522,37.52371008
서울특별시 용산구 보광로60길 8,음식,126.9945692,37.53389452
서울특별시 용산구 한강대로23길 55,음식,126.964736,37.5297718
서울특별시 용산구 한강대로 257,예술·스포츠,126.9725607,37.54124362
서울특별시 용산구 신흥로22길 5,음식,126.9846444,37.54566971
서울특별시 용산구 녹사평대로 150,음식,126.9904737,37.53245265
서울특별시 용산구 두텁바위로1길 63,소매,126.975331,37.54683042
서울특별시 용산구 효창원로48길 4,음식,126.9607269,37.5375732
서울특별시 용산구 한강대로54길 7,음식,126.9720546,37.53283716
서울특별시 용산구 녹사평대로11길 40,소매,126.9934276,37.52157776
서울특별시 용산구 한강대로104길 38,음식,126.974368,37.55019995
서울특별시 용산구 한남대로 72,음식,127.0070488,37.53506573
서울특별시 용산구 서빙고로 245,음식,126.99112,37.52050542
서울특별시 용산구 서빙고로 69,소매,126.9723522,37.52371008
서울특별시 용산구 대사관로34길 9,음식,127.0063471,37.53279525
서울특별시 용산구 한강대로81길 8,음식,126.9719037,37.54311754
서울특별시 용산구 이촌로77길 19,음식,126.9749212,37.5205121
서울특별시 용산구 두텁바위로58길 6,소매,126.9820181,37.5497779
서울특별시 용산구 신흥로 99-4,음식,126.9848595,37.54490389
서울특별시 용산구 이태원로54길 58-5,음식,127.0008486,37.53571466
서울특별시 용산구 소월로2길 35,음식,126.9767095,37.55346205
서울특별시 용산구 한강대로 100,음식,126.9686735,37.52879082
서울특별시 용산구 원효로41길 15,음식,126.9583186,37.53453601
서울특별시 용산구 대사관로19길 7,예술·스포츠,127.0036431,37.53384052
서울특별시 용산구 이태원로14길 24,음식,126.9907678,37.53327259
서울특별시 용산구 보광로 70,음식,126.9974771,37.52996625
서울특별시 용산구 한강대로84길 8,음식,126.9730125,37.54351424
서울특별시 용산구 한강대로39길 10,음식,126.9689892,37.53125064
서울특별시 용산구 녹사평대로40길 51,음식,126.9886406,37.53445271
서울특별시 용산구 백범로90길 90,음식,126.9688281,37.53774681
서울특별시 용산구 녹사평대로46길 38,음식,126.9889795,37.53759724
서울특별시 용산구 한강대로 270,소매,126.9730355,37.542397
서울특별시 용산구 이태원로 227,소매,126.9988573,37.53563357
서울특별시 용산구 한강대로7길 10-6,음식,126.9626004,37.52448226
서울특별시 용산구 녹사평대로32길 22,음식,126.9900324,37.53344372
서울특별시 용산구 이태원로45길 30,음식,126.9979747,37.53660664
서울특별시 용산구 이태원로26길 26,음식,126.9935171,37.53334485
서울특별시 용산구 청파로47길 59,음식,126.9671165,37.54472909
서울특별시 용산구 이태원로27가길 10,음식,126.9947389,37.5351379
서울특별시 용산구 두텁바위로 75,소매,126.9805252,37.54646198
서울특별시 용산구 한강대로23길 55,음식,126.964736,37.5297718
서울특별시 용산구 새창로 213-17,음식,126.9678919,37.53088093
서울특별시 용산구 한강대로84길 11,음식,126.9731708,37.54375754
서울특별시 용산구 신흥로 37,음식,126.9871345,37.54179571
서울특별시 용산구 청파로 247,보건의료,126.9703993,37.54172062
서울특별시 용산구 독서당로 67,음식,127.0081461,37.5338403
서울특별시 용산구 효창원로 270,예술·스포츠,126.963696,37.55133241
서울특별시 용산구 새창로35길 13,음식,126.9618363,37.53648336
서울특별시 용산구 청파로 389,음식,126.9688438,37.55442431
서울특별시 용산구 이촌로77길 19,음식,126.9749212,37.5205121
서울특별시 용산구 이촌로 248,음식,126.9738921,37.51970097
서울특별시 용산구 보광로60길 3,음식,126.9943656,37.53407471
서울특별시 용산구 녹사평대로26길 21,음식,126.9912998,37.53087597
서울특별시 용산구 후암로 83,음식,126.9761099,37.55310153
서울특별시 용산구 한강대로15길 36,음식,126.962735,37.5266357
서울특별시 용산구 우사단로2길 12,음식,126.9974092,37.53056992
서울특별시 용산구 만리재로 150-1,음식,126.9639218,37.55239566
서울특별시 용산구 이태원로 164,음식,126.9920688,37.5341917
서울특별시 용산구 이촌로 274,소매,126.9771163,37.51870153
서울특별시 용산구 이태원로19길 12,음식,126.9919782,37.5350026
서울특별시 용산구 한강대로46길 9,음식,126.9709125,37.53135925
서울특별시 용산구 녹사평대로26가길 25,숙박,126.9930533,37.53271412
서울특별시 용산구 한강대로21나길 7,음식,126.9632435,37.52791528
서울특별시 용산구 독서당로 77,소매,127.0090513,37.53425469
서울특별시 용산구 한남대로18길 27,음식,127.0086554,37.53475928
서울특별시 용산구 두텁바위로 8,음식,126.9730458,37.54510001
서울특별시 용산구 백범로87길 48-8,음식,126.9694159,37.53915252
서울특별시 용산구 한강대로104길 8,음식,126.9726253,37.5502356
서울특별시 용산구 한강대로 270,음식,126.9730355,37.542397
서울특별시 용산구 두텁바위로1길 36,음식,126.974245,37.54591117
서울특별시 용산구 신흥로 59,음식,126.9872587,37.54370585
서울특별시 용산구 이촌로 5,음식,126.9550508,37.53112001
서울특별시 용산구 보광로 125,음식,126.9939017,37.53389448
서울특별시 용산구 한남대로20길 47-10,음식,127.0099113,37.53520068
서울특별시 용산구 청파로 330-3,음식,126.9703058,37.54913582
서울특별시 용산구 한강대로 306,음식,126.9722423,37.54549626
서울특별시 용산구 만리재로40길 4,음식,126.9679836,37.55464932
서울특별시 용산구 이태원로 268,음식,127.001833,37.53833656
서울특별시 용산구 이태원로4길 14,음식,126.9754937,37.53388309
서울특별시 용산구 한강대로62나길 6,음식,126.9741812,37.53421618
서울특별시 용산구 소월로20길 23,예술·스포츠,126.9854252,37.54545357
서울특별시 용산구 한강대로84길 11-16,음식,126.9732385,37.54438826
서울특별시 용산구 한강대로 297,예술·스포츠,126.9716881,37.54475731
서울특별시 용산구 독서당로20길 5,음식,127.009187,37.53375012
서울특별시 용산구 장문로6길 97,음식,126.9963572,37.52605587
서울특별시 용산구 대사관로24길 18,음식,127.0048989,37.53270522
서울특별시 용산구 한남대로27가길 26-10,숙박,127.0029758,37.53796713
서울특별시 용산구 한강대로11길 26,음식,126.9623622,37.52562646
서울특별시 용산구 이태원로55가길 38,음식,126.9995361,37.53688596
서울특별시 용산구 이태원로4길 16,예술·스포츠,126.9754372,37.53375694
서울특별시 용산구 청파로73길 59,음식,126.9674531,37.55142361
서울특별시 용산구 이태원로55가길 13,음식,127.0004413,37.53763379
서울특별시 용산구 녹사평대로 66,음식,126.9933029,37.52470423
서울특별시 용산구 이태원로26길 19,음식,126.9935736,37.53363318
서울특별시 용산구 백범로90길 74,음식,126.9698689,37.53808045
서울특별시 용산구 신흥로 57,소매,126.9873492,37.54353466
서울특별시 용산구 신흥로 54,음식,126.9878359,37.54308422
서울특별시 용산구 원효로19길 23,음식,126.9530357,37.53317351
서울특별시 용산구 녹사평대로32길 47,음식,126.9907905,37.53270496
서울특별시 용산구 대사관로19길 7,소매,127.0036431,37.53384052
서울특별시 용산구 한강대로104길 20,음식,126.9731798,37.55010058
서울특별시 용산구 우사단로12길 8,음식,126.9960175,37.53349813
서울특별시 용산구 보광로 55,음식,126.9982351,37.52882199
서울특별시 용산구 한남대로21길 14,예술·스포츠,127.0061888,37.53431795
서울특별시 용산구 효창원로 278-1,음식,126.9632091,37.55183682
서울특별시 용산구 회나무로 29-1,음식,126.9899184,37.53967863
서울특별시 용산구 이태원로20가길 6,음식,126.9924762,37.53352499
서울특별시 용산구 한강대로77길 6,음식,126.9723227,37.54214456
서울특별시 용산구 한강대로38길 35,음식,126.9702234,37.5287732
서울특별시 용산구 서빙고로75길 11-2,음식,126.9966629,37.5219383
서울특별시 용산구 한강대로39길 20,음식,126.9681294,37.53113328
서울특별시 용산구 신흥로 97-6,음식,126.9848595,37.54519221
서울특별시 용산구 후암로 71-2,숙박,126.9766081,37.55229974
서울특별시 용산구 한남대로20길 36,음식,127.0088025,37.53484036
서울특별시 용산구 녹사평대로32길 21,음식,126.9901228,37.53363294
서울특별시 용산구 한강대로39길 16,음식,126.9683897,37.5309982
서울특별시 용산구 청파로 74,음식,126.9595641,37.5327885
서울특별시 용산구 신흥로 37,음식,126.9871345,37.54179571
서울특별시 용산구 청파로49길 13,소매,126.9695832,37.54521629
서울특별시 용산구 우사단로 9-2,음식,126.9966059,37.53128169
서울특별시 용산구 백범로87길 34,음식,126.9687484,37.53885502
서울특별시 용산구 후암로13가길 28,음식,126.9764848,37.54841642
서울특별시 용산구 이태원로 216,예술·스포츠,126.9981332,37.53468751
서울특별시 용산구 효창원로42길 30,음식,126.9602978,37.53593324
서울특별시 용산구 한강대로38길 17,음식,126.9698723,37.52958401
서울특별시 용산구 보광로 33,음식,126.9997737,37.52723624
서울특별시 용산구 효창원로55길 17,음식,126.9599796,37.53855504
서울특별시 용산구 한강대로62길 19,음식,126.9738644,37.53401789
서울특별시 용산구 원효로89길 19,음식,126.9680801,37.54071991
서울특별시 용산구 녹사평대로54길 20,음식,126.9883231,37.53910185
서울특별시 용산구 서빙고로75길 9,음식,126.9966968,37.52165899
서울특별시 용산구 서빙고로 17,음식,126.9676565,37.52589833
서울특별시 용산구 한강대로84길 4,음식,126.9728767,37.54348718
서울특별시 용산구 원효로 129,음식,126.957493,37.53388699
서울특별시 용산구 청파로47길 8-5,음식,126.9700132,37.54506323
서울특별시 용산구 신흥로 147-1,음식,126.9815776,37.54636304
서울특별시 용산구 원효로19길 7,음식,126.9522777,37.53306509
서울특별시 용산구 한남대로20길 47,음식,127.0094813,37.53490338
서울특별시 용산구 대사관로11길 51,음식,127.0013917,37.53585881
서울특별시 용산구 백범로79길 99,음식,126.9646165,37.54321469
서울특별시 용산구 한남대로21길 20,음식,127.0061549,37.53393052
서울특별시 용산구 신흥로20길 17,예술·스포츠,126.9846216,37.54639051
서울특별시 용산구 한강대로23길 55,음식,126.964736,37.5297718
서울특별시 용산구 청파로 330-32,음식,126.9705889,37.54875747
서울특별시 용산구 녹사평대로40나길 5,음식,126.9880635,37.53472296
서울특별시 용산구 회나무로42길 36,음식,126.9942972,37.54007537
서울특별시 용산구 이태원로14길 19,음식,126.9907904,37.53354289
서울특별시 용산구 회나무로 26,음식,126.989545,37.53930919
서울특별시 용산구 이촌로 196,음식,126.9688463,37.52115937
서울특별시 용산구 이촌로29길 25,음식,126.9602245,37.52483288
서울특별시 용산구 후암로23길 3-7,음식,126.9773106,37.54929956
서울특별시 용산구 청파로47나길 4,음식,126.9670485,37.54504442
서울특별시 용산구 청파로47길 82,음식,126.9659395,37.54514322
서울특별시 용산구 청파로85길 33,예술·스포츠,126.9672037,37.5524687
서울특별시 용산구 서빙고로 69,음식,126.9734384,37.5230526
서울특별시 용산구 이촌로22길 9,음식,126.9561629,37.5255162
서울특별시 용산구 이태원로 179,음식,126.9937432,37.5348135
서울특별시 용산구 한강대로 187,음식,126.9732982,37.53548639
서울특별시 용산구 새창로12길 4,소매,126.9579312,37.53940127
서울특별시 용산구 독서당로 22,음식,127.0077611,37.53033543
서울특별시 용산구 한강대로21길 29-28,예술·스포츠,126.962916,37.52669883
서울특별시 용산구 후암로 68,음식,126.9770269,37.55195745
서울특별시 용산구 새창로45길 4,음식,126.9626181,37.53433922
서울특별시 용산구 서빙고로 17,음식,126.96657,37.52690715
서울특별시 용산구 두텁바위로 13,음식,126.973917,37.54550565
서울특별시 용산구 한강대로71길 52,음식,126.97204,37.54158587
서울특별시 용산구 한남대로27길 25,음식,127.0032473,37.53784999
서울특별시 용산구 한남대로20길 61-20,음식,127.0103074,37.53555203
서울특별시 용산구 회나무로 15,음식,126.9884136,37.53889463
서울특별시 용산구 한강대로23길 55,음식,126.964736,37.5297718
서울특별시 용산구 보광로59길 29,음식,126.9923064,37.5338133
서울특별시 용산구 보광로59길 5,음식,126.9937207,37.53387645
서울특별시 용산구 대사관로 63,음식,127.0052723,37.53346204
서울특별시 용산구 한강대로48길 15,음식,126.9714554,37.53162067
서울특별시 용산구 새창로 213-17,음식,126.9678919,37.53088093
서울특별시 용산구 독서당로20길 9,음식,127.0091417,37.53359696
서울특별시 용산구 보광로 125,음식,126.9939017,37.53389448
서울특별시 용산구 회나무로44길 36,음식,126.9956098,37.53984116
서울특별시 용산구 이태원로 177,소매,126.9937206,37.53448012
서울특별시 용산구 백범로87길 32,음식,126.968658,37.53878291
서울특별시 용산구 한강대로 332,음식,126.9720716,37.54793793
서울특별시 용산구 이태원로 221,숙박,126.9982237,37.53536326
서울특별시 용산구 새창로 147,음식,126.9622445,37.53465446
서울특별시 용산구 보광로60길 22,음식,126.9954631,37.53390356
서울특별시 용산구 한강대로 405,음식,126.9717295,37.55483949
서울특별시 용산구 한강대로52길 7-10,음식,126.9720887,37.53258489
서울특별시 용산구 후암로 5,음식,126.9782055,37.54638049
서울특별시 용산구 독서당로 73-4,음식,127.0092437,37.53458805
서울특별시 용산구 대사관로34길 21,음식,127.0060755,37.53225466
서울특별시 용산구 원효로 166,음식,126.9615768,37.53501464
서울특별시 용산구 두텁바위로 61,음식,126.9790882,37.54617342
서울특별시 용산구 녹사평대로26길 30,소매,126.991741,37.53111927
서울특별시 용산구 한남대로27길 66,음식,127.0029985,37.53959794
서울특별시 용산구 우사단로10길 105,음식,127.0010635,37.53163312
서울특별시 용산구 한강대로80길 11-25,음식,126.9733521,37.54309085
서울특별시 용산구 청파로47나길 6,음식,126.9670937,37.54515256
서울특별시 용산구 원효로41길 53,음식,126.9601397,37.53547367
서울특별시 용산구 독서당로 71,음식,127.0083838,37.53406553
서울특별시 용산구 이태원로20길 21,음식,126.9923517,37.53341686
서울특별시 용산구 서빙고로75길 11-2,소매,126.9966629,37.5219383
서울특별시 용산구 한강대로40길 18-3,음식,126.9703813,37.52998058
서울특별시 용산구 한강대로 279,음식,126.9721979,37.54312662
서울특별시 용산구 이태원로27가길 43,음식,126.992906,37.53482246
서울특별시 용산구 백범로99길 50,음식,126.9722458,37.53599071
서울특별시 용산구 보광로 111,음식,126.9943883,37.53274123
서울특별시 용산구 신흥로22가길 23,음식,126.9829922,37.54584969
서울특별시 용산구 한남대로 158,소매,127.0026817,37.54239104
서울특별시 용산구 독서당로14길 43,음식,127.0085418,37.53132648
서울특별시 용산구 이태원로26길 28,음식,126.9935058,37.53327277
서울특별시 용산구 이태원로27가길 18,음식,126.9942637,37.5351559
서울특별시 용산구 원효로 153-6,음식,126.9601511,37.53515833
서울특별시 용산구 서빙고로 137,소매,126.9777366,37.52470233
서울특별시 용산구 한강대로39길 6,음식,126.9687631,37.53074602
서울특별시 용산구 독서당로 65-3,음식,127.0079199,37.53396645
서울특별시 용산구 새창로 213-9,음식,126.9676431,37.53066462
서울특별시 용산구 이태원로4길 24,음식,126.9753581,37.53350464
서울특별시 용산구 소월로 66,소매,126.9777278,37.5544083
서울특별시 용산구 회나무로39가길 18,숙박,126.9938786,37.5403997
서울특별시 용산구 새창로 121,음식,126.9609423,37.53679841
서울특별시 용산구 청파로 301-1,음식,126.9701032,37.54649585
서울특별시 용산구 이태원로19길 10,소매,126.9919329,37.53494854
서울특별시 용산구 원효로 257,음식,126.9691211,37.54056702
서울특별시 용산구 이태원로23길 16,음식,126.9927136,37.53516483
서울특별시 용산구 서빙고로 17,음식,126.96657,37.52690715
서울특별시 용산구 원효로 210,예술·스포츠,126.9654,37.5373404
서울특별시 용산구 청파로 40,음식,126.956046,37.53180515
서울특별시 용산구 서빙고로 17,음식,126.96657,37.52690715
서울특별시 용산구 한강대로23길 55,음식,126.964736,37.5297718
서울특별시 용산구 효창원로37길 29,예술·스포츠,126.9587805,37.53815819
서울특별시 용산구 보광로59길 31,음식,126.9922159,37.53381329
서울특별시 용산구 한강대로 373,예술·스포츠,126.9720023,37.55171309
서울특별시 용산구 이촌로64길 26,음식,126.9699102,37.51984419
서울특별시 용산구 이태원로 142-1,보건의료,126.9897042,37.53394825
서울특별시 용산구 원효로89길 4,음식,126.9688383,37.54045882
서울특별시 용산구 장문로 87,음식,126.999242,37.52619107
서울특별시 용산구 이태원로54길 67,음식,127.0012333,37.53553446
서울특별시 용산구 후암로57길 3-4,음식,126.9743557,37.55315522
서울특별시 용산구 한강대로10길 11-54,음식,126.9648516,37.52453701
서울특별시 용산구 원효로 189-31,소매,126.9634201,37.53703347
서울특별시 용산구 한강대로62가길 10,음식,126.9744525,37.53468476
서울특별시 용산구 서빙고로 4-14,음식,126.9651338,37.52568137
서울특별시 용산구 후암로 99,음식,126.9745027,37.5533715
서울특별시 용산구 이촌로14길 16,음식,126.9544988,37.52732658
서울특별시 용산구 보광로 100,숙박,126.9950559,37.53187629
서울특별시 용산구 효창원로 262,예술·스포츠,126.9638208,37.55059363
서울특별시 용산구 효창원로 273,음식,126.9630283,37.55140428
서울특별시 용산구 한강대로 399,음식,126.9723523,37.55395666
서울특별시 용산구 후암로 89,숙박,126.9755892,37.55320955
서울특별시 용산구 한강대로40가길 24,음식,126.9723042,37.53097215
서울특별시 용산구 한강대로 162-2,음식,126.9722355,37.53331474
서울특별시 용산구 신흥로 99-7,음식,126.9849274,37.54500301
서울특별시 용산구 청파로47길 66,보건의료,126.9667656,37.54507137
서울특별시 용산구 원효로54길 22,음식,126.9621992,37.53485266
서울특별시 용산구 이태원로 166,음식,126.9923969,37.53420975
서울특별시 용산구 이태원로 166,소매,126.9923969,37.53420975
서울특별시 용산구 이태원로 182,음식,126.9942864,37.534345
서울특별시 용산구 새창로45길 19,예술·스포츠,126.963308,37.53472687
서울특별시 용산구 소월로2길 5,음식,126.9768223,37.55478654
서울특별시 용산구 남산공원길 105,음식,126.9878685,37.55112113
서울특별시 용산구 한강대로62다길 42,음식,126.9752339,37.53254955
서울특별시 용산구 한강대로21길 17-5,음식,126.9640474,37.52661809
서울특별시 용산구 신흥로 97-5,음식,126.9848821,37.54522825
서울특별시 용산구 새창로45길 30,예술·스포츠,126.9639756,37.53464599
서울특별시 용산구 서빙고로65길 10,음식,126.9945476,37.52064078
서울특별시 용산구 회나무로 32,음식,126.9901447,37.53950746
서울특별시 용산구 한강대로76길 11-27,음식,126.9736127,37.54213584
서울특별시 용산구 녹사평대로40나길 39,음식,126.9886064,37.53613758
서울특별시 용산구 이촌로54길 17,음식,126.9675683,37.5205914
서울특별시 용산구 백범로87길 48-5,음식,126.9694045,37.53930569
서울특별시 용산구 한강대로88길 19,숙박,126.9734873,37.54463159
서울특별시 용산구 신흥로 30-1,음식,126.9871799,37.54118304
서울특별시 용산구 회나무로 21,음식,126.9890019,37.53921904
서울특별시 용산구 한강대로80길 11-12,음식,126.9735897,37.54310892
서울특별시 용산구 서빙고로 83,음식,126.9736875,37.52251206
서울특별시 용산구 한강대로 205,음식,126.9726076,37.53659447
서울특별시 용산구 회나무로44나길 28,음식,126.9926115,37.53758851
서울특별시 용산구 한강대로10길 13,소매,126.9642409,37.52399623
서울특별시 용산구 새창로 209,음식,126.9669983,37.53067346
서울특별시 용산구 녹사평대로54길 22,음식,126.9884136,37.5390478
서울특별시 용산구 이촌로75길 16-9,음식,126.9747853,37.52073732
서울특별시 용산구 신흥로 15-1,음식,126.9864786,37.5400477
서울특별시 용산구 새창로 181,음식,126.9651758,37.53270919
서울특별시 용산구 보광로 120-2,음식,126.9944901,37.53353411
서울특별시 용산구 서빙고로65길 14,음식,126.994491,37.52083899
서울특별시 용산구 한강대로 293,음식,126.9718806,37.54439695
서울특별시 용산구 이태원로49길 24,음식,126.9990609,37.53712923
서울특별시 용산구 한강대로38가길 7-14,음식,126.9701664,37.52974627
서울특별시 용산구 백범로90다길 55,음식,126.9683089,37.53465624
서울특별시 용산구 우사단로 47,음식,126.9954857,37.53435406
서울특별시 용산구 한강대로76길 11-35,음식,126.9735447,37.54246019
서울특별시 용산구 한강대로23길 55,소매,126.964736,37.5297718
서울특별시 용산구 소월로2길 13,음식,126.9767432,37.55438108
서울특별시 용산구 한남대로42길 36,음식,127.0031457,37.54372451
서울특별시 용산구 한강대로 69,음식,126.9648956,37.52704181
서울특별시 용산구 원효로 240,음식,126.9680807,37.53918821
서울특별시 용산구 한강대로30길 25,음식,126.9688551,37.52735827
서울특별시 용산구 한강대로15길 8-3,예술·스포츠,126.9639345,37.52606844
서울특별시 용산구 청파로45길 20,음식,126.9695608,37.54449549
서울특별시 용산구 이태원로 156,음식,126.991175,37.53405649
서울특별시 용산구 새창로45길 3,음식,126.9625387,37.53458247
서울특별시 용산구 한강대로 328,소매,126.9721057,37.54753248
서울특별시 용산구 우사단로10가길 17,음식,126.9969678,37.53402074
서울특별시 용산구 후암로 107,예술·스포츠,126.9735634,37.55346139
서울특별시 용산구 녹사평대로54길 16,음식,126.9881081,37.53913786
서울특별시 용산구 신흥로 149,소매,126.981555,37.54644413
서울특별시 용산구 서빙고로 17,음식,126.96657,37.52690715
서울특별시 용산구 효창원로 128,음식,126.9616424,37.53951966
서울특별시 용산구 한강대로77길 13,음식,126.9719834,37.541712
서울특별시 용산구 이태원로14길 52,숙박,126.9915373,37.53226353
서울특별시 용산구 장문로 83-1,음식,126.9989932,37.52620008
서울특별시 용산구 효창원로42길 31,음식,126.9605467,37.53598738
서울특별시 용산구 우사단로 34,소매,126.9957007,37.53322782
서울특별시 용산구 한강대로40길 18,음식,126.9701437,37.53012468
서울특별시 용산구 신흥로 35,음식,126.9871232,37.54164254
서울특별시 용산구 보광로 5,음식,127.001629,37.52520897
서울특별시 용산구 우사단로 47,음식,126.9954857,37.53435406
서울특별시 용산구 신흥로 127-1,음식,126.9817478,37.54463315
서울특별시 용산구 보광로 117,음식,126.9942299,37.53314667
서울특별시 용산구 이태원로 183-4,음식,126.9945918,37.53483156
서울특별시 용산구 백범로90라길 31,음식,126.9690427,37.53872896
서울특별시 용산구 한남대로20길 7,음식,127.0073995,37.53472333
서울특별시 용산구 백범로90길 46,음식,126.970175,37.53669299
서울특별시 용산구 원효로41길 53,음식,126.9601397,37.53547367
서울특별시 용산구 한강대로 51,음식,126.964274,37.52575319
서울특별시 용산구 효창원로70길 5,음식,126.9624446,37.54172737
서울특별시 용산구 백범로99길 40,음식,126.9713523,37.53513455
서울특별시 용산구 원효로41가길 30,음식,126.9564971,37.53444525
서울특별시 용산구 녹사평대로40나길 19,음식,126.9882331,37.53542576
서울특별시 용산구 한강대로 166-1,음식,126.9724956,37.53353104
서울특별시 용산구 한강대로48길 17,음식,126.9714781,37.53149453
서울특별시 용산구 보광로59길 9,음식,126.9934492,37.53386743
서울특별시 용산구 한강대로102길 3,음식,126.9723312,37.5499382
서울특별시 용산구 한강대로40가길 6,음식,126.9713089,37.53035022
서울특별시 용산구 보광로 107,음식,126.9945128,37.53231776
서울특별시 용산구 한강대로81길 6,음식,126.9719942,37.54312657
서울특별시 용산구 녹사평대로 250,음식,126.9875762,37.53986762
서울특별시 용산구 한강대로81길 20,음식,126.9715078,37.54272101
서울특별시 용산구 원효로58길 28,소매,126.9633532,37.53497917
서울특별시 용산구 이촌로77길 19,음식,126.9749212,37.5205121
서울특별시 용산구 한남대로27가길 8,소매,127.0033265,37.53765177
서울특별시 용산구 새창로45길 18,음식,126.9633195,37.53451964
서울특별시 용산구 한남대로27가길 23,음식,127.0025797,37.53771485
서울특별시 용산구 후암로57길 65,음식,126.9741302,37.55060535
서울특별시 용산구 청파로 293,음식,126.9701487,37.54580209
서울특별시 용산구 원효로97길 40,음식,126.9688149,37.54232389
서울특별시 용산구 원효로56길 28,음식,126.962946,37.53466369
서울특별시 용산구 새창로33길 2,음식,126.9611801,37.53648314
서울특별시 용산구 한남대로21길 32,음식,127.0062906,37.53346199
서울특별시 용산구 녹사평대로40길 55-2,음식,126.9889347,37.53456086
서울특별시 용산구 이태원로54길 78,음식,127.0008146,37.53519208
서울특별시 용산구 한강대로40길 31,음식,126.9709242,37.53034112
서울특별시 용산구 원효로41길 19,음식,126.9584882,37.53461716
서울특별시 용산구 한강대로104길 33,음식,126.974085,37.55044316
서울특별시 용산구 회나무로 57,음식,126.9929168,37.54033658
서울특별시 용산구 보광로60길 10,음식,126.9947276,37.53388551
서울특별시 용산구 새창로 181,소매,126.9651758,37.53270919
서울특별시 용산구 한강대로72길 3,음식,126.9736471,37.54070326
서울특별시 용산구 한강대로 159-1,음식,126.9716132,37.53344073
서울특별시 용산구 서빙고로5길 7,음식,126.9660612,37.52628531
서울특별시 용산구 이촌로 300,음식,126.980329,37.51784615
서울특별시 용산구 유엔빌리지1길 18,예술·스포츠,127.0105221,37.53370496
서울특별시 용산구 이태원로 10,음식,126.9748711,37.53483802
서울특별시 용산구 보광로 70,음식,126.9974771,37.52996625
서울특별시 용산구 한강대로 277,음식,126.9722432,37.54296445
서울특별시 용산구 이태원로 192,음식,126.9953725,37.53437208
서울특별시 용산구 이촌로 200,보건의료,126.9693441,37.52095227
서울특별시 용산구 원효로41길 12,음식,126.9583866,37.53429276
서울특별시 용산구 회나무로 29,음식,126.9898618,37.53964259
서울특별시 용산구 후암로57길 3-19,숙박,126.9749781,37.55327249
서울특별시 용산구 한강대로 205,음식,126.972585,37.53665753
서울특별시 용산구 한강대로46길 25,음식,126.9715575,37.53096296
서울특별시 용산구 한강대로 168-2,음식,126.9726766,37.53369326
서울특별시 용산구 이태원로23길 26-5,음식,126.9922157,37.53575946
서울특별시 용산구 한강대로30길 25,음식,126.9688551,37.52735827
서울특별시 용산구 이태원로 238,음식,126.9999095,37.53592189
서울특별시 용산구 청파로 391,음식,126.9687419,37.55450537
서울특별시 용산구 신흥로 96,음식,126.9848368,37.54551657
서울특별시 용산구 우사단로10길 36,음식,126.9975675,37.53300262
서울특별시 용산구 서빙고로24길 4,음식,126.9686755,37.52394343
서울특별시 용산구 서빙고로 17,음식,126.96657,37.52690715
서울특별시 용산구 이촌로 248,음식,126.9727947,37.52005212
서울특별시 용산구 한강대로80길 7,음식,126.9733522,37.54275748
서울특별시 용산구 만리재로 134,음식,126.9625756,37.55134107
서울특별시 용산구 이태원로27가길 12,음식,126.9945805,37.53517394
서울특별시 용산구 청파로 77,음식,126.9606498,37.53366283
서울특별시 용산구 백범로 287,소매,126.9613144,37.53933035
서울특별시 용산구 이촌로77길 19,음식,126.9749212,37.5205121
서울특별시 용산구 한강대로 95,음식,126.9666597,37.5288173
서울특별시 용산구 백범로 326-1,음식,126.965128,37.53812419
서울특별시 용산구 독서당로 65-3,음식,127.0079199,37.53396645
서울특별시 용산구 원효로 177-6,음식,126.9622213,37.5359609
서울특별시 용산구 원효로48길 13,음식,126.9610001,37.53438375
서울특별시 용산구 이태원로 134,음식,126.9888217,37.5338851
서울특별시 용산구 만리재로 180-1,음식,126.9663202,37.55418034
서울특별시 용산구 녹사평대로32길 33-1,음식,126.9905981,37.53327258
서울특별시 용산구 보광로59길 14-1,예술·스포츠,126.9932342,37.53405663
서울특별시 용산구 보광로50길 3,숙박,126.9952256,37.53192135
서울특별시 용산구 청파로45길 11,음식,126.9699004,37.54423429
서울특별시 용산구 효창원로 164,음식,126.9628855,37.54266455
서울특별시 용산구 보광로59길 25,음식,126.9925667,37.53382233
서울특별시 용산구 한강대로52길 25,음식,126.9724962,37.53193627
서울특별시 용산구 독서당로 46,소매,127.0074219,37.5323537
서울특별시 용산구 한강대로 69,보건의료,126.9648956,37.52704181
서울특별시 용산구 소월로 60,숙박,126.9773203,37.55468753
서울특별시 용산구 이촌로 46,소매,126.954838,37.52754296
서울특별시 용산구 녹사평대로54길 6,음식,126.9875536,37.53927296
서울특별시 용산구 이태원로 211,음식,126.9972733,37.53499383
서울특별시 용산구 이촌로 200,음식,126.9693441,37.52095227
서울특별시 용산구 한강대로21길 17-18,음식,126.9634366,37.52632958
서울특별시 용산구 새창로 181,음식,126.9651758,37.53270919
서울특별시 용산구 우사단로14길 25,음식,126.9969791,37.53439015
서울특별시 용산구 원효로90길 8,음식,126.969359,37.53982826
서울특별시 용산구 대사관로 76,음식,127.0064942,37.53304752
서울특별시 용산구 이태원로 238,음식,126.9999095,37.53592189
서울특별시 용산구 한강대로62가길 14,음식,126.9746109,37.53466677
서울특별시 용산구 이촌로 100-11,음식,126.9588225,37.52336376
서울특별시 용산구 소월로44길 40,음식,126.9925207,37.54130063
서울특별시 용산구 한강대로 142,소매,126.9708218,37.53189982
서울특별시 용산구 이태원로 176,음식,126.9934265,37.53426387
서울특별시 용산구 두텁바위로 139,음식,126.981384,37.55140861
서울특별시 용산구 한강대로 92,음식,126.9675198,37.52817783
서울특별시 용산구 신흥로 92,음식,126.985063,37.54583195
서울특별시 용산구 새창로 213,음식,126.9672699,37.5304663
서울특별시 용산구 한강대로21나길 7,음식,126.9632435,37.52791528
서울특별시 용산구 한강대로15길 9-17,음식,126.9632448,37.52520327
서울특별시 용산구 보광로59길 5,음식,126.9937207,37.53387645
서울특별시 용산구 이태원로 143-7,음식,126.9895457,37.53449785
서울특별시 용산구 후암로 62,음식,126.9771402,37.5514439
서울특별시 용산구 이촌로 72,음식,126.9564569,37.52567849
서울특별시 용산구 효창원로 91,음식,126.9590413,37.5370951
서울특별시 용산구 한강대로62가길 8-2,음식,126.9743168,37.53460364
서울특별시 용산구 원효로41길 9,음식,126.9581264,37.53430168
서울특별시 용산구 한강대로15길 12,음식,126.963844,37.52599633
서울특별시 용산구 신흥로 97-2,음식,126.9849273,37.54533638
서울특별시 용산구 한강대로80길 11-17,음식,126.9733747,37.54300976
서울특별시 용산구 이태원로26길 25-12,숙박,126.9939696,37.53334488
서울특별시 용산구 이태원로54길 62-10,음식,127.0005997,37.53551644
서울특별시 용산구 한강대로87길 5,음식,126.9717336,37.54415365
서울특별시 용산구 신흥로 28,음식,126.987112,37.5409758
서울특별시 용산구 원효로89길 13-3,음식,126.9681594,37.54053072
서울특별시 용산구 백범로 346,소매,126.967346,37.53742205
서울특별시 용산구 청파로 330-3,음식,126.9703058,37.54913582
서울특별시 용산구 한강대로77길 8,음식,126.9721417,37.54219858
서울특별시 용산구 우사단로14길 25,음식,126.9969791,37.53439015
서울특별시 용산구 이촌로 64,음식,126.9558909,37.52629997
서울특별시 용산구 녹사평대로40길 46,음식,126.9882107,37.53439861
서울특별시 용산구 후암로 46,예술·스포츠,126.9775933,37.54996635
서울특별시 용산구 한강대로 259,음식,126.9724134,37.54157695
서울특별시 용산구 이태원로26길 39,음식,126.9937095,37.53273218
서울특별시 용산구 청파로45길 12-1,음식,126.9699343,37.54443251
서울특별시 용산구 녹사평대로54길 11,음식,126.9879723,37.53933607
서울특별시 용산구 청파로 329,음식,126.9697514,37.54901855
서울특별시 용산구 한강대로 100,음식,126.9686735,37.52879082
서울특별시 용산구 한강대로81길 6,음식,126.9719942,37.54312657
서울특별시 용산구 서빙고로51길 64,음식,126.9911084,37.52321743
서울특별시 용산구 한강대로 259,음식,126.9724134,37.54157695
서울특별시 용산구 한강대로77길 8,음식,126.9721417,37.54219858
서울특별시 용산구 새창로45길 15,음식,126.963161,37.53468178
서울특별시 용산구 한강대로62길 36,음식,126.97348,37.53334205
서울특별시 용산구 한강대로 69,음식,126.9648956,37.52704181
서울특별시 용산구 만리재로36길 16-7,숙박,126.9666147,37.55365785
서울특별시 용산구 한강대로 401-2,음식,126.9722956,37.55420893
서울특별시 용산구 소월로2길 5,음식,126.9768223,37.55478654
서울특별시 용산구 이태원로 179,숙박,126.9937432,37.5348135
서울특별시 용산구 장문로17길 3,음식,126.9973075,37.52617303
서울특별시 용산구 보광로 17,음식,127.0009163,37.52601087
서울특별시 용산구 이태원로27가길 37,음식,126.9931096,37.53487653
서울특별시 용산구 이태원로 287,음식,127.0017425,37.54030074
서울특별시 용산구 장문로19길 10,소매,126.9980881,37.52612799
서울특별시 용산구 녹사평대로46길 10,음식,126.9874182,37.5372547
서울특별시 용산구 한강대로40길 43,음식,126.9716823,37.53021516
서울특별시 용산구 청파로47가길 13,소매,126.9668112,37.54428752
서울특별시 용산구 보광로 61,음식,126.9978391,37.52918238
서울특별시 용산구 한강대로52길 19,음식,126.9722699,37.53203532
서울특별시 용산구 효창원로55길 14,음식,126.9601945,37.5388164
서울특별시 용산구 대사관로34길 39,음식,127.0059171,37.53166902
서울특별시 용산구 원효로39길 19,음식,126.9579226,37.53444576
서울특별시 용산구 새창로 114-6,음식,126.9600708,37.53721258
서울특별시 용산구 후암로 91-20,숙박,126.9746161,37.55283092
서울특별시 용산구 이태원로 211,소매,126.9972733,37.53499383
서울특별시 용산구 한강대로 383,예술·스포츠,126.9722057,37.55256008
서울특별시 용산구 보광로 5,음식,127.001629,37.52520897
서울특별시 용산구 신흥로 42,음식,126.9874966,37.54212011
서울특별시 용산구 이태원로16길 11,음식,126.9912542,37.53372313
서울특별시 용산구 한강대로81길 10,음식,126.9718245,37.54310851
서울특별시 용산구 소월로 56,음식,126.9769581,37.55488568
서울특별시 용산구 한강대로 69,음식,126.9648956,37.52704181
서울특별시 용산구 이태원로15길 1,음식,126.9901906,37.53461503
서울특별시 용산구 한강대로104길 38,음식,126.974368,37.55019995
서울특별시 용산구 한강대로96길 22,음식,126.9730903,37.54720835
서울특별시 용산구 녹사평대로54길 18,음식,126.9882439,37.53911986
서울특별시 용산구 청파로71길 5,음식,126.9695136,37.54921671
서울특별시 용산구 청파로47나길 35,소매,126.9673874,37.54645008
서울특별시 용산구 한강대로15길 9-17,숙박,126.9632448,37.52520327
서울특별시 용산구 소월로26길 12,음식,126.987066,37.5453997
서울특별시 용산구 청파로73길 96,숙박,126.9660042,37.55212598
서울특별시 용산구 보광로60길 20,음식,126.9952255,37.53391256
서울특별시 용산구 녹사평대로40길 48,음식,126.9883804,37.53438962
서울특별시 용산구 녹사평대로40다길 2,음식,126.9884482,37.53495726
서울특별시 용산구 장문로 116,숙박,127.0023644,37.52665957
서울특별시 용산구 장문로 62,음식,126.9963912,37.52634419
서울특별시 용산구 후암로57길 67,음식,126.974085,37.55054227
서울특별시 용산구 한강대로10길 13,음식,126.9642409,37.52399623
서울특별시 용산구 원효로 268,음식,126.9704449,37.54092775
서울특별시 용산구 한강대로62길 45-11,음식,126.973797,37.53277449
서울특별시 용산구 보광로 11,음식,127.0011765,37.52573156
서울특별시 용산구 녹사평대로 210-6,음식,126.987407,37.53633568
서울특별시 용산구 한남대로27길 25,음식,127.0032473,37.53784999
서울특별시 용산구 이태원로 222,예술·스포츠,126.9988686,37.53478663
서울특별시 용산구 후암로28길 27,음식,126.9789287,37.54981343
서울특별시 용산구 후암로 32,예술·스포츠,126.9779445,37.54870502
서울특별시 용산구 이태원로36길 36,보건의료,126.9990044,37.53377751
서울특별시 용산구 한강대로 259,예술·스포츠,126.9724134,37.54157695
서울특별시 용산구 한강대로15길 12-7,음식,126.9638325,37.5263297
서울특별시 용산구 한강대로62길 9,음식,126.9739208,37.53449543
서울특별시 용산구 대사관로12길 4-8,음식,127.0010975,37.53357027
서울특별시 용산구 신흥로15길 3,음식,126.986557,37.54439954
서울특별시 용산구 한강대로21나길 7,음식,126.9632435,37.52791528
서울특별시 용산구 녹사평대로26나길 14,숙박,126.9939019,37.53203842
서울특별시 용산구 후암로 91-20,숙박,126.9746161,37.55283092
서울특별시 용산구 한강대로62길 46,음식,126.973401,37.53289153
서울특별시 용산구 이촌로 248,음식,126.9738921,37.51970097
서울특별시 용산구 우사단로2길 7,음식,126.9972621,37.53075011
서울특별시 용산구 한강대로10길 15,음식,126.9643088,37.5239512
서울특별시 용산구 한강대로104길 38-3,음식,126.9745604,37.55029009
서울특별시 용산구 소월로2길 37-3,숙박,126.9768001,37.55340801
서울특별시 용산구 한남대로 60,음식,127.0078747,37.53446201
서울특별시 용산구 대사관로31길 7-6,음식,127.0055665,37.53390352
서울특별시 용산구 한강대로92길 3-6,숙박,126.9725136,37.54613603
서울특별시 용산구 한강대로62길 52,음식,126.9733445,37.53263023
서울특별시 용산구 효창원로62길 11,음식,126.9621967,37.53983519
서울특별시 용산구 두텁바위로 21,음식,126.9744375,37.54559586
서울특별시 용산구 이태원로42길 34,음식,127.0004865,37.53609308
서울특별시 용산구 한강대로44길 20,음식,126.9708902,37.53061141
서울특별시 용산구 대사관로 62,음식,127.0049781,37.53320977
서울특별시 용산구 한강대로 132,예술·스포츠,126.9700754,37.53107973
서울특별시 용산구 녹사평대로40가길 2-14,음식,126.9879051,37.53456076
서울특별시 용산구 이태원로20길 17,음식,126.9922273,37.53362408
서울특별시 용산구 한강대로21나길 40,음식,126.9642276,37.52824895
서울특별시 용산구 청파로43가길 14,음식,126.9691197,37.54399081
서울특별시 용산구 후암로57길 9-7,숙박,126.9744463,37.55303811
서울특별시 용산구 청파로 395,음식,126.9687418,37.55486577
서울특별시 용산구 한강대로 95,음식,126.9664221,37.52877218
서울특별시 용산구 이촌로 34,음식,126.9543282,37.52881317
서울특별시 용산구 후암로 69,음식,126.9766081,37.55201142
서울특별시 용산구 청파로 287,음식,126.9702508,37.54530656
서울특별시 용산구 한강대로21나길 7,음식,126.9632435,37.52791528
서울특별시 용산구 대사관로 76,음식,127.0064942,37.53304752
서울특별시 용산구 유엔빌리지길 20,음식,127.0098319,37.53376809
서울특별시 용산구 이태원로54길 32,음식,127.0017198,37.53703011
서울특별시 용산구 보광로 118,음식,126.994524,37.53331787
서울특별시 용산구 신흥로 59,음식,126.9872587,37.54370585
서울특별시 용산구 독서당로 67,보건의료,127.0081461,37.5338403
서울특별시 용산구 한강대로 277-1,음식,126.9722319,37.54301851
서울특별시 용산구 우사단로 34,음식,126.9957007,37.53322782
서울특별시 용산구 효창원로48길 3,음식,126.9606137,37.53767227
서울특별시 용산구 이태원로54가길 20,음식,127.0014143,37.53689496
서울특별시 용산구 한강대로104가길 11-13,음식,126.9741757,37.54995664
서울특별시 용산구 서빙고로 17,음식,126.96657,37.52690715
서울특별시 용산구 이태원로 187,음식,126.9947842,37.53472345
서울특별시 용산구 우사단로 10,음식,126.9968095,37.53118258
서울특별시 용산구 이태원로19길 5,음식,126.9917633,37.53475931
서울특별시 용산구 청파로85가길 9,음식,126.9681657,37.55224371
서울특별시 용산구 한남대로21길 33,음식,127.0065961,37.53335386
서울특별시 용산구 청파로 74,음식,126.9595641,37.5327885
서울특별시 용산구 청파로47길 52,예술·스포츠,126.9676483,37.54497251
서울특별시 용산구 녹사평대로40길 51,음식,126.9886406,37.53445271
서울특별시 용산구 녹사평대로54길 23,음식,126.9886172,37.53915593
서울특별시 용산구 새창로 116-7,음식,126.9602634,37.53677116
서울특별시 용산구 한강대로62나길 12,음식,126.97443,37.53429732
서울특별시 용산구 녹사평대로 240,예술·스포츠,126.9875989,37.53891256
서울특별시 용산구 만리재로40길 14,음식,126.968425,37.55455033
서울특별시 용산구 원효로41길 60,음식,126.9607394,37.53532071
서울특별시 용산구 독서당로 85,보건의료,127.0098094,37.53466008
서울특별시 용산구 이태원로27가길 49,음식,126.9925552,37.53485848
서울특별시 용산구 이태원로 22,음식,126.9776887,37.5335952
서울특별시 용산구 청파로47길 47-12,음식,126.9674902,37.54419761
서울특별시 용산구 대사관로34길 13,음식,127.0062226,37.53260604
서울특별시 용산구 원효로 265-1,음식,126.9698111,37.5411168
서울특별시 용산구 두텁바위로1길 61,음식,126.9752519,37.54674031
서울특별시 용산구 한강대로 405,음식,126.9717295,37.55483949
서울특별시 용산구 청파로 269-1,음식,126.9705456,37.54369385
서울특별시 용산구 녹사평대로40나길 9,음식,126.9880409,37.53487613
서울특별시 용산구 백범로90길 26,음식,126.9687379,37.53689984
서울특별시 용산구 두텁바위로 5,음식,126.9728081,37.54535223
서울특별시 용산구 백범로99길 42,음식,126.9719176,37.53613479
서울특별시 용산구 새창로 124-4,음식,126.9606257,37.53644692
서울특별시 용산구 원효로 177-2,음식,126.9623683,37.53596095
서울특별시 용산구 청파로47길 77,음식,126.9661207,37.54488198
서울특별시 용산구 한강대로 259,소매,126.9724134,37.54157695
서울특별시 용산구 효창원로 97,음식,126.9597539,37.53739267
서울특별시 용산구 한강대로14가길 22,음식,126.9646822,37.52389725
서울특별시 용산구 백범로79다길 27,음식,126.9665522,37.54150336
서울특별시 용산구 신흥로 35,음식,126.9871232,37.54164254
서울특별시 용산구 새창로 213-17,음식,126.9678919,37.53088093
서울특별시 용산구 청파로47길 37-22,음식,126.9679315,37.54425179
서울특별시 용산구 녹사평대로32길 41-5,음식,126.9909036,37.5330924
서울특별시 용산구 백범로 319-1,음식,126.9647318,37.53856557
서울특별시 용산구 독서당로 46,음식,127.0074219,37.5323537
서울특별시 용산구 신흥로 78,음식,126.9865003,37.54504825
서울특별시 용산구 이촌로54길 13,음식,126.9677606,37.52069957
서울특별시 용산구 한강대로62길 3,음식,126.9739208,37.53472068
서울특별시 용산구 서빙고로 17,보건의료,126.96657,37.52690715
서울특별시 용산구 이태원로54길 20,음식,127.0020366,37.53748962
서울특별시 용산구 한강대로38길 17,음식,126.9698723,37.52958401
서울특별시 용산구 한강대로40길 39-5,음식,126.971603,37.5303593
서울특별시 용산구 이태원로 239,보건의료,126.9997171,37.53637239
서울특별시 용산구 녹사평대로46길 28,음식,126.9884931,37.53722778
서울특별시 용산구 한강대로104길 6,음식,126.9724668,37.55021754
서울특별시 용산구 청파로 333,예술·스포츠,126.9696947,37.54932488
서울특별시 용산구 이촌로 319,음식,126.9823199,37.51795459
서울특별시 용산구 효창원로 278-1,음식,126.9632091,37.55183682
서울특별시 용산구 장문로 72,음식,126.9975338,37.52586669
서울특별시 용산구 이태원로26길 16-10,숙박,126.993155,37.53328176
서울특별시 용산구 한강대로 401-2,음식,126.9722956,37.55420893
서울특별시 용산구 이촌로 318,보건의료,126.9827271,37.51768435
서울특별시 용산구 원효로56길 21-3,숙박,126.9631269,37.53492503
서울특별시 용산구 효창원로 270,음식,126.963696,37.55133241
서울특별시 용산구 서빙고로91나길 86,음식,126.9963686,37.5246413
서울특별시 용산구 이촌로 223-13,예술·스포츠,126.9720589,37.52131335
서울특별시 용산구 한강대로104길 38-3,음식,126.9745604,37.55029009
서울특별시 용산구 원효로53길 19,음식,126.9619042,37.53654645
서울특별시 용산구 우사단로14길 48,음식,126.9983029,37.53421899
서울특별시 용산구 한남대로18길 18,음식,127.0083838,37.53434484
서울특별시 용산구 한강대로 49,소매,126.9639687,37.52550983
서울특별시 용산구 장문로 112,음식,127.0019685,37.52639829
서울특별시 용산구 이태원로20길 2-10,음식,126.9915144,37.53402949
서울특별시 용산구 한강대로 287-1,음식,126.9718015,37.5440005
서울특별시 용산구 보광로60길 14-38,숙박,126.9949653,37.53322779
서울특별시 용산구 대사관로30길 17,보건의료,127.0056569,37.53251597
서울특별시 용산구 우사단로 46,소매,126.9958364,37.53420091
서울특별시 용산구 원효로58길 20-1,음식,126.9632964,37.5352945
서울특별시 용산구 후암로 47,소매,126.9771406,37.55005636
서울특별시 용산구 원효로 182,소매,126.9629907,37.53579896
서울특별시 용산구 대사관로30길 9,음식,127.0056796,37.53280429
서울특별시 용산구 이촌로 245,음식,126.974367,37.52017861
서울특별시 용산구 효창원로 150,소매,126.9622864,37.54137593
서울특별시 용산구 만리재로 138,음식,126.9627679,37.55156638
서울특별시 용산구 이촌로 300,음식,126.980329,37.51784615
서울특별시 용산구 한강대로44길 16,소매,126.9707204,37.53071048
서울특별시 용산구 독서당로 83,음식,127.0096849,37.53449791
서울특별시 용산구 우사단로10길 46,소매,126.9979522,37.53280441
서울특별시 용산구 대사관로 70,음식,127.0057022,37.53315568
서울특별시 용산구 청파로 335-1,음식,126.9696719,37.54956814
서울특별시 용산구 새창로 109,음식,126.9605233,37.53751907
서울특별시 용산구 우사단로14길 16,음식,126.9965831,37.53407479
서울특별시 용산구 청파로43길 12,음식,126.9700364,37.54368471
서울특별시 용산구 대사관로34길 25,음식,127.0059737,37.53205645
서울특별시 용산구 후암로 91-8,음식,126.9751366,37.55303826
서울특별시 용산구 이촌로 290,예술·스포츠,126.9787114,37.5180531
서울특별시 용산구 대사관로 64,음식,127.0051705,37.5332368
서울특별시 용산구 한강대로104길 50,음식,126.9748772,37.55031719
서울특별시 용산구 원효로41길 54,음식,126.9603095,37.53523947
서울특별시 용산구 청파로47길 56,음식,126.9673088,37.54493638
서울특별시 용산구 대사관로24길 27,음식,127.005442,37.53251598
서울특별시 용산구 효창원로 144,음식,126.9621735,37.54082629
서울특별시 용산구 청파로 395,소매,126.9687418,37.55486577
서울특별시 용산구 장문로 84,음식,126.998914,37.52597483
서울특별시 용산구 대사관로5길 36,음식,127.0001358,37.53577773
서울특별시 용산구 한강대로 275-1,음식,126.9720509,37.54292837
서울특별시 용산구 후암로 95,음식,126.9749668,37.55336258
서울특별시 용산구 후암로 91-4,숙박,126.9751478,37.55328153
서울특별시 용산구 이촌로75길 22,음식,126.9745025,37.52078231
서울특별시 용산구 한강대로62길 18,음식,126.9732308,37.53413488
서울특별시 용산구 우사단로 42,음식,126.9957685,37.53394862
서울특별시 용산구 한강대로23길 55,보건의료,126.964736,37.5297718
서울특별시 용산구 이태원로 143-13,음식,126.9892628,37.53459693
서울특별시 용산구 한강대로 369-1,음식,126.9719684,37.55147883
서울특별시 용산구 한강대로84길 21-13,숙박,126.9735214,37.54429822
서울특별시 용산구 백범로90다길 75,음식,126.9673135,37.53428656
서울특별시 용산구 청파로47길 76,음식,126.9663808,37.54513434
서울특별시 용산구 독서당로 86,소매,127.0100922,37.53429065
서울특별시 용산구 한강대로62길 16,음식,126.973525,37.53417999
서울특별시 용산구 청파로49길 56,음식,126.9672182,37.54505348
서울특별시 용산구 청파로 359-4,음식,126.9691731,37.5518115
서울특별시 용산구 이태원로 165-6,음식,126.9925439,37.53475036
서울특별시 용산구 후암로 3-1,음식,126.9782281,37.54624534
서울특별시 용산구 한강대로62나길 10,음식,126.9743509,37.53424325
서울특별시 용산구 청파로73길 7,숙박,126.9692192,37.54980228
서울특별시 용산구 후암로 47,음식,126.9771406,37.55005636
서울특별시 용산구 대사관로 76,음식,127.0064942,37.53304752
서울특별시 용산구 이촌로18길 13,음식,126.955167,37.52611049
서울특별시 용산구 백범로99길 54,음식,126.9724721,37.53590967
서울특별시 용산구 우사단로12길 7,음식,126.9960175,37.5336513
서울특별시 용산구 효창원로 268,음식,126.9637414,37.55102609
서울특별시 용산구 한강대로 205,음식,126.9726076,37.53659447
서울특별시 용산구 원효로 210-5,음식,126.9657847,37.53725042
서울특별시 용산구 대사관로34길 38,음식,127.005555,37.53156092
서울특별시 용산구 독서당로 70,보건의료,127.008576,37.53360601
서울특별시 용산구 이태원로27가길 54-3,음식,126.9920574,37.53505666
서울특별시 용산구 한강대로 95,음식,126.9666597,37.5288173
서울특별시 용산구 백범로90다길 12,음식,126.9689194,37.53588176
서울특별시 용산구 한강대로77길 12,보건의료,126.9718927,37.54220753
서울특별시 용산구 우사단로10길 58-1,음식,126.998631,37.53247105
서울특별시 용산구 이태원로 199,음식,126.9962097,37.53484063
서울특별시 용산구 이촌로 276,예술·스포츠,126.977286,37.5186475
서울특별시 용산구 이태원로27가길 5,음식,126.9949991,37.53498475
서울특별시 용산구 이태원로54길 26,음식,127.0019235,37.53722833
서울특별시 용산구 이태원로 240,음식,127.0001584,37.53610209
서울특별시 용산구 후암로 18,음식,126.9782164,37.54754278
서울특별시 용산구 한강대로 204-1,음식,126.9745424,37.53669401
서울특별시 용산구 보광로51길 4,음식,126.9946825,37.53186727
서울특별시 용산구 이태원로26길 17,음식,126.9934718,37.53371426
서울특별시 용산구 회나무로13가길 30,음식,126.9911629,37.54094914
서울특별시 용산구 대사관로 73,음식,127.0061435,37.53336289
서울특별시 용산구 이태원로54길 68-6,음식,127.000792,37.5353903
서울특별시 용산구 이태원로27길 6,음식,126.9956101,37.53502982
서울특별시 용산구 청파로 330-8,숙박,126.9703172,37.54904573
서울특별시 용산구 서빙고로 17,보건의료,126.9676565,37.52589833
서울특별시 용산구 한강대로62나길 11,숙박,126.9742716,37.53440541
서울특별시 용산구 보광로60길 7,음식,126.9945353,37.53408372
서울특별시 용산구 독서당로 116,음식,127.012163,37.53642583
서울특별시 용산구 청파로 291,음식,126.970013,37.54558581
서울특별시 용산구 후암로4길 21,숙박,126.9792463,37.54735376
서울특별시 용산구 녹사평대로 168-6,음식,126.9893535,37.53325445
서울특별시 용산구 두텁바위로1길 26,음식,126.9738604,37.54566782
서울특별시 용산구 한강대로 164,음식,126.9723486,37.53340486
서울특별시 용산구 한강대로62나길 20-32,음식,126.9754032,37.53385604
서울특별시 용산구 녹사평대로26길 24,음식,126.9916845,37.53093906
서울특별시 용산구 한강대로 174,음식,126.9729819,37.53403571
서울특별시 용산구 청파로 325,음식,126.9698081,37.54867619
서울특별시 용산구 후암로 11,음식,126.9780129,37.54700214
서울특별시 용산구 한남대로21길 14,음식,127.0061888,37.53431795
서울특별시 용산구 청파로53길 10,음식,126.9697186,37.54617139
서울특별시 용산구 이태원로 174,음식,126.9932341,37.53428188
서울특별시 용산구 보광로 14,소매,127.0020816,37.52589373
서울특별시 용산구 한남대로27가길 10,음식,127.0031568,37.53760672
서울특별시 용산구 녹사평대로 248,음식,126.9875536,37.53968742
서울특별시 용산구 만리재로 142-1,예술·스포츠,126.963243,37.55189089
서울특별시 용산구 독서당로 70,예술·스포츠,127.008576,37.53360601
서울특별시 용산구 한강대로15길 23,음식,126.9631765,37.52613128
서울특별시 용산구 한강대로23길 55,음식,126.964736,37.5297718
서울특별시 용산구 새창로 128-9,음식,126.9606938,37.53597842
서울특별시 용산구 청파로 378,음식,126.9704869,37.54911785
서울특별시 용산구 한강대로77길 20,음식,126.9715873,37.54204528
서울특별시 용산구 효창원로69길 14,음식,126.9614941,37.54190727
서울특별시 용산구 청파로47길 82,음식,126.9659395,37.54514322
서울특별시 용산구 신흥로 34,음식,126.987327,37.54146236
서울특별시 용산구 보광로60길 3,보건의료,126.9943656,37.53407471
서울특별시 용산구 녹사평대로40가길 3-3,음식,126.987724,37.53529055
서울특별시 용산구 한강대로62나길 11,음식,126.9742716,37.53440541
서울특별시 용산구 회나무로 17,소매,126.9887756,37.53914694
서울특별시 용산구 서빙고로 17,음식,126.96657,37.52690715
서울특별시 용산구 한강대로30길 25,음식,126.9688551,37.52735827
서울특별시 용산구 이촌로 1,소매,126.955605,37.53150765
서울특별시 용산구 한강대로 271,음식,126.9724131,37.54241488
서울특별시 용산구 청파로 299,소매,126.9699788,37.54631561
서울특별시 용산구 후암로 79-1,음식,126.9763023,37.55295741
서울특별시 용산구 이태원로54길 58-5,음식,127.0008486,37.53571466
서울특별시 용산구 청파로47길 20-2,음식,126.9693683,37.54498198
서울특별시 용산구 신흥로 99-4,음식,126.9848595,37.54490389
서울특별시 용산구 소월로20길 46,음식,126.984803,37.54460655
서울특별시 용산구 한강대로7길 18-7,음식,126.9620798,37.52487854
서울특별시 용산구 후암로57길 17-3,음식,126.9742653,37.55274075
서울특별시 용산구 대사관로12길 3,음식,127.0016858,37.53340809
서울특별시 용산구 청파로73길 92,예술·스포츠,126.9661513,37.55222513
서울특별시 용산구 이태원로27가길 26,음식,126.9937885,37.53510182
서울특별시 용산구 이태원로20가길 9-7,음식,126.9928835,37.53379532
서울특별시 용산구 이태원로 169,음식,126.992691,37.53465125
서울특별시 용산구 한강대로 69,음식,126.9648956,37.52704181
서울특별시 용산구 이태원로27가길 52,음식,126.9923968,37.53508372
서울특별시 용산구 청파로 74,음식,126.9595641,37.5327885
서울특별시 용산구 녹사평대로 195,소매,126.9870339,37.53483097
서울특별시 용산구 새창로45가길 12,음식,126.9653558,37.53505185
서울특별시 용산구 백범로99길 60,숙박,126.9728116,37.53582866
서울특별시 용산구 한강대로 95,음식,126.9666597,37.5288173
서울특별시 용산구 효창원로 270,음식,126.963696,37.55133241
서울특별시 용산구 신흥로 34,음식,126.987327,37.54146236
서울특별시 용산구 한강대로10길 11-21,음식,126.9647383,37.52483431
서울특별시 용산구 효창원로 8-1,음식,126.9507724,37.53402854
서울특별시 용산구 한강대로 122,음식,126.9695665,37.53052097
서울특별시 용산구 이태원로 134,음식,126.9888217,37.5338851
서울특별시 용산구 한강대로50길 25,음식,126.9721569,37.53157579
서울특별시 용산구 청파로 335,음식,126.9696606,37.54947804
서울특별시 용산구 녹사평대로26길 93,음식,126.9946939,37.53160598
서울특별시 용산구 한남대로 91,음식,127.0021384,37.53656158
서울특별시 용산구 청파로47길 52,음식,126.9676483,37.54497251
서울특별시 용산구 두텁바위로 59,음식,126.978794,37.54612832
서울특별시 용산구 한남대로 60,소매,127.0078747,37.53446201
서울특별시 용산구 서빙고로 137,음식,126.9777366,37.52470233
서울특별시 용산구 청파로45길 39,음식,126.9683613,37.5445222
서울특별시 용산구 이태원로20가길 13,소매,126.9929174,37.53357908
서울특별시 용산구 서빙고로 17,음식,126.96657,37.52690715
서울특별시 용산구 회나무로 4,음식,126.9883345,37.53823689
서울특별시 용산구 한강대로84길 5-8,음식,126.9728992,37.54391966
서울특별시 용산구 이촌로 100-11,소매,126.9588225,37.52336376
서울특별시 용산구 원효로81길 17,음식,126.9668925,37.53961135
서울특별시 용산구 대사관로30길 12,음식,127.0054646,37.53276826
서울특별시 용산구 새창로12길 11-7,음식,126.9580784,37.53917607
서울특별시 용산구 청파로47나길 20,음식,126.9671501,37.54566614
서울특별시 용산구 이태원로 143-15,음식,126.9891723,37.53456989
서울특별시 용산구 이촌로29길 7,음식,126.9593989,37.52436407
서울특별시 용산구 서빙고로 17,음식,126.96657,37.52690715
서울특별시 용산구 만리재로40길 22,숙박,126.9685382,37.55447828
서울특별시 용산구 남산공원길 105,소매,126.9878685,37.55112113
서울특별시 용산구 이촌로29길 15,음식,126.9597156,37.52451735
서울특별시 용산구 한강대로38가길 17,음식,126.9704492,37.52982743
서울특별시 용산구 회나무로44가길 2,소매,126.9951685,37.53932757
서울특별시 용산구 보광로 41,음식,126.9992646,37.52775882
서울특별시 용산구 보광로24길 9,음식,126.9995022,37.5284616
서울특별시 용산구 대사관로31길 7-10,음식,127.0053855,37.53394858
서울특별시 용산구 이태원로 176,예술·스포츠,126.9934265,37.53426387
서울특별시 용산구 서빙고로 17,음식,126.96657,37.52690715
서울특별시 용산구 이태원로54길 58-4,음식,127.0008599,37.536021
서울특별시 용산구 한강대로 95,음식,126.9666597,37.5288173
서울특별시 용산구 이촌로65가길 78,음식,126.9752265,37.52078246
서울특별시 용산구 한남대로21길 33,음식,127.0065961,37.53335386
서울특별시 용산구 효창원로 115,음식,126.9607717,37.53843818
서울특별시 용산구 한남대로21길 17,예술·스포츠,127.0065282,37.53414674
서울특별시 용산구 한강대로 109,음식,126.9681638,37.52999802
서울특별시 용산구 한강대로104길 53,예술·스포츠,126.9752393,37.55053351
서울특별시 용산구 한강대로104마길 7,음식,126.9753978,37.55043443
서울특별시 용산구 한남대로18길 18,음식,127.0083838,37.53434484
서울특별시 용산구 백범로77길 33,음식,126.9652064,37.53998028
서울특별시 용산구 독서당로 73,음식,127.0086214,37.53421869
서울특별시 용산구 장문로 108,음식,127.0015951,37.52623612
서울특별시 용산구 원효로41길 11,음식,126.9582508,37.53440984
서울특별시 용산구 한강대로 158,음식,126.9718509,37.53296325
서울특별시 용산구 한강대로40가길 31,음식,126.971976,37.53139554
서울특별시 용산구 한남대로20길 41-4,음식,127.009504,37.5350115
서울특별시 용산구 한강대로10길 11-74,음식,126.9648854,37.52464514
서울특별시 용산구 이촌로77길 19,음식,126.9749212,37.5205121
서울특별시 용산구 청파로 74,음식,126.9595641,37.5327885
서울특별시 용산구 청파로77길 34,숙박,126.9684488,37.55182933
서울특별시 용산구 청파로47길 26,음식,126.9690288,37.54488278
서울특별시 용산구 후암로57길 31,소매,126.9741071,37.55215506
서울특별시 용산구 한강대로 259,소매,126.9724134,37.54157695
서울특별시 용산구 새창로 213-9,음식,126.9676431,37.53066462
서울특별시 용산구 두텁바위로 4-1,음식,126.9725932,37.54503683
서울특별시 용산구 신흥로 39,음식,126.9872363,37.54210206
서울특별시 용산구 청파로 378,음식,126.9704869,37.54911785
서울특별시 용산구 원효로53길 9,예술·스포츠,126.9619949,37.53600588
서울특별시 용산구 한강대로40길 19,음식,126.9703698,37.530359
서울특별시 용산구 보광로59길 14,음식,126.9933586,37.53406564
서울특별시 용산구 청파로 271,음식,126.9705456,37.54381098
서울특별시 용산구 한강대로42길 5,음식,126.9700642,37.53083645
서울특별시 용산구 이태원로19길 13,음식,126.9917859,37.5350116
서울특별시 용산구 새창로 217,음식,126.9677791,37.53021416
서울특별시 용산구 독서당로 23-1,음식,127.007433,37.53067783
서울특별시 용산구 한강대로46길 25,음식,126.9715575,37.53096296
서울특별시 용산구 만리재로36길 5,숙박,126.9669313,37.55418953
서울특별시 용산구 원효로97길 42,음식,126.9688488,37.5425131
서울특별시 용산구 이태원로55가길 28,음식,126.9998077,37.53726438
서울특별시 용산구 한강대로52길 17-10,음식,126.9725413,37.53226965
서울특별시 용산구 녹사평대로 224-1,음식,126.9869542,37.53774119
서울특별시 용산구 청파로 320-3,음식,126.9702948,37.54846007
서울특별시 용산구 원효로 210-1,음식,126.9655131,37.5373945
서울특별시 용산구 만리재로 138,음식,126.9627679,37.55156638
서울특별시 용산구 한강대로 282,예술·스포츠,126.9727409,37.54349616
서울특별시 용산구 장문로49길 83,음식,127.0038579,37.53061493
서울특별시 용산구 회나무로13길 10,음식,126.9896015,37.53977772
서울특별시 용산구 보광로 126,소매,126.9942298,37.53402965
서울특별시 용산구 청파로63가길 37,숙박,126.9676131,37.54789174
서울특별시 용산구 두텁바위로 10,음식,126.9732495,37.54504599
서울특별시 용산구 청파로93길 9,음식,126.9683006,37.55426198
서울특별시 용산구 한강대로 92,음식,126.9675198,37.52817783
서울특별시 용산구 백범로 341,소매,126.9679455,37.53796281
서울특별시 용산구 한강대로23길 55,음식,126.964736,37.5297718
서울특별시 용산구 이태원로 216,음식,126.9981332,37.53468751
서울특별시 용산구 한강대로 385,음식,126.9722396,37.55280336
서울특별시 용산구 이태원로 5-1,음식,126.9750067,37.53535162
서울특별시 용산구 효창원로70길 27,음식,126.9637685,37.54188096
서울특별시 용산구 신흥로 86,음식,126.9859457,37.54565185
서울특별시 용산구 한강대로62나길 6,음식,126.9741812,37.53421618
서울특별시 용산구 한강대로 401,소매,126.9723296,37.55404675
서울특별시 용산구 대사관로31길 12,예술·스포츠,127.0059851,37.53385845
서울특별시 용산구 한강대로84길 14,음식,126.9734311,37.54360443
서울특별시 용산구 후암로 99-1,음식,126.9744122,37.55338049
서울특별시 용산구 이촌로 324-10,음식,126.9819808,37.51669313
서울특별시 용산구 후암로 107,음식,126.9735634,37.55346139
서울특별시 용산구 우사단로10길 11,음식,126.9962324,37.53320081
서울특별시 용산구 청파로45길 37,음식,126.9685424,37.54445918
서울특별시 용산구 한강대로62길 79,음식,126.9734581,37.53134182
서울특별시 용산구 보광로 21-1,음식,127.0005204,37.52639831
서울특별시 용산구 청파로20길 13,음식,126.9670311,37.53311518
서울특별시 용산구 장문로 74,예술·스포츠,126.9978506,37.52592977
서울특별시 용산구 이태원로27가길 49,음식,126.9925552,37.53485848
서울특별시 용산구 두텁바위로1길 31,소매,126.97403,37.5459832
서울특별시 용산구 효창원로 278-1,음식,126.9632091,37.55183682
서울특별시 용산구 한강대로 132,음식,126.9700754,37.53107973
서울특별시 용산구 청파로47길 78,음식,126.9661885,37.54509824
서울특별시 용산구 한강대로 288-3,예술·스포츠,126.9726615,37.54409981
서울특별시 용산구 새창로20길 9,음식,126.9592104,37.53820339
서울특별시 용산구 이촌로 276,보건의료,126.977286,37.5186475
서울특별시 용산구 백범로90길 38,음식,126.969564,37.53671085
서울특별시 용산구 한강대로 23,예술·스포츠,126.9620464,37.52373425
서울특별시 용산구 백범로90길 46,음식,126.970175,37.53669299
서울특별시 용산구 이태원로 134,음식,126.9888217,37.5338851
서울특별시 용산구 신흥로 72,예술·스포츠,126.9868285,37.54458878
서울특별시 용산구 장문로 147,예술·스포츠,127.0054417,37.52832633
서울특별시 용산구 신흥로2길 7,음식,126.9867161,37.54042615
서울특별시 용산구 후암로 107,음식,126.9735634,37.55346139
서울특별시 용산구 한강대로 126-4,음식,126.9697248,37.53074627
서울특별시 용산구 회나무로13가길 12-8,음식,126.9903369,37.5406067
서울특별시 용산구 이태원로26길 19,음식,126.9935736,37.53363318
서울특별시 용산구 원효로97길 21,음식,126.9693017,37.54183747
서울특별시 용산구 청파로 270-1,음식,126.970953,37.54363088
서울특별시 용산구 한강대로 278-7,음식,126.9731483,37.54331605
서울특별시 용산구 한강대로 144,음식,126.9709236,37.5319449
서울특별시 용산구 녹사평대로 238-1,음식,126.9872142,37.53884044
서울특별시 용산구 한강대로15길 33,음식,126.9626333,37.5264825
서울특별시 용산구 후암로34길 50,보건의료,126.9796864,37.5517507
서울특별시 용산구 원효로41길 16,음식,126.9585336,37.53439192
서울특별시 용산구 한남대로27길 66,예술·스포츠,127.0029985,37.53959794
서울특별시 용산구 두텁바위로 69,음식,126.9799029,37.54626366
서울특별시 용산구 한강대로 279-1,음식,126.9721979,37.54317167
서울특별시 용산구 이태원로55가길 13,음식,127.0004413,37.53763379
서울특별시 용산구 한강대로 306,음식,126.971869,37.54519884
서울특별시 용산구 서빙고로91나길 92,음식,126.9962329,37.5248305
서울특별시 용산구 보광로 95,소매,126.9949428,37.53135371
서울특별시 용산구 원효로 184,음식,126.9630699,37.53590711
서울특별시 용산구 한강대로23길 55,음식,126.964736,37.5297718
서울특별시 용산구 보광로59길 9,음식,126.9934492,37.53386743
서울특별시 용산구 대사관로30길 6-11,음식,127.0053175,37.53276827
서울특별시 용산구 이태원로19길 14,음식,126.9919103,37.53511071
서울특별시 용산구 우사단로4길 7,음식,126.9971037,37.53160606
서울특별시 용산구 한강대로11길 21,음식,126.9624529,37.52531114
서울특별시 용산구 신흥로 99-4,음식,126.9848595,37.54490389
서울특별시 용산구 독서당로 67,음식,127.0081461,37.5338403
서울특별시 용산구 한강대로40길 19-8,음식,126.970811,37.53045822
서울특별시 용산구 한강대로52길 25-6,음식,126.9728017,37.5319003
서울특별시 용산구 한남대로20길 21-14,음식,127.0089157,37.53529086
서울특별시 용산구 독서당로 39,음식,127.0071616,37.53155182
서울특별시 용산구 한강대로 143-1,음식,126.9705048,37.53226015
서울특별시 용산구 한남대로20길 61,음식,127.0102394,37.53494837
서울특별시 용산구 우사단로 43,음식,126.9954291,37.5341198
서울특별시 용산구 소월로38길 21,음식,126.9905742,37.54337279
서울특별시 용산구 청파로 378,음식,126.9704869,37.54911785
서울특별시 용산구 원효로31길 13,음식,126.9551514,37.53317433
서울특별시 용산구 보광로 126,음식,126.9942298,37.53402965
서울특별시 용산구 한강대로 381-1,숙박,126.9721718,37.55248799
서울특별시 용산구 서빙고로 17,보건의료,126.96657,37.52690715
서울특별시 용산구 임정로 35-1,음식,126.9584496,37.54314961
서울특별시 용산구 청파로43다길 4-4,음식,126.969052,37.54349525
서울특별시 용산구 후암로 5,음식,126.9782055,37.54638049
서울특별시 용산구 한강대로 268-1,음식,126.9730695,37.54225285
서울특별시 용산구 이태원로55가길 26-8,음식,126.9999095,37.53751666
서울특별시 용산구 한강대로76길 5,음식,126.9734318,37.54161322
서울특별시 용산구 대사관로 66,음식,127.0053402,37.53317372
서울특별시 용산구 한강대로 205,음식,126.972585,37.53665753
서울특별시 용산구 서빙고로51길 52,음식,126.9911198,37.52266782
서울특별시 용산구 이태원로54길 62-8,음식,127.0006902,37.53555248
서울특별시 용산구 후암로 1-1,음식,126.9782621,37.54614624
서울특별시 용산구 청파로 74,음식,126.9595641,37.5327885
서울특별시 용산구 이태원로 294,음식,127.0024893,37.54087737
서울특별시 용산구 대사관로16길 5,음식,127.0028624,37.53315578
서울특별시 용산구 유엔빌리지길 259,음식,127.0120271,37.53516444
서울특별시 용산구 효창원로 220,숙박,126.9635963,37.5468364
서울특별시 용산구 후암로 101,음식,126.9743104,37.55339848
서울특별시 용산구 독서당로 124-7,음식,127.0127968,37.53748894
서울특별시 용산구 한강대로 178,음식,126.9732534,37.53429706
서울특별시 용산구 신흥로 95-21,음식,126.9850292,37.54505708
서울특별시 용산구 한강대로 366,숙박,126.9729079,37.55109162
서울특별시 용산구 원효로71길 30,소매,126.9635213,37.53818678
서울특별시 용산구 한강대로23길 55,음식,126.964736,37.5297718
서울특별시 용산구 청파로 74,음식,126.9595641,37.5327885
서울특별시 용산구 회나무로 21,음식,126.9890019,37.53921904
서울특별시 용산구 한강대로23길 55,음식,126.964736,37.5297718
서울특별시 용산구 녹사평대로54길 6,예술·스포츠,126.9875536,37.53927296
서울특별시 용산구 효창원로64길 6,음식,126.9622531,37.54011452
서울특별시 용산구 녹사평대로40나길 84,소매,126.9896244,37.53788562
서울특별시 용산구 한강대로 274,음식,126.9729222,37.54276639
서울특별시 용산구 우사단로4나길 17,숙박,126.9982577,37.53060597
서울특별시 용산구 한강대로40길 14,음식,126.9699739,37.53014266
서울특별시 용산구 청파로 363,음식,126.9689919,37.55198264
서울특별시 용산구 한남대로27길 66,음식,127.0029985,37.53959794
서울특별시 용산구 한강대로40가길 18,음식,126.9716707,37.53077378
서울특별시 용산구 새창로 114,음식,126.9602745,37.53728473
서울특별시 용산구 한강대로44길 17,음식,126.9709127,37.53088171
서울특별시 용산구 청파로49길 56,음식,126.9672182,37.54505348
서울특별시 용산구 원효로89길 12,음식,126.9686798,37.54072007
서울특별시 용산구 이태원로17길 11,숙박,126.9913107,37.53480433
서울특별시 용산구 원효로 133,음식,126.9577192,37.53405826
서울특별시 용산구 후암로 50,음식,126.9774347,37.55047088
서울특별시 용산구 한강대로88길 21-7,숙박,126.9733741,37.54486582
서울특별시 용산구 소월로 109,음식,126.9821646,37.552562
서울특별시 용산구 이태원로 229,음식,126.9990835,37.53582278
서울특별시 용산구 신흥로 95-17,음식,126.9849613,37.54513816
서울특별시 용산구 우사단로10길 39,음식,126.9976127,37.53325491
서울특별시 용산구 우사단로10길 28,음식,126.9971263,37.5330837
서울특별시 용산구 청파로85가길 10-10,숙박,126.9675659,37.55236068
서울특별시 용산구 한강대로 262,음식,126.9731942,37.54166723
서울특별시 용산구 한강대로62나길 16-13,숙박,126.9748374,37.53420731
서울특별시 용산구 두텁바위로 5,음식,126.9728081,37.54535223
서울특별시 용산구 효창원로66길 17,소매,126.9629429,37.54098871
서울특별시 용산구 독서당로 65-1,음식,127.0077501,37.53383132
서울특별시 용산구 신흥로5길 8,음식,126.9866253,37.54190378
서울특별시 용산구 두텁바위로 51,음식,126.9777982,37.546011
서울특별시 용산구 장문로 111,음식,127.0018327,37.5265875
서울특별시 용산구 한강대로42길 3,음식,126.9700076,37.53090852
서울특별시 용산구 두텁바위로1길 35,음식,126.9741544,37.54608234
서울특별시 용산구 청파로71길 5,음식,126.9695136,37.54921671
서울특별시 용산구 새창로 124-17,음식,126.9604108,37.53618556
서울특별시 용산구 신흥로12길 1,음식,126.9878245,37.54350768
서울특별시 용산구 한강대로 289,예술·스포츠,126.9719712,37.5440546
서울특별시 용산구 이촌로64길 61,예술·스포츠,126.9677042,37.52023103
서울특별시 용산구 한강대로40길 9-5,음식,126.9699285,37.53056612
서울특별시 용산구 두텁바위로 4,음식,126.9725027,37.5450278
서울특별시 용산구 한강대로23길 55,소매,126.964736,37.5297718
서울특별시 용산구 한강대로48길 15,음식,126.9714554,37.53162067
서울특별시 용산구 청파로 40,음식,126.956046,37.53180515
서울특별시 용산구 원효로90길 11,음식,126.9697209,37.54039598
서울특별시 용산구 대사관로34길 25,음식,127.0059737,37.53205645
서울특별시 용산구 청파로20길 9,음식,126.9675062,37.53331353
서울특별시 용산구 한강대로104길 30,음식,126.9737569,37.55023586
서울특별시 용산구 대사관로34길 10,음식,127.0059851,37.53283131
서울특별시 용산구 이태원로 222-26,음식,126.9999095,37.53445326
서울특별시 용산구 녹사평대로46길 27,음식,126.988312,37.5373539
서울특별시 용산구 소월로20길 32-2,음식,126.985199,37.54509314
서울특별시 용산구 녹사평대로 220,소매,126.9870448,37.53722763
서울특별시 용산구 한강대로39길 10,음식,126.9689892,37.53125064
서울특별시 용산구 새창로 131,음식,126.9614405,37.53599669
서울특별시 용산구 청파로43길 71,음식,126.9667095,37.54403521
서울특별시 용산구 한강대로 95,음식,126.9666597,37.5288173
서울특별시 용산구 대사관로31길 7-6,음식,127.0055665,37.53390352
서울특별시 용산구 원효로35길 6,예술·스포츠,126.9566108,37.5334632
서울특별시 용산구 청파로47길 100,소매,126.9650794,37.54546733
서울특별시 용산구 대사관로 67,숙박,127.0056457,37.53341697
서울특별시 용산구 한강대로48길 16,음식,126.9713084,37.53143142
서울특별시 용산구 한강대로 69,음식,126.9648956,37.52704181
서울특별시 용산구 한강대로30길 25,음식,126.9688551,37.52735827
서울특별시 용산구 효창원로 270,음식,126.963696,37.55133241
서울특별시 용산구 녹사평대로40가길 2-14,음식,126.9879051,37.53456076
서울특별시 용산구 이태원로19길 6,음식,126.9920009,37.53474131
서울특별시 용산구 대사관로 72,음식,127.0059511,37.53310161
서울특별시 용산구 한강대로14가길 18,음식,126.9648291,37.5240775
서울특별시 용산구 이태원로 203,예술·스포츠,126.996617,37.53482262
서울특별시 용산구 회나무로12길 10-3,숙박,126.9896809,37.53875959
서울특별시 용산구 회나무로13가길 25-3,음식,126.9911742,37.54116538
서울특별시 용산구 한강대로 295,보건의료,126.9717674,37.54455911
서울특별시 용산구 청파로47길 49,예술·스포츠,126.9675692,37.54458506
서울특별시 용산구 후암로 31,음식,126.9775371,37.54865088
서울특별시 용산구 독서당로 46,음식,127.0074219,37.5323537
서울특별시 용산구 백범로 341,음식,126.9679455,37.53796281
서울특별시 용산구 대사관로 73,음식,127.0061435,37.53336289
서울특별시 용산구 신흥로7길 34,소매,126.9861838,37.54313809
서울특별시 용산구 한강대로102길 11-22,음식,126.9730327,37.55003748
서울특별시 용산구 한강대로23길 55,음식,126.964736,37.5297718
서울특별시 용산구 한강대로62다길 23,음식,126.9744984,37.5328197
서울특별시 용산구 한강대로 208-19,음식,126.9744516,37.5375139
서울특별시 용산구 새창로 108,음식,126.95998,37.53778919
서울특별시 용산구 한강대로84길 11-29,음식,126.9730122,37.54434316
서울특별시 용산구 우사단로2길 11,음식,126.9973752,37.5307321
서울특별시 용산구 한강대로 158,음식,126.9718509,37.53296325
서울특별시 용산구 회나무로 20-1,음식,126.9890925,37.53905687
서울특별시 용산구 이태원로20가길 7-2,음식,126.9926798,37.53372322
서울특별시 용산구 한강대로15길 9,음식,126.9638894,37.52574407
서울특별시 용산구 대사관로34길 26,음식,127.0056795,37.53208349
서울특별시 용산구 장문로 80,음식,126.9984049,37.52597483
서울특별시 용산구 독서당로 65-11,음식,127.0081009,37.53403852
서울특별시 용산구 한강대로88길 6,음식,126.9726727,37.54437011
서울특별시 용산구 한강대로 185,소매,126.9740902,37.53564875
서울특별시 용산구 한강대로88길 11,음식,126.9729668,37.54455038
서울특별시 용산구 두텁바위로 7,음식,126.9729891,37.54540633
서울특별시 용산구 새창로20길 3,음식,126.9594593,37.5383206
서울특별시 용산구 백범로 284-1,음식,126.9607599,37.53929412
서울특별시 용산구 우사단로 37,음식,126.9954404,37.53353415
서울특별시 용산구 보광로59길 25,음식,126.9925667,37.53382233
서울특별시 용산구 청파로45길 37,예술·스포츠,126.9685424,37.54445918
서울특별시 용산구 후암로57길 9-16,숙박,126.9746387,37.55308321
서울특별시 용산구 대사관로30가길 6,음식,127.0052157,37.53226371
서울특별시 용산구 신흥로 99-15,음식,126.9850519,37.54489491
서울특별시 용산구 장문로 23,음식,126.9931102,37.52856952
서울특별시 용산구 후암로 107,음식,126.9735634,37.55346139
서울특별시 용산구 우사단로 11-1,숙박,126.9964814,37.53142584
서울특별시 용산구 청파로53길 6,음식,126.9698657,37.54618945
서울특별시 용산구 새창로 106,음식,126.9598668,37.53796935
서울특별시 용산구 청파로43길 23,소매,126.9693576,37.54348632
서울특별시 용산구 원효로93길 9,음식,126.9691437,37.54073821
서울특별시 용산구 후암로 33,음식,126.9775145,37.54874098
서울특별시 용산구 한강대로 258,음식,126.9732961,37.54139695
서울특별시 용산구 이태원로14길 14,소매,126.9904396,37.53364197
서울특별시 용산구 원효로89길 18,소매,126.9682384,37.54087312
서울특별시 용산구 효창원로 270,음식,126.963696,37.55133241
서울특별시 용산구 이촌로77길 19,음식,126.9749212,37.5205121
서울특별시 용산구 한남대로21길 33,음식,127.0065961,37.53335386
서울특별시 용산구 후암로57길 3-10,음식,126.9745934,37.5531733
서울특별시 용산구 후암로57길 35-15,음식,126.9744126,37.55213711
서울특별시 용산구 이태원로 192,음식,126.9953725,37.53437208
서울특별시 용산구 새창로 213,예술·스포츠,126.9672699,37.5304663
서울특별시 용산구 한강대로39길 4,음식,126.9688763,37.5307911
서울특별시 용산구 두텁바위로58길 7,보건의료,126.9824254,37.55028252
서울특별시 용산구 이촌로 245,음식,126.974367,37.52017861
서울특별시 용산구 새창로 129,음식,126.9613839,37.53615885
서울특별시 용산구 한강대로 205,음식,126.972585,37.53665753
서울특별시 용산구 이촌로75길 16-5,음식,126.9746722,37.52071928
서울특별시 용산구 이태원로 285,음식,127.0009279,37.54186849
서울특별시 용산구 원효로89길 13-10,음식,126.9678312,37.54047657
서울특별시 용산구 대사관로11길 30,음식,127.0018782,37.53493078
서울특별시 용산구 녹사평대로40나길 1,음식,126.9880296,37.53461483
서울특별시 용산구 한강대로23길 55,음식,126.964736,37.5297718
서울특별시 용산구 한강대로23길 55,음식,126.964736,37.5297718
서울특별시 용산구 한남대로 60,음식,127.0078747,37.53446201
서울특별시 용산구 녹사평대로40길 33,음식,126.9877241,37.53465985
서울특별시 용산구 청파로43나길 15,음식,126.969097,37.54431517
서울특별시 용산구 원효로19길 58,소매,126.9550382,37.53339053
서울특별시 용산구 한강대로7길 22-11,음식,126.9619665,37.52521187
서울특별시 용산구 보광로59길 17,음식,126.9930079,37.53384938
서울특별시 용산구 두텁바위로1길 50,음식,126.9748107,37.54632575
서울특별시 용산구 녹사평대로40다길 2,음식,126.9884482,37.53495726
서울특별시 용산구 청파로85길 43,음식,126.9665925,37.55267575
서울특별시 용산구 이태원로55가길 18,음식,127.0001584,37.53762478
서울특별시 용산구 임정로 111,소매,126.9633247,37.5468273
서울특별시 용산구 회나무로13가길 30,음식,126.9911629,37.54094914
서울특별시 용산구 한강대로7길 9-5,숙박,126.9621933,37.52404064
서울특별시 용산구 후암로 97-1,숙박,126.9746499,37.55336252
서울특별시 용산구 한강대로62길 42-1,음식,126.9734009,37.53296361
서울특별시 용산구 후암로35길 46,음식,126.9759639,37.54953355
서울특별시 용산구 한강대로 198-1,음식,126.9747349,37.53603632
서울특별시 용산구 청파로47길 7,예술·스포츠,126.9702284,37.54470289
서울특별시 용산구 우사단로14길 24,음식,126.9969226,37.53419193
서울특별시 용산구 새창로45길 4,음식,126.9626181,37.53433922
서울특별시 용산구 원효로41길 64,음식,126.9607732,37.53551894
서울특별시 용산구 우사단로12길 6,음식,126.995893,37.53353417
서울특별시 용산구 보광로59길 29,음식,126.9923064,37.5338133
서울특별시 용산구 청파로71길 40,소매,126.9678839,37.54964876
서울특별시 용산구 원효로 259,음식,126.9692682,37.54069319
서울특별시 용산구 이촌로65가길 72,음식,126.974955,37.52083647
서울특별시 용산구 두텁바위로 79-1,음식,126.9807854,37.54659718
서울특별시 용산구 신흥로26길 20,음식,126.983875,37.54510198
서울특별시 용산구 백범로 280,음식,126.9602846,37.53957328
서울특별시 용산구 녹사평대로40길 51,음식,126.9886406,37.53445271
서울특별시 용산구 이촌로88길 8,예술·스포츠,126.9777612,37.51825115
서울특별시 용산구 신흥로 56,음식,126.9877,37.54352569
서울특별시 용산구 한강대로 287,음식,126.9719373,37.54391043
서울특별시 용산구 원효로93길 18-6,음식,126.9688154,37.54102645
서울특별시 용산구 새창로 124,음식,126.9607727,37.53649202
서울특별시 용산구 이태원로 230,음식,126.9992872,37.53548941
서울특별시 용산구 이촌로 245,음식,126.974367,37.52017861
서울특별시 용산구 한강대로62길 11,보건의료,126.9739096,37.5343783
서울특별시 용산구 두텁바위로 147,음식,126.9808747,37.55148961
서울특별시 용산구 두텁바위로 71,음식,126.9800952,37.54629072
서울특별시 용산구 한강대로 144,음식,126.9709236,37.5319449
서울특별시 용산구 후암로35길 51,음식,126.9761677,37.54920923
서울특별시 용산구 독서당로14길 46,음식,127.0083947,37.53119134
서울특별시 용산구 후암로48길 1,음식,126.9768003,37.55284038
서울특별시 용산구 한강대로 95,음식,126.9666597,37.5288173
서울특별시 용산구 소월로2나길 6-2,숙박,126.9769586,37.55322784
서울특별시 용산구 보광로59길 14-1,음식,126.9932342,37.53405663
서울특별시 용산구 만리재로 198,음식,126.968074,37.55488361
서울특별시 용산구 이태원로4길 10,음식,126.9755276,37.53405428
서울특별시 용산구 이태원로54길 74,음식,127.000973,37.53524614
서울특별시 용산구 보광로 125,음식,126.9939017,37.53389448
서울특별시 용산구 청파로43길 11,음식,126.9699912,37.54354955
서울특별시 용산구 한강대로72길 17-18,숙박,126.9742013,37.54148726
서울특별시 용산구 백범로 283,음식,126.9608729,37.53966357
서울특별시 용산구 보광로59길 25,음식,126.9925667,37.53382233
서울특별시 용산구 원효로25길 14,음식,126.9543598,37.53264244
서울특별시 용산구 한강대로 290-1,소매,126.9725709,37.5441989
서울특별시 용산구 후암로4길 10,음식,126.9789069,37.54671399
서울특별시 용산구 보광로 45,음식,126.9989479,37.5281012
서울특별시 용산구 이촌로75길 16-5,음식,126.9746722,37.52071928
서울특별시 용산구 한강대로102길 57,음식,126.9752283,37.54942528
서울특별시 용산구 청파로47길 56,음식,126.9673088,37.54493638
서울특별시 용산구 보광로60길 20,음식,126.9952255,37.53391256
서울특별시 용산구 청파로89길 31-12,숙박,126.9671468,37.5530273
서울특별시 용산구 이태원로20가길 4,음식,126.992397,37.53351598
서울특별시 용산구 녹사평대로40다길 2,음식,126.9884482,37.53495726
서울특별시 용산구 원효로48길 17,음식,126.9611812,37.53432074
서울특별시 용산구 청파로 391,음식,126.9687419,37.55450537
서울특별시 용산구 한강대로81길 18,음식,126.9715078,37.54282012
서울특별시 용산구 장문로 86,보건의료,126.9990497,37.52595681
서울특별시 용산구 한강대로40길 14,예술·스포츠,126.9699739,37.53014266
서울특별시 용산구 한강대로62나길 24,음식,126.975007,37.53444161
서울특별시 용산구 한강대로 358,음식,126.9723198,37.55007335
서울특별시 용산구 한강대로 100,음식,126.9686735,37.52879082
서울특별시 용산구 한강대로104길 53,음식,126.9752393,37.55053351
서울특별시 용산구 백범로87길 55,음식,126.9694044,37.53971114
서울특별시 용산구 한강대로44길 9,음식,126.9706524,37.53109789
서울특별시 용산구 두텁바위로 8,음식,126.9730458,37.54510001
서울특별시 용산구 이태원로 156-1,보건의료,126.9912655,37.5341466
서울특별시 용산구 대사관로30길 11-9,음식,127.005838,37.53286735
서울특별시 용산구 원효로 229-2,음식,126.9669834,37.53873741
서울특별시 용산구 청파로93길 35,음식,126.9671465,37.55387424
서울특별시 용산구 만리재로 180-1,음식,126.9663202,37.55418034
서울특별시 용산구 장문로 14,소매,126.9921712,37.52868659
서울특별시 용산구 회나무로 69,음식,126.9942519,37.54042675
서울특별시 용산구 회나무로44길 40,음식,126.9953948,37.53957986
서울특별시 용산구 녹사평대로 138,음식,126.9909604,37.53107416
서울특별시 용산구 청파로47나길 13,예술·스포츠,126.9668106,37.54557595
서울특별시 용산구 후암로57길 9-9,숙박,126.9745029,37.55304714
서울특별시 용산구 한강대로 366,소매,126.9729079,37.55109162
서울특별시 용산구 회나무로44가길 2,음식,126.9951685,37.53932757
서울특별시 용산구 녹사평대로 230,소매,126.9871012,37.53813765
서울특별시 용산구 우사단로14길 10,음식,126.996289,37.53396666
서울특별시 용산구 신흥로3가길 10,음식,126.9859239,37.54135408
서울특별시 용산구 한강대로39길 5,음식,126.9686048,37.53052973
서울특별시 용산구 두텁바위로 59-1,음식,126.9788958,37.54612833
서울특별시 용산구 원효로89길 12-1,음식,126.9683516,37.54090919
서울특별시 용산구 이촌로65가길 72,음식,126.974955,37.52083647
서울특별시 용산구 녹사평대로40나길 53,음식,126.9887534,37.53690345
서울특별시 용산구 한강대로40길 5,소매,126.9696118,37.53039485
서울특별시 용산구 대사관로31길 25,음식,127.0058042,37.53448015
서울특별시 용산구 새창로 132,음식,126.961237,37.5357083
서울특별시 용산구 우사단로 46,음식,126.9958364,37.53420091
서울특별시 용산구 회나무로6길 20,음식,126.9887532,37.53799366
서울특별시 용산구 한강대로52길 25,음식,126.9724962,37.53193627
서울특별시 용산구 청파로47길 71,음식,126.9664602,37.54484604
서울특별시 용산구 후암로 48,음식,126.977548,37.55024565
서울특별시 용산구 이태원로27나길 36,음식,126.996651,37.53508391
서울특별시 용산구 우사단로 31,음식,126.9954631,37.53295751
서울특별시 용산구 한강대로 366,음식,126.9729079,37.55109162
서울특별시 용산구 이태원로49길 8,음식,127.0001358,37.53720131
서울특별시 용산구 대사관로31길 17,음식,127.0057476,37.5340747
서울특별시 용산구 효창원로 240-1,음식,126.9635615,37.54863838
서울특별시 용산구 한강대로62길 16,음식,126.973525,37.53417999
서울특별시 용산구 이태원로26길 13,음식,126.9933134,37.53385841
서울특별시 용산구 신흥로7길 1,소매,126.9871798,37.54192186
서울특별시 용산구 원효로25길 24,음식,126.9531377,37.53289424
서울특별시 용산구 녹사평대로 286,음식,126.9895219,37.54312042
서울특별시 용산구 회나무로 11,음식,126.9880629,37.53875043
서울특별시 용산구 이촌로22길 6,음식,126.9561175,37.52568737
서울특별시 용산구 이태원로 179,소매,126.9937432,37.5348135
서울특별시 용산구 새창로 213-17,음식,126.9678919,37.53088093
서울특별시 용산구 후암로 107,예술·스포츠,126.9735634,37.55346139
서울특별시 용산구 효창원로 270,음식,126.963696,37.55133241
서울특별시 용산구 후암로 101,음식,126.9743104,37.55339848
서울특별시 용산구 한강대로 54-2,음식,126.9647832,37.52556414
서울특별시 용산구 후암로28길 57,음식,126.9804226,37.54919199
서울특별시 용산구 한남대로 60,음식,127.0078747,37.53446201
서울특별시 용산구 효창원로42길 16,예술·스포츠,126.9599128,37.53657282
서울특별시 용산구 신흥로 38,음식,126.9874174,37.54180475
서울특별시 용산구 우사단로4길 18,음식,126.9976128,37.53146191
서울특별시 용산구 서빙고로 17,음식,126.96657,37.52690715
서울특별시 용산구 한강대로38길 35,음식,126.9702234,37.5287732
서울특별시 용산구 원효로 75,음식,126.9522553,37.53274973
서울특별시 용산구 두텁바위로1길 107,음식,126.9759301,37.54884878
서울특별시 용산구 한강대로 50,소매,126.9645684,37.52530278
서울특별시 용산구 이태원로16길 14,음식,126.9911411,37.53359698
서울특별시 용산구 한강대로 287,음식,126.9719373,37.54391043
서울특별시 용산구 한강대로23길 55,음식,126.964736,37.5297718
서울특별시 용산구 이태원로 179,음식,126.9937432,37.5348135
서울특별시 용산구 청파로43가길 23,음식,126.9685765,37.5441078
서울특별시 용산구 청파로71다길 16,숙박,126.9660737,37.54858507
서울특별시 용산구 원효로 240,음식,126.9680807,37.53918821
서울특별시 용산구 이촌로75길 12,예술·스포츠,126.9742651,37.52042186
서울특별시 용산구 이태원로49길 15,음식,126.99957,37.53703913
서울특별시 용산구 이태원로 180,음식,126.9941845,37.53422787
서울특별시 용산구 신흥로16길 5,음식,126.9868172,37.54483205
서울특별시 용산구 원효로53길 30,음식,126.9621076,37.53704206
서울특별시 용산구 효창원로40길 3-8,음식,126.9597316,37.53693316
서울특별시 용산구 청파로 395,음식,126.9687418,37.55486577
서울특별시 용산구 한강대로62다길 9,음식,126.9741023,37.53333318
서울특별시 용산구 한강대로81길 32,예술·스포츠,126.9715307,37.54210833
서울특별시 용산구 만리재로 198,음식,126.968074,37.55488361
서울특별시 용산구 한강대로 126-2,음식,126.9696796,37.53067417
서울특별시 용산구 이촌로 248,보건의료,126.9738921,37.51970097
서울특별시 용산구 이촌로88길 16,보건의료,126.9776482,37.51784568
서울특별시 용산구 대사관로 46,음식,127.0030435,37.53330895
서울특별시 용산구 원효로64길 15,음식,126.9642579,37.53591648
서울특별시 용산구 청파로 335-1,음식,126.9696719,37.54956814
서울특별시 용산구 대사관로 65,숙박,127.0054534,37.53344401
서울특별시 용산구 원효로19길 3,음식,126.9520968,37.53299293
서울특별시 용산구 장문로45바길 46,소매,127.0023306,37.53068705
서울특별시 용산구 보광로60길 22,음식,126.9954631,37.53390356
서울특별시 용산구 회나무로 46,음식,126.9918532,37.53966977
서울특별시 용산구 이태원로 232,음식,126.9994909,37.53563357
서울특별시 용산구 청파로 40,소매,126.956046,37.53180515
서울특별시 용산구 후암로28길 10,음식,126.9778423,37.54981323
서울특별시 용산구 회나무로13가길 17,음식,126.9905405,37.54097612
서울특별시 용산구 청파로 205-26,소매,126.9698573,37.53890937
서울특별시 용산구 새창로 127,음식,126.9612481,37.53626692
서울특별시 용산구 서빙고로 38,음식,126.9684265,37.52410554
서울특별시 용산구 한강대로84길 11-29,음식,126.9730122,37.54434316
서울특별시 용산구 독서당로 65-3,음식,127.0079199,37.53396645
서울특별시 용산구 원효로 259-1,예술·스포츠,126.9693247,37.54073826
서울특별시 용산구 효창원로 273-7,음식,126.9630623,37.55127816
서울특별시 용산구 이태원로54길 68-5,음식,127.0009278,37.53532723
서울특별시 용산구 한강대로 122,음식,126.9695665,37.53052097
서울특별시 용산구 한강대로104길 41-8,음식,126.9746168,37.5508217
서울특별시 용산구 원효로19길 1,음식,126.9518932,37.53292978
서울특별시 용산구 새창로 100,음식,126.9595271,37.53850083
서울특별시 용산구 한강대로 256,음식,126.9735224,37.54128889
서울특별시 용산구 한강대로23길 55,음식,126.964736,37.5297718
서울특별시 용산구 한강대로23길 55,음식,126.964736,37.5297718
서울특별시 용산구 소월로20길 24,음식,126.9852215,37.54546256
서울특별시 용산구 한강대로 95,음식,126.9674173,37.52959237
서울특별시 용산구 한남대로21길 24,음식,127.0061662,37.53383141
서울특별시 용산구 회나무로13가길 42,음식,126.9920002,37.5408591
서울특별시 용산구 백범로99길 40,음식,126.9716009,37.53587343
서울특별시 용산구 장문로 97,예술·스포츠,127.000396,37.52625415
서울특별시 용산구 새창로 209,음식,126.9669983,37.53067346
서울특별시 용산구 이태원로27가길 51,음식,126.9923516,37.53484945
서울특별시 용산구 두텁바위로1길 46,음식,126.9746523,37.54625364
서울특별시 용산구 한강대로71길 4,음식,126.9726289,37.54044174
서울특별시 용산구 신흥로 85,음식,126.9857986,37.54547164
서울특별시 용산구 새창로 122-1,음식,126.9606822,37.53656407
서울특별시 용산구 소월로20길 38-1,음식,126.9851311,37.54484086
서울특별시 용산구 청파로67길 7,숙박,126.9695252,37.54870314
서울특별시 용산구 한강대로30길 25,음식,126.9688551,37.52735827
서울특별시 용산구 이태원로 270,보건의료,127.0020367,37.5384627
서울특별시 용산구 서빙고로 4-8,음식,126.9652695,37.52584359
서울특별시 용산구 이태원로 29,음식,126.9784683,37.53731648
서울특별시 용산구 신흥로3길 3,음식,126.9867386,37.54114695
서울특별시 용산구 한강대로 58-1,음식,126.9651111,37.52582552
서울특별시 용산구 이태원로20가길 7-5,음식,126.9924309,37.53372321
서울특별시 용산구 소월로20길 10,음식,126.9851875,37.54608424
서울특별시 용산구 한강대로87길 3,음식,126.9718693,37.54418972
서울특별시 용산구 효창원로 172,음식,126.9625456,37.54340326
서울특별시 용산구 대사관로 46-1,음식,127.0032132,37.53332697
서울특별시 용산구 이태원로 145,예술·스포츠,126.9899077,37.53458798
서울특별시 용산구 대사관로 52,음식,127.0038807,37.53331794
서울특별시 용산구 원효로41길 62,예술·스포츠,126.9607506,37.53544685
서울특별시 용산구 한강대로23길 55,음식,126.964736,37.5297718
서울특별시 용산구 우사단로12길 13,음식,126.9963908,37.53375944
서울특별시 용산구 만리재로28길 5-30,숙박,126.9656303,37.55308994
서울특별시 용산구 원효로93길 9-3,음식,126.9690419,37.54064809
서울특별시 용산구 소월로2나길 6-1,음식,126.9770604,37.55327291
서울특별시 용산구 한강대로 349,음식,126.9714826,37.54942443
서울특별시 용산구 새창로 213-9,음식,126.9676431,37.53066462
서울특별시 용산구 새창로 217,음식,126.9677791,37.53021416
서울특별시 용산구 청파로47나길 13,음식,126.9668106,37.54557595
서울특별시 용산구 보광로59길 5,음식,126.9937207,37.53387645
서울특별시 용산구 청파로 359-16,숙박,126.9687203,37.55195554
서울특별시 용산구 청파로 337,예술·스포츠,126.9696266,37.54969427
서울특별시 용산구 한남대로20길 47,음식,127.0094813,37.53490338
서울특별시 용산구 청파로 359,소매,126.9691618,37.55159526
서울특별시 용산구 이태원로 223-5,음식,126.9983934,37.5355795
서울특별시 용산구 백범로99길 40,음식,126.9713523,37.53513455
서울특별시 용산구 한남대로27가길 1,음식,127.0035641,37.53754364
서울특별시 용산구 한남대로20길 41-4,음식,127.009504,37.5350115
서울특별시 용산구 녹사평대로54길 7,음식,126.9877007,37.53940812
서울특별시 용산구 청파로85가길 14,음식,126.9679394,37.55217157
서울특별시 용산구 한강대로 100,음식,126.9686735,37.52879082
서울특별시 용산구 새창로 217,음식,126.9677791,37.53021416
서울특별시 용산구 보광로59길 58,음식,126.9907112,37.53379516
서울특별시 용산구 신흥로 150-1,음식,126.9815436,37.54666938
서울특별시 용산구 한강대로76길 11-18,음식,126.9737597,37.54227103
서울특별시 용산구 우사단로10가길 10,음식,126.9970697,37.53366935
서울특별시 용산구 청파로47가길 5,음식,126.9669694,37.544684
서울특별시 용산구 이촌로 182,음식,126.9673757,37.52122205
서울특별시 용산구 후암로57길 3-21,음식,126.9750573,37.55328151
서울특별시 용산구 보광로 76,음식,126.9970245,37.53032664
서울특별시 용산구 원효로 261,음식,126.9694039,37.54081036
서울특별시 용산구 녹사평대로 168,소매,126.9891159,37.53332651
서울특별시 용산구 백범로90라길 28,음식,126.9690655,37.53835054
서울특별시 용산구 이태원로 203,음식,126.996617,37.53482262
서울특별시 용산구 독서당로14길 29,음식,127.0081799,37.53190314
서울특별시 용산구 보광로 19,음식,127.0006561,37.52625415
서울특별시 용산구 한강대로84길 11,음식,126.9731708,37.54375754
서울특별시 용산구 신흥로 97-5,음식,126.9848821,37.54522825
서울특별시 용산구 한강대로77길 4-1,음식,126.9722887,37.54224366
서울특별시 용산구 대사관로 80,예술·스포츠,127.0068676,37.53308354
서울특별시 용산구 이태원로20가길 7,음식,126.9925893,37.53363312
서울특별시 용산구 한강대로 95,음식,126.9666597,37.5288173
서울특별시 용산구 이촌로65가길 78,음식,126.9752265,37.52078246
서울특별시 용산구 한강대로52길 25-14,음식,126.9731297,37.53223374
서울특별시 용산구 한강대로44길 8,음식,126.9703017,37.53093562
서울특별시 용산구 청파로47길 25,음식,126.9690515,37.54469358
서울특별시 용산구 한강대로21길 17-12,음식,126.963527,37.52657288
서울특별시 용산구 소월로 322,숙박,126.9962434,37.5397691
서울특별시 용산구 우사단로10길 130,음식,127.0020138,37.53089429
서울특별시 용산구 소월로2길 17,음식,126.9767093,37.55425493
서울특별시 용산구 이태원로 239,보건의료,126.9997171,37.53637239
서울특별시 용산구 한강대로 289,음식,126.9719712,37.5440546
서울특별시 용산구 신흥로20길 7,음식,126.9848819,37.54610222
서울특별시 용산구 한강대로30길 25,음식,126.9688551,37.52735827
서울특별시 용산구 이촌로77길 19,음식,126.9749212,37.5205121
서울특별시 용산구 독서당로 67,예술·스포츠,127.0081461,37.5338403
서울특별시 용산구 독서당로 97,예술·스포츠,127.0107938,37.53531773
서울특별시 용산구 한강대로 405,음식,126.9717295,37.55483949
서울특별시 용산구 원효로 51,음식,126.950071,37.53385706
서울특별시 용산구 후암로57길 51-1,음식,126.9740961,37.55124505
서울특별시 용산구 새창로 213,음식,126.9672699,37.5304663
서울특별시 용산구 원효로48길 11-4,음식,126.9610906,37.53445586
서울특별시 용산구 보광로60길 15,음식,126.9950331,37.53408375
서울특별시 용산구 한강대로 69,음식,126.9648956,37.52704181
서울특별시 용산구 한강대로38길 11-8,음식,126.9698044,37.52978221
서울특별시 용산구 후암로57길 3-6,음식,126.9744802,37.55318228
서울특별시 용산구 장문로 81,음식,126.9986425,37.52620008
서울특별시 용산구 녹사평대로 242,음식,126.98735,37.53916482
서울특별시 용산구 신흥로3가길 55,음식,126.9840567,37.54225485
서울특별시 용산구 독서당로 22,음식,127.0077611,37.53033543
서울특별시 용산구 한강대로 268,음식,126.9730808,37.5422078
서울특별시 용산구 장문로 111,음식,127.0018327,37.5265875
서울특별시 용산구 새창로 124-5,음식,126.9606484,37.53630277
서울특별시 용산구 후암로 107,음식,126.9735634,37.55346139
서울특별시 용산구 청파로57길 7-6,숙박,126.9696844,37.54670297
서울특별시 용산구 원효로90길 6,음식,126.9692459,37.53982823
서울특별시 용산구 한강대로 205,음식,126.972585,37.53665753
서울특별시 용산구 한강대로 185,음식,126.9732078,37.53525211
서울특별시 용산구 한강대로104길 72,음식,126.9761674,37.5499931
서울특별시 용산구 청파로 378,음식,126.9704869,37.54911785
서울특별시 용산구 이태원로 253,예술·스포츠,127.0005884,37.53741755
서울특별시 용산구 효창원로 140,예술·스포츠,126.9619928,37.54032167
서울특별시 용산구 한강대로 200,음식,126.974667,37.53619849
서울특별시 용산구 이태원로55길 43-1,음식,126.9992306,37.53776894
서울특별시 용산구 한강대로 139-1,음식,126.9702108,37.53197175
서울특별시 용산구 한강대로76길 11-12,음식,126.9738843,37.54208185
서울특별시 용산구 보광로 15,음식,127.0009842,37.52592077
서울특별시 용산구 이태원로 199,음식,126.9962097,37.53484063
서울특별시 용산구 효창원로69가길 5,음식,126.9610983,37.54148367
서울특별시 용산구 회나무로13가길 19,음식,126.990665,37.54101217
서울특별시 용산구 녹사평대로46길 37,음식,126.9886401,37.53771434
서울특별시 용산구 원효로41길 60,음식,126.9607394,37.53532071
서울특별시 용산구 청파로43가길 28,음식,126.9686556,37.54432406
서울특별시 용산구 이태원로55나길 6,음식,126.9991062,37.53666071
서울특별시 용산구 이촌로18길 21-41,음식,126.9553031,37.5255339
서울특별시 용산구 회나무로44길 46,음식,126.9952704,37.53948075
서울특별시 용산구 보광로 50,음식,126.99888,37.52858774
서울특별시 용산구 효창원로 264,음식,126.9638773,37.55071979
서울특별시 용산구 청파로85가길 9,음식,126.9681657,37.55224371
서울특별시 용산구 새창로44길 3,음식,126.9620977,37.53416787
서울특별시 용산구 회나무로13나길 36,음식,126.9918417,37.54135464
서울특별시 용산구 녹사평대로54길 20,음식,126.9883231,37.53910185
서울특별시 용산구 이태원로42길 19,음식,126.9998303,37.53581377
서울특별시 용산구 이촌로 264,음식,126.976132,37.5190347
서울특별시 용산구 한강대로81길 10-1,음식,126.9717679,37.54309949
서울특별시 용산구 녹사평대로40길 47,음식,126.9884709,37.53451577
서울특별시 용산구 이촌로 290,소매,126.9787114,37.5180531
서울특별시 용산구 한강대로54길 29,음식,126.9732087,37.53254911
서울특별시 용산구 한강대로39길 10,음식,126.9689892,37.53125064
서울특별시 용산구 이촌로84길 9-18,음식,126.9777273,37.51798985
서울특별시 용산구 대사관로 45-1,음식,127.0032584,37.53370539
서울특별시 용산구 한강대로17길 24,소매,126.9635495,37.52674407
서울특별시 용산구 우사단로 2-1,예술·스포츠,126.9969227,37.53058793
서울특별시 용산구 이태원로27가길 52,음식,126.9923968,37.53508372
서울특별시 용산구 소월로38가길 5,음식,126.9901782,37.5432376
서울특별시 용산구 녹사평대로40길 46,음식,126.9882107,37.53439861
서울특별시 용산구 한강대로62다길 12,음식,126.9739779,37.53309889
서울특별시 용산구 서빙고로 4-16,음식,126.9650886,37.52565433
서울특별시 용산구 이태원로16길 11,음식,126.9912542,37.53372313
서울특별시 용산구 새창로 213-17,음식,126.9678919,37.53088093
서울특별시 용산구 한남대로42길 23,음식,127.0028628,37.54322897
서울특별시 용산구 원효로 231,음식,126.9670173,37.53880049
서울특별시 용산구 이태원로27길 101,음식,126.9949084,37.53769675
서울특별시 용산구 청파로 299-1,음식,126.9700919,37.54634267
서울특별시 용산구 새창로 217,음식,126.9677791,37.53021416
서울특별시 용산구 한강대로7길 22-7,음식,126.9617403,37.52504061
서울특별시 용산구 한강대로 262,음식,126.9731942,37.54166723
서울특별시 용산구 백범로 324-1,음식,126.9649244,37.53817819
서울특별시 용산구 원효로 55,예술·스포츠,126.9504898,37.5335599
서울특별시 용산구 한강대로104길 80,예술·스포츠,126.9765861,37.55002922
서울특별시 용산구 후암로 107,음식,126.9735634,37.55346139
서울특별시 용산구 이촌로75길 16-9,음식,126.9747853,37.52073732
서울특별시 용산구 이태원로54길 74,음식,127.000973,37.53524614
서울특별시 용산구 우사단로 37,음식,126.9954404,37.53353415
서울특별시 용산구 효창원로 218,음식,126.9636304,37.54666522
서울특별시 용산구 원효로 273-1,음식,126.9703088,37.54151337
서울특별시 용산구 이촌로62길 9,음식,126.9694915,37.52028557
서울특별시 용산구 후암로57길 3-2,음식,126.9742538,37.55316421
서울특별시 용산구 후암로 107,예술·스포츠,126.9735634,37.55346139
서울특별시 용산구 신흥로 28,음식,126.987112,37.5409758
서울특별시 용산구 두텁바위로1나길 14-6,숙박,126.9764062,37.54630806
서울특별시 용산구 이태원로 243,음식,127.0000113,37.53680487
서울특별시 용산구 한강대로 95,음식,126.9666597,37.5288173
서울특별시 용산구 청파로 46,소매,126.9565551,37.53192247
서울특별시 용산구 효창원로42길 14,음식,126.9598901,37.53664489
서울특별시 용산구 우사단로10길 21,음식,126.9967076,37.53329092
서울특별시 용산구 보광로 105,음식,126.9944223,37.53212855
서울특별시 용산구 보광로59길 56,음식,126.9908922,37.5339033
서울특별시 용산구 한강대로 277-2,음식,126.9722205,37.54306356
서울특별시 용산구 이태원로27가길 37,음식,126.9931096,37.53487653
서울특별시 용산구 청파로 330-24,음식,126.9704983,37.54894666
서울특별시 용산구 한강대로14길 69,음식,126.9676915,37.52345662
서울특별시 용산구 한남대로 91,음식,127.0021384,37.53656158
서울특별시 용산구 한강대로 57,음식,126.9646359,37.52614073
서울특별시 용산구 한강대로40길 26,음식,126.9706188,37.53005272
서울특별시 용산구 한강대로52길 17-4,음식,126.9723377,37.53211643
서울특별시 용산구 한강대로23길 55,음식,126.964736,37.5297718
서울특별시 용산구 한강대로44길 21,음식,126.9711843,37.53071059
서울특별시 용산구 소월로40길 76,음식,126.9929619,37.54173313
서울특별시 용산구 새창로 213-17,예술·스포츠,126.9678919,37.53088093
서울특별시 용산구 독서당로 46,예술·스포츠,127.0074219,37.5323537
서울특별시 용산구 서빙고로51길 10,음식,126.9909164,37.52075768
서울특별시 용산구 청파로43다길 9,음식,126.969369,37.54322503
서울특별시 용산구 이태원로 158,음식,126.9914239,37.53415562
서울특별시 용산구 서빙고로 17,음식,126.96657,37.52690715
서울특별시 용산구 한강대로23길 55,음식,126.964736,37.5297718
서울특별시 용산구 한강대로 95,보건의료,126.9666597,37.5288173
서울특별시 용산구 후암로57길 35-8,숙박,126.9744128,37.55179473
서울특별시 용산구 한강대로62길 17,음식,126.9738418,37.53408095
서울특별시 용산구 청파로47길 42,음식,126.9681689,37.54482849
서울특별시 용산구 청파로71길 13,음식,126.9688912,37.54919853
서울특별시 용산구 독서당로 22,음식,127.0077611,37.53033543
서울특별시 용산구 대사관로 77,음식,127.0067771,37.53332682
서울특별시 용산구 회나무로28가길 30-8,숙박,126.9911745,37.53863357
서울특별시 용산구 대사관로31길 16,음식,127.0059965,37.53400261
서울특별시 용산구 이태원로 70,음식,126.9887545,37.52958732
서울특별시 용산구 우사단로 33,음식,126.9954178,37.53320979
서울특별시 용산구 이태원로20길 2-8,음식,126.9916502,37.53404752
서울특별시 용산구 대사관로 35,음식,127.0021497,37.53375046
서울특별시 용산구 대사관로 35,음식,127.0021497,37.53375046
서울특별시 용산구 대사관로30길 11-6,음식,127.0058606,37.53253398
서울특별시 용산구 대사관로30길 7,음식,127.0057022,37.53289439
서울특별시 용산구 한강대로38가길 7-18,음식,126.9700533,37.52980931
서울특별시 용산구 두텁바위로1길 96,음식,126.9759304,37.54811897
서울특별시 용산구 한강대로40길 33,음식,126.9711958,37.53025108
서울특별시 용산구 원효로90길 10,음식,126.9694609,37.53979224
서울특별시 용산구 원효로89길 23,음식,126.9677293,37.54073783
서울특별시 용산구 한강대로23길 55,음식,126.964736,37.5297718
서울특별시 용산구 한강대로 95,보건의료,126.9666597,37.5288173
서울특별시 용산구 이태원로54길 62-4,음식,127.0008599,37.53563357
서울특별시 용산구 후암로15길 13-15,숙박,126.9769375,37.54823631
서울특별시 용산구 한남대로27길 33,음식,127.0029984,37.53824644
서울특별시 용산구 이태원로17길 15-10,숙박,126.9909712,37.53530887
서울특별시 용산구 한강대로 130-3,음식,126.9699962,37.53101664
서울특별시 용산구 한남대로 91,음식,127.0021384,37.53656158
서울특별시 용산구 한강대로52길 29-6,음식,126.9729488,37.53171112
서울특별시 용산구 한강대로 280-1,예술·스포츠,126.9728201,37.54336102
서울특별시 용산구 청파로85가길 10-13,숙박,126.9674075,37.55222548
서울특별시 용산구 백범로 330,음식,126.9655467,37.53804323
서울특별시 용산구 한강대로48길 19,음식,126.9716592,37.53143151
서울특별시 용산구 한강대로14가길 8,음식,126.9651231,37.52434788
서울특별시 용산구 녹사평대로32길 51,음식,126.9908697,37.53256982
서울특별시 용산구 한강대로 373,음식,126.9720023,37.55171309
서울특별시 용산구 한강대로62길 37,음식,126.973695,37.53323398
서울특별시 용산구 신흥로 79-1,음식,126.9861042,37.54525543
서울특별시 용산구 이태원로16길 43,숙박,126.9919558,37.53258791
서울특별시 용산구 한강대로 206-21,음식,126.9747348,37.53658593
서울특별시 용산구 한강대로98길 6-16,숙박,126.9723545,37.54788393
서울특별시 용산구 대사관로30가길 9,음식,127.0051252,37.53213758
서울특별시 용산구 원효로53길 1,음식,126.9619951,37.53576261
서울특별시 용산구 이태원로20길 18-1,음식,126.9921028,37.53353398
서울특별시 용산구 한강대로23길 55,음식,126.964736,37.5297718
서울특별시 용산구 효창원로42길 18,음식,126.9599807,37.53650076
서울특별시 용산구 신흥로 103-1,음식,126.9844635,37.54482275
서울특별시 용산구 신흥로 97-4,음식,126.9848934,37.54526429
서울특별시 용산구 한강대로54길 10,음식,126.9721226,37.53263896
서울특별시 용산구 보광로5길 6,음식,127.0009616,37.52571354
서울특별시 용산구 우사단로2가길 6,소매,126.999457,37.52976805
서울특별시 용산구 대사관로 46-1,음식,127.0032132,37.53332697
서울특별시 용산구 원효로 257,음식,126.9691211,37.54056702
서울특별시 용산구 이촌로64길 26,예술·스포츠,126.9699102,37.51984419
서울특별시 용산구 우사단로10길 114,음식,127.0012671,37.53130876
서울특별시 용산구 새창로 103-1,숙박,126.9601156,37.5381136
서울특별시 용산구 한남대로21길 24,음식,127.0061662,37.53383141
서울특별시 용산구 이촌로29길 8-5,음식,126.9599194,37.52420207
서울특별시 용산구 이태원로20가길 7-5,음식,126.9924309,37.53372321
서울특별시 용산구 청파로89길 60,음식,126.9658452,37.55342337
서울특별시 용산구 독서당로 124,보건의료,127.0127741,37.5370024
서울특별시 용산구 신흥로 30-1,음식,126.9871799,37.54118304
서울특별시 용산구 한강대로 54,음식,126.964704,37.525465
서울특별시 용산구 한남대로18길 28,음식,127.0087911,37.5346061
서울특별시 용산구 한강대로23길 55,음식,126.964736,37.5297718
서울특별시 용산구 녹사평대로40가길 3-3,음식,126.987724,37.53529055
서울특별시 용산구 우사단로4길 22,음식,126.9978051,37.53142588
서울특별시 용산구 한강대로76길 11-4,음식,126.9739183,37.54179353
서울특별시 용산구 한강대로48길 17-6,음식,126.9718288,37.5315667
서울특별시 용산구 효창원로 262,음식,126.9638208,37.55059363
서울특별시 용산구 두텁바위로35길 5-4,음식,126.9806495,37.54705666
서울특별시 용산구 청파로 359-26,숙박,126.9687997,37.5517213
서울특별시 용산구 대사관로 66,음식,127.0053402,37.53317372
서울특별시 용산구 한강대로23길 55,음식,126.964736,37.5297718
서울특별시 용산구 한남대로27가길 15,음식,127.0029079,37.53739049
서울특별시 용산구 이태원로27가길 54-3,음식,126.9920574,37.53505666
서울특별시 용산구 후암로 85,음식,126.9760306,37.55315558
서울특별시 용산구 효창원로 270,음식,126.963696,37.55133241
서울특별시 용산구 한강대로23길 55,음식,126.964736,37.5297718
서울특별시 용산구 녹사평대로 230,음식,126.9871012,37.53813765
서울특별시 용산구 이태원로 173-7,음식,126.9932228,37.53487654
서울특별시 용산구 대사관로 35,음식,127.0021497,37.53375046
서울특별시 용산구 서빙고로 413,음식,127.0042424,37.52722715
서울특별시 용산구 만리재로 172-1,음식,126.9655734,37.55381973
서울특별시 용산구 한강대로23길 55,음식,126.964736,37.5297718
서울특별시 용산구 두텁바위로 4-1,음식,126.9725932,37.54503683
서울특별시 용산구 한강대로 205,음식,126.9726076,37.53659447
서울특별시 용산구 한강대로 164,음식,126.9723486,37.53340486
서울특별시 용산구 청파로 330-3,음식,126.9703058,37.54913582
서울특별시 용산구 신흥로 28,음식,126.987112,37.5409758
서울특별시 용산구 녹사평대로40길 57,음식,126.9890592,37.53450681
서울특별시 용산구 보광로 63,소매,126.9976581,37.52926347
서울특별시 용산구 녹사평대로 228-2,음식,126.9870447,37.53803853
서울특별시 용산구 청파로 276,음식,126.9709301,37.5442886
서울특별시 용산구 이태원로54길 58-18,음식,127.0007807,37.53582278
서울특별시 용산구 신흥로 136,음식,126.9818947,37.54529991
서울특별시 용산구 독서당로 39,예술·스포츠,127.0071616,37.53155182
서울특별시 용산구 두텁바위로60길 49,예술·스포츠,126.9833649,37.54925551
서울특별시 용산구 한강대로38가길 7-24,음식,126.9699288,37.52989938
서울특별시 용산구 녹사평대로40길 47,음식,126.9884709,37.53451577
서울특별시 용산구 대사관로30길 17,음식,127.0056569,37.53251597
서울특별시 용산구 백범로99가길 12-7,음식,126.9711936,37.53581026
서울특별시 용산구 한강대로 372,음식,126.9729077,37.55167726
서울특별시 용산구 한강대로54길 20,음식,126.9726883,37.53251295
서울특별시 용산구 신흥로20길 1,소매,126.9851083,37.54591304
서울특별시 용산구 한강대로23길 55,음식,126.964736,37.5297718
서울특별시 용산구 한강대로21길 17,음식,126.9641378,37.52680732
서울특별시 용산구 보광로 127,음식,126.9937207,37.53408368
서울특별시 용산구 한강대로 270,음식,126.9730355,37.542397
서울특별시 용산구 한강대로62길 61,음식,126.9736162,37.53210771
서울특별시 용산구 청파로47나길 99,음식,126.968665,37.54905431
서울특별시 용산구 청파로47길 62,음식,126.9671391,37.54492732
서울특별시 용산구 청파로47길 78,음식,126.9661885,37.54509824
서울특별시 용산구 청파로47나길 7,예술·스포츠,126.9668221,37.54529664
서울특별시 용산구 후암로 101,음식,126.9743104,37.55339848
서울특별시 용산구 한강대로62길 7,음식,126.9739095,37.5345585
서울특별시 용산구 청파로89길 32-3,음식,126.9671919,37.55343276
서울특별시 용산구 우사단로10길 15,음식,126.9964248,37.53326389
서울특별시 용산구 신흥로20길 1,소매,126.9851083,37.54591304
서울특별시 용산구 후암로 79,음식,126.9764268,37.55285833
서울특별시 용산구 후암로 32-3,음식,126.9778653,37.54882213
서울특별시 용산구 녹사평대로 244-1,음식,126.9874631,37.53944414
서울특별시 용산구 대사관로5길 10-5,음식,127.0010862,37.53482267
서울특별시 용산구 효창원로 260,음식,126.9637983,37.55044946
서울특별시 용산구 한강대로14길 35-18,음식,126.9664126,37.52469064
서울특별시 용산구 한강대로 259,음식,126.9724134,37.54157695
서울특별시 용산구 한강대로104길 80,음식,126.9765861,37.55002922
서울특별시 용산구 한강대로30길 25,소매,126.9688551,37.52735827
서울특별시 용산구 청파로 378,음식,126.9704869,37.54911785
서울특별시 용산구 보광로 63-6,숙박,126.9973527,37.5292094
서울특별시 용산구 한강대로102길 11-3,음식,126.9727838,37.55004643
서울특별시 용산구 청파로73가길 5,숙박,126.9684493,37.5505409
서울특별시 용산구 이태원로 243,음식,127.0000113,37.53680487
서울특별시 용산구 이태원로27가길 8,음식,126.9948973,37.5351289
서울특별시 용산구 회나무로 34,음식,126.9903823,37.53962461
서울특별시 용산구 이태원로54길 52,숙박,127.0011993,37.53621922
서울특별시 용산구 한남대로 91,음식,127.0021384,37.53656158
서울특별시 용산구 후암로 107,음식,126.9735634,37.55348842
서울특별시 용산구 한강대로7길 23-5,음식,126.9615483,37.52442786
서울특별시 용산구 한강대로15길 23-12,음식,126.9626562,37.52596893
서울특별시 용산구 새창로 132,음식,126.961237,37.5357083
서울특별시 용산구 회나무로13가길 22,음식,126.9907895,37.54079594
서울특별시 용산구 한강대로 275-1,숙박,126.9720509,37.54292837
서울특별시 용산구 회나무로13가길 3-8,음식,126.9900427,37.54092202
서울특별시 용산구 이태원로 10,음식,126.9748711,37.53483802
서울특별시 용산구 한강대로 379-2,예술·스포츠,126.972104,37.5522357
서울특별시 용산구 이태원로20가길 16,음식,126.9930532,37.53346196
서울특별시 용산구 녹사평대로32길 43,음식,126.9908131,37.53284912
서울특별시 용산구 한강대로7길 30-18,음식,126.9620229,37.52541912
서울특별시 용산구 청파로47길 89,음식,126.9655775,37.54498994
서울특별시 용산구 대사관로 35,음식,127.0021497,37.53375046
서울특별시 용산구 백범로43길 2,음식,126.9580547,37.54105014
서울특별시 용산구 한강대로23길 55,음식,126.964736,37.5297718
서울특별시 용산구 한강대로15길 12,음식,126.963844,37.52599633
서울특별시 용산구 한강대로 168-2,음식,126.9726766,37.53369326
서울특별시 용산구 서빙고로51길 64,소매,126.9911084,37.52321743
서울특별시 용산구 녹사평대로 210-7,음식,126.9874522,37.53651589
서울특별시 용산구 녹사평대로 244-1,음식,126.9874631,37.53944414
서울특별시 용산구 서빙고로 69,음식,126.9723522,37.52371008
서울특별시 용산구 서빙고로 4-12,음식,126.9651564,37.52571742
서울특별시 용산구 한강대로23길 55,음식,126.964736,37.5297718
서울특별시 용산구 서빙고로91나길 72,소매,126.9965044,37.52405565
서울특별시 용산구 회나무로 31-6,음식,126.9901107,37.53988588
서울특별시 용산구 서빙고로22길 14,예술·스포츠,126.9680534,37.52373603
서울특별시 용산구 한강대로14길 24,음식,126.965338,37.52459122
서울특별시 용산구 독서당로 22,음식,127.0077611,37.53033543
서울특별시 용산구 소월로20길 60,음식,126.9843279,37.54412896
서울특별시 용산구 한강대로62나길 14,음식,126.9744979,37.53430635
서울특별시 용산구 한남대로42가길 10,음식,127.0027044,37.54328303
서울특별시 용산구 두텁바위로1길 63,소매,126.975331,37.54683042
서울특별시 용산구 효창원로 24,음식,126.9520731,37.53455166
서울특별시 용산구 한강대로14길 18,음식,126.965123,37.52469927
서울특별시 용산구 이태원로 8,음식,126.9748258,37.5349191
서울특별시 용산구 한강대로15길 12,예술·스포츠,126.963844,37.52599633
서울특별시 용산구 원효로 154,소매,126.9604231,37.5344196
서울특별시 용산구 녹사평대로26가길 9,음식,126.9921029,37.53235366
서울특별시 용산구 녹사평대로40가길 3-3,음식,126.987724,37.53529055
서울특별시 용산구 이촌로58길 3,예술·스포츠,126.9688577,37.52098819
서울특별시 용산구 한강대로 254,숙박,126.9734207,37.54108163
서울특별시 용산구 청파로 277-1,음식,126.9704774,37.54439661
서울특별시 용산구 이태원로 231,음식,126.9992646,37.53595793
서울특별시 용산구 이촌로64길 61,음식,126.9677042,37.52023103
서울특별시 용산구 회나무로13길 52-22,숙박,126.9908347,37.5414717
서울특별시 용산구 청파로85길 35,숙박,126.9670339,37.55253172
서울특별시 용산구 한강대로23길 25,숙박,126.9643523,37.52764532
서울특별시 용산구 한강대로54길 7,음식,126.9720546,37.53283716
서울특별시 용산구 청파로 330-32,음식,126.9705549,37.54877549
서울특별시 용산구 청파로85가길 28,숙박,126.9671811,37.55224344
서울특별시 용산구 한남대로27가길 15,음식,127.0029079,37.53739049
서울특별시 용산구 신흥로 44,음식,126.9875305,37.54223724
서울특별시 용산구 한강대로23길 55,음식,126.964736,37.5297718
서울특별시 용산구 신흥로5길 13-1,음식,126.9864896,37.54164247
서울특별시 용산구 원효로90길 16,소매,126.9696986,37.53959409
서울특별시 용산구 보광로60길 22,음식,126.9954404,37.53392158
서울특별시 용산구 이태원로20가길 11,음식,126.992793,37.53361511
서울특별시 용산구 회나무로13길 5,음식,126.9892848,37.53953442
서울특별시 용산구 한강대로21길 17,음식,126.9641378,37.52680732
서울특별시 용산구 이태원로 158,음식,126.9914239,37.53415562
서울특별시 용산구 회나무로 23,음식,126.9891943,37.5393452
서울특별시 용산구 한강대로 283,소매,126.9719488,37.54344191
서울특별시 용산구 이태원로19길 13,음식,126.9917859,37.5350116
서울특별시 용산구 독서당로20길 9-15,음식,127.0095264,37.53319148
서울특별시 용산구 회나무로28길 1,음식,126.9918872,37.53954363
서울특별시 용산구 청파로47나길 8,음식,126.967071,37.54523364
서울특별시 용산구 청파로85가길 48,음식,126.966072,37.5524864
서울특별시 용산구 이태원로14길 45,음식,126.9914467,37.5325158
서울특별시 용산구 한남대로40길 25,소매,127.0033607,37.5430938
서울특별시 용산구 한남대로 91,음식,127.0021384,37.53656158
서울특별시 용산구 서빙고로51길 4,소매,126.990939,37.52064055
서울특별시 용산구 한강대로48길 17-3,음식,126.971546,37.53155762
서울특별시 용산구 보광로60길 17,음식,126.9951349,37.53415583
서울특별시 용산구 원효로41길 62,음식,126.9607506,37.53544685
서울특별시 용산구 한강대로80길 21-3,음식,126.9739745,37.54282969
서울특별시 용산구 한강대로104가길 4,음식,126.9735759,37.55023582
서울특별시 용산구 이태원로20길 21-9,숙박,126.9929174,37.53339888
서울특별시 용산구 청파로47다길 6,음식,126.9656904,37.54539543
서울특별시 용산구 두텁바위로 137,음식,126.981384,37.55129148
서울특별시 용산구 녹사평대로40다길 30,소매,126.9898058,37.53554303
서울특별시 용산구 두텁바위로 147,음식,126.9808747,37.55148961
서울특별시 용산구 한강대로21길 17-18,음식,126.9634366,37.52632958
서울특별시 용산구 녹사평대로54길 23,음식,126.9886172,37.53915593
서울특별시 용산구 청파로 326,음식,126.9702041,37.54870332
서울특별시 용산구 청파로45길 8-1,소매,126.970138,37.54436049
서울특별시 용산구 한강대로23길 55,음식,126.964736,37.5297718
서울특별시 용산구 한강대로40가길 15,음식,126.9714671,37.53081878
서울특별시 용산구 원효로39길 25-3,숙박,126.9579677,37.5347341
서울특별시 용산구 효창원로 260,음식,126.9637983,37.55044946
서울특별시 용산구 한강대로23길 55,음식,126.964736,37.5297718
서울특별시 용산구 녹사평대로 238,음식,126.987384,37.53880442
서울특별시 용산구 서빙고로91나길 72,소매,126.9965044,37.52405565
서울특별시 용산구 한강대로 95,음식,126.9666597,37.5288173
서울특별시 용산구 보광로60길 6,음식,126.9944674,37.53384946
서울특별시 용산구 백범로99길 62,음식,126.9729134,37.53579265
서울특별시 용산구 이태원로27가길 43,음식,126.992906,37.53482246
서울특별시 용산구 원효로41길 72,음식,126.9611805,37.53567224
서울특별시 용산구 원효로 143,음식,126.958907,37.53447314
서울특별시 용산구 보광로59길 14-1,음식,126.9932342,37.53405663
서울특별시 용산구 소월로20길 32-1,음식,126.9851877,37.54512017
서울특별시 용산구 이태원로26길 16,음식,126.9932908,37.53369623
서울특별시 용산구 한남대로27길 66,음식,127.0029985,37.53959794
서울특별시 용산구 이태원로19길 4,음식,126.9919782,37.53466923
서울특별시 용산구 신흥로 9,음식,126.9864447,37.53934492
서울특별시 용산구 원효로97길 19,음식,126.9694488,37.54178345
서울특별시 용산구 이태원로 189,음식,126.9949199,37.53484959
서울특별시 용산구 효창원로15길 2,음식,126.9533624,37.53547119
서울특별시 용산구 두텁바위로 4,음식,126.9725027,37.5450278
서울특별시 용산구 청파로45길 20,음식,126.9695608,37.54449549
서울특별시 용산구 한남대로 91,음식,127.0021384,37.53656158
서울특별시 용산구 청파로47길 43,음식,126.967954,37.54456714
서울특별시 용산구 한강대로 69,보건의료,126.9648956,37.52704181
서울특별시 용산구 청파로47길 59,음식,126.9671165,37.54472909
서울특별시 용산구 백범로 341,보건의료,126.9679455,37.53796281
서울특별시 용산구 이태원로 162,음식,126.9919217,37.53418268
서울특별시 용산구 효창원로42길 12,음식,126.9597656,37.53674396
서울특별시 용산구 소월로2길 37,음식,126.9767096,37.55328185
서울특별시 용산구 한강대로10길 15,음식,126.9643088,37.5239512
서울특별시 용산구 한강대로 141,음식,126.9703126,37.53207089
서울특별시 용산구 회나무로13가길 33,음식,126.9913326,37.5410753
서울특별시 용산구 한강대로92길 11-8,숙박,126.9728644,37.54627126
서울특별시 용산구 백범로99길 40,음식,126.9713523,37.53513455
서울특별시 용산구 독서당로 80,음식,127.0094699,37.53401139
서울특별시 용산구 장문로 98,음식,127.0003733,37.52600187
서울특별시 용산구 이태원로54길 68-5,음식,127.0009278,37.53532723
서울특별시 용산구 우사단로 39,음식,126.9954404,37.53369633
서울특별시 용산구 한강대로 100,음식,126.9686735,37.52879082
서울특별시 용산구 원효로 186,음식,126.9632282,37.53600627
서울특별시 용산구 청파로 269,음식,126.9705683,37.54358573
서울특별시 용산구 보광로23길 4,음식,126.9989026,37.52802011
서울특별시 용산구 신흥로3길 57,음식,126.9859915,37.54293084
서울특별시 용산구 청파로85가길 10-4,숙박,126.9680298,37.5523608
서울특별시 용산구 이태원로54가길 14,음식,127.0015954,37.53714724
서울특별시 용산구 한강대로30길 25,음식,126.9689228,37.52769166
서울특별시 용산구 이촌로75길 16-9,음식,126.9747853,37.52073732
서울특별시 용산구 두텁바위로40길 28-18,음식,126.9839537,37.54751667
서울특별시 용산구 한강대로 168-2,음식,126.9726766,37.53369326
서울특별시 용산구 소월로2다길 13,숙박,126.9782373,37.55353442
서울특별시 용산구 이태원로 173-7,음식,126.9932228,37.53487654
서울특별시 용산구 한강대로52길 34,음식,126.9727,37.53150383
서울특별시 용산구 한강대로 356,음식,126.9721614,37.54994717
서울특별시 용산구 한강대로23길 55,음식,126.964736,37.5297718
서울특별시 용산구 백범로90길 38,음식,126.969564,37.53671085
서울특별시 용산구 두텁바위로1길 27,숙박,126.9738264,37.54581197
서울특별시 용산구 대사관로31길 7-2,음식,127.0057249,37.53390351
서울특별시 용산구 소월로20길 46,음식,126.984803,37.54460655
서울특별시 용산구 한강대로15길 19-22,음식,126.9627581,37.52568064
서울특별시 용산구 한강대로 282,음식,126.9727409,37.54349616
서울특별시 용산구 신흥로2길 78,음식,126.9881074,37.54323741
서울특별시 용산구 한강대로11길 21,음식,126.9624529,37.52531114
서울특별시 용산구 한강대로72길 11-11,음식,126.9738506,37.54115381
서울특별시 용산구 신흥로 40,음식,126.98744,37.54194892
서울특별시 용산구 이태원로19길 5,음식,126.9917633,37.53475931
서울특별시 용산구 청파로47길 34-2,음식,126.9683385,37.54496369
서울특별시 용산구 청파로 289,음식,126.9701941,37.54537863
서울특별시 용산구 회나무로39가길 18,숙박,126.9938786,37.5403997
서울특별시 용산구 한남대로27가길 8-3,음식,127.0030889,37.53769682
서울특별시 용산구 회나무로13길 52-43,음식,126.991027,37.54161587
서울특별시 용산구 서빙고로 17,예술·스포츠,126.96657,37.52690715
서울특별시 용산구 독서당로 46,음식,127.0074219,37.5323537
서울특별시 용산구 녹사평대로 216-1,음식,126.9870562,37.53696634
서울특별시 용산구 한강대로87길 6,음식,126.9716316,37.54436085
서울특별시 용산구 한강대로 212-2,음식,126.9743837,37.53736972
서울특별시 용산구 청파로47길 15,음식,126.9696286,37.54476581
서울특별시 용산구 신흥로20길 1,음식,126.9851083,37.54591304
서울특별시 용산구 한남대로21길 14,음식,127.0061888,37.53431795
서울특별시 용산구 효창원로86가길 30,음식,126.965146,37.54819737
서울특별시 용산구 효창원로15길 34-26,숙박,126.9539499,37.53675985
서울특별시 용산구 한강대로42길 4,음식,126.9699058,37.53072829
서울특별시 용산구 한강대로40길 9-8,음식,126.9701887,37.53056618
서울특별시 용산구 만리재로 196,음식,126.9679043,37.55477544
서울특별시 용산구 백범로99길 40,음식,126.9716009,37.53587343
서울특별시 용산구 한강대로23길 55,음식,126.964736,37.5297718
서울특별시 용산구 백범로 259,보건의료,126.958383,37.54077996
서울특별시 용산구 한강대로 100,소매,126.9686735,37.52879082
서울특별시 용산구 한강대로10길 11-18,음식,126.9645576,37.52418553
서울특별시 용산구 원효로19길 26,음식,126.9531942,37.53301139
서울특별시 용산구 한강대로62다길 11,음식,126.9742041,37.53320706
서울특별시 용산구 이태원로23길 6,음식,126.9928042,37.53480443
서울특별시 용산구 보광로 106,음식,126.9948748,37.53226372
서울특별시 용산구 대사관로5길 19,음식,127.0004526,37.53510198
서울특별시 용산구 이태원로 29,음식,126.9784683,37.5373345
서울특별시 용산구 한강대로62길 42,음식,126.9734348,37.53306273
서울특별시 용산구 신흥로14길 9,음식,126.9877339,37.54386808
서울특별시 용산구 임정로 93-4,음식,126.9608577,37.5470878
서울특별시 용산구 한강대로 100,음식,126.9686735,37.52879082
서울특별시 용산구 청파로 333,음식,126.9696947,37.54932488
서울특별시 용산구 두텁바위로38길 29-15,음식,126.983784,37.54741754
서울특별시 용산구 원효로41길 15,예술·스포츠,126.9583186,37.53453601
서울특별시 용산구 녹사평대로32길 22,음식,126.9900324,37.53344372
서울특별시 용산구 청파로51길 9-13,숙박,126.9692322,37.54551353
서울특별시 용산구 보광로24길 13,음식,126.9997172,37.52857873
서울특별시 용산구 백범로 318,음식,126.9642228,37.53834016
서울특별시 용산구 보광로 15,음식,127.0009842,37.52592077
서울특별시 용산구 녹사평대로26가길 9,음식,126.9921029,37.53235366
서울특별시 용산구 이태원로 247,음식,127.0002602,37.53691299
서울특별시 용산구 후암로28가길 23,음식,126.9789964,37.55057929
서울특별시 용산구 보광로60길 22,음식,126.9954404,37.53392158
서울특별시 용산구 한강대로 348,음식,126.9720598,37.54932546
서울특별시 용산구 원효로41길 21,음식,126.9585787,37.53468026
서울특별시 용산구 녹사평대로40나길 53,소매,126.9887534,37.53690345
서울특별시 용산구 임정로 59-1,음식,126.9579393,37.54513163
서울특별시 용산구 보광로7길 63,음식,126.9976582,37.52583065
서울특별시 용산구 새창로 120-7,음식,126.9603541,37.5365099
서울특별시 용산구 우사단로 37,음식,126.9954404,37.53353415
서울특별시 용산구 한강대로 367-1,음식,126.9719232,37.5513797
서울특별시 용산구 대사관로5길 14-3,음식,127.0009391,37.53509297
서울특별시 용산구 한강대로76길 11-12,음식,126.9738843,37.54208185
서울특별시 용산구 이태원로20가길 7-6,음식,126.9926572,37.53383134
서울특별시 용산구 장문로6길 104,음식,126.9966061,37.52583063
서울특별시 용산구 신흥로3길 3,음식,126.9867386,37.54114695
서울특별시 용산구 한강대로 183,음식,126.9731173,37.53514397
서울특별시 용산구 청파로85가길 10-4,숙박,126.9680298,37.5523608
서울특별시 용산구 한강대로40길 28,음식,126.9708225,37.53008881
서울특별시 용산구 이태원로27가길 13,음식,126.9945805,37.53494869
서울특별시 용산구 새창로 129,음식,126.9613839,37.53615885
서울특별시 용산구 이태원로26길 28,음식,126.9935058,37.53327277
서울특별시 용산구 새창로 115-10,음식,126.961225,37.5371499
서울특별시 용산구 우사단로4길 6,음식,126.9970471,37.53140784
서울특별시 용산구 한강대로42길 3,음식,126.9700076,37.53090852
서울특별시 용산구 보광로 45,음식,126.9989479,37.5281012
서울특별시 용산구 신흥로18길 27,음식,126.9870434,37.5455799
서울특별시 용산구 후암로35길 49,음식,126.9761676,37.54930834
서울특별시 용산구 한강대로 100,음식,126.9686735,37.52879082
서울특별시 용산구 원효로90길 12,음식,126.9695401,37.5397292
서울특별시 용산구 녹사평대로46길 46,음식,126.9890361,37.53787655
서울특별시 용산구 장문로 90,소매,126.9995022,37.52598385
서울특별시 용산구 새창로 181,음식,126.9649836,37.53251993
서울특별시 용산구 녹사평대로26길 24,음식,126.9916845,37.53093906
서울특별시 용산구 이태원로14길 23,음식,126.9909488,37.53341676
서울특별시 용산구 이태원로54길 78,음식,127.0008146,37.53519208
서울특별시 용산구 백범로 341,음식,126.9679455,37.53796281
서울특별시 용산구 이태원로42길 56,음식,127.0012899,37.53694903
서울특별시 용산구 회나무로13가길 33,음식,126.9913326,37.5410753
서울특별시 용산구 청파로85가길 10-4,숙박,126.9680298,37.5523608
서울특별시 용산구 신흥로 148,음식,126.9817474,37.54634505
서울특별시 용산구 청파로85가길 10-4,숙박,126.9680298,37.5523608
서울특별시 용산구 한강대로14가길 62,음식,126.9633141,37.52241018
서울특별시 용산구 이태원로42길 34,음식,127.0004865,37.53609308
서울특별시 용산구 원효로 267,음식,126.9698677,37.54117989
서울특별시 용산구 회나무로 74,음식,126.9947611,37.54040876
서울특별시 용산구 이태원로14길 29,음식,126.9911412,37.5332546
서울특별시 용산구 이태원로19길 19,음식,126.9917293,37.53525486
서울특별시 용산구 한강대로42길 6,음식,126.9699624,37.53069227
서울특별시 용산구 청파로85가길 10-4,숙박,126.9680298,37.5523608
서울특별시 용산구 이태원로 173-7,음식,126.9932228,37.53487654
서울특별시 용산구 청파로85가길 10-4,숙박,126.9680298,37.5523608
서울특별시 용산구 남산공원길 105,소매,126.9878685,37.55112113
서울특별시 용산구 한강대로50길 17,음식,126.9719758,37.53174693
서울특별시 용산구 이태원로 222,음식,126.9988573,37.53483168
서울특별시 용산구 이태원로 217,보건의료,126.9979295,37.53507493
서울특별시 용산구 한강대로 373-1,음식,126.9720136,37.55177617
서울특별시 용산구 대사관로 77,음식,127.0067771,37.53332682
서울특별시 용산구 이촌로 319,음식,126.9823199,37.51795459
서울특별시 용산구 효창원로 132,음식,126.961778,37.53977199
서울특별시 용산구 새창로12길 103,소매,126.9539611,37.53709323
서울특별시 용산구 한강대로81길 3,음식,126.9720621,37.54300045
서울특별시 용산구 한강대로 366,음식,126.9729079,37.55109162
서울특별시 용산구 두텁바위로1길 37-9,숙박,126.9738715,37.54632555
서울특별시 용산구 이태원로 29,음식,126.9784683,37.5373345
서울특별시 용산구 대사관로31길 16,음식,127.0059965,37.53400261
서울특별시 용산구 원효로41가길 23,음식,126.9568479,37.53430122
서울특별시 용산구 한강대로76길 11-42,음식,126.9737144,37.54248726
서울특별시 용산구 한강대로54길 12,음식,126.9722018,37.53258492
서울특별시 용산구 백범로87길 40,음식,126.968952,37.53902626
서울특별시 용산구 후암로28길 60,음식,126.9805132,37.54902983
서울특별시 용산구 후암로28길 10,음식,126.9778423,37.54981323
서울특별시 용산구 효창원로40길 3-3,음식,126.9595505,37.53700518
서울특별시 용산구 한강대로 205,음식,126.9720643,37.53721603
서울특별시 용산구 후암로 79,음식,126.9764268,37.55285833
서울특별시 용산구 보광로59길 40,음식,126.9918199,37.53395743
서울특별시 용산구 대사관로34길 13,음식,127.0062226,37.53260604
서울특별시 용산구 두텁바위로 155,음식,126.9799354,37.55168768
서울특별시 용산구 보광로55길 15,숙박,126.9935511,37.53288534
서울특별시 용산구 만리재로24길 42-1,숙박,126.9655176,37.55207178
서울특별시 용산구 대사관로 63,음식,127.0052723,37.53346204
서울특별시 용산구 이태원로 234,음식,126.9995927,37.53570565
서울특별시 용산구 한강대로62길 19,음식,126.9738644,37.53401789
서울특별시 용산구 회나무로6길 11-9,예술·스포츠,126.989036,37.53869646
서울특별시 용산구 보광로59길 17,음식,126.9930079,37.53384938
서울특별시 용산구 원효로97길 15,예술·스포츠,126.9693584,37.54135996
서울특별시 용산구 회나무로35길 26,음식,126.9937427,37.54128268
서울특별시 용산구 후암로 57-1,음식,126.9768914,37.55101137
서울특별시 용산구 신흥로 97-6,음식,126.9848595,37.54519221
서울특별시 용산구 이촌로46길 37,음식,126.9662221,37.52068112
서울특별시 용산구 원효로53길 9,예술·스포츠,126.9619949,37.53600588
서울특별시 용산구 후암로 23-1,음식,126.977741,37.54802022
서울특별시 용산구 원효로 161,예술·스포츠,126.9608299,37.53527569
서울특별시 용산구 백범로79다길 48,예술·스포츠,126.9674686,37.5416748
서울특별시 용산구 두텁바위로1길 19,음식,126.9734643,37.54567674
서울특별시 용산구 두텁바위로 8,예술·스포츠,126.9730458,37.54510001
서울특별시 용산구 한강대로 373-2,음식,126.9720249,37.55184825
서울특별시 용산구 한강대로104길 62,음식,126.9756016,37.55012813
서울특별시 용산구 회나무로6길 19,음식,126.988889,37.53808377
서울특별시 용산구 원효로35길 35,음식,126.9557276,37.53464318
서울특별시 용산구 한강대로102길 12,예술·스포츠,126.9726707,37.54975808
서울특별시 용산구 양녕로 445,음식,126.9580452,37.51766915
서울특별시 용산구 이태원로27가길 50,음식,126.9925552,37.53506571
서울특별시 용산구 청파로43길 7,음식,126.9701836,37.54348653
서울특별시 용산구 후암로 95,숙박,126.9749668,37.55336258
서울특별시 용산구 한강대로 126-3,음식,126.9698267,37.5306652
서울특별시 용산구 만리재로 182-5,음식,126.9666484,37.55410836
서울특별시 용산구 두텁바위로 73-1,음식,126.9802876,37.5463358
서울특별시 용산구 한강대로84길 11-11,음식,126.9731254,37.54400981
서울특별시 용산구 한강대로 178,음식,126.9732534,37.53429706
서울특별시 용산구 한강대로 328,음식,126.9721057,37.54753248
서울특별시 용산구 한남대로27가길 26,음식,127.0026816,37.53789505
서울특별시 용산구 한남대로20길 55,음식,127.0099565,37.53494839
서울특별시 용산구 후암로15길 4-23,숙박,126.9773334,37.54865985
서울특별시 용산구 소월로40길 85,음식,126.9936634,37.54181426
서울특별시 용산구 한남대로 60,음식,127.0079312,37.53427279
서울특별시 용산구 한강대로 185,음식,126.9732078,37.53525211
서울특별시 용산구 한강대로87길 7-1,음식,126.9715751,37.54417163
서울특별시 용산구 녹사평대로40나길 76,음식,126.9894548,37.5376153
서울특별시 용산구 청파로43길 62,숙박,126.9673657,37.54410747
서울특별시 용산구 청파로49길 54,음식,126.9673427,37.54515263
서울특별시 용산구 이태원로 22,음식,126.9776887,37.5335952
서울특별시 용산구 대사관로 77,음식,127.0067771,37.53332682
서울특별시 용산구 이태원로14길 29-1,음식,126.9912204,37.53320054
서울특별시 용산구 한강대로23길 55,음식,126.964736,37.5297718
서울특별시 용산구 한강대로 280-1,음식,126.9728201,37.54336102
서울특별시 용산구 한강대로62가길 20,음식,126.9749957,37.53458576
서울특별시 용산구 한남대로 91,음식,127.0021384,37.53656158
서울특별시 용산구 대사관로31길 7-2,음식,127.0057249,37.53390351
서울특별시 용산구 청파로47길 100,음식,126.9650794,37.54546733
서울특별시 용산구 백범로99길 58,음식,126.972721,37.53584666
서울특별시 용산구 서빙고로 17,음식,126.96657,37.52690715
서울특별시 용산구 한강대로 95,음식,126.9666597,37.5288173
서울특별시 용산구 원효로 166,음식,126.9615768,37.53501464
서울특별시 용산구 녹사평대로54길 7-4,음식,126.9879949,37.53941716
서울특별시 용산구 청파로 387,음식,126.9687986,37.55424409
서울특별시 용산구 한강대로62나길 2,음식,126.9738757,37.53414403
서울특별시 용산구 우사단로10길 17,음식,126.9965266,37.53329993
서울특별시 용산구 백범로99길 56,음식,126.9726418,37.53590971
서울특별시 용산구 한강대로 69,예술·스포츠,126.9648956,37.52704181
서울특별시 용산구 대사관로30길 6-6,음식,127.0053289,37.53300253
서울특별시 용산구 백범로87길 48-11,음식,126.9695403,37.53921563
서울특별시 용산구 청파로47길 100,음식,126.9650794,37.54546733
서울특별시 용산구 회나무로13나길 40,음식,126.9919775,37.54137267
서울특별시 용산구 한강대로 95,음식,126.9666597,37.5288173
서울특별시 용산구 한강대로62다길 29,음식,126.9747361,37.53254044
서울특별시 용산구 한강대로62길 38,음식,126.9734687,37.53325195
서울특별시 용산구 후암로 42-2,음식,126.9775707,37.54981318
서울특별시 용산구 청파로 287,소매,126.9702508,37.54530656
서울특별시 용산구 한강대로80길 11-22,음식,126.973499,37.54353237
서울특별시 용산구 녹사평대로 208-1,음식,126.987226,37.53629962
서울특별시 용산구 신흥로11길 51,음식,126.9858101,37.54482292
서울특별시 용산구 녹사평대로40나길 39,음식,126.9886064,37.53613758
서울특별시 용산구 한남대로27길 25,음식,127.0032473,37.53784999
서울특별시 용산구 대사관로 64,음식,127.0051705,37.5332368
서울특별시 용산구 한강대로7길 6,음식,126.9625552,37.52430205
서울특별시 용산구 한강대로 366,음식,126.9729079,37.55109162
서울특별시 용산구 효창원로42길 38-36,음식,126.9593809,37.53682492
서울특별시 용산구 소월로20길 26-14,음식,126.9850405,37.54512916
서울특별시 용산구 한강대로14가길 58-3,숙박,126.9632348,37.5225363
서울특별시 용산구 후암로 64-1,보건의료,126.9772081,37.55159708
서울특별시 용산구 한강대로62다길 16,음식,126.9740911,37.53295476
서울특별시 용산구 우사단로14길 21,음식,126.996832,37.53439015
서울특별시 용산구 원효로83길 13,음식,126.967673,37.54011613
서울특별시 용산구 청파로85가길 10-4,숙박,126.9680298,37.5523608
서울특별시 용산구 백범로 326,음식,126.9650601,37.53814219
서울특별시 용산구 이태원로 136-1,음식,126.9890366,37.53397522
서울특별시 용산구 우사단로10가길 7,숙박,126.9968773,37.53352519
서울특별시 용산구 두텁바위로1길 100,숙박,126.9760322,37.54830821
서울특별시 용산구 청파로 378,음식,126.9704869,37.54911785
서울특별시 용산구 한강대로62길 23-3,숙박,126.9739324,37.53377463
서울특별시 용산구 장문로 90-1,음식,126.9995814,37.52598385
서울특별시 용산구 한강대로 95,음식,126.9666597,37.5288173
서울특별시 용산구 우사단로14길 11,음식,126.9963229,37.53426399
서울특별시 용산구 백범로47길 43-4,음식,126.9599438,37.54207794
서울특별시 용산구 이태원로 223-5,음식,126.9983934,37.5355795
서울특별시 용산구 두텁바위로13길 11,음식,126.9766439,37.54623603
서울특별시 용산구 한강대로10길 13,음식,126.9642409,37.52399623
서울특별시 용산구 효창원로66길 22,음식,126.9631919,37.54079057
서울특별시 용산구 청파로 378,음식,126.9704869,37.54911785
서울특별시 용산구 원효로93길 22,음식,126.9685439,37.54085518
서울특별시 용산구 신흥로 37,음식,126.9871345,37.54179571
서울특별시 용산구 한강대로52길 25-8,음식,126.9730506,37.53187332
서울특별시 용산구 청파로93길 49-13,숙박,126.9665015,37.55358574
서울특별시 용산구 대사관로24길 6,음식,127.0043559,37.53315574
서울특별시 용산구 이태원로 136-1,음식,126.9890366,37.53397522
서울특별시 용산구 후암로 107,음식,126.9735634,37.55348842
서울특별시 용산구 한강대로15길 19-24,음식,126.9627129,37.52564459
서울특별시 용산구 한강대로104마길 10,숙박,126.9754996,37.55053356
서울특별시 용산구 청파로47길 74,음식,126.9664374,37.54506227
서울특별시 용산구 녹사평대로52길 16,음식,126.9880515,37.53891261
서울특별시 용산구 이촌로 248,보건의료,126.9750233,37.51940389
서울특별시 용산구 대사관로31길 19-6,음식,127.0055779,37.53434501
서울특별시 용산구 보광로60길 14-1,음식,126.9950784,37.53392157
서울특별시 용산구 대사관로31길 20,음식,127.0060191,37.53412875
서울특별시 용산구 청파로45길 5,음식,126.970206,37.54415327
서울특별시 용산구 이태원로 164-1,음식,126.9922385,37.5341737
서울특별시 용산구 신흥로 84,음식,126.9860363,37.54556177
서울특별시 용산구 청파로85가길 10-4,숙박,126.9680298,37.5523608
서울특별시 용산구 한강대로7길 18-11,음식,126.9621815,37.52502273
서울특별시 용산구 청파로73길 96,숙박,126.9660042,37.55212598
서울특별시 용산구 청파로 333,음식,126.9696947,37.54932488
서울특별시 용산구 이촌로75길 10-3,음식,126.9743556,37.52039485
서울특별시 용산구 신흥로 57,음식,126.9873492,37.54353466
서울특별시 용산구 서빙고로95길 20,숙박,127.0021947,37.52654245
서울특별시 용산구 녹사평대로40길 55-2,음식,126.9889347,37.53456086
서울특별시 용산구 녹사평대로40가길 3-1,숙박,126.9875543,37.53506529
서울특별시 용산구 한남대로21길 18,음식,127.0061662,37.5340927
서울특별시 용산구 만리재로36길 16-11,숙박,126.9667165,37.55371194
서울특별시 용산구 녹사평대로26나길 14,숙박,126.9939019,37.53203842
서울특별시 용산구 독서당로20길 7,음식,127.0092549,37.53361497
서울특별시 용산구 신흥로 59,음식,126.9872587,37.54370585
서울특별시 용산구 한강대로53길 2-7,음식,126.9715452,37.53357586
서울특별시 용산구 한강대로 69,음식,126.9648956,37.52704181
서울특별시 용산구 소월로20길 28-1,음식,126.9852103,37.54527335
서울특별시 용산구 한강대로62나길 13,음식,126.9743847,37.53443246
서울특별시 용산구 대사관로31길 12,예술·스포츠,127.0059851,37.53385845
서울특별시 용산구 청파로47가길 7-11,음식,126.9673203,37.54455796
서울특별시 용산구 이태원로20길 24,음식,126.9922386,37.5332817
서울특별시 용산구 한강대로62길 55,음식,126.9736161,37.53238702
서울특별시 용산구 후암로35길 37,음식,126.9761222,37.54977685
서울특별시 용산구 한강대로 363-1,음식,126.9717989,37.55083007
서울특별시 용산구 신흥로15길 18-8,음식,126.9856291,37.54452557
서울특별시 용산구 청파로45길 13,음식,126.9697986,37.54423426
서울특별시 용산구 한강대로104다길 28,숙박,126.9744701,37.54966839
서울특별시 용산구 한강대로10길 13,음식,126.9642409,37.52399623
서울특별시 용산구 원효로93길 22,음식,126.9685439,37.54085518
서울특별시 용산구 한강대로15길 9,음식,126.9638894,37.52574407
서울특별시 용산구 한강대로 130-2,음식,126.9699623,37.5309896
서울특별시 용산구 효창원로62길 19,음식,126.9623437,37.53989831
서울특별시 용산구 효창원로 265-4,음식,126.9635944,37.55087287
서울특별시 용산구 원효로 210,음식,126.9654,37.5373404
서울특별시 용산구 한강대로 290-1,음식,126.9726275,37.54420792
서울특별시 용산구 청파로47길 66,예술·스포츠,126.9667656,37.54507137
서울특별시 용산구 청파로 395,음식,126.9687418,37.55486577
서울특별시 용산구 서빙고로 17,음식,126.96657,37.52690715
서울특별시 용산구 청파로45길 8,음식,126.9701832,37.54433347
서울특별시 용산구 한강대로104길 63,음식,126.9758052,37.55033541
서울특별시 용산구 독서당로 73,음식,127.0086214,37.53421869
서울특별시 용산구 신흥로11길 1,소매,126.9874964,37.54295804
서울특별시 용산구 후암로 48,음식,126.977548,37.55024565
서울특별시 용산구 청파로85가길 10-4,숙박,126.9678714,37.55237878
서울특별시 용산구 한강대로96길 52,숙박,126.9746182,37.54672215
서울특별시 용산구 한강대로 366,음식,126.9729079,37.55109162
서울특별시 용산구 후암로 35-1,음식,126.9774238,37.54909235
서울특별시 용산구 서빙고로 17,음식,126.96657,37.52690715
서울특별시 용산구 청파로 325,음식,126.9698081,37.54867619
서울특별시 용산구 한강대로 205,음식,126.9726189,37.53658546
서울특별시 용산구 녹사평대로40나길 33,음식,126.9884933,37.5359844
서울특별시 용산구 원효로41길 56,음식,126.9604113,37.53528456
서울특별시 용산구 청파로47길 41,음식,126.9680445,37.54454915
서울특별시 용산구 신흥로 41-1,음식,126.9873042,37.54232732
서울특별시 용산구 백범로90길 70,음식,126.9698693,37.53715242
서울특별시 용산구 보광로59길 5,소매,126.9937207,37.53387645
서울특별시 용산구 후암로 29,예술·스포츠,126.9775598,37.54856079
서울특별시 용산구 청파로 297,음식,126.970058,37.54618048
서울특별시 용산구 서빙고로 17,음식,126.96657,37.52690715
서울특별시 용산구 이촌로88길 3,음식,126.9787114,37.5180531
서울특별시 용산구 한강대로40길 13,음식,126.9700643,37.53040397
서울특별시 용산구 원효로 198,예술·스포츠,126.9643367,37.53677246
서울특별시 용산구 녹사평대로26길 56,음식,126.9925669,37.53168695
서울특별시 용산구 한강대로52길 29-9,음식,126.9731298,37.53172017
서울특별시 용산구 청파로47길 66,예술·스포츠,126.9667656,37.54507137
서울특별시 용산구 후암로 59,소매,126.9768461,37.55108344
서울특별시 용산구 한강대로23길 55,음식,126.964736,37.5297718
서울특별시 용산구 한강대로87길 9,음식,126.9714846,37.54409052
서울특별시 용산구 신흥로26길 35,음식,126.9844408,37.54536335
서울특별시 용산구 신흥로3길 2,음식,126.986931,37.54119202
서울특별시 용산구 청파로47나길 7,예술·스포츠,126.9668221,37.54529664
서울특별시 용산구 청파로 378,음식,126.9704869,37.54911785
서울특별시 용산구 보광로 45,음식,126.9989479,37.5281012
서울특별시 용산구 소월로20길 23,음식,126.9854252,37.54545357
서울특별시 용산구 원효로 161,음식,126.9608299,37.53527569
서울특별시 용산구 청파로45길 32,음식,126.9689045,37.54463948
서울특별시 용산구 청파로43가길 23,음식,126.9685765,37.5441078
서울특별시 용산구 한강대로62길 16,음식,126.973525,37.53417999
서울특별시 용산구 청파로47길 76,음식,126.9663808,37.54513434
서울특별시 용산구 우사단로10가길 7,숙박,126.9968773,37.53352519
서울특별시 용산구 한강대로 137-1,음식,126.9700751,37.53182756
서울특별시 용산구 한강대로 385,숙박,126.9722396,37.55280336
서울특별시 용산구 한강대로96길 7,숙박,126.9723093,37.54775778
서울특별시 용산구 한강대로72길 11-21,음식,126.9738393,37.54120787
서울특별시 용산구 청파로95길 14,숙박,126.9682212,37.55482058
서울특별시 용산구 한강대로 258,음식,126.9732961,37.54139695
서울특별시 용산구 새창로 131-3,음식,126.9616555,37.53598775
서울특별시 용산구 청파로 378,음식,126.9704869,37.54911785
서울특별시 용산구 녹사평대로60길 41,숙박,126.9899969,37.54496751
서울특별시 용산구 원효로93길 18-17,숙박,126.9684985,37.54135973
서울특별시 용산구 두텁바위로31길 1,음식,126.9803555,37.54639889
서울특별시 용산구 만리재로 144-1,음식,126.9633675,37.55201707
서울특별시 용산구 후암로57길 35,숙박,126.9740958,37.55196585
서울특별시 용산구 한강대로52길 29-9,음식,126.9731298,37.53172017
서울특별시 용산구 한강대로7길 34-30,음식,126.9618984,37.52564433
서울특별시 용산구 한강대로96길 20,숙박,126.9728866,37.54731643
서울특별시 용산구 한강대로 95,음식,126.9666597,37.5288173
서울특별시 용산구 원효로41가길 16,음식,126.9573456,37.53445457
서울특별시 용산구 이촌로84길 9,보건의료,126.9770598,37.51843122
서울특별시 용산구 원효로35길 24,음식,126.9562257,37.53416584
서울특별시 용산구 서빙고로 17,음식,126.96657,37.52690715
서울특별시 용산구 청파로 287,소매,126.9702508,37.54530656
서울특별시 용산구 우사단로14길 11,숙박,126.9963229,37.53426399
서울특별시 용산구 백범로47나길 8,숙박,126.9595704,37.54200573
서울특별시 용산구 새창로 213-12,음식,126.9680279,37.53048453
서울특별시 용산구 후암로57길 3-9,숙박,126.9746725,37.55327242
서울특별시 용산구 원효로41가길 4,음식,126.9580245,37.53432867
서울특별시 용산구 한강대로23길 55,음식,126.964736,37.5297718
서울특별시 용산구 보광로 124,음식,126.9942864,37.53384945
서울특별시 용산구 이태원로 154,음식,126.9909487,37.53412855
서울특별시 용산구 한강대로40길 18,음식,126.9701436,37.53013369
서울특별시 용산구 효창원로93길 2,보건의료,126.9633013,37.54853919
서울특별시 용산구 이태원로 195,음식,126.9956667,37.53481358
서울특별시 용산구 신흥로15길 18-8,음식,126.9856291,37.54452557
서울특별시 용산구 한강대로 361-2,음식,126.9717763,37.55073095
서울특별시 용산구 청파로71길 8,음식,126.9695136,37.54942394
서울특별시 용산구 두텁바위로 81,음식,126.9808873,37.54670531
서울특별시 용산구 한강대로23길 55,음식,126.964736,37.5297718
서울특별시 용산구 한남대로27길 33,음식,127.0029984,37.53824644
서울특별시 용산구 이촌로 224,음식,126.9719462,37.52016905
서울특별시 용산구 한강대로23길 55,음식,126.964736,37.5297718
서울특별시 용산구 녹사평대로 222,음식,126.9870674,37.53734476
서울특별시 용산구 이태원로55가길 21,음식,127.0002716,37.53741755
서울특별시 용산구 한강대로38가길 23,음식,126.970766,37.5299086
서울특별시 용산구 한강대로23길 55,음식,126.964736,37.5297718
서울특별시 용산구 서빙고로67길 48-10,숙박,126.9947058,37.52288428
서울특별시 용산구 청파로85가길 10-4,숙박,126.9680298,37.5523608
서울특별시 용산구 우사단로4길 7,음식,126.9971037,37.53160606
서울특별시 용산구 한강대로23길 55,음식,126.964736,37.5297718
서울특별시 용산구 신흥로11길 63,음식,126.9855271,37.5452013
서울특별시 용산구 이촌로75길 16-9,음식,126.9747853,37.52073732
서울특별시 용산구 임정로 41,음식,126.9579629,37.54335667
서울특별시 용산구 한강대로 405,소매,126.9717295,37.55483949
서울특별시 용산구 한강대로7길 10-11,음식,126.9625663,37.52477057
서울특별시 용산구 신흥로 81,음식,126.9860589,37.54530949
서울특별시 용산구 대사관로 47,음식,127.0034282,37.53369637
서울특별시 용산구 장문로 23,음식,126.9931102,37.52856952
서울특별시 용산구 청파로 378,음식,126.9704869,37.54911785
서울특별시 용산구 한강대로42길 7,음식,126.9701547,37.53078242
서울특별시 용산구 청파로47나길 81,음식,126.9682805,37.54827935
서울특별시 용산구 서빙고로91나길 104,음식,126.9961537,37.52526298
서울특별시 용산구 원효로 139-1,음식,126.958545,37.53429281
서울특별시 용산구 이태원로17길 23-9,숙박,126.9911409,37.53536294
서울특별시 용산구 백범로99길 40,음식,126.9716009,37.53587343
서울특별시 용산구 이태원로 208,음식,126.9970583,37.53453431
서울특별시 용산구 회나무로 41,음식,126.9911743,37.5398319
서울특별시 용산구 한남대로21길 33,음식,127.0065961,37.53335386
서울특별시 용산구 대사관로 80,음식,127.0068676,37.53308354
서울특별시 용산구 한강대로 164,음식,126.9723486,37.53340486
서울특별시 용산구 한강대로 109,보건의료,126.9681638,37.52999802
서울특별시 용산구 청파로 273,음식,126.970421,37.54393709
서울특별시 용산구 새창로 213-12,음식,126.9680279,37.53048453
서울특별시 용산구 청파로93길 18,숙박,126.9678932,37.55440603
서울특별시 용산구 후암로 40-2,음식,126.9776613,37.54952487
서울특별시 용산구 이촌로 46,음식,126.954838,37.52756098
서울특별시 용산구 소월로20길 38,음식,126.9851651,37.54491294
서울특별시 용산구 한강대로62길 23-3,숙박,126.9739324,37.53377463
서울특별시 용산구 청파로47길 78,음식,126.9661885,37.54509824
서울특별시 용산구 한강대로80길 11-17,음식,126.9733747,37.54300976
서울특별시 용산구 청파로45길 15,음식,126.9696854,37.54427027
서울특별시 용산구 회나무로13가길 28,음식,126.9910497,37.54093111
서울특별시 용산구 백범로77길 61,음식,126.9664846,37.54078254
서울특별시 용산구 이태원로 136-1,음식,126.9890366,37.53397522
서울특별시 용산구 청파로71길 13,음식,126.9688912,37.54919853
서울특별시 용산구 우사단로14길 11,음식,126.9963229,37.53426399
서울특별시 용산구 한강대로48길 17-5,소매,126.9716365,37.53165675
서울특별시 용산구 한남대로27가길 26-16,음식,127.0027268,37.53814733
서울특별시 용산구 대사관로 66,음식,127.0053402,37.53317372
서울특별시 용산구 한강대로23길 25,소매,126.9643523,37.52764532
서울특별시 용산구 새창로 217,보건의료,126.9677791,37.53021416
서울특별시 용산구 청파로 279-1,음식,126.9704661,37.54452275
서울특별시 용산구 이태원로14길 42,음식,126.9911752,37.5326239
서울특별시 용산구 한강대로 95,음식,126.9666597,37.5288173
서울특별시 용산구 만리재로 152-1,소매,126.9639783,37.55254885
서울특별시 용산구 청파로43길 24,음식,126.9694593,37.54363951
서울특별시 용산구 청파로47길 34-2,음식,126.9683385,37.54496369
서울특별시 용산구 한강대로15길 9,예술·스포츠,126.9638894,37.52574407
서울특별시 용산구 새창로14길 30,음식,126.9589388,37.53825735
서울특별시 용산구 이태원로 187,음식,126.9947955,37.53471444
서울특별시 용산구 원효로41길 12,음식,126.9583866,37.53429276
서울특별시 용산구 남산공원길 105,음식,126.9878685,37.55112113
서울특별시 용산구 원효로53길 8,예술·스포츠,126.9621307,37.53602394
서울특별시 용산구 한강대로48길 20,음식,126.9715235,37.53128731
서울특별시 용산구 새창로33길 30,숙박,126.9625715,37.53699716
서울특별시 용산구 후암로 42-1,음식,126.977616,37.54968704
서울특별시 용산구 청파로20길 95,음식,126.9608881,37.53216725
서울특별시 용산구 남산공원길 105,소매,126.9878685,37.55112113
서울특별시 용산구 청파로47가길 9-6,음식,126.967162,37.54423356
서울특별시 용산구 한강대로 100,음식,126.9686735,37.52879082
서울특별시 용산구 신흥로 142,음식,126.9818946,37.54579546
서울특별시 용산구 신흥로7길 58-1,음식,126.9848711,37.54378665
서울특별시 용산구 효창원로40길 13,음식,126.9597883,37.53661783
서울특별시 용산구 원효로 212,소매,126.9656601,37.53747563
서울특별시 용산구 백범로99길 40,음식,126.9716009,37.53587343
서울특별시 용산구 이태원로14길 26,음식,126.9908583,37.53320953
서울특별시 용산구 청파로 74,음식,126.9596206,37.53289664
서울특별시 용산구 녹사평대로40나길 39-4,음식,126.988595,37.53627273
서울특별시 용산구 한남대로20길 61,음식,127.0102394,37.53494837
서울특별시 용산구 원효로35가길 2,음식,126.9564069,37.53385956
서울특별시 용산구 이태원로54길 16-3,음식,127.0024326,37.53752565
서울특별시 용산구 한강대로 100,음식,126.9686735,37.52879082
서울특별시 용산구 청파로 48,음식,126.9568265,37.53214782
서울특별시 용산구 한강대로23길 55,음식,126.964736,37.5297718
서울특별시 용산구 이태원로16길 22-5,숙박,126.991209,37.53331767
서울특별시 용산구 한강대로46길 19,음식,126.9713878,37.53107104
서울특별시 용산구 신흥로 57,음식,126.9873492,37.54353466
서울특별시 용산구 한남대로20길 47-18,음식,127.0102507,37.53520065
서울특별시 용산구 소월로20길 34,음식,126.985199,37.5450571
서울특별시 용산구 백범로 402,음식,126.973185,37.53566657
서울특별시 용산구 원효로31길 13-4,예술·스포츠,126.954993,37.53325536
서울특별시 용산구 장문로6길 101,음식,126.9965156,37.5259838
서울특별시 용산구 청파로47길 66,음식,126.9667656,37.54507137
서울특별시 용산구 새창로 217,보건의료,126.9677791,37.53021416
서울특별시 용산구 청파로85가길 10-4,숙박,126.9678714,37.55237878
서울특별시 용산구 서빙고로 4-10,음식,126.9652243,37.5257715
서울특별시 용산구 원효로 66,음식,126.949189,37.53310885
서울특별시 용산구 보광로60길 22,음식,126.9954404,37.53392158
서울특별시 용산구 이촌로 347,예술·스포츠,126.9896384,37.51903666
서울특별시 용산구 장문로 81,음식,126.9986425,37.52620008
서울특별시 용산구 우사단로10길 83,음식,127.0000566,37.53213769
서울특별시 용산구 이태원로4길 26,음식,126.9752563,37.53340551
서울특별시 용산구 한남대로27가길 32,음식,127.0025684,37.5381113
서울특별시 용산구 한남대로20길 61-5,음식,127.0104091,37.53512855
서울특별시 용산구 두텁바위로1길 37-14,숙박,126.9740637,37.54662292
서울특별시 용산구 한강대로 275-1,숙박,126.9720509,37.54292837
서울특별시 용산구 신흥로5길 38,숙박,126.9856068,37.54262446
서울특별시 용산구 한강대로39길 20,예술·스포츠,126.9681294,37.53113328
서울특별시 용산구 한강대로 214-1,음식,126.9743498,37.53747784
서울특별시 용산구 효창원로 277,음식,126.9630394,37.5516836
서울특별시 용산구 청파로71길 5,음식,126.9695136,37.54921671
서울특별시 용산구 이태원로 22,음식,126.9776887,37.5335952
서울특별시 용산구 한강대로 57,음식,126.9646359,37.52614073
서울특별시 용산구 녹사평대로40가길 3-1,숙박,126.9875543,37.53506529
서울특별시 용산구 한강대로38길 11-22,음식,126.9699061,37.53000749
서울특별시 용산구 신흥로20길 39,음식,126.9840104,37.54727341
서울특별시 용산구 한강대로54길 20-1,음식,126.9727336,37.53240484
서울특별시 용산구 한강대로14길 69,음식,126.9676915,37.52345662
서울특별시 용산구 백범로99길 40,음식,126.9716009,37.53587343
서울특별시 용산구 한강대로40길 26,음식,126.9706188,37.53005272
서울특별시 용산구 이태원로26길 18,음식,126.9933926,37.5335701
서울특별시 용산구 한강대로 168-2,음식,126.9726766,37.53369326
서울특별시 용산구 이태원로 22,음식,126.9776887,37.5335952
서울특별시 용산구 녹사평대로40길 31,음식,126.9876109,37.53474994
서울특별시 용산구 한강대로15길 31-28,음식,126.9621698,37.52586967
서울특별시 용산구 우사단로10가길 7,숙박,126.9968773,37.53352519
서울특별시 용산구 이태원로 237,음식,126.9994795,37.53624625
서울특별시 용산구 만리재로 196,음식,126.9679043,37.55477544
서울특별시 용산구 청파로47길 74,음식,126.9664374,37.54506227
서울특별시 용산구 이태원로54가길 23,음식,127.0014483,37.53669674
서울특별시 용산구 백범로99길 46,음식,126.9720195,37.53610779
서울특별시 용산구 원효로 51,음식,126.950071,37.53385706
서울특별시 용산구 두텁바위로 116,숙박,126.9820522,37.5492373
서울특별시 용산구 독서당로 67,음식,127.0081461,37.5338403
서울특별시 용산구 한남대로 91,음식,127.0021384,37.53656158
서울특별시 용산구 이태원로 189,음식,126.9949199,37.53484959
서울특별시 용산구 한강대로52길 40,음식,126.9730282,37.53132371
서울특별시 용산구 이태원로16길 14,음식,126.9911411,37.53359698
서울특별시 용산구 원효로19길 18,음식,126.9528435,37.53300224
서울특별시 용산구 한강대로102다길 45-2,숙박,126.9755457,37.5478486
서울특별시 용산구 두텁바위로1길 22,음식,126.9736341,37.54558668
서울특별시 용산구 한강대로 198-1,음식,126.9747349,37.53603632
서울특별시 용산구 한강대로 69,음식,126.9648956,37.52704181
서울특별시 용산구 이촌로18길 15-12,음식,126.9552917,37.52567805
서울특별시 용산구 한강대로87길 11,음식,126.9714167,37.54414456
서울특별시 용산구 대사관로 72,음식,127.0059511,37.53310161
서울특별시 용산구 한강대로 95,소매,126.9666597,37.5288173
서울특별시 용산구 녹사평대로 236,음식,126.987203,37.53872331
서울특별시 용산구 한강대로88길 6-12,음식,126.9727407,37.54411785
서울특별시 용산구 한강대로 303,소매,126.9715634,37.54536996
서울특별시 용산구 보광로 127,음식,126.9937207,37.53408368
서울특별시 용산구 후암로35길 28,음식,126.9760315,37.55029941
서울특별시 용산구 한강대로84길 11-5,음식,126.9731481,37.54388368
서울특별시 용산구 한강대로10길 11-68,음식,126.9650212,37.52456409
서울특별시 용산구 두텁바위로1길 71,음식,126.9754667,37.54718184
서울특별시 용산구 녹사평대로40길 43-6,숙박,126.9883577,37.53472299
서울특별시 용산구 한강대로21길 17-7,음식,126.963923,37.52652795
서울특별시 용산구 효창원로40길 20,음식,126.9599129,37.53631153
서울특별시 용산구 한강대로 260,음식,126.9732281,37.54156813
서울특별시 용산구 이촌로14길 11-6,음식,126.9543066,37.52707423
서울특별시 용산구 우사단로10길 39,음식,126.9976127,37.53325491
서울특별시 용산구 청파로47길 59,음식,126.9671165,37.54472909
서울특별시 용산구 후암로23길 3-5,음식,126.9773106,37.54938966
서울특별시 용산구 새창로45길 3,음식,126.9625387,37.53458247
서울특별시 용산구 한강대로 205,음식,126.9732074,37.53633331
서울특별시 용산구 한강대로50길 29,음식,126.9724851,37.53146774
서울특별시 용산구 서빙고로 50,음식,126.9696373,37.52343912
서울특별시 용산구 이태원로27가길 45,음식,126.9927928,37.53488552
서울특별시 용산구 우사단로10길 113,숙박,127.0014255,37.53147995
서울특별시 용산구 한강대로 335,숙박,126.9714944,37.54825314
서울특별시 용산구 회나무로13가길 41,소매,126.9919323,37.54101227
서울특별시 용산구 한강대로104길 80,음식,126.9765861,37.55002922
서울특별시 용산구 한강대로 185,음식,126.9740902,37.53564875
서울특별시 용산구 한남대로 91,음식,127.0021384,37.53656158
서울특별시 용산구 두텁바위로 79-4,음식,126.9807854,37.54676837
서울특별시 용산구 한강대로 274,음식,126.9729222,37.54276639
서울특별시 용산구 신흥로 99-9,음식,126.9849387,37.54498499
서울특별시 용산구 한강대로48길 11,음식,126.9713423,37.53162064
서울특별시 용산구 우사단로 33,음식,126.9954178,37.53320979
서울특별시 용산구 독서당로 70,음식,127.008576,37.53360601
서울특별시 용산구 이태원로26길 8,음식,126.9930079,37.53400255
서울특별시 용산구 이태원로 165-6,음식,126.9925439,37.53475036
서울특별시 용산구 두텁바위로1길 40,음식,126.9743921,37.54606437
서울특별시 용산구 청파로 378,음식,126.9704869,37.54911785
서울특별시 용산구 우사단로 47,음식,126.9954857,37.53435406
서울특별시 용산구 신흥로 97-1,음식,126.9849387,37.54536341
서울특별시 용산구 청파로 378,음식,126.9704869,37.54911785
서울특별시 용산구 보광로 124,음식,126.9942864,37.53384945
서울특별시 용산구 원효로53길 13,숙박,126.9619269,37.53627616
서울특별시 용산구 한강대로15길 28,음식,126.9631198,37.52640156
서울특별시 용산구 백범로 313,음식,126.9629437,37.53929483
서울특별시 용산구 녹사평대로46길 61,숙박,126.9899412,37.53809287
서울특별시 용산구 우사단로10가길 15,음식,126.9969452,37.53395767
서울특별시 용산구 한강대로15길 23-6,음식,126.9627579,37.52614917
서울특별시 용산구 한강대로7길 30-16,음식,126.9619325,37.52535602
서울특별시 용산구 한강대로104나길 20,숙박,126.9741645,37.54975842
서울특별시 용산구 소월로20길 27,음식,126.9853687,37.5452193
서울특별시 용산구 한강대로84길 4,예술·스포츠,126.9728767,37.54348718
서울특별시 용산구 백범로77길 24,음식,126.9649464,37.53950267
서울특별시 용산구 효창원로42길 35,음식,126.9606486,37.5358793
서울특별시 용산구 이태원로20가길 14,음식,126.9928835,37.53347997
서울특별시 용산구 이태원로54길 62-5,음식,127.0008938,37.53553446
서울특별시 용산구 독서당로 53,음식,127.006811,37.53300245
서울특별시 용산구 효창원로66길 7-8,음식,126.9623544,37.54118674
서울특별시 용산구 두텁바위로 59-1,음식,126.9788958,37.54612833
서울특별시 용산구 우사단로2길 5,음식,126.9971377,37.53075011
서울특별시 용산구 신흥로5길 11,음식,126.986648,37.5417416
서울특별시 용산구 대사관로 64,음식,127.0051705,37.5332368
서울특별시 용산구 청파로20길 49,음식,126.9656401,37.53189843
서울특별시 용산구 청파로85가길 14,숙박,126.9679394,37.55217157
서울특별시 용산구 한강대로 178,음식,126.9732534,37.53429706
서울특별시 용산구 청파로45길 39,음식,126.9683613,37.5445222
서울특별시 용산구 백범로74길 43-2,음식,126.9612923,37.5383032
서울특별시 용산구 청파로83길 27-2,숙박,126.9678038,37.55173905
서울특별시 용산구 백범로79길 99,숙박,126.9646165,37.54321469
서울특별시 용산구 대사관로 72,음식,127.0059511,37.53310161
서울특별시 용산구 한남대로21길 33,음식,127.0065961,37.53335386
서울특별시 용산구 서빙고로 17,음식,126.96657,37.52690715
서울특별시 용산구 회나무로42길 36,음식,126.9942972,37.54007537
서울특별시 용산구 두텁바위로37길 7-3,소매,126.981385,37.54735411
서울특별시 용산구 만리재로26가길 24,숙박,126.9652459,37.55232398
서울특별시 용산구 한강대로80길 21-3,음식,126.9739745,37.54282969
서울특별시 용산구 이태원로26길 21,음식,126.9937094,37.53359714
서울특별시 용산구 원효로39길 25-22,숙박,126.9578205,37.53495029
서울특별시 용산구 만리재로 156,음식,126.9642272,37.55279219
서울특별시 용산구 녹사평대로46길 5,음식,126.9872597,37.5374439
서울특별시 용산구 장문로 114-1,음식,127.0022626,37.52665958
서울특별시 용산구 한강대로 348,숙박,126.9720598,37.54932546
서울특별시 용산구 한강대로10길 11-6,숙박,126.9644106,37.5241044
서울특별시 용산구 한강대로52길 25-8,음식,126.9729714,37.53190934
서울특별시 용산구 백범로90다길 12,음식,126.9689194,37.53588176
서울특별시 용산구 이태원로26길 29,음식,126.9938339,37.53321873
서울특별시 용산구 녹사평대로 248-1,음식,126.9875762,37.53976851
서울특별시 용산구 한강대로52길 29-10,음식,126.9731073,37.53162106
서울특별시 용산구 한강대로 210,음식,126.9744631,37.53702736
서울특별시 용산구 보광로60길 14,음식,126.9949087,37.53387651
서울특별시 용산구 후암로 14,음식,126.9783297,37.54721844
서울특별시 용산구 만리재로 134,예술·스포츠,126.9625756,37.55134107
서울특별시 용산구 백범로90다길 65,음식,126.9679696,37.53441288
서울특별시 용산구 장문로17길 26,숙박,126.9984275,37.52658751
서울특별시 용산구 청파로83길 27,숙박,126.9678377,37.55182916
서울특별시 용산구 후암로 14,예술·스포츠,126.9783297,37.54721844
서울특별시 용산구 한강대로50길 17,음식,126.9719758,37.53174693
서울특별시 용산구 두텁바위로 160,음식,126.980139,37.55201207
서울특별시 용산구 한강대로 286-2,음식,126.9726276,37.54391059
서울특별시 용산구 한강대로80길 11-12,음식,126.9735897,37.54310892
서울특별시 용산구 서빙고로59길 7-4,음식,126.9931901,37.52056863
서울특별시 용산구 소월로2길 37-4,숙박,126.9768341,37.55336297
서울특별시 용산구 신흥로 81,음식,126.9860589,37.54530949
서울특별시 용산구 청파로83길 18,숙박,126.9682336,37.55218967
서울특별시 용산구 독서당로 22,음식,127.0077611,37.53033543
서울특별시 용산구 한강대로 271,음식,126.9724131,37.54241488
서울특별시 용산구 보광로 80,음식,126.9965833,37.53062396
서울특별시 용산구 회나무로 20,음식,126.9889793,37.53898478
서울특별시 용산구 녹사평대로54길 7,숙박,126.9877007,37.53940812
서울특별시 용산구 새창로 154,예술·스포츠,126.9623128,37.5339517
서울특별시 용산구 백범로 341,음식,126.9679455,37.53796281
서울특별시 용산구 한강대로62가길 20,음식,126.9749617,37.53466685
서울특별시 용산구 이태원로26길 31,음식,126.9938565,37.53311962
서울특별시 용산구 장문로 23,음식,126.9931102,37.52856952
서울특별시 용산구 청파로47길 84,음식,126.9658377,37.54514319
서울특별시 용산구 청파로71길 26-6,숙박,126.968642,37.54989223
서울특별시 용산구 이태원로20가길 7-2,음식,126.9926798,37.53372322
서울특별시 용산구 한강대로 379-2,예술·스포츠,126.972104,37.5522357
서울특별시 용산구 한강대로 205,소매,126.972585,37.53665753
서울특별시 용산구 이태원로 183-4,음식,126.9945918,37.53483156
서울특별시 용산구 두텁바위로 110,소매,126.9822786,37.54881387
서울특별시 용산구 이태원로26길 16-2,숙박,126.9932455,37.53365118
서울특별시 용산구 백범로 283,음식,126.9608729,37.53966357
서울특별시 용산구 한강대로80길 20,숙박,126.9739972,37.5426495
서울특별시 용산구 청파로47길 79,음식,126.9660301,37.54489998
서울특별시 용산구 백범로99길 40,음식,126.9713523,37.53513455
서울특별시 용산구 새창로20가길 14,숙박,126.9596293,37.53777105
서울특별시 용산구 독서당로29길 6,음식,127.0115861,37.53678628
서울특별시 용산구 후암로 79,음식,126.9764268,37.55285833
서울특별시 용산구 신흥로 100,음식,126.984701,37.54526427
서울특별시 용산구 한강대로 109,음식,126.9681638,37.52999802
서울특별시 용산구 이태원로27가길 54-4,음식,126.9921932,37.53510172
서울특별시 용산구 백범로99길 40,음식,126.9713523,37.53513455
서울특별시 용산구 한강대로15길 9,음식,126.9638894,37.52574407
서울특별시 용산구 신흥로 111,음식,126.9834564,37.5446334
서울특별시 용산구 청파로47길 49,예술·스포츠,126.9675692,37.54458506
서울특별시 용산구 두텁바위로69길 29,음식,126.9794603,37.55095779
서울특별시 용산구 이촌로29길 8-5,음식,126.9599194,37.52420207
서울특별시 용산구 청파로47길 14,음식,126.9696964,37.54494602
서울특별시 용산구 백범로99길 56,음식,126.9726418,37.53590971
서울특별시 용산구 장문로 71,음식,126.9974772,37.52609194
서울특별시 용산구 효창원로94다길 16,숙박,126.964444,37.54893598
서울특별시 용산구 이촌로 264,음식,126.976132,37.5190347
서울특별시 용산구 이촌로 101,보건의료,126.9593199,37.52409375
서울특별시 용산구 한남대로42나길 2,예술·스포츠,127.0030325,37.54291361
서울특별시 용산구 청파로47나길 20,음식,126.9671501,37.54566614
서울특별시 용산구 청파로55길 12-7,숙박,126.9691753,37.54646858
서울특별시 용산구 녹사평대로40나길 53,음식,126.9887534,37.53690345
서울특별시 용산구 청파로45길 3,음식,126.9703191,37.54409924
서울특별시 용산구 청파로85길 56,숙박,126.9659247,37.55277467
서울특별시 용산구 한강대로 95,음식,126.9666597,37.5288173
서울특별시 용산구 만리재로 198-1,음식,126.9681872,37.55490166
서울특별시 용산구 두텁바위로 81-2,음식,126.9808872,37.54680442
서울특별시 용산구 한강대로23길 55,음식,126.964736,37.5297718
서울특별시 용산구 청파로47나길 108,음식,126.9692307,37.54925268
서울특별시 용산구 신흥로 84,음식,126.9860363,37.54556177
서울특별시 용산구 청파로47나길 81,음식,126.9682805,37.54827935
서울특별시 용산구 청파로45길 2-5,숙박,126.9702172,37.54441457
서울특별시 용산구 한강대로94길 8,숙박,126.9724455,37.54670364
서울특별시 용산구 녹사평대로26나길 19,숙박,126.9938453,37.53226367
서울특별시 용산구 한강대로30길 25,음식,126.9688551,37.52735827
서울특별시 용산구 신흥로 89,음식,126.9854478,37.54568783
서울특별시 용산구 원효로77길 20-16,숙박,126.9656819,37.53943081
서울특별시 용산구 후암로 107,음식,126.9735634,37.55346139
서울특별시 용산구 한강대로 37,음식,126.9630866,37.52481579
서울특별시 용산구 후암로57길 3,음식,126.9742198,37.55329935
서울특별시 용산구 한강대로 135,음식,126.9698602,37.53161126
서울특별시 용산구 이촌로14길 16,음식,126.9544988,37.52732658
서울특별시 용산구 한강대로21길 29-11,음식,126.9637531,37.52692434
서울특별시 용산구 이태원로 195,음식,126.9956667,37.53481358
서울특별시 용산구 한강대로15길 18,음식,126.9635611,37.52616744
서울특별시 용산구 이태원로 143-28,음식,126.989161,37.53471405
서울특별시 용산구 대사관로34길 16,음식,127.0059285,37.53265111
서울특별시 용산구 녹사평대로32길 3,음식,126.9890141,37.53367789
서울특별시 용산구 회나무로13길 5,음식,126.9892848,37.53953442
서울특별시 용산구 한강대로38가길 25,음식,126.9708678,37.52996268
서울특별시 용산구 한강대로7길 17-8,음식,126.9615597,37.52430173
서울특별시 용산구 보광로 41,음식,126.9992646,37.52775882
서울특별시 용산구 이촌로75길 10-5,음식,126.9744348,37.52036783
서울특별시 용산구 이태원로54길 74,음식,127.000973,37.53524614
서울특별시 용산구 임정로11길 4,숙박,126.9585628,37.54305054
서울특별시 용산구 이태원로 199,음식,126.9962097,37.53484063
서울특별시 용산구 한강대로104가길 11-4,숙박,126.9736892,37.54972227
서울특별시 용산구 신흥로 53,보건의료,126.9875303,37.54327339
서울특별시 용산구 녹사평대로 228,음식,126.9869768,37.53794843
서울특별시 용산구 한강대로 95,보건의료,126.9666597,37.5288173
서울특별시 용산구 백범로90라길 39,음식,126.9693933,37.53903539
서울특별시 용산구 이태원로 174,음식,126.9932341,37.53428188
서울특별시 용산구 청파로 251,음식,126.9703653,37.54190982
서울특별시 용산구 대사관로30길 6-17,음식,127.0051478,37.53288541
서울특별시 용산구 청파로85가길 10-4,숙박,126.9678714,37.55237878
서울특별시 용산구 신흥로 95-15,음식,126.9850179,37.54524629
서울특별시 용산구 소월로20길 26-6,음식,126.9850971,37.5452463
서울특별시 용산구 효창원로 270,예술·스포츠,126.963696,37.55133241
서울특별시 용산구 후암로57길 3-14,음식,126.9748876,37.55305623
서울특별시 용산구 신흥로11길 4,음식,126.9875417,37.54312023
서울특별시 용산구 새창로20가길 18,음식,126.9597312,37.53764495
서울특별시 용산구 한강대로 397,음식,126.9723523,37.55382151
서울특별시 용산구 청파로73길 58,음식,126.9677474,37.55124349
서울특별시 용산구 회나무로13길 5,예술·스포츠,126.9892848,37.53953442
서울특별시 용산구 신흥로 25,음식,126.9868292,37.54084963
서울특별시 용산구 청파로45길 32,음식,126.9689045,37.54463948
서울특별시 용산구 녹사평대로32길 20-1,음식,126.9899758,37.53344371
서울특별시 용산구 회나무로 20,음식,126.9889793,37.53898478
서울특별시 용산구 한남대로27가길 26-14,음식,127.0028513,37.53812931
서울특별시 용산구 서빙고로 17,음식,126.96657,37.52690715
서울특별시 용산구 보광로59길 43,음식,126.9916502,37.53378623
서울특별시 용산구 한강대로62나길 7-4,음식,126.9742263,37.53448649
서울특별시 용산구 한강대로 279,예술·스포츠,126.9721979,37.54312662
서울특별시 용산구 한강대로 100,음식,126.9686735,37.52879082
서울특별시 용산구 우사단로12길 18,음식,126.9966624,37.53355221
서울특별시 용산구 한강대로23길 55,예술·스포츠,126.964736,37.5297718
서울특별시 용산구 한강대로 55,음식,126.964421,37.52590641
서울특별시 용산구 한강대로62길 45-11,음식,126.973797,37.53277449
서울특별시 용산구 한강대로88길 11-3,음식,126.9729555,37.54464047
서울특별시 용산구 한강대로 165,음식,126.9718619,37.53391832
서울특별시 용산구 한강대로7길 18-13,음식,126.9622833,37.52508583
서울특별시 용산구 후암로 73,음식,126.9765288,37.55238082
서울특별시 용산구 한강대로62다길 1,음식,126.9738193,37.53361243
서울특별시 용산구 한강대로62길 35,음식,126.973695,37.53332408
서울특별시 용산구 새창로 116,음식,126.960399,37.53714061
서울특별시 용산구 한강대로 205,소매,126.972585,37.53665753
서울특별시 용산구 청파로47길 49,예술·스포츠,126.9675692,37.54458506
서울특별시 용산구 후암로57길 9,음식,126.9741294,37.55304706
서울특별시 용산구 한강대로 37,음식,126.9630866,37.52481579
서울특별시 용산구 한강대로 288-6,음식,126.9727633,37.54401874
서울특별시 용산구 보광로 72,음식,126.997364,37.53002031
서울특별시 용산구 한강대로80길 15,음식,126.9736464,37.54273051
서울특별시 용산구 이태원로 222,음식,126.9988573,37.53483168
서울특별시 용산구 신흥로 95-13,음식,126.9850066,37.54521025
서울특별시 용산구 서빙고로 35,음식,126.9689239,37.52515985
서울특별시 용산구 한강대로 153,음식,126.9711155,37.53292704
서울특별시 용산구 청파로 269-1,음식,126.9705456,37.54369385
서울특별시 용산구 한강대로40길 15,음식,126.9701549,37.53033191
서울특별시 용산구 한강대로62다길 35-3,음식,126.974804,37.53262154
서울특별시 용산구 이태원로 22,소매,126.9776887,37.5335952
서울특별시 용산구 후암로 40-2,예술·스포츠,126.9776953,37.54952488
서울특별시 용산구 백범로 341,음식,126.9679455,37.53796281
서울특별시 용산구 한강대로 126-3,음식,126.9698267,37.5306652
서울특별시 용산구 새창로 92,음식,126.9591082,37.53894217
서울특별시 용산구 이태원로 176-1,음식,126.9935962,37.5342819
서울특별시 용산구 후암로 6,음식,126.9784884,37.54637153
서울특별시 용산구 이태원로19길 20,음식,126.991899,37.53533596
서울특별시 용산구 이태원로23길 21,숙박,126.9924194,37.53536303
서울특별시 용산구 한강대로7길 30-4,음식,126.9615254,37.52496846
서울특별시 용산구 한강대로10길 13,음식,126.9642409,37.52399623
서울특별시 용산구 백범로90길 38,음식,126.969564,37.53671085
서울특별시 용산구 녹사평대로40길 43,음식,126.9881993,37.53453376
서울특별시 용산구 이태원로19길 1,음식,126.9918085,37.53459714
서울특별시 용산구 청파로45길 14-1,음식,126.9698098,37.54444149
서울특별시 용산구 회나무로26길 7,음식,126.9915478,37.53941747
서울특별시 용산구 원효로 214,음식,126.9657733,37.53752071
서울특별시 용산구 이태원로 164-1,음식,126.9922385,37.5341737
서울특별시 용산구 백범로 330,음식,126.9655467,37.53804323
서울특별시 용산구 만리재로40길 8-6,숙박,126.9678365,37.55456819
서울특별시 용산구 장문로 89-1,음식,126.999638,37.52622712
서울특별시 용산구 후암로57길 51-1,음식,126.9740961,37.55124505
서울특별시 용산구 독서당로 46,음식,127.0074219,37.5323537
서울특별시 용산구 원효로97길 3-22,음식,126.969845,37.54136008
서울특별시 용산구 청파로71가길 8,숙박,126.9682232,37.55004529
서울특별시 용산구 원효로63길 20,음식,126.9637027,37.53745702
서울특별시 용산구 후암로5길 13,숙박,126.9774925,37.54647046
서울특별시 용산구 보광로 41,음식,126.9992646,37.52775882
서울특별시 용산구 녹사평대로46길 29,음식,126.9883912,37.53741698
서울특별시 용산구 녹사평대로32길 20-1,음식,126.9899758,37.53344371
서울특별시 용산구 한강대로 120,음식,126.9694647,37.53040382
서울특별시 용산구 이촌로 196,소매,126.9688463,37.52115937
서울특별시 용산구 한강대로21길 17-7,음식,126.963923,37.52652795
서울특별시 용산구 신흥로36가길 24-7,숙박,126.9833316,37.54613805
서울특별시 용산구 후암로5길 14,숙박,126.9775151,37.5465966
서울특별시 용산구 백범로 295-1,음식,126.962163,37.53924052
서울특별시 용산구 새창로 70,예술·스포츠,126.9549445,37.53860729
서울특별시 용산구 청파로85길 35,숙박,126.9670339,37.55253172
서울특별시 용산구 서빙고로 295,숙박,126.9960294,37.52110936
서울특별시 용산구 새창로 110-2,음식,126.9600593,37.53760001
서울특별시 용산구 백범로87길 50-1,음식,126.9694837,37.53943185
서울특별시 용산구 후암로 14,음식,126.9783297,37.54721844
서울특별시 용산구 청파로83길 25-15,숙박,126.9681206,37.55186528
서울특별시 용산구 후암로 38,음식,126.9778199,37.5492546
서울특별시 용산구 신흥로 86,음식,126.9859457,37.54565185
서울특별시 용산구 이태원로 189,음식,126.9949199,37.53484959
서울특별시 용산구 회나무로21길 58,음식,126.9933807,37.54067899
서울특별시 용산구 새창로 131-8,음식,126.9618479,37.53581662
서울특별시 용산구 효창원로 178,음식,126.96267,37.54356548
서울특별시 용산구 이촌로65가길 78,음식,126.9752265,37.52078246
서울특별시 용산구 청파로45길 33,소매,126.9687574,37.54441419
서울특별시 용산구 한강대로62다길 9,음식,126.9741023,37.53333318
서울특별시 용산구 한강대로23길 55,음식,126.964736,37.5297718
서울특별시 용산구 독서당로 67,음식,127.0081461,37.5338403
서울특별시 용산구 이태원로55나길 6,음식,126.9991062,37.53666071
서울특별시 용산구 한강대로7길 23-3,음식,126.9615935,37.52448194
서울특별시 용산구 청파로47길 52,숙박,126.9676483,37.54497251
서울특별시 용산구 신흥로3길 7,음식,126.9866141,37.54119198
서울특별시 용산구 한강대로 49,음식,126.9639687,37.52550983
서울특별시 용산구 이태원로 174,음식,126.9932341,37.53428188
서울특별시 용산구 한남대로 91,음식,127.0021384,37.53656158
서울특별시 용산구 한강대로 56-1,음식,126.9649867,37.52573539
서울특별시 용산구 한강대로 58-1,음식,126.9651111,37.52582552
서울특별시 용산구 이태원로23길 25-2,숙박,126.992261,37.53524589
서울특별시 용산구 두텁바위로 89,음식,126.9815321,37.54724601
서울특별시 용산구 이태원로 222,예술·스포츠,126.9988686,37.53478663
서울특별시 용산구 소월로20길 10,음식,126.9851875,37.54608424
서울특별시 용산구 이태원로16길 37-7,숙박,126.9921481,37.53285823
서울특별시 용산구 녹사평대로54길 7,음식,126.9877007,37.53940812
서울특별시 용산구 청파로47길 62,음식,126.9671391,37.54492732
서울특별시 용산구 서빙고로 17,음식,126.96657,37.52690715
서울특별시 용산구 후암로28길 15,음식,126.9783289,37.54990342
서울특별시 용산구 우사단로 34,음식,126.9957007,37.53322782
서울특별시 용산구 두텁바위로37길 9,음식,126.9812718,37.54744419
서울특별시 용산구 백범로87길 48-3,음식,126.9693706,37.53933271
서울특별시 용산구 보광로 125,소매,126.9939017,37.53389448
서울특별시 용산구 한강대로87길 9,음식,126.9714846,37.54409052
서울특별시 용산구 독서당로 67,예술·스포츠,127.0081461,37.5338403
서울특별시 용산구 한강대로38길 25,음식,126.9698951,37.52919659
서울특별시 용산구 이태원로55가길 38,음식,126.9995361,37.53688596
서울특별시 용산구 원효로93길 22,예술·스포츠,126.9685439,37.54085518
서울특별시 용산구 효창원로 97,음식,126.9597539,37.53739267
서울특별시 용산구 녹사평대로 66,음식,126.9933029,37.52470423
서울특별시 용산구 한강대로 174,숙박,126.9729819,37.53403571
서울특별시 용산구 독서당로 122,보건의료,127.0125817,37.53677717
서울특별시 용산구 후암로 42-1,보건의료,126.97765,37.54970507
서울특별시 용산구 서빙고로75길 11,음식,126.9967421,37.52177612
서울특별시 용산구 한강대로23길 25,음식,126.9643523,37.52764532
서울특별시 용산구 한강대로 37,음식,126.9630866,37.52481579
서울특별시 용산구 청파로47길 83,음식,126.9657472,37.54494494
서울특별시 용산구 신흥로 142,숙박,126.9818946,37.54580447
서울특별시 용산구 청파로 330-32,음식,126.9705889,37.54875747
서울특별시 용산구 대사관로30길 21,음식,127.0056456,37.53230874
서울특별시 용산구 한강대로38길 35,음식,126.9702234,37.5287732
서울특별시 용산구 한강대로15길 8-3,음식,126.9639345,37.52606844
서울특별시 용산구 백범로 319-1,음식,126.9647318,37.53856557
서울특별시 용산구 원효로35길 2,음식,126.9567014,37.53331907
서울특별시 용산구 원효로41길 23,음식,126.9587597,37.53481547
서울특별시 용산구 이태원로26길 19,음식,126.9935736,37.53363318
서울특별시 용산구 이촌로75길 22,음식,126.9745025,37.52078231
서울특별시 용산구 서빙고로 4-10,음식,126.9652243,37.5257715
서울특별시 용산구 효창원로42길 22,음식,126.9601052,37.53635664
서울특별시 용산구 한강대로102길 57,음식,126.9752283,37.54942528
서울특별시 용산구 대사관로 78,음식,127.0067092,37.53308355
서울특별시 용산구 녹사평대로40길 63,음식,126.9893194,37.53438971
서울특별시 용산구 이태원로 179,보건의료,126.9937432,37.5348135
서울특별시 용산구 신흥로11길 4,음식,126.9875417,37.54312023
서울특별시 용산구 대사관로 62,음식,127.0049781,37.53320977
서울특별시 용산구 청파로47길 100,음식,126.9650794,37.54546733
서울특별시 용산구 임정로11길 4,음식,126.9585628,37.54305054
서울특별시 용산구 청파로49길 26,숙박,126.9689494,37.54545039
서울특별시 용산구 한강대로 95,보건의료,126.9666597,37.5288173
서울특별시 용산구 소월로40길 63,숙박,126.9924074,37.5419133
서울특별시 용산구 두텁바위로 116,숙박,126.9820522,37.5492373
서울특별시 용산구 한강대로50길 17,음식,126.9719758,37.53174693
서울특별시 용산구 회나무로28길 6-3,음식,126.9916722,37.53927332
서울특별시 용산구 한강대로17길 15,음식,126.9638325,37.52638376
서울특별시 용산구 이태원로 192,음식,126.9953725,37.53437208
서울특별시 용산구 회나무로 26,음식,126.989545,37.53930919
서울특별시 용산구 한남대로40길 22,음식,127.0034625,37.54290459
서울특별시 용산구 이촌로88길 16,보건의료,126.9776482,37.51784568
서울특별시 용산구 청파로47길 49,음식,126.9675692,37.54458506
서울특별시 용산구 장문로 23,음식,126.9931102,37.52856952
서울특별시 용산구 한강대로15길 9-15,음식,126.9633579,37.52528439
서울특별시 용산구 원효로 141-1,음식,126.9587147,37.53439198
서울특별시 용산구 회나무로13가길 13,음식,126.9903708,37.540877
서울특별시 용산구 한남대로 91,음식,127.0021384,37.53656158
서울특별시 용산구 백범로79길 99,음식,126.9646165,37.54321469
서울특별시 용산구 보광로 70,음식,126.9974771,37.52996625
서울특별시 용산구 이태원로20길 4,음식,126.991967,37.53405655
서울특별시 용산구 원효로19길 58,소매,126.9550382,37.53339053
서울특별시 용산구 한강대로104길 38-3,음식,126.9745604,37.55029009
서울특별시 용산구 청파로47길 74,음식,126.9664374,37.54506227
서울특별시 용산구 한강대로77길 12,보건의료,126.9718927,37.54220753
서울특별시 용산구 대사관로 76,음식,127.0064942,37.53304752
서울특별시 용산구 우사단로4길 22-22,음식,126.9980201,37.53058795
서울특별시 용산구 녹사평대로40길 43-6,숙박,126.9883577,37.53472299
서울특별시 용산구 한강대로57길 34,음식,126.9730381,37.53522504
서울특별시 용산구 이태원로54길 63,음식,127.0012333,37.53570565
서울특별시 용산구 대사관로30길 6-11,음식,127.0053175,37.53276827
서울특별시 용산구 효창원로 259-1,음식,126.9635833,37.55041336
서울특별시 용산구 한강대로 270,음식,126.9730355,37.542397
서울특별시 용산구 후암로 46,보건의료,126.9775933,37.54996635
서울특별시 용산구 신흥로3가길 34,음식,126.9848715,37.54169633
서울특별시 용산구 한강대로52길 22,음식,126.9721116,37.53185508
서울특별시 용산구 신흥로 99,음식,126.9848482,37.54515617
서울특별시 용산구 한강대로80길 12,음식,126.9734767,37.54254126
서울특별시 용산구 청파로 77,보건의료,126.9608649,37.53335657
서울특별시 용산구 백범로 340,보건의료,126.9666105,37.53769214
서울특별시 용산구 이태원로16길 20,음식,126.9914127,37.5334168
서울특별시 용산구 한강대로 95,보건의료,126.9666597,37.5288173
서울특별시 용산구 한강대로 95,음식,126.9666597,37.5288173
서울특별시 용산구 대사관로19길 7,음식,127.0036431,37.53384052
서울특별시 용산구 원효로83길 32-2,숙박,126.9668808,37.54053938
서울특별시 용산구 대사관로30길 21,음식,127.0056456,37.53230874
서울특별시 용산구 이태원로 176-1,음식,126.9935962,37.5342819
서울특별시 용산구 한강대로38가길 7-22,음식,126.9699514,37.52987235
서울특별시 용산구 청파로 269-1,음식,126.9705456,37.54369385
서울특별시 용산구 새창로 213-12,음식,126.9680279,37.53048453
서울특별시 용산구 보광로59길 62,음식,126.9905867,37.53375011
서울특별시 용산구 백범로99길 40,음식,126.9716009,37.53587343
서울특별시 용산구 한강대로40길 43,음식,126.9716823,37.53021516
서울특별시 용산구 한강대로 95,보건의료,126.9666597,37.5288173
서울특별시 용산구 녹사평대로54길 19,음식,126.9883909,37.53919195
서울특별시 용산구 한강대로40길 18-3,음식,126.9703813,37.52998058
서울특별시 용산구 한강대로 268-1,음식,126.9730695,37.54225285
서울특별시 용산구 이촌로64길 24,음식,126.9698762,37.52000636
서울특별시 용산구 이태원로23길 16,음식,126.9927136,37.53516483
서울특별시 용산구 이태원로20가길 11,음식,126.992793,37.53361511
서울특별시 용산구 두텁바위로1길 37-17,숙박,126.9736678,37.54637055
서울특별시 용산구 서빙고로 17,보건의료,126.96657,37.52690715
서울특별시 용산구 녹사평대로40나길 5,숙박,126.9880635,37.53472296
서울특별시 용산구 백범로 341,음식,126.9679455,37.53796281
서울특별시 용산구 장문로6길 106,음식,126.9967193,37.52581261
서울특별시 용산구 백범로87길 48,음식,126.9692688,37.53928763
서울특별시 용산구 서빙고로 17,음식,126.96657,37.52690715
서울특별시 용산구 장문로 52,음식,126.9956558,37.5268217
서울특별시 용산구 한강대로14길 6,음식,126.9644667,37.52502344
서울특별시 용산구 만리재로 164,음식,126.9648267,37.55326089
서울특별시 용산구 한강대로 95,음식,126.9666597,37.5288173
서울특별시 용산구 대사관로 56,음식,127.0041975,37.53328189
서울특별시 용산구 서빙고로91나길 92,음식,126.9962329,37.5248305
서울특별시 용산구 신흥로 99-1,음식,126.9848595,37.54508409
서울특별시 용산구 청파로 257,음식,126.9705461,37.54253156
서울특별시 용산구 원효로 152,음식,126.9599706,37.53431133
서울특별시 용산구 한강대로46길 12,음식,126.9708899,37.531143
서울특별시 용산구 청파로85길 56,숙박,126.9659247,37.55277467
서울특별시 용산구 서빙고로 17,음식,126.9672154,37.52567296
서울특별시 용산구 한강대로84길 9,음식,126.9730463,37.54376653
서울특별시 용산구 양녕로 495,숙박,126.960792,37.52136421
서울특별시 용산구 한강대로15길 12,음식,126.963844,37.52599633
서울특별시 용산구 효창원로40길 3,음식,126.9594487,37.5369691
서울특별시 용산구 한강대로 262-5,숙박,126.9733978,37.54187451
서울특별시 용산구 한강대로 95,음식,126.9666597,37.5288173
서울특별시 용산구 대사관로 56,음식,127.0041975,37.53328189
서울특별시 용산구 보광로 118,음식,126.994524,37.53331787
서울특별시 용산구 한강대로40길 14,음식,126.9699739,37.53014266
서울특별시 용산구 청파로85가길 19-4,숙박,126.9674755,37.55197322
서울특별시 용산구 청파로47길 74,음식,126.9664374,37.54506227
서울특별시 용산구 이태원로19길 1,예술·스포츠,126.9918085,37.53459714
서울특별시 용산구 한강대로30길 25,예술·스포츠,126.9688551,37.52735827
서울특별시 용산구 한강대로84길 12,음식,126.9732274,37.54355033
서울특별시 용산구 원효로58길 22,음식,126.9633191,37.53523143
서울특별시 용산구 한강대로23길 55,음식,126.964736,37.5297718
서울특별시 용산구 이촌로77길 19,음식,126.9749212,37.5205121
서울특별시 용산구 새창로14길 24,음식,126.958769,37.53839245
서울특별시 용산구 한강대로76길 21-13,숙박,126.9741105,37.54214497
서울특별시 용산구 한강대로38길 11-22,음식,126.9699061,37.53000749
서울특별시 용산구 소월로2나길 6-1,숙박,126.9770604,37.55327291
서울특별시 용산구 한강대로 69,음식,126.9648956,37.52704181
서울특별시 용산구 한강대로23길 55,음식,126.964736,37.5297718
서울특별시 용산구 백범로99길 40,음식,126.9713523,37.53513455
서울특별시 용산구 한강대로80길 21-19,음식,126.9737819,37.5435054
서울특별시 용산구 만리재로24길 42-1,숙박,126.9655176,37.55207178
서울특별시 용산구 원효로83길 7,소매,126.9679107,37.539945
서울특별시 용산구 한강대로 295,예술·스포츠,126.9717674,37.54455911
서울특별시 용산구 한강대로15길 31-20,음식,126.9622376,37.52603187
서울특별시 용산구 청파로45길 13,음식,126.9697986,37.54423426
서울특별시 용산구 독서당로14길 47,예술·스포츠,127.0086323,37.53118231
서울특별시 용산구 한강대로 284,음식,126.9726842,37.54370337
서울특별시 용산구 한강대로50길 24,음식,126.9720551,37.53145863
서울특별시 용산구 서빙고로 17,예술·스포츠,126.96657,37.52690715
서울특별시 용산구 회나무로 34,음식,126.9903823,37.53962461
서울특별시 용산구 원효로71길 41,음식,126.9628085,37.53817755
서울특별시 용산구 한강대로14길 12,음식,126.9648288,37.52490642
서울특별시 용산구 한강대로 92,음식,126.9675198,37.52817783
서울특별시 용산구 소월로2길 11,음식,126.9767318,37.55452523
서울특별시 용산구 한강대로96길 20-10,숙박,126.9728415,37.54696503
서울특별시 용산구 청파로85가길 10-4,숙박,126.9680298,37.5523608
서울특별시 용산구 효창원로55길 3-9,음식,126.9604663,37.53828491
서울특별시 용산구 한강대로62길 48,소매,126.9733897,37.53283747
서울특별시 용산구 효창원로52길 8,음식,126.9606365,37.53743802
서울특별시 용산구 대사관로 65,음식,127.0054534,37.53344401
서울특별시 용산구 녹사평대로 218,음식,126.9870675,37.53711951
서울특별시 용산구 신흥로 144,음식,126.981804,37.54595763
서울특별시 용산구 백범로 322-1,음식,126.9647659,37.53821419
서울특별시 용산구 이태원로 208,음식,126.9970583,37.53453431
서울특별시 용산구 후암로 21-1,음식,126.9777863,37.54776795
서울특별시 용산구 우사단로 34,음식,126.9957007,37.53322782
서울특별시 용산구 원효로19길 74,음식,126.9559093,37.533517
서울특별시 용산구 이태원로 190,예술·스포츠,126.9950557,37.53432702
서울특별시 용산구 원효로58길 8,음식,126.9632056,37.53588012
서울특별시 용산구 청파로 255,음식,126.9705574,37.54242344
서울특별시 용산구 대사관로34길 31-7,음식,127.0061886,37.53199337
서울특별시 용산구 원효로 184,예술·스포츠,126.9630699,37.53590711
서울특별시 용산구 백범로 341,음식,126.9679455,37.53796281
서울특별시 용산구 원효로77길 34,음식,126.9653085,37.53942169
서울특별시 용산구 후암로34가길 20,숙박,126.9779665,37.55069623
서울특별시 용산구 이태원로54길 16-5,음식,127.0025345,37.53742654
서울특별시 용산구 원효로97길 42,음식,126.9688488,37.5425131
서울특별시 용산구 원효로 51,음식,126.950071,37.53385706
서울특별시 용산구 한강대로38가길 13,음식,126.9702682,37.52974629
서울특별시 용산구 한강대로21가길 47,음식,126.9616381,37.52579742
서울특별시 용산구 한강대로84길 21-17,음식,126.9734761,37.54446039
서울특별시 용산구 보광로59길 29,음식,126.9923064,37.5338133
서울특별시 용산구 이촌로64길 24,보건의료,126.9698762,37.52000636
서울특별시 용산구 한강대로 297,보건의료,126.9716881,37.54475731
서울특별시 용산구 원효로 245,보건의료,126.968137,37.53979189
서울특별시 용산구 청파로49길 3,보건의료,126.9702169,37.54518042
서울특별시 용산구 한강대로 109,보건의료,126.9681638,37.52999802
서울특별시 용산구 신흥로20길 1,보건의료,126.9851083,37.54591304
서울특별시 용산구 한강대로 259,보건의료,126.9724134,37.54157695
서울특별시 용산구 후암로 45-1,보건의료,126.9771633,37.54993023
서울특별시 용산구 이촌로18길 21-6,보건의료,126.9548052,37.52571391
서울특별시 용산구 이촌로 276,보건의료,126.977286,37.5186475
서울특별시 용산구 새창로14길 22,보건의료,126.9587237,37.53849154
서울특별시 용산구 한강대로 211,보건의료,126.9726074,37.53718012
서울특별시 용산구 녹사평대로26길 21,보건의료,126.9912998,37.53087597
서울특별시 용산구 효창원로93길 9,보건의료,126.9628374,37.54835885
서울특별시 용산구 청파로47길 7,보건의료,126.9702284,37.54470289
서울특별시 용산구 이촌로 200,보건의료,126.9693441,37.52095227
서울특별시 용산구 청파로45길 22,음식,126.9694363,37.54452249
서울특별시 용산구 서빙고로 17,음식,126.96657,37.52690715
서울특별시 용산구 이태원로19길 20,음식,126.991899,37.53533596
서울특별시 용산구 보광로59길 10,음식,126.9935057,37.53403862
서울특별시 용산구 새창로20가길 7,음식,126.9596404,37.53809542
서울특별시 용산구 이촌로29길 17,음식,126.9598513,37.52463453
서울특별시 용산구 한강대로 153,음식,126.9711155,37.53292704
서울특별시 용산구 한강대로 297,보건의료,126.9716881,37.54475731
서울특별시 용산구 한강대로80길 21-3,음식,126.9739745,37.54282969
서울특별시 용산구 이태원로54길 58-20,음식,127.0006449,37.53581377
서울특별시 용산구 회나무로13가길 3-26,음식,126.990235,37.54119234
서울특별시 용산구 서빙고로 17,음식,126.96657,37.52690715
서울특별시 용산구 두텁바위로1가길 3,음식,126.9754895,37.5466863
서울특별시 용산구 청파로43길 47-6,숙박,126.9677733,37.54369312
서울특별시 용산구 독서당로 86,보건의료,127.0100922,37.53429065
서울특별시 용산구 청파로93길 18,숙박,126.9678932,37.55440603
서울특별시 용산구 새창로 113-2,음식,126.9606818,37.53723982
서울특별시 용산구 청파로85가길 10-4,숙박,126.9680298,37.5523608
서울특별시 용산구 원효로 51,보건의료,126.950071,37.53385706
서울특별시 용산구 이촌로22길 18,보건의료,126.9556765,37.52537186
서울특별시 용산구 원효로83길 40-1,숙박,126.9669262,37.54010691
서울특별시 용산구 소월로2길 21,보건의료,126.976732,37.55411978
서울특별시 용산구 한강대로42길 12,음식,126.9702793,37.53050314
서울특별시 용산구 한강대로104길 60,음식,126.9754884,37.55016415
서울특별시 용산구 백범로 287,보건의료,126.9612237,37.53960062
서울특별시 용산구 만리재로28길 5-12,숙박,126.9652229,37.5530718
서울특별시 용산구 한강대로52길 29-10,음식,126.9731073,37.53162106
서울특별시 용산구 녹사평대로32길 24,음식,126.9901229,37.53348878
서울특별시 용산구 이태원로27가길 42,음식,126.9928268,37.5350477
서울특별시 용산구 한강대로 92,보건의료,126.9675198,37.52817783
서울특별시 용산구 한강대로23길 55,보건의료,126.964736,37.5297718
서울특별시 용산구 이태원로27가길 37,예술·스포츠,126.9931096,37.53487653
서울특별시 용산구 청파로47나길 10,음식,126.967071,37.54532374
서울특별시 용산구 이촌로 264,음식,126.976132,37.5190347
서울특별시 용산구 독서당로 71,음식,127.0084516,37.53411959
서울특별시 용산구 서빙고로 17,음식,126.96657,37.52690715
서울특별시 용산구 한강대로71길 48,숙박,126.9721419,37.54144174
서울특별시 용산구 회나무로 9,음식,126.9878592,37.53866932
서울특별시 용산구 백범로 341,소매,126.9679455,37.53796281
서울특별시 용산구 한강대로88길 11-19,음식,126.9728648,37.54491976
서울특별시 용산구 원효로 51,예술·스포츠,126.950071,37.53385706
서울특별시 용산구 이태원로 169-1,음식,126.9928834,37.53459721
서울특별시 용산구 청파로47길 88,음식,126.9656453,37.54518818
서울특별시 용산구 청파로43다길 8-15,숙박,126.9688033,37.54307171
서울특별시 용산구 청파로47길 58,음식,126.9672296,37.54491833
서울특별시 용산구 후암로 54,음식,126.9773554,37.55070512
서울특별시 용산구 녹사평대로 218,음식,126.9870675,37.53711951
서울특별시 용산구 한강대로 359-2,음식,126.9717312,37.5505147
서울특별시 용산구 대사관로31길 7,음식,127.005691,37.53366925
서울특별시 용산구 서빙고로 17,음식,126.96657,37.52690715
서울특별시 용산구 후암로 69-2,음식,126.9766194,37.55209252
서울특별시 용산구 보광로55길 19,숙박,126.9932795,37.53293038
서울특별시 용산구 한강대로 56-1,예술·스포츠,126.9649867,37.52573539
서울특별시 용산구 청파로 280-1,음식,126.9709073,37.54463098
서울특별시 용산구 우사단로10가길 10,음식,126.9970697,37.53366935
서울특별시 용산구 효창원로70길 9,음식,126.9626144,37.5417004
서울특별시 용산구 한강대로 168-2,음식,126.9726766,37.53369326
서울특별시 용산구 한강대로 271,음식,126.9724131,37.54241488
서울특별시 용산구 청파로45길 36,음식,126.9685989,37.5446394
서울특별시 용산구 한남대로20길 61-1,음식,127.0103412,37.53506549
서울특별시 용산구 대사관로30길 9,음식,127.0056796,37.53280429
서울특별시 용산구 한강대로38가길 7-18,음식,126.9700533,37.52980931
서울특별시 용산구 보광로60길 3,음식,126.9943656,37.53407471
서울특별시 용산구 두텁바위로 9-1,예술·스포츠,126.9732494,37.54539738
서울특별시 용산구 독서당로 65-1,보건의료,127.0077501,37.53383132
서울특별시 용산구 이촌로 280,보건의료,126.9778742,37.51844939
서울특별시 용산구 신흥로 94,보건의료,126.9850065,37.54577788
서울특별시 용산구 원효로53길 1,보건의료,126.9619951,37.53576261
서울특별시 용산구 효창원로42길 23,보건의료,126.9603089,37.5363477
서울특별시 용산구 원효로 271,보건의료,126.9700939,37.5414052
서울특별시 용산구 회나무로6길 5,보건의료,126.9887983,37.53870545
서울특별시 용산구 회나무로13길 5,보건의료,126.9892848,37.53953442
서울특별시 용산구 우사단로 47,보건의료,126.9954857,37.53435406
서울특별시 용산구 후암로 43-1,보건의료,126.9773105,37.54975907
서울특별시 용산구 한강대로104길 51,보건의료,126.974979,37.55058751
서울특별시 용산구 이촌로 103,보건의료,126.9596027,37.5240578
서울특별시 용산구 이촌로65가길 78,보건의료,126.9752265,37.52078246
서울특별시 용산구 원효로 161,보건의료,126.9608299,37.53527569
서울특별시 용산구 이촌로 200,보건의료,126.9693441,37.52095227
서울특별시 용산구 두텁바위로 54-99,소매,126.9795868,37.54334437
서울특별시 용산구 회나무로13길 5,보건의료,126.9892848,37.53953442
서울특별시 용산구 소월로20길 52,보건의료,126.9845541,37.54444434
서울특별시 용산구 회나무로13길 5,보건의료,126.9892848,37.53953442
서울특별시 용산구 회나무로6길 5,보건의료,126.9887983,37.53870545
서울특별시 용산구 새창로 120-8,보건의료,126.9602861,37.53665403
서울특별시 용산구 후암로 107,보건의료,126.9735634,37.55346139
서울특별시 용산구 이촌로64길 24,보건의료,126.9698762,37.52000636
서울특별시 용산구 만리재로 134,보건의료,126.9625756,37.55134107
서울특별시 용산구 효창원로66길 45,음식,126.9645156,37.54124147
서울특별시 용산구 이촌로 182,보건의료,126.9673757,37.52122205
서울특별시 용산구 보광로 23-1,보건의료,127.0003507,37.52654247
서울특별시 용산구 한강대로77길 12,보건의료,126.9718927,37.54220753
서울특별시 용산구 한강대로104길 6,보건의료,126.9724668,37.55021754
서울특별시 용산구 회나무로13길 5,보건의료,126.9892848,37.53953442
서울특별시 용산구 장문로 114,음식,127.0021721,37.52663255
서울특별시 용산구 이촌로 264,보건의료,126.976132,37.5190347
서울특별시 용산구 우사단로 46,보건의료,126.9958364,37.53420091
서울특별시 용산구 한강대로 92,보건의료,126.9675198,37.52817783
서울특별시 용산구 대사관로31길 7-10,보건의료,127.0053855,37.53394858
서울특별시 용산구 만리재로 134,보건의료,126.9625756,37.55134107
서울특별시 용산구 한강대로80길 5,보건의료,126.9731825,37.54267635
서울특별시 용산구 한강대로 205,보건의료,126.9720643,37.53721603
서울특별시 용산구 이태원로 169,보건의료,126.992691,37.53465125
서울특별시 용산구 효창원로 132,보건의료,126.961778,37.53977199
서울특별시 용산구 한강대로 259,보건의료,126.9724134,37.54157695
서울특별시 용산구 보광로 46,예술·스포츠,126.9991968,37.52830843
서울특별시 용산구 이촌로84길 9-18,보건의료,126.9777273,37.51798985
서울특별시 용산구 청파로47길 7,보건의료,126.9702284,37.54470289
서울특별시 용산구 신흥로 93,보건의료,126.9851762,37.54562473
서울특별시 용산구 이태원로 211,보건의료,126.9972733,37.53499383
서울특별시 용산구 후암로 89,보건의료,126.9755892,37.55320955
서울특별시 용산구 두텁바위로 6-1,보건의료,126.9728308,37.54505491
서울특별시 용산구 이촌로 352,보건의료,126.9851705,37.51737834
서울특별시 용산구 한강대로 49,보건의료,126.9639687,37.52550983
서울특별시 용산구 한강대로72길 3,음식,126.9736471,37.54070326
서울특별시 용산구 새창로33길 4,보건의료,126.9613045,37.53649219
서울특별시 용산구 후암로 9,보건의료,126.9780809,37.54674087
서울특별시 용산구 한강대로 171,보건의료,126.9723822,37.53438696
서울특별시 용산구 한강대로 297,보건의료,126.9716881,37.54475731
서울특별시 용산구 보광로 19,보건의료,127.0006561,37.52625415
서울특별시 용산구 독서당로 70,보건의료,127.008576,37.53360601
서울특별시 용산구 후암로 46,보건의료,126.9775933,37.54996635
서울특별시 용산구 후암로 32,보건의료,126.9779445,37.54870502
서울특별시 용산구 한강대로40가길 24,보건의료,126.9723042,37.53097215
서울특별시 용산구 한강대로 295,보건의료,126.9717674,37.54455911
서울특별시 용산구 청파로 349,보건의료,126.9692867,37.55076637
서울특별시 용산구 한강대로 297,보건의료,126.9716881,37.54475731
서울특별시 용산구 두텁바위로 11,보건의료,126.9735096,37.54546952
서울특별시 용산구 회나무로 25,보건의료,126.9896016,37.53954346
서울특별시 용산구 한남대로21길 17,보건의료,127.0065282,37.53414674
서울특별시 용산구 한강대로 69,보건의료,126.9648956,37.52704181
서울특별시 용산구 새창로 217,보건의료,126.9677791,37.53021416
서울특별시 용산구 회나무로6길 5,보건의료,126.9887983,37.53870545
서울특별시 용산구 한남대로21길 9,보건의료,127.006483,37.534381
서울특별시 용산구 원효로 159,보건의료,126.9606263,37.53518552
서울특별시 용산구 효창원로69길 15,소매,126.9612565,37.54185313
서울특별시 용산구 청파로47나길 108,음식,126.9692307,37.54925268
서울특별시 용산구 청파로85길 59,음식,126.9658569,37.55257643
서울특별시 용산구 후암로 17-2,음식,126.9778883,37.54756975
서울특별시 용산구 백범로 284-1,음식,126.9607599,37.53929412
서울특별시 용산구 효창원로 273,음식,126.9630283,37.55140428
서울특별시 용산구 보광로60길 14-3,음식,126.9951123,37.53378642
서울특별시 용산구 서빙고로 17,음식,126.96657,37.52690715
서울특별시 용산구 한강대로 403,음식,126.972205,37.55435306
서울특별시 용산구 백범로90라길 16,음식,126.9685903,37.53813418
서울특별시 용산구 이태원로 138,음식,126.9891837,37.53395722
서울특별시 용산구 회나무로 7,음식,126.9876895,37.53865128
서울특별시 용산구 서빙고로95길 20,숙박,127.0021947,37.52654245
서울특별시 용산구 한강대로 37,음식,126.9630866,37.52481579
서울특별시 용산구 녹사평대로54길 16,음식,126.9881081,37.53913786
서울특별시 용산구 한강대로7길 39,소매,126.9610502,37.52513949
서울특별시 용산구 대사관로31길 29,음식,127.0058381,37.53463332
서울특별시 용산구 신흥로7길 63,숙박,126.9845656,37.54381364
서울특별시 용산구 한강대로 69,음식,126.9648956,37.52704181
서울특별시 용산구 이태원로19길 6-6,음식,126.9922271,37.53475935
서울특별시 용산구 이촌로22길 19,소매,126.9557558,37.52516466
서울특별시 용산구 한강대로52길 34,음식,126.9727,37.53150383
서울특별시 용산구 새창로12길 11-7,음식,126.9580784,37.53917607
서울특별시 용산구 한남대로27가길 10,음식,127.0031568,37.53760672
서울특별시 용산구 이태원로27가길 54,음식,126.9922611,37.53499361
서울특별시 용산구 한강대로 372,음식,126.9735869,37.55101068
서울특별시 용산구 청파로71길 9,음식,126.9693212,37.54931577
서울특별시 용산구 한강대로 95,음식,126.9666597,37.5288173
서울특별시 용산구 원효로 255,음식,126.9689288,37.54042281
서울특별시 용산구 한강대로15길 23,예술·스포츠,126.9631765,37.52613128
서울특별시 용산구 원효로 195-2,숙박,126.9639406,37.53696155
서울특별시 용산구 후암로57길 15,음식,126.9741408,37.55283082
서울특별시 용산구 이태원로16길 15,음식,126.9913334,37.53363303
서울특별시 용산구 만리재로40길 8-4,숙박,126.9679044,37.55461326
서울특별시 용산구 이촌로64길 24,예술·스포츠,126.9698762,37.52000636
서울특별시 용산구 청파로 48,음식,126.9568265,37.53214782
서울특별시 용산구 후암로15길 29,숙박,126.9769825,37.54902018
서울특별시 용산구 이태원로27가길 18,음식,126.9942637,37.5351559
서울특별시 용산구 원효로 159,숙박,126.9606263,37.53518552
서울특별시 용산구 한강대로23길 55,음식,126.964736,37.5297718
서울특별시 용산구 청파로 291-1,음식,126.9701714,37.54569397
서울특별시 용산구 보광로59길 5,음식,126.9937207,37.53387645
서울특별시 용산구 녹사평대로40길 63,음식,126.9893194,37.53438971
서울특별시 용산구 한강대로7길 22-7,음식,126.9617403,37.52504061
서울특별시 용산구 한강대로23길 55,음식,126.964736,37.5297718
서울특별시 용산구 소월로2다길 3-21,숙박,126.9783051,37.5539579
서울특별시 용산구 원효로89길 23,음식,126.9677293,37.54073783
서울특별시 용산구 청파로85가길 10-6,숙박,126.9677243,37.55233369
서울특별시 용산구 후암로 7,음식,126.9781262,37.54656067
서울특별시 용산구 회나무로44길 24,음식,126.9960963,37.54022861
서울특별시 용산구 이태원로 174,음식,126.9932341,37.53428188
서울특별시 용산구 후암로 3,음식,126.9782395,37.5462003
서울특별시 용산구 후암로 65,음식,126.9766536,37.55134469
서울특별시 용산구 한강대로15길 19-19,음식,126.9628262,37.52534729
서울특별시 용산구 이태원로27가길 43,음식,126.992906,37.53482246
서울특별시 용산구 청파로47길 37-16,음식,126.9680446,37.544414
서울특별시 용산구 한강대로46길 25,음식,126.9715575,37.53096296
서울특별시 용산구 이태원로26길 17-1,숙박,126.9936754,37.5337413
서울특별시 용산구 효창원로 35,음식,126.9532719,37.53539908
서울특별시 용산구 만리재로26길 26,숙박,126.9653136,37.55272945
서울특별시 용산구 한강대로 66,보건의료,126.9659481,37.52619518
서울특별시 용산구 후암로57길 51-5,숙박,126.9742432,37.55124508
서울특별시 용산구 한강대로40가길 31,음식,126.971976,37.53139554
서울특별시 용산구 독서당로 78,보건의료,127.0092776,37.53395735
서울특별시 용산구 독서당로 23,음식,127.0071728,37.53060577
서울특별시 용산구 서빙고로 50-22,숙박,126.9692415,37.5228894
서울특별시 용산구 이태원로27가길 16,음식,126.9944221,37.53516492
서울특별시 용산구 이태원로19길 6-5,음식,126.9922271,37.53484044
서울특별시 용산구 이태원로27가길 46,음식,126.9927249,37.5350477
서울특별시 용산구 신흥로 62,음식,126.9874058,37.54384101
서울특별시 용산구 한강대로 135-1,음식,126.9699281,37.53167435
서울특별시 용산구 한강대로62길 45-17,음식,126.9738988,37.53270243
서울특별시 용산구 한강대로72길 17-14,음식,126.9742466,37.54128004
서울특별시 용산구 임정로13길 6,음식,126.9578046,37.5431674
서울특별시 용산구 이태원로27가길 18,음식,126.9942637,37.5351559
서울특별시 용산구 신흥로 85-1,보건의료,126.9857307,37.5455347
서울특별시 용산구 이촌로 248,보건의료,126.9750234,37.51938587
서울특별시 용산구 만리재로 176-4,숙박,126.9657884,37.55387385
서울특별시 용산구 보광로 14,보건의료,127.0020816,37.52589373
서울특별시 용산구 청파로47길 53,보건의료,126.9673994,37.54470214
서울특별시 용산구 이태원로20가길 9-7,음식,126.9928835,37.53379532
서울특별시 용산구 한강대로46길 15,음식,126.9711614,37.53121515
서울특별시 용산구 한강대로23길 55,보건의료,126.964736,37.5297718
서울특별시 용산구 이촌로75길 22,음식,126.9745025,37.52078231
서울특별시 용산구 후암로35길 47,음식,126.9762242,37.54943449
서울특별시 용산구 독서당로 86,보건의료,127.0100922,37.53429065
서울특별시 용산구 한강대로48길 25,음식,126.9718855,37.53131443
서울특별시 용산구 한강대로 153,음식,126.9711155,37.53292704
서울특별시 용산구 한남대로 60,음식,127.0078747,37.53446201
서울특별시 용산구 청파로47길 77,음식,126.9661207,37.54488198
서울특별시 용산구 원효로 155,보건의료,126.9603096,37.53504125
서울특별시 용산구 새창로33길 2,음식,126.9611801,37.53648314
서울특별시 용산구 한강대로62길 34,음식,126.9734913,37.53342314
서울특별시 용산구 한강대로87길 4,음식,126.9717561,37.5443789
서울특별시 용산구 한강대로 95,보건의료,126.9666597,37.5288173
서울특별시 용산구 새창로14길 49,보건의료,126.9596747,37.53744671
서울특별시 용산구 이촌로 182,음식,126.9673757,37.52122205
서울특별시 용산구 한강대로10길 11-42,음식,126.9646819,37.52443785
서울특별시 용산구 이촌로 224,보건의료,126.9719462,37.52016905
서울특별시 용산구 한강대로54길 14,음식,126.9723376,37.53256693
서울특별시 용산구 원효로 51,보건의료,126.950071,37.53385706
서울특별시 용산구 원효로 158,보건의료,126.9607736,37.53475309
서울특별시 용산구 한강대로40길 5,보건의료,126.9696118,37.53039485
서울특별시 용산구 한강대로 259,보건의료,126.9724134,37.54157695
서울특별시 용산구 우사단로 3,보건의료,126.9966512,37.53069604
서울특별시 용산구 한강대로77길 15,보건의료,126.9717797,37.54172096
서울특별시 용산구 이촌로 264,보건의료,126.976132,37.5190347
서울특별시 용산구 한강대로77길 12,보건의료,126.9718927,37.54220753
서울특별시 용산구 우사단로 2-1,보건의료,126.9969227,37.53058793
서울특별시 용산구 새창로 213,보건의료,126.9672699,37.5304663
서울특별시 용산구 한강대로 293,보건의료,126.9718806,37.54439695
서울특별시 용산구 한강대로 283,보건의료,126.9719488,37.54344191
서울특별시 용산구 한강대로 95,보건의료,126.9666597,37.5288173
서울특별시 용산구 한강대로 290-1,보건의료,126.9725709,37.5441989
서울특별시 용산구 한강대로 109,보건의료,126.9681638,37.52999802
서울특별시 용산구 이촌로 24-4,음식,126.9541014,37.52957894
서울특별시 용산구 한강대로15길 9-18,보건의료,126.9630638,37.52534737
서울특별시 용산구 원효로 158,보건의료,126.9607736,37.53475309
서울특별시 용산구 이촌로 200,보건의료,126.9693441,37.52095227
서울특별시 용산구 한강대로 293,보건의료,126.9718806,37.54439695
서울특별시 용산구 이촌로65가길 72,보건의료,126.974955,37.52083647
서울특별시 용산구 장문로 94,보건의료,126.9999661,37.52599286
서울특별시 용산구 청파로 322,보건의료,126.9702269,37.54844203
서울특별시 용산구 한강대로 288,보건의료,126.9726276,37.54398267
서울특별시 용산구 장문로19길 4,예술·스포츠,126.9977827,37.52610096
서울특별시 용산구 신흥로3가길 14,숙박,126.9857542,37.54136307
서울특별시 용산구 원효로89길 7,음식,126.9685441,37.54043171
서울특별시 용산구 녹사평대로 220,음식,126.9870448,37.53722763
서울특별시 용산구 우사단로14길 25,음식,126.9969791,37.53439015
서울특별시 용산구 후암로13길 19,숙박,126.977662,37.54731743
서울특별시 용산구 회나무로13가길 3-9,음식,126.9898842,37.54108419
서울특별시 용산구 청파로47다길 5-1,음식,126.9653623,37.54543137
서울특별시 용산구 한강대로 58-1,음식,126.9651111,37.52582552
서울특별시 용산구 백범로99길 40,음식,126.9716009,37.53587343
서울특별시 용산구 독서당로14길 46,숙박,127.0083947,37.53119134
서울특별시 용산구 이태원로27가길 16,음식,126.9944221,37.53516492
서울특별시 용산구 후암로 29,소매,126.9775598,37.54856079
서울특별시 용산구 이태원로 185,음식,126.9946031,37.53472344
서울특별시 용산구 청파로 378,음식,126.9704869,37.54911785
서울특별시 용산구 청파로 333,음식,126.9696947,37.54932488
서울특별시 용산구 한강대로102길 51-8,숙박,126.9750585,37.54965049
서울특별시 용산구 서빙고로 50-4,음식,126.9696147,37.52336703
서울특별시 용산구 신흥로 99-1,숙박,126.9848595,37.54508409
서울특별시 용산구 이태원로 166,음식,126.9923969,37.53420975
서울특별시 용산구 원효로 255,예술·스포츠,126.9689288,37.54042281
서울특별시 용산구 백범로77길 61,음식,126.9664846,37.54078254
서울특별시 용산구 회나무로44가길 45,음식,126.9935393,37.53829135
서울특별시 용산구 소월로20길 28-1,음식,126.9852103,37.54527335
서울특별시 용산구 신흥로3나길 11,숙박,126.9850525,37.54175943
서울특별시 용산구 한강대로62다길 23,숙박,126.9744984,37.5328197
서울특별시 용산구 한강대로54길 25,음식,126.9729938,37.53260312
서울특별시 용산구 신흥로 97-3,음식,126.984916,37.54530935
서울특별시 용산구 한강대로 282,예술·스포츠,126.9727409,37.54349616
서울특별시 용산구 녹사평대로40길 33,음식,126.9877241,37.53465985
서울특별시 용산구 이태원로 187-4,음식,126.9947728,37.53484959
서울특별시 용산구 보광로 118,음식,126.994524,37.53331787
서울특별시 용산구 후암로57길 13,음식,126.9741181,37.55289388
서울특별시 용산구 대사관로31길 25-12,음식,127.0052498,37.53467839
서울특별시 용산구 한강대로21길 17-17,음식,126.9636629,37.52623054
서울특별시 용산구 원효로25길 1,음식,126.9539753,37.532381
서울특별시 용산구 한강대로 162-2,음식,126.9722355,37.53331474
서울특별시 용산구 녹사평대로46길 7,음식,126.987339,37.53741687
서울특별시 용산구 후암로49길 4,숙박,126.9761099,37.55297539
서울특별시 용산구 대사관로15길 8-3,음식,127.0028512,37.53416491
서울특별시 용산구 이태원로49길 37,음식,126.9982915,37.53716526
서울특별시 용산구 청파로 251-1,보건의료,126.9703199,37.54206298
서울특별시 용산구 후암로35길 48,숙박,126.9758847,37.54938036
서울특별시 용산구 청파로47길 66,예술·스포츠,126.9667656,37.54507137
서울특별시 용산구 신흥로 41-1,음식,126.9873042,37.54232732
서울특별시 용산구 한강대로102가길 5-14,숙박,126.9738479,37.54897448
서울특별시 용산구 신흥로 115-3,음식,126.9830604,37.54466939
서울특별시 용산구 효창원로 260,음식,126.9637983,37.55044946
서울특별시 용산구 한강대로 372,소매,126.9729303,37.55167727
서울특별시 용산구 효창원로 265,보건의료,126.9636623,37.55076477
서울특별시 용산구 청파로 280,음식,126.97093,37.54453187
서울특별시 용산구 신흥로 28,음식,126.987112,37.5409758
서울특별시 용산구 한남대로 57,음식,127.0068224,37.53366919
서울특별시 용산구 서빙고로 17,보건의료,126.96657,37.52690715
서울특별시 용산구 청파로93길 37,음식,126.9669767,37.55380211
서울특별시 용산구 대사관로 68,보건의료,127.0055212,37.53319173
서울특별시 용산구 보광로 35,보건의료,126.9996267,37.52728129
서울특별시 용산구 원효로41길 53,음식,126.9601397,37.53547367
서울특별시 용산구 한강대로102길 3,음식,126.9723312,37.5499382
서울특별시 용산구 한강대로23길 55,음식,126.964736,37.5297718
서울특별시 용산구 보광로 23,음식,127.000362,37.52640732
서울특별시 용산구 이태원로16길 35,숙박,126.9918992,37.53289425
서울특별시 용산구 서빙고로 17,예술·스포츠,126.96657,37.52690715
서울특별시 용산구 백범로 326-1,음식,126.965128,37.53812419
서울특별시 용산구 한강대로 276-2,음식,126.9728542,37.54300964
서울특별시 용산구 독서당로 71,보건의료,127.0083838,37.53406553
서울특별시 용산구 대사관로30길 21,음식,127.0056456,37.53230874
서울특별시 용산구 한강대로23길 55,음식,126.964736,37.5297718
서울특별시 용산구 이태원로14길 29-1,음식,126.9912204,37.53320054
서울특별시 용산구 대사관로11길 41,예술·스포츠,127.0016632,37.5355795
서울특별시 용산구 이태원로 5,음식,126.9749614,37.53544171
서울특별시 용산구 한강대로62길 45-17,음식,126.9738988,37.53270243
서울특별시 용산구 효창원로 260,음식,126.9637983,37.55044946
서울특별시 용산구 이촌로 347,예술·스포츠,126.9896384,37.51903666
서울특별시 용산구 이태원로 174,음식,126.9932341,37.53428188
서울특별시 용산구 회나무로6길 17,음식,126.988855,37.53814684
서울특별시 용산구 한강대로11길 21,음식,126.9624529,37.52531114
서울특별시 용산구 대사관로30길 11-5,음식,127.0057588,37.53269617
서울특별시 용산구 서빙고로51길 64,음식,126.9911084,37.52321743
서울특별시 용산구 한강대로104길 32,음식,126.9740512,37.55023592
서울특별시 용산구 한강대로52길 37,음식,126.9730168,37.53157598
서울특별시 용산구 대사관로 65,음식,127.0054534,37.53344401
서울특별시 용산구 이태원로 173-7,음식,126.9932228,37.53487654
서울특별시 용산구 이태원로36길 34,음식,126.9990722,37.53392167
서울특별시 용산구 두텁바위로58길 6,소매,126.9820181,37.5497779
서울특별시 용산구 유엔빌리지1길 2,소매,127.009911,37.53293916
서울특별시 용산구 한강대로88길 8,음식,126.9727745,37.54440617
서울특별시 용산구 이태원로 179,음식,126.9937432,37.5348135
서울특별시 용산구 백범로 291,음식,126.9616877,37.53937552
서울특별시 용산구 신흥로 100,음식,126.984701,37.54526427
서울특별시 용산구 우사단로 40,음식,126.9960175,37.53373239
서울특별시 용산구 우사단로 43,음식,126.9954291,37.5341198
서울특별시 용산구 한강대로23길 55,음식,126.964736,37.5297718
서울특별시 용산구 이태원로27가길 12,음식,126.9945805,37.53517394
서울특별시 용산구 한강대로 297,보건의료,126.9716881,37.54475731
서울특별시 용산구 한강대로 283,보건의료,126.9719488,37.54344191
서울특별시 용산구 청파로47길 43,보건의료,126.967954,37.54456714
서울특별시 용산구 백범로 285,보건의료,126.9610879,37.53959156
서울특별시 용산구 한강대로 256,보건의료,126.9735224,37.54128889
서울특별시 용산구 이촌로 200,보건의료,126.9693441,37.52095227
서울특별시 용산구 효창원로 140,보건의료,126.9619928,37.54032167
서울특별시 용산구 회나무로 23,보건의료,126.9891943,37.5393452
서울특별시 용산구 한강대로 109,보건의료,126.9681638,37.52999802
서울특별시 용산구 만리재로 134,보건의료,126.9625756,37.55134107
서울특별시 용산구 후암로30길 1,보건의료,126.9774461,37.55038078
서울특별시 용산구 후암로 33,보건의료,126.9775145,37.54874098
서울특별시 용산구 한강대로 69,보건의료,126.9648956,37.52704181
서울특별시 용산구 이촌로18길 3,보건의료,126.9556193,37.52635393
서울특별시 용산구 후암로 35,보건의료,126.9774578,37.54896622
서울특별시 용산구 이촌로84길 9-18,보건의료,126.9777273,37.51798985
서울특별시 용산구 원효로41길 55,보건의료,126.9602867,37.53550976
서울특별시 용산구 원효로89길 24,음식,126.9676497,37.5415397
서울특별시 용산구 한강대로57길 4,보건의료,126.9722351,37.53434188
서울특별시 용산구 후암로 48,보건의료,126.977548,37.55024565
서울특별시 용산구 이촌로 224,보건의료,126.9719462,37.52016905
서울특별시 용산구 서빙고로 17,보건의료,126.96657,37.52690715
서울특별시 용산구 신흥로 150,보건의료,126.9816341,37.54665137
서울특별시 용산구 이촌로 206,보건의료,126.9698532,37.52089835
서울특별시 용산구 새창로14길 49,보건의료,126.9596747,37.53744671
서울특별시 용산구 백범로51길 6,보건의료,126.9592092,37.54043787
서울특별시 용산구 이촌로 248,보건의료,126.9750234,37.51938587
서울특별시 용산구 이촌로 264,보건의료,126.976132,37.5190347
서울특별시 용산구 청파로 109,보건의료,126.9633651,37.53368173
서울특별시 용산구 효창원로 100,보건의료,126.9598672,37.53721251
서울특별시 용산구 신흥로20길 8,보건의료,126.9850517,37.54616531
서울특별시 용산구 신흥로 149,보건의료,126.981555,37.54644413
서울특별시 용산구 후암로 9-1,보건의료,126.9780356,37.54684898
서울특별시 용산구 이태원로 70,음식,126.9887545,37.52958732
서울특별시 용산구 이태원로 180,음식,126.9942298,37.53424589
서울특별시 용산구 한강대로104가길 6,숙박,126.9735872,37.5500376
서울특별시 용산구 신흥로12길 7,숙박,126.988164,37.54347168
서울특별시 용산구 보광로 124,음식,126.994309,37.53385846
서울특별시 용산구 한강대로30길 25,음식,126.9688551,37.52735827
서울특별시 용산구 녹사평대로32길 11,음식,126.9895345,37.53365992
서울특별시 용산구 청파로47나길 91,숙박,126.9685293,37.54878397
서울특별시 용산구 한강대로21길 29-12,음식,126.9631535,37.52695118
서울특별시 용산구 회나무로13가길 61,음식,126.9929393,37.54100332
서울특별시 용산구 청파로 378,소매,126.9704869,37.54911785
서울특별시 용산구 한강대로15길 9-16,음식,126.9631429,37.52542848
서울특별시 용산구 장문로19길 4,예술·스포츠,126.9978166,37.52611898
서울특별시 용산구 신흥로 79-6,숙박,126.9859911,37.54521938
서울특별시 용산구 새창로12길 11-3,음식,126.9578521,37.53916698
서울특별시 용산구 후암로57길 15,음식,126.9741295,37.55283983
서울특별시 용산구 두텁바위로37길 6,음식,126.9815547,37.54745325
서울특별시 용산구 이태원로 143-7,음식,126.9895344,37.53452488
서울특별시 용산구 녹사평대로 238,음식,126.987384,37.53880442
서울특별시 용산구 이태원로19길 6-10,음식,126.9923969,37.53474134
서울특별시 용산구 회나무로 66,음식,126.9938446,37.54008435
서울특별시 용산구 한강대로38길 35,음식,126.9702234,37.5287732
서울특별시 용산구 한강대로104길 38,음식,126.974368,37.55019995
서울특별시 용산구 청파로85길 46,소매,126.9665697,37.55285595
서울특별시 용산구 녹사평대로 234,음식,126.987169,37.53854311
서울특별시 용산구 한강대로46길 11-7,음식,126.9711727,37.53144941
서울특별시 용산구 효창원로 112,음식,126.9608737,37.53807781
서울특별시 용산구 이태원로 180,음식,126.9942298,37.53424589
서울특별시 용산구 한강대로 298,음식,126.9723783,37.54488361
서울특별시 용산구 한강대로 54-1,음식,126.9647493,37.52551006
서울특별시 용산구 신흥로 63,음식,126.9871002,37.54389504
서울특별시 용산구 후암로 101,음식,126.9743104,37.55339848
서울특별시 용산구 한강대로40길 32,음식,126.9710601,37.53007085
서울특별시 용산구 신흥로5길 8,음식,126.986648,37.54189477
서울특별시 용산구 이태원로19길 6-5,음식,126.9922271,37.53484044
서울특별시 용산구 한강대로 258,음식,126.9732961,37.54139695
서울특별시 용산구 독서당로 81,음식,127.0093455,37.53447091
서울특별시 용산구 이태원로 234-1,음식,126.9996945,37.53579575
서울특별시 용산구 원효로63길 18,음식,126.9636009,37.5373759
서울특별시 용산구 이태원로16길 45,숙박,126.9919558,37.53247979
서울특별시 용산구 청파로71길 13,음식,126.9688912,37.54919853
서울특별시 용산구 청파로 40,음식,126.956046,37.53180515
서울특별시 용산구 한강대로52길 17-8,음식,126.9724395,37.53219754
서울특별시 용산구 원효로 51,음식,126.950071,37.53385706
서울특별시 용산구 이촌로 34,소매,126.9543622,37.52862397
서울특별시 용산구 한강대로21가길 49,음식,126.9615477,37.52564422
서울특별시 용산구 이태원로19길 6-10,음식,126.9923969,37.53474134
서울특별시 용산구 대사관로 35,음식,127.0021497,37.53375046
서울특별시 용산구 한남대로42길 36,음식,127.003157,37.5437155
서울특별시 용산구 청파로73다길 2,숙박,126.9672381,37.55138751
서울특별시 용산구 청파로45길 29,음식,126.9689272,37.5443872
서울특별시 용산구 후암로 107,음식,126.9735634,37.55348842
서울특별시 용산구 백범로79길 94,숙박,126.9646958,37.5429264
서울특별시 용산구 이촌로64길 61,음식,126.9677042,37.52023103
서울특별시 용산구 청파로45길 32,음식,126.9689045,37.54463948
서울특별시 용산구 한강대로 270,음식,126.9730355,37.542397
서울특별시 용산구 한남대로21길 18,음식,127.0061662,37.5340927
서울특별시 용산구 청파로85가길 10-25,숙박,126.9667171,37.55237846
서울특별시 용산구 이촌로77길 19,음식,126.9748986,37.52044001
서울특별시 용산구 이촌로75길 10-7,음식,126.9746384,37.52030481
서울특별시 용산구 한남대로 55,음식,127.0071052,37.53364215
서울특별시 용산구 백범로79길 110,소매,126.9650124,37.54340402
서울특별시 용산구 한강대로38가길 7-20,음식,126.9699628,37.52983631
서울특별시 용산구 회나무로21길 21-14,숙박,126.9915024,37.54066986
서울특별시 용산구 청파로47길 66,보건의료,126.9667656,37.54507137
서울특별시 용산구 장문로 36,음식,126.9942869,37.52774066
서울특별시 용산구 신흥로11길 49-12,음식,126.9855046,37.54465169
서울특별시 용산구 신흥로 97-3,음식,126.984916,37.54530935
서울특별시 용산구 새창로 128,음식,126.9609313,37.53619474
서울특별시 용산구 새창로12길 8,음식,126.9577954,37.53933815
서울특별시 용산구 청파로47길 47-3,음식,126.9677277,37.54451302
서울특별시 용산구 한강대로52길 17-12,음식,126.9725979,37.53232372
서울특별시 용산구 두텁바위로37길 11,숙박,126.98117,37.54748923
서울특별시 용산구 녹사평대로26길 21,음식,126.9912998,37.53087597
서울특별시 용산구 녹사평대로 242,음식,126.98735,37.53916482
서울특별시 용산구 소월로20길 32-1,음식,126.9851877,37.54512017
서울특별시 용산구 보광로 109,예술·스포츠,126.9944675,37.53245291
서울특별시 용산구 새창로20길 2,음식,126.9594592,37.53847377
서울특별시 용산구 서빙고로 17,음식,126.96657,37.52690715
서울특별시 용산구 소월로20길 42,음식,126.985018,37.54468767
서울특별시 용산구 우사단로14길 3,음식,126.995859,37.53411081
서울특별시 용산구 한강대로 279,음식,126.9721979,37.54312662
서울특별시 용산구 원효로 205,음식,126.9649246,37.53760155
서울특별시 용산구 한강대로15길 9,음식,126.9638894,37.52574407
서울특별시 용산구 소월로2길 37,예술·스포츠,126.9767096,37.55328185
서울특별시 용산구 녹사평대로26가길 5,음식,126.9920464,37.53213742
서울특별시 용산구 한강대로15길 19-15,음식,126.9629732,37.52551853
서울특별시 용산구 이태원로 166,음식,126.9923969,37.53420975
서울특별시 용산구 녹사평대로26길 93,음식,126.9946939,37.53160598
서울특별시 용산구 신흥로20길 16,음식,126.9848027,37.54639053
서울특별시 용산구 우사단로 37,음식,126.9954404,37.53353415
서울특별시 용산구 이태원로 190,음식,126.9950444,37.53431801
서울특별시 용산구 신흥로7길 58-4,숙박,126.9849956,37.54371459
서울특별시 용산구 보광로60길 14,음식,126.9949087,37.53387651
서울특별시 용산구 대사관로30길 7,음식,127.0057022,37.53289439
서울특별시 용산구 후암로40길 2,음식,126.9771628,37.55173222
서울특별시 용산구 독서당로14길 24,음식,127.0076368,37.53194823
서울특별시 용산구 대사관로12길 4-2,음식,127.0014482,37.53352522
서울특별시 용산구 한강대로77길 18,음식,126.9716665,37.54208133
서울특별시 용산구 녹사평대로40길 43-9,숙박,126.9885161,37.53471399
서울특별시 용산구 대사관로31길 21,음식,127.0058042,37.534345
서울특별시 용산구 신흥로16길 5-6,숙박,126.9869416,37.54512038
서울특별시 용산구 효창원로42길 16,음식,126.9599128,37.53657282
서울특별시 용산구 한강대로 366,음식,126.9729079,37.55109162
서울특별시 용산구 소월로26길 12,음식,126.987066,37.5453997
서울특별시 용산구 녹사평대로40나길 48-30,숙박,126.9893644,37.53642597
서울특별시 용산구 한강대로11길 14,음식,126.9629846,37.52528427
서울특별시 용산구 한강대로30길 25,음식,126.9688551,37.52735827
서울특별시 용산구 이태원로19길 1,음식,126.9918085,37.53459714
서울특별시 용산구 녹사평대로40길 46,음식,126.9882107,37.53439861
서울특별시 용산구 후암로 78,음식,126.9767663,37.55290344
서울특별시 용산구 원효로 229-1,음식,126.9669608,37.53871037
서울특별시 용산구 한강대로46길 16,음식,126.9710257,37.53107996
서울특별시 용산구 새창로 126,보건의료,126.9608181,37.53632985
서울특별시 용산구 회나무로6길 5,예술·스포츠,126.9887983,37.53870545
서울특별시 용산구 한강대로 66,보건의료,126.9659141,37.52636636
서울특별시 용산구 한강대로62나길 13,음식,126.9743847,37.53443246
서울특별시 용산구 신흥로 89,음식,126.9854591,37.54567883
서울특별시 용산구 한강대로40길 9-3,음식,126.9698494,37.53048501
서울특별시 용산구 원효로89길 18-24,숙박,126.9682267,37.54173808
서울특별시 용산구 신흥로3길 51-6,숙박,126.985652,37.54287674
서울특별시 용산구 우사단로 40,음식,126.9960175,37.53373239
서울특별시 용산구 회나무로 21,음식,126.9890019,37.53921904
서울특별시 용산구 청파로85가길 20,숙박,126.9676225,37.55216247
서울특별시 용산구 이태원로 186,보건의료,126.9946145,37.53429997
서울특별시 용산구 이태원로 237,보건의료,126.9995135,37.53627328
서울특별시 용산구 이태원로20가길 6,음식,126.9924762,37.53352499
서울특별시 용산구 원효로41길 58,음식,126.9604905,37.53533864
서울특별시 용산구 보광로 114-5,숙박,126.9946598,37.53317372
서울특별시 용산구 이태원로 158,음식,126.9914239,37.53415562
서울특별시 용산구 만리재로36길 9,음식,126.9670672,37.55400035
서울특별시 용산구 청파로47길 9,음식,126.9699228,37.54474786
서울특별시 용산구 한강대로52길 17-12,음식,126.9725979,37.53232372
서울특별시 용산구 한강대로 366,음식,126.9729079,37.55109162
서울특별시 용산구 한강대로62다길 35,음식,126.9748492,37.5325765
서울특별시 용산구 대사관로34길 39,음식,127.0059171,37.53166902
서울특별시 용산구 독서당로 65-1,음식,127.0077501,37.53383132
서울특별시 용산구 후암로28다길 7-6,숙박,126.9792681,37.55012883
서울특별시 용산구 이태원로 286,음식,127.0021385,37.54003944
서울특별시 용산구 한남대로 130,예술·스포츠,127.0044355,37.53994027
서울특별시 용산구 대사관로30길 6-18,숙박,127.0051478,37.53302056
서울특별시 용산구 한남대로 91,음식,127.0021384,37.53656158
서울특별시 용산구 원효로83길 20,음식,126.967605,37.54044948
서울특별시 용산구 한강대로 366,음식,126.9729079,37.55109162
서울특별시 용산구 후암로 91-20,숙박,126.9746161,37.55283092
서울특별시 용산구 이태원로27가길 36,음식,126.9932227,37.53521892
서울특별시 용산구 보광로 124,음식,126.994309,37.53385846
서울특별시 용산구 이태원로 214,음식,126.9977824,37.53449829
서울특별시 용산구 대사관로11길 41,음식,127.0016632,37.5355795
서울특별시 용산구 한강대로62나길 17,음식,126.9746223,37.53454964
서울특별시 용산구 신흥로 13-1,음식,126.9863881,37.53984947
서울특별시 용산구 녹사평대로 174-4,음식,126.9889462,37.53368689
서울특별시 용산구 백범로90다길 13,음식,126.9695191,37.53567469
서울특별시 용산구 신흥로 30,음식,126.9872365,37.54104789
서울특별시 용산구 청파로47길 17-5,음식,126.9692779,37.54458552
서울특별시 용산구 두텁바위로1길 105,소매,126.9759415,37.54860552
서울특별시 용산구 보광로55길 16,숙박,126.9934153,37.53312861
서울특별시 용산구 한강대로72길 17-18,숙박,126.9742013,37.54148726
서울특별시 용산구 소월로30길 31-6,숙박,126.9887521,37.5449674
서울특별시 용산구 한강대로15길 19-19,음식,126.9628262,37.52534729
서울특별시 용산구 신흥로 41,음식,126.9872476,37.54220117
서울특별시 용산구 독서당로 65-11,예술·스포츠,127.0081235,37.53405654
서울특별시 용산구 한강대로84길 11-8,음식,126.9733518,37.54397383
서울특별시 용산구 소월로20길 22,음식,126.9852441,37.54554365
서울특별시 용산구 회나무로44가길 84,숙박,126.9916272,37.53775063
서울특별시 용산구 새창로 124-4,음식,126.9606257,37.53644692
서울특별시 용산구 원효로89길 27,예술·스포츠,126.9676048,37.54071077
서울특별시 용산구 한강대로102가길 26,숙박,126.9728975,37.54843367
서울특별시 용산구 한강대로7길 34,숙박,126.9612539,37.52505847
서울특별시 용산구 한강대로52길 42,음식,126.9731753,37.53125166
서울특별시 용산구 이태원로 200,음식,126.9961645,37.53442617
서울특별시 용산구 녹사평대로46길 28,음식,126.9884931,37.53722778
서울특별시 용산구 신흥로 146,음식,126.981804,37.5461108
서울특별시 용산구 원효로97길 5,음식,126.9700599,37.54157638
서울특별시 용산구 이태원로 140-1,음식,126.9894666,37.53397526
서울특별시 용산구 보광로60길 14-17,숙박,126.9951916,37.53319176
서울특별시 용산구 청파로 319,음식,126.969763,37.54812657
서울특별시 용산구 양녕로 496,음식,126.9614369,37.52118422
서울특별시 용산구 원효로54길 16,음식,126.9622104,37.5349698
서울특별시 용산구 독서당로20길 7,음식,127.0092549,37.53361497
서울특별시 용산구 한강대로 37,음식,126.9630866,37.52481579
서울특별시 용산구 한남대로 91,음식,127.0021384,37.53656158
서울특별시 용산구 독서당로 65-11,음식,127.0081235,37.53405654
서울특별시 용산구 회나무로26길 3,음식,126.9916722,37.53949857
서울특별시 용산구 한강대로72길 3,음식,126.9736471,37.54070326
서울특별시 용산구 이태원로19길 9-4,음식,126.9916727,37.53503862
서울특별시 용산구 한강대로 56-1,음식,126.9649867,37.52573539
서울특별시 용산구 서빙고로 69,음식,126.9723522,37.52371008
서울특별시 용산구 백범로99가길 3-1,음식,126.9719742,37.53602669
서울특별시 용산구 이태원로26길 16-2,숙박,126.9932455,37.53365118
서울특별시 용산구 이태원로 199,음식,126.9962097,37.53484063
서울특별시 용산구 신흥로 99-8,음식,126.9849274,37.54483182
서울특별시 용산구 후암로 41,예술·스포츠,126.9772992,37.54957886
서울특별시 용산구 한강대로52길 37,음식,126.9730168,37.53157598
서울특별시 용산구 보광로60길 10,음식,126.9947276,37.53388551
서울특별시 용산구 청파로47나길 31,음식,126.9673535,37.54630591
서울특별시 용산구 백범로 318,음식,126.9642228,37.53834016
서울특별시 용산구 원효로77길 20-16,숙박,126.9656819,37.53943081
서울특별시 용산구 이태원로19길 9,음식,126.9917406,37.53489446
서울특별시 용산구 한강대로71길 4,음식,126.9726289,37.54044174
서울특별시 용산구 한남대로36길 6,음식,127.0040621,37.54118366
서울특별시 용산구 청파로 361,음식,126.9691731,37.55174843
서울특별시 용산구 대사관로31길 25,음식,127.0058042,37.53448015
서울특별시 용산구 신흥로 103-1,음식,126.9844635,37.54483176
서울특별시 용산구 이촌로64길 61,음식,126.9677042,37.52023103
서울특별시 용산구 청파로85가길 38,숙박,126.966604,37.55227932
서울특별시 용산구 이태원로27길 13,소매,126.9950557,37.53518297
서울특별시 용산구 원효로 177-2,음식,126.9623683,37.53596095
서울특별시 용산구 효창원로69길 6,음식,126.9618224,37.54163707
서울특별시 용산구 보광로59길 40,예술·스포츠,126.9918199,37.53395743
서울특별시 용산구 보광로59길 7,음식,126.9935623,37.53382238
서울특별시 용산구 한강대로23길 55,음식,126.964736,37.5297718
서울특별시 용산구 이태원로16길 40,숙박,126.9917408,37.53275008
서울특별시 용산구 대사관로 69,음식,127.0058607,37.53338092
서울특별시 용산구 독서당로 71,보건의료,127.0083838,37.53406553
서울특별시 용산구 청파로 77,음식,126.9608649,37.53335657
서울특별시 용산구 독서당로14길 50,소매,127.0086549,37.53095706
서울특별시 용산구 후암로57길 51-3,음식,126.974164,37.55124507
서울특별시 용산구 신흥로3가길 2,음식,126.9862747,37.54129106
서울특별시 용산구 신흥로7길 1,음식,126.9871798,37.54192186
서울특별시 용산구 대사관로 34,음식,127.0018329,37.53342611
서울특별시 용산구 이태원로16길 15-3,숙박,126.9914239,37.53373215
서울특별시 용산구 한강대로52길 25-5,음식,126.9726206,37.53205342
서울특별시 용산구 한강대로62나길 6,음식,126.9741812,37.53421618
서울특별시 용산구 소월로40길 56,음식,126.9919888,37.54182317
서울특별시 용산구 신흥로 99-8,음식,126.9849274,37.54483182
서울특별시 용산구 신흥로20길 12,음식,126.9849158,37.54629144
서울특별시 용산구 청파로 277,음식,126.9705001,37.54435157
서울특별시 용산구 한강대로44길 6,음식,126.9702564,37.5310167
서울특별시 용산구 후암로57길 9,음식,126.9741294,37.55304706
서울특별시 용산구 보광로60길 7,음식,126.9945353,37.53408372
서울특별시 용산구 한강대로77길 18,음식,126.9716665,37.54208133
서울특별시 용산구 회나무로 41,음식,126.9911743,37.5398319
서울특별시 용산구 대사관로11길 41,음식,127.0016632,37.5355795
서울특별시 용산구 남산공원길 126,음식,126.9907656,37.5508601
서울특별시 용산구 청파로 378,음식,126.9704869,37.54911785
서울특별시 용산구 이태원로 142-1,음식,126.9897268,37.53396627
서울특별시 용산구 신흥로 95-9,음식,126.9850858,37.54531838
서울특별시 용산구 한강대로46길 16,음식,126.9710257,37.53107996
서울특별시 용산구 한강대로23길 25,소매,126.9643523,37.52764532
서울특별시 용산구 이태원로54길 62-8,음식,127.0006902,37.53555248
서울특별시 용산구 청파로45길 33,소매,126.9687574,37.54441419
서울특별시 용산구 백범로90라길 16,음식,126.9685903,37.53813418
서울특별시 용산구 한강대로80길 11-8,음식,126.9737142,37.54289271
서울특별시 용산구 한강대로 325,음식,126.9714947,37.54737016
서울특별시 용산구 한강대로40길 9,음식,126.9697476,37.53039488
서울특별시 용산구 효창원로 240,소매,126.9635502,37.54853927
서울특별시 용산구 백범로 341,음식,126.9679455,37.53796281
서울특별시 용산구 대사관로5길 12,음식,127.0008712,37.5348497
서울특별시 용산구 한강대로15길 31-20,음식,126.9622376,37.52603187
서울특별시 용산구 이태원로 145,예술·스포츠,126.9899077,37.53458798
서울특별시 용산구 녹사평대로32길 9,음식,126.9894101,37.53367793
서울특별시 용산구 독서당로8길 9-1,음식,127.0083155,37.53099312
서울특별시 용산구 회나무로6길 5,예술·스포츠,126.9887983,37.53870545
서울특별시 용산구 이태원로 145,예술·스포츠,126.9899077,37.53458798
서울특별시 용산구 서빙고로 17,음식,126.96657,37.52690715
서울특별시 용산구 이태원로 200,음식,126.9961645,37.53442617
서울특별시 용산구 이태원로42길 36,음식,127.0005657,37.53615615
서울특별시 용산구 한강대로62나길 14-1,음식,126.9745545,37.53432438
서울특별시 용산구 한강대로 366,음식,126.9729079,37.55109162
서울특별시 용산구 대사관로30길 9,음식,127.0056796,37.53280429
서울특별시 용산구 한남대로20길 13,음식,127.0076597,37.53492153
서울특별시 용산구 청파로 378,음식,126.9704869,37.54911785
서울특별시 용산구 독서당로14길 46,음식,127.0083947,37.53119134
서울특별시 용산구 한강대로40길 9,음식,126.9697476,37.53039488
서울특별시 용산구 우사단로14길 4,음식,126.9959496,37.53398467
서울특별시 용산구 서빙고로 137,음식,126.9777366,37.52470233
서울특별시 용산구 이태원로45길 8,음식,126.9991854,37.53627328
서울특별시 용산구 한강대로77길 15,음식,126.9717797,37.54172096
서울특별시 용산구 다산로 8-11,예술·스포츠,127.0042548,37.54558954
서울특별시 용산구 이태원로54길 62-8,음식,127.0006902,37.53555248
서울특별시 용산구 회나무로 3,음식,126.9874066,37.53857917
서울특별시 용산구 한강대로23길 55,음식,126.964736,37.5297718
서울특별시 용산구 이태원로49길 13,음식,126.9997058,37.53704814
서울특별시 용산구 한강대로52길 22,음식,126.9721116,37.53185508
서울특별시 용산구 한남대로20길 47-26,음식,127.0100811,37.53557007
서울특별시 용산구 대사관로30길 7,음식,127.0057022,37.53289439
서울특별시 용산구 독서당로 27,음식,127.0073878,37.53095715
서울특별시 용산구 청파로 247,음식,126.9703993,37.54172062
서울특별시 용산구 이태원로 267,예술·스포츠,127.0011315,37.53849875
서울특별시 용산구 한남대로21길 18,음식,127.0061662,37.5340927
서울특별시 용산구 이태원로54길 66,음식,127.0009957,37.53557951
서울특별시 용산구 이태원로 167,음식,126.9925553,37.53458818
서울특별시 용산구 우사단로 42,음식,126.9957685,37.53394862
서울특별시 용산구 독서당로 27,음식,127.0073878,37.53095715
서울특별시 용산구 이태원로27가길 37,예술·스포츠,126.9931096,37.53487653
서울특별시 용산구 이태원로55가길 21,음식,127.0002716,37.53740854
서울특별시 용산구 한강대로 95,음식,126.9666597,37.5288173
서울특별시 용산구 청파로20길 95,음식,126.9608881,37.53216725
서울특별시 용산구 청파로 314,음식,126.9706346,37.54769431
서울특별시 용산구 독서당로14길 46,음식,127.0083947,37.53119134
서울특별시 용산구 두텁바위로 5,음식,126.9728081,37.54535223
서울특별시 용산구 한강대로104길 32,음식,126.9740512,37.55023592
서울특별시 용산구 서빙고로 137,음식,126.9777366,37.52470233
서울특별시 용산구 두텁바위로69길 15-8,숙박,126.9803204,37.55086783
서울특별시 용산구 효창원로55길 17,음식,126.9599796,37.53855504
서울특별시 용산구 청파로47길 66,예술·스포츠,126.9667656,37.54507137
서울특별시 용산구 청파로 74,음식,126.9595641,37.5327885
서울특별시 용산구 한강대로 284,음식,126.9726842,37.54370337
서울특별시 용산구 이태원로 221,음식,126.9982237,37.53536326
서울특별시 용산구 한강대로23길 55,음식,126.964736,37.5297718
서울특별시 용산구 이태원로 244,음식,127.0005092,37.53648051
서울특별시 용산구 남산공원길 105,음식,126.9878685,37.55112113
서울특별시 용산구 두텁바위로1길 19,숙박,126.9734643,37.54567674
서울특별시 용산구 유엔빌리지길 14,예술·스포츠,127.0098319,37.53396631
서울특별시 용산구 한강대로38길 23,음식,126.9697933,37.52929567
서울특별시 용산구 한강대로23길 55,음식,126.964736,37.5297718
서울특별시 용산구 대사관로 35,음식,127.0021497,37.53375046
서울특별시 용산구 이촌로 276,음식,126.977286,37.5186475
서울특별시 용산구 한강대로52길 7-8,음식,126.9720547,37.53250379
서울특별시 용산구 청파로 378,음식,126.9704869,37.54911785
서울특별시 용산구 남산공원길 105,음식,126.9878685,37.55112113
서울특별시 용산구 한강대로 260-1,음식,126.9732168,37.54162219
서울특별시 용산구 대사관로20길 61,숙박,127.001154,37.5326062
서울특별시 용산구 이태원로42길 17,음식,126.999785,37.53576872
서울특별시 용산구 회나무로 72,음식,126.9943538,37.54022854
서울특별시 용산구 독서당로 94,음식,127.0109408,37.53480414
서울특별시 용산구 장문로 12,음식,126.9918091,37.52897489
서울특별시 용산구 한강대로 405,음식,126.9717295,37.55483949
서울특별시 용산구 이태원로54길 52-2,음식,127.0010183,37.5362012
서울특별시 용산구 보광로59길 10,음식,126.9935057,37.53403862
서울특별시 용산구 녹사평대로26나길 18,숙박,126.9940037,37.5321015
서울특별시 용산구 이태원로 188,음식,126.9947955,37.53430899
서울특별시 용산구 이촌로 264,음식,126.976132,37.5190347
서울특별시 용산구 한강대로 100,음식,126.9686735,37.52879082
서울특별시 용산구 한강대로71길 47,음식,126.9716667,37.54135152
서울특별시 용산구 한강대로23길 55,음식,126.964736,37.5297718
서울특별시 용산구 한강대로52길 22,음식,126.9721116,37.53185508
서울특별시 용산구 한강대로 126-3,음식,126.9698267,37.5306652
서울특별시 용산구 한강대로38길 23,음식,126.9697933,37.52929567
서울특별시 용산구 효창원로48길 2,음식,126.9606251,37.53753713
서울특별시 용산구 한강대로 92,음식,126.9675198,37.52817783
서울특별시 용산구 이태원로54길 68,음식,127.0009957,37.53548941
서울특별시 용산구 만리재로 202,음식,126.9684701,37.55494678
서울특별시 용산구 청파로89길 31,소매,126.9674297,37.55307243
서울특별시 용산구 회나무로44가길 84,숙박,126.9916272,37.53775063
서울특별시 용산구 한강대로 259,음식,126.9724134,37.54157695
서울특별시 용산구 이태원로 210,음식,126.9974091,37.53454333
서울특별시 용산구 한강대로23길 55,음식,126.964736,37.5297718
서울특별시 용산구 한강대로 95,보건의료,126.9666597,37.5288173
서울특별시 용산구 청파로73다길 2,숙박,126.9672381,37.55138751
서울특별시 용산구 만리재로28길 5-18,숙박,126.9653927,37.55300878
서울특별시 용산구 한강대로 291,음식,126.9719372,37.54423479
서울특별시 용산구 한강대로23길 55,음식,126.964736,37.5297718
서울특별시 용산구 신흥로7길 10,음식,126.9868855,37.54232727
서울특별시 용산구 청파로20길 95,숙박,126.9608881,37.53216725
서울특별시 용산구 회나무로 72,음식,126.9943538,37.54022854
서울특별시 용산구 이태원로 252,음식,127.0011201,37.53711121
서울특별시 용산구 이촌로 303,음식,126.9811545,37.51890947
서울특별시 용산구 청파로 378,소매,126.9704869,37.54911785
서울특별시 용산구 한강대로84길 9,음식,126.9730576,37.54376653
서울특별시 용산구 우사단로4나길 10,숙박,126.9981898,37.53098439
서울특별시 용산구 이태원로 174,음식,126.9932341,37.53428188
서울특별시 용산구 이태원로54가길 26,음식,127.0013351,37.53677784
서울특별시 용산구 원효로71길 8,음식,126.9646643,37.53782673
서울특별시 용산구 소월로20길 52,음식,126.9845541,37.54444434
서울특별시 용산구 신흥로 30-1,음식,126.9871799,37.54115601
서울특별시 용산구 신흥로 41-1,음식,126.9873042,37.54232732
서울특별시 용산구 만리재로24가길 7,숙박,126.9646578,37.55153993
서울특별시 용산구 녹사평대로 224-1,음식,126.9869542,37.53774119
서울특별시 용산구 녹사평대로46가길 28,숙박,126.9892173,37.53661517
서울특별시 용산구 후암로13길 4,음식,126.9776165,37.54799317
서울특별시 용산구 후암로 30-1,음식,126.9779106,37.5486059
서울특별시 용산구 녹사평대로40나길 39-6,숙박,126.9885724,37.53638085
서울특별시 용산구 회나무로 32-3,음식,126.9902805,37.5395345
서울특별시 용산구 한강대로62가길 18,음식,126.9748372,37.53465781
서울특별시 용산구 한강대로23길 25,보건의료,126.9643523,37.52764532
서울특별시 용산구 한강대로 205,음식,126.9733996,37.53671178
서울특별시 용산구 후암로28길 46,숙박,126.9797663,37.54921891
서울특별시 용산구 한강대로21길 17-5,음식,126.9640474,37.52661809
서울특별시 용산구 장문로 18,음식,126.9923749,37.52844334
서울특별시 용산구 한강대로38가길 7-2,음식,126.9700873,37.52965615
서울특별시 용산구 보광로31길 34,숙박,126.9970699,37.52805612
서울특별시 용산구 한남대로27가길 32,음식,127.0025684,37.5381113
서울특별시 용산구 우사단로10가길 8-9,숙박,126.9974657,37.53371441
서울특별시 용산구 만리재로26길 19,숙박,126.9649741,37.55267529
서울특별시 용산구 효창원로 4,음식,126.9506028,37.53373114
서울특별시 용산구 한강대로104길 20,음식,126.9731798,37.55010058
서울특별시 용산구 청파로73다길 2,숙박,126.9672381,37.55138751
서울특별시 용산구 백범로90길 74,음식,126.9696542,37.53737761
서울특별시 용산구 보광로 29,음식,126.9998982,37.52685782
서울특별시 용산구 이태원로27가길 5,음식,126.9949991,37.53498475
서울특별시 용산구 이태원로 166,음식,126.9923969,37.53420975
서울특별시 용산구 다산로 8-11,예술·스포츠,127.0042548,37.54558954
서울특별시 용산구 독서당로 73,음식,127.0086214,37.53421869
서울특별시 용산구 이촌로64길 24,예술·스포츠,126.9698762,37.52000636
서울특별시 용산구 우사단로14길 21,음식,126.996832,37.53439015
서울특별시 용산구 한강대로23길 55,음식,126.964736,37.5297718
서울특별시 용산구 이태원로 142-1,음식,126.9897268,37.53396627
서울특별시 용산구 한강대로23길 55,음식,126.964736,37.5297718
서울특별시 용산구 새창로45길 21,음식,126.9633872,37.53478096
서울특별시 용산구 백범로90길 90,음식,126.9688055,37.5376567
서울특별시 용산구 한강대로 372,음식,126.9729303,37.55167727
서울특별시 용산구 한강대로21길 17-7,음식,126.9638664,37.52654595
서울특별시 용산구 청파로20길 95,숙박,126.9608881,37.53216725
서울특별시 용산구 대사관로34길 31-8,음식,127.0062565,37.53171405
서울특별시 용산구 한남대로20길 47-6,음식,127.0097868,37.53501148
서울특별시 용산구 녹사평대로 132,음식,126.9911867,37.53066873
서울특별시 용산구 한강대로23길 55,음식,126.964736,37.5297718
서울특별시 용산구 한강대로11길 13,음식,126.9628037,37.525086
서울특별시 용산구 이촌로75길 16-5,음식,126.9746722,37.52071928
서울특별시 용산구 우사단로14길 4,음식,126.9959496,37.53398467
서울특별시 용산구 한강대로 258,음식,126.9732961,37.54139695
서울특별시 용산구 만리재로36길 9,음식,126.9670672,37.55400035
서울특별시 용산구 우사단로14길 4,음식,126.9959496,37.53398467
서울특별시 용산구 이촌로22길 19,소매,126.9557558,37.52516466
서울특별시 용산구 한강대로 100,숙박,126.9686735,37.52879082
서울특별시 용산구 우사단로14길 4,음식,126.9959496,37.53398467
서울특별시 용산구 원효로 214,예술·스포츠,126.9657733,37.53752071
서울특별시 용산구 한강대로62나길 13,음식,126.9743847,37.53443246
서울특별시 용산구 신흥로5길 13,음식,126.9865122,37.54172356
서울특별시 용산구 한강대로21가길 61,음식,126.9611406,37.52529269
서울특별시 용산구 이촌로 192,음식,126.9684278,37.52105114
서울특별시 용산구 한남대로 91,음식,127.0021384,37.53656158
서울특별시 용산구 이태원로 158,음식,126.9914239,37.53415562
서울특별시 용산구 한강대로 100,음식,126.9686735,37.52879082
서울특별시 용산구 이태원로45길 8,음식,126.9991854,37.53627328
서울특별시 용산구 두텁바위로 89,음식,126.9815321,37.54724601
서울특별시 용산구 효창원로69길 15,소매,126.9612565,37.54185313
서울특별시 용산구 대사관로34길 26,음식,127.0056908,37.53207448
서울특별시 용산구 이태원로 143-7,음식,126.9895344,37.53452488
서울특별시 용산구 대사관로5길 17,음식,127.0005657,37.53497584
서울특별시 용산구 녹사평대로26길 93,음식,126.9946939,37.53160598
서울특별시 용산구 새창로 213,음식,126.9672699,37.5304663
서울특별시 용산구 청파로47길 14-6,음식,126.9696058,37.54513521
서울특별시 용산구 효창원로70길 4,음식,126.9623882,37.541412
서울특별시 용산구 두텁바위로31길 23,음식,126.9802081,37.54728184
서울특별시 용산구 한강대로44길 15,음식,126.9708335,37.53093575
서울특별시 용산구 소월로40길 50-21,숙박,126.9919888,37.54158891
서울특별시 용산구 효창원로 177-18,음식,126.9622959,37.54496191
서울특별시 용산구 효창원로 278-1,음식,126.9632091,37.55183682
서울특별시 용산구 이태원로 183-4,음식,126.9945918,37.53483156
서울특별시 용산구 한강대로88길 6-5,음식,126.9728085,37.54428004
서울특별시 용산구 한강대로23길 55,음식,126.964736,37.5297718
서울특별시 용산구 효창원로104길 32,숙박,126.965394,37.55031479
서울특별시 용산구 청파로89길 34-6,숙박,126.9671353,37.55351383
서울특별시 용산구 이태원로27가길 10,음식,126.9947615,37.53515593
서울특별시 용산구 보광로 120-1,음식,126.9944222,37.53342599
서울특별시 용산구 신흥로 36,음식,126.9873835,37.54160653
서울특별시 용산구 신흥로3길 35,숙박,126.9853354,37.54205679
서울특별시 용산구 이태원로27가길 49,음식,126.9925552,37.53485848
서울특별시 용산구 이촌로29길 14,음식,126.9597496,37.52436419
서울특별시 용산구 만리재로 156,음식,126.9642272,37.55279219
서울특별시 용산구 보광로 17,음식,127.0009163,37.52601087
서울특별시 용산구 보광로59길 10,음식,126.9935057,37.53403862
서울특별시 용산구 한강대로 66,보건의료,126.9659141,37.52636636
서울특별시 용산구 한강대로 54-2,음식,126.9647832,37.52556414
서울특별시 용산구 이태원로 161-1,소매,126.9920122,37.5345521
서울특별시 용산구 보광로50길 12,숙박,126.9956329,37.5319484
서울특별시 용산구 이태원로26길 16-2,음식,126.9932342,37.53366019
서울특별시 용산구 한강대로54길 27,음식,126.9731409,37.53256711
서울특별시 용산구 만리재로26길 7,숙박,126.9645328,37.55262109
서울특별시 용산구 백범로 324,음식,126.9648565,37.53818718
서울특별시 용산구 녹사평대로26길 43,숙박,126.9919107,37.5318581
서울특별시 용산구 후암로34가길 12,숙박,126.9776045,37.55047091
서울특별시 용산구 후암로 18,음식,126.9782164,37.54754278
서울특별시 용산구 신흥로12길 7,숙박,126.988164,37.54347168
서울특별시 용산구 회나무로13길 52-45,숙박,126.9910836,37.54153479
서울특별시 용산구 두텁바위로1길 24-1,음식,126.9737585,37.54564077
서울특별시 용산구 백범로 287,보건의료,126.9612237,37.53960062
서울특별시 용산구 보광로51길 3,숙박,126.9946938,37.53175915
서울특별시 용산구 원효로97길 15,소매,126.9693584,37.54135996
서울특별시 용산구 한강대로104길 20,음식,126.9731798,37.55010058
서울특별시 용산구 한강대로7길 22,음식,126.9618423,37.52477034
서울특별시 용산구 녹사평대로32길 14,음식,126.9896137,37.53348873
서울특별시 용산구 효창원로62길 19,음식,126.9623437,37.53989831
서울특별시 용산구 소월로20길 12,음식,126.9852554,37.54598514
서울특별시 용산구 만리재로26길 7,숙박,126.9645328,37.55262109
서울특별시 용산구 한강대로 100,음식,126.9686735,37.52879082
서울특별시 용산구 장문로 23,음식,126.9931102,37.52856952
서울특별시 용산구 한강대로 273,예술·스포츠,126.9721076,37.54256798
서울특별시 용산구 만리재로26가길 8-6,숙박,126.9642501,37.55222457
서울특별시 용산구 이태원로 221,음식,126.9982237,37.53536326
서울특별시 용산구 한남대로 72,음식,127.0070488,37.53506573
서울특별시 용산구 한강대로23길 55,음식,126.964736,37.5297718
서울특별시 용산구 서빙고로 69,음식,126.9723522,37.52371008
서울특별시 용산구 한강대로 405,음식,126.9717295,37.55483949
서울특별시 용산구 대사관로30길 9,음식,127.0056796,37.53280429
서울특별시 용산구 원효로90길 11,음식,126.9697209,37.54039598
서울특별시 용산구 이태원로 189,음식,126.9949199,37.53484959
서울특별시 용산구 이태원로55길 60-16,음식,126.9992759,37.53842667
서울특별시 용산구 이태원로20길 2-8,숙박,126.9916502,37.53404752
서울특별시 용산구 녹사평대로 132,음식,126.9911867,37.53066873
서울특별시 용산구 한강대로23길 55,음식,126.964736,37.5297718
서울특별시 용산구 새창로 146,소매,126.9618372,37.53461828
서울특별시 용산구 대사관로34길 16,음식,127.0059285,37.53265111
서울특별시 용산구 한강대로23길 55,음식,126.964736,37.5297718
서울특별시 용산구 청파로71길 26-14,숙박,126.9685515,37.54989221
서울특별시 용산구 대사관로 20,음식,127.0005091,37.53409286
서울특별시 용산구 서빙고로 67,음식,126.9704059,37.5248629
서울특별시 용산구 한강대로23길 55,음식,126.964736,37.5297718
서울특별시 용산구 한강대로77길 15,음식,126.9717797,37.54172096
서울특별시 용산구 이태원로23길 16,음식,126.9927136,37.53516483
서울특별시 용산구 한강대로 92,음식,126.9675198,37.52817783
서울특별시 용산구 한강대로15길 27,음식,126.9629502,37.52627537
서울특별시 용산구 새창로44길 10,음식,126.9615433,37.53411363
서울특별시 용산구 보광로51길 6-3,숙박,126.9943657,37.53192131
서울특별시 용산구 소월로2다길 6,숙박,126.9778412,37.55353435
서울특별시 용산구 녹사평대로 150,음식,126.9904737,37.53245265
서울특별시 용산구 한강대로23길 55,음식,126.964736,37.5297718
서울특별시 용산구 청파로45길 19,예술·스포츠,126.9693799,37.54427019
서울특별시 용산구 서빙고로 17,음식,126.96657,37.52690715
서울특별시 용산구 남산공원길 105,음식,126.9878685,37.55112113
서울특별시 용산구 이태원로 180,음식,126.9941845,37.53422787
서울특별시 용산구 남산공원길 126,음식,126.9907656,37.5508601
서울특별시 용산구 청파로20길 95,숙박,126.9608881,37.53216725
서울특별시 용산구 서빙고로 137,음식,126.9777366,37.52470233
서울특별시 용산구 만리재로 152-1,음식,126.9639783,37.55254885
서울특별시 용산구 한강대로 100,음식,126.9686735,37.52879082
서울특별시 용산구 한강대로23길 55,음식,126.964736,37.5297718
서울특별시 용산구 독서당로 86,음식,127.0100922,37.53429065
서울특별시 용산구 청파로 74,음식,126.9595641,37.5327885
서울특별시 용산구 녹사평대로54길 20,음식,126.9883231,37.53910185
서울특별시 용산구 신흥로 81-1,음식,126.9859797,37.54535453
서울특별시 용산구 서빙고로 137,음식,126.9777366,37.52470233
서울특별시 용산구 이태원로 267,음식,127.0011315,37.53849875
서울특별시 용산구 한남대로20길 61-1,음식,127.0103412,37.53506549
서울특별시 용산구 청파로20길 95,음식,126.9608881,37.53216725
서울특별시 용산구 한강대로80길 15,음식,126.9736464,37.54273051
서울특별시 용산구 한강대로 66,음식,126.9659141,37.52636636
서울특별시 용산구 대사관로34길 21,음식,127.0060755,37.53225466
서울특별시 용산구 이태원로54길 74,음식,127.000973,37.53524614
서울특별시 용산구 대사관로 62,음식,127.0049781,37.53320977
서울특별시 용산구 한강대로 32,음식,126.963517,37.52378878
서울특별시 용산구 한강대로 100,음식,126.9686735,37.52879082
서울특별시 용산구 청파로47길 61,음식,126.967026,37.54476511
서울특별시 용산구 서빙고로 137,음식,126.9777366,37.52470233
서울특별시 용산구 서빙고로 17,음식,126.96657,37.52690715
서울특별시 용산구 청파로 363,음식,126.9689919,37.55198264
서울특별시 용산구 청파로47길 100,음식,126.9650794,37.54546733
서울특별시 용산구 청파로 378,음식,126.9704869,37.54911785
서울특별시 용산구 한강대로 55,음식,126.964421,37.52590641
서울특별시 용산구 만리재로28길 5-8,숙박,126.9651663,37.55315287
서울특별시 용산구 이태원로 180,음식,126.9941845,37.53422787
서울특별시 용산구 녹사평대로 140,숙박,126.9904059,37.53174987
서울특별시 용산구 남산공원길 105,음식,126.9878685,37.55112113
서울특별시 용산구 후암로 107,예술·스포츠,126.9735634,37.55346139
서울특별시 용산구 한강대로 95,음식,126.9666597,37.5288173
서울특별시 용산구 한강대로 283,음식,126.9719488,37.54344191
서울특별시 용산구 한강대로 275,음식,126.9722546,37.54286534
서울특별시 용산구 녹사평대로 210-10,숙박,126.9874975,37.53631767
서울특별시 용산구 한강대로38길 21,음식,126.9711852,37.52826888
서울특별시 용산구 원효로41길 64,음식,126.9607732,37.53551894
서울특별시 용산구 한강대로52길 22,음식,126.9721116,37.53185508
서울특별시 용산구 녹사평대로26나길 18,숙박,126.9940037,37.5321015
서울특별시 용산구 회나무로 9,음식,126.9878818,37.53870536
서울특별시 용산구 한강대로15길 31-14,음식,126.9623846,37.5261941
서울특별시 용산구 서빙고로 17,음식,126.96657,37.52690715
서울특별시 용산구 신흥로 95-9,음식,126.9850858,37.54531838
서울특별시 용산구 한강대로 37,음식,126.9630866,37.52481579
서울특별시 용산구 한강대로7길 18-13,음식,126.9622833,37.52508583
서울특별시 용산구 후암로34길 30,음식,126.9787359,37.5514442
서울특별시 용산구 한강대로50길 14,음식,126.971512,37.53173781
서울특별시 용산구 한강대로14가길 24,음식,126.964603,37.52379812
서울특별시 용산구 대사관로34길 11,음식,127.0062453,37.53269614
서울특별시 용산구 한강대로7길 22-14,숙박,126.9621702,37.52512184
서울특별시 용산구 우사단로4나길 10,숙박,126.9981898,37.53098439
서울특별시 용산구 한강대로92길 11-7,숙박,126.972672,37.54618112
서울특별시 용산구 원효로 249,음식,126.9683746,37.53999018
서울특별시 용산구 대사관로24길 9,음식,127.0047292,37.53309265
서울특별시 용산구 이태원로 167,음식,126.9925553,37.53458818
서울특별시 용산구 보광로60길 7,음식,126.9945579,37.53409274
서울특별시 용산구 녹사평대로26길 50,음식,126.9922727,37.53175901
서울특별시 용산구 청파로47길 56,음식,126.9673088,37.54493638
서울특별시 용산구 이태원로27가길 5,음식,126.9949991,37.53498475
서울특별시 용산구 이태원로 182,음식,126.9942977,37.53437203
서울특별시 용산구 장문로 18,음식,126.9923749,37.52844334
서울특별시 용산구 한강대로80길 11-25,음식,126.9733521,37.54309085
서울특별시 용산구 한강대로21길 7,음식,126.9643302,37.5266452
서울특별시 용산구 한강대로50길 31,음식,126.9724172,37.53140466
서울특별시 용산구 대사관로31길 25,음식,127.0058042,37.53448015
서울특별시 용산구 이촌로 248,음식,126.9727947,37.52005212
서울특별시 용산구 신흥로7길 1,음식,126.9871798,37.54192186
서울특별시 용산구 녹사평대로32길 9,숙박,126.9894101,37.53367793
서울특별시 용산구 녹사평대로26가길 8,숙박,126.9923066,37.53225457
서울특별시 용산구 소월로20길 55,음식,126.9845768,37.54414701
서울특별시 용산구 이태원로 192,음식,126.9953725,37.53437208
서울특별시 용산구 청파로47길 49,음식,126.9675692,37.54458506
서울특별시 용산구 한강대로 280-2,음식,126.9727749,37.54338804
서울특별시 용산구 한강대로104라길 16,숙박,126.9753075,37.5497046
서울특별시 용산구 효창원로70길 4,음식,126.9623882,37.541412
서울특별시 용산구 한강대로 66,소매,126.9659141,37.52636636
서울특별시 용산구 회나무로13가길 3-9,숙박,126.9898729,37.54106617
서울특별시 용산구 신흥로 30,음식,126.9872365,37.54104789
서울특별시 용산구 신흥로22가길 30-1,숙박,126.9827545,37.54615599
서울특별시 용산구 두텁바위로1길 27,숙박,126.9738264,37.54581197
서울특별시 용산구 한강대로38길 21,음식,126.9711852,37.52826888
서울특별시 용산구 두텁바위로 43,음식,126.9769722,37.54590273
서울특별시 용산구 청파로85길 41-9,숙박,126.9665021,37.55234236
서울특별시 용산구 한강대로80길 11-6,음식,126.9736011,37.54287466
서울특별시 용산구 원효로53가길 20,숙박,126.9630352,37.53729464
서울특별시 용산구 녹사평대로40나길 10,숙박,126.9883124,37.53487615
서울특별시 용산구 효창원로 155,음식,126.9619128,37.54173621
서울특별시 용산구 효창원로66길 13,음식,126.9626827,37.54092556
서울특별시 용산구 신흥로11가길 7,음식,126.9868401,37.54323728
서울특별시 용산구 대사관로11길 41,음식,127.0016632,37.5355795
서울특별시 용산구 한남대로20길 41-4,음식,127.0095153,37.53502952
서울특별시 용산구 이태원로26길 16-11,숙박,126.99337,37.5332187
서울특별시 용산구 독서당로3길 22,숙박,127.0057924,37.52904711
서울특별시 용산구 이태원로 22,음식,126.9776887,37.5335952
서울특별시 용산구 이태원로20가길 7-6,음식,126.9926572,37.53383134
서울특별시 용산구 회나무로 24-1,음식,126.9894432,37.5392371
서울특별시 용산구 녹사평대로 222,음식,126.9870674,37.53734476
서울특별시 용산구 우사단로12길 7,음식,126.9960175,37.5336513
서울특별시 용산구 소월로20길 46,음식,126.984803,37.54460655
서울특별시 용산구 새창로45길 21,음식,126.9633872,37.53478096
서울특별시 용산구 청파로43다길 10,숙박,126.9691766,37.54316191
서울특별시 용산구 신흥로5길 13,음식,126.9865122,37.54172356
서울특별시 용산구 청파로20길 49,음식,126.9656401,37.53189843
서울특별시 용산구 신흥로11길 50,음식,126.9861609,37.54478692
서울특별시 용산구 한강대로62길 55,음식,126.9736161,37.53238702
서울특별시 용산구 이태원로 145,예술·스포츠,126.9899077,37.53458798
서울특별시 용산구 한남대로20길 61-7,음식,127.010477,37.53516459
서울특별시 용산구 새창로 213-12,예술·스포츠,126.9680279,37.53048453
서울특별시 용산구 한강대로 123-1,음식,126.9691478,37.53085424
서울특별시 용산구 한강대로 176,음식,126.973129,37.53417089
서울특별시 용산구 대사관로31길 21,음식,127.0058042,37.534345
서울특별시 용산구 녹사평대로52길 7,음식,126.9876668,37.5391198
서울특별시 용산구 백범로 321,음식,126.964811,37.53853856
서울특별시 용산구 회나무로 21,음식,126.9890019,37.53921904
서울특별시 용산구 보광로 128,음식,126.9941959,37.53413777
서울특별시 용산구 청파로47길 66-7,음식,126.9664374,37.54525148
서울특별시 용산구 한강대로 166-1,음식,126.9724956,37.53353104
서울특별시 용산구 만리재로40길 15,음식,126.9684589,37.55467648
서울특별시 용산구 한강대로54길 3,음식,126.9719188,37.53290921
서울특별시 용산구 만리재로36길 4,음식,126.9667163,37.55414442
서울특별시 용산구 보광로59길 40,음식,126.9918199,37.53395743
서울특별시 용산구 한강대로 286-1,음식,126.9726955,37.54387457
서울특별시 용산구 한강대로 175,음식,126.9726084,37.53460325
서울특별시 용산구 청파로 330-3,음식,126.9703058,37.54913582
서울특별시 용산구 한강대로 128,음식,126.969804,37.53080035
서울특별시 용산구 이태원로27가길 5,음식,126.9949991,37.53498475
서울특별시 용산구 한강대로62길 18,음식,126.9732308,37.53413488
서울특별시 용산구 한강대로62가길 20,음식,126.9749957,37.53458576
서울특별시 용산구 이촌로54길 13,음식,126.9677606,37.52069957
서울특별시 용산구 보광로60길 9,음식,126.9946937,37.53404769
서울특별시 용산구 청파로 289,음식,126.9701941,37.54537863
서울특별시 용산구 한강대로15길 9-17,음식,126.9632448,37.52522129
서울특별시 용산구 녹사평대로42길 18,음식,126.987554,37.53682224
서울특별시 용산구 후암로 75,음식,126.9765627,37.55249795
서울특별시 용산구 소월로 266,음식,126.9912532,37.5427962
서울특별시 용산구 녹사평대로54길 6,음식,126.9875536,37.53927296
서울특별시 용산구 이태원로27가길 46,음식,126.9927249,37.5350477
서울특별시 용산구 한강대로21가길 61,음식,126.9611406,37.52529269
서울특별시 용산구 후암로 95-2,음식,126.9747857,37.55337156
서울특별시 용산구 한강대로11길 13,음식,126.9628037,37.525086
서울특별시 용산구 이태원로 208,음식,126.9970583,37.53453431
서울특별시 용산구 한강대로52길 26,음식,126.9723492,37.53173801
서울특별시 용산구 한강대로62길 55,음식,126.9736161,37.53238702
서울특별시 용산구 한강대로98나길 1,예술·스포츠,126.9736671,37.5483077
서울특별시 용산구 이태원로27가길 10,음식,126.9947615,37.53515593
서울특별시 용산구 한강대로10길 11-76,음식,126.964942,37.5246812
서울특별시 용산구 이태원로 186,보건의료,126.9946145,37.53429997
서울특별시 용산구 회나무로 21,음식,126.9890019,37.53921904
서울특별시 용산구 이태원로 166,음식,126.9923969,37.53420975
서울특별시 용산구 한강대로 259,예술·스포츠,126.9724134,37.54157695
서울특별시 용산구 청파로85가길 10-4,숙박,126.9680298,37.5523608
서울특별시 용산구 독서당로14길 24,음식,127.0076368,37.53194823
서울특별시 용산구 이촌로 248,음식,126.9750234,37.51938587
서울특별시 용산구 한강대로 363-1,숙박,126.9717989,37.55083007
서울특별시 용산구 이태원로 70,음식,126.9887545,37.52958732
서울특별시 용산구 한강대로42길 14,음식,126.9704264,37.5304401
서울특별시 용산구 보광로 124,음식,126.994309,37.53385846
서울특별시 용산구 한강대로 66,음식,126.9659141,37.52636636
서울특별시 용산구 한강대로52길 29-10,음식,126.9731073,37.53162106
서울특별시 용산구 신흥로 30,음식,126.9872365,37.54104789
서울특별시 용산구 대사관로 69,음식,127.0058946,37.53338993
서울특별시 용산구 한남대로20길 41-4,음식,127.0095153,37.53502952
서울특별시 용산구 한남대로 158,음식,127.0026817,37.54239104
서울특별시 용산구 청파로47가길 9-6,음식,126.967162,37.54423356
서울특별시 용산구 이태원로23길 4,음식,126.9928268,37.53469631
서울특별시 용산구 회나무로6길 11-14,숙박,126.9894886,37.53853433
서울특별시 용산구 원효로39길 37,숙박,126.958488,37.53498657
서울특별시 용산구 회나무로 24-1,음식,126.9894432,37.5392371
서울특별시 용산구 효창원로66길 13,음식,126.9626827,37.54092556
서울특별시 용산구 후암로 78,음식,126.9767663,37.55290344
서울특별시 용산구 보광로 49,음식,126.9987329,37.52834447
서울특별시 용산구 두텁바위로 88,음식,126.9816567,37.54687662
서울특별시 용산구 신흥로22길 4,음식,126.9848141,37.54574181
서울특별시 용산구 한강대로88길 11-5,음식,126.9729328,37.54469453
서울특별시 용산구 이태원로20가길 6,음식,126.9924762,37.53352499
서울특별시 용산구 원효로41길 58,음식,126.9604905,37.53533864
서울특별시 용산구 한강대로30길 25,음식,126.9688551,37.52735827
서울특별시 용산구 한강대로7길 9-18,음식,126.96156,37.52377915
서울특별시 용산구 녹사평대로32길 28,음식,126.99027,37.53338067
서울특별시 용산구 한강대로 264,음식,126.9731941,37.54183842
서울특별시 용산구 우사단로 43,음식,126.9954291,37.5341198
서울특별시 용산구 한강대로 66,음식,126.9659141,37.52636636
서울특별시 용산구 원효로 249,음식,126.9683746,37.53999018
서울특별시 용산구 청파로47길 9,음식,126.9699228,37.54474786
서울특별시 용산구 한강대로40길 9-8,음식,126.9701887,37.53056618
서울특별시 용산구 청파로85가길 20,숙박,126.9676225,37.55216247
서울특별시 용산구 한강대로30길 25,음식,126.9688551,37.52735827
서울특별시 용산구 장문로 78,음식,126.9982578,37.52593878
서울특별시 용산구 청파로20길 49,음식,126.9656401,37.53189843
서울특별시 용산구 한강대로76길 11-27,음식,126.9736127,37.54213584
서울특별시 용산구 신흥로 89,음식,126.9854591,37.54567883
서울특별시 용산구 소월로20길 46,음식,126.984803,37.54460655
서울특별시 용산구 독서당로 71,보건의료,127.0083838,37.53406553
서울특별시 용산구 후암로 71-2,음식,126.9766081,37.55229974
서울특별시 용산구 한강대로50길 15,음식,126.971625,37.53193606
서울특별시 용산구 서빙고로 17,음식,126.96657,37.52690715
서울특별시 용산구 한남대로10길 58-6,음식,127.0086212,37.53298431
서울특별시 용산구 독서당로14길 24,음식,127.0076368,37.53194823
서울특별시 용산구 소월로20길 64,음식,126.9842374,37.54396677
서울특별시 용산구 녹사평대로54길 19,음식,126.9883909,37.53919195
서울특별시 용산구 신흥로 63,음식,126.9871002,37.54389504
서울특별시 용산구 이태원로55가길 21,음식,127.0002716,37.53740854
서울특별시 용산구 원효로 203,음식,126.9645287,37.53734015
서울특별시 용산구 이태원로45길 8,음식,126.9991854,37.53627328
서울특별시 용산구 청파로 74,음식,126.9596206,37.53289664
서울특별시 용산구 원효로83길 7-6,음식,126.9676278,37.53994493
서울특별시 용산구 이촌로 248,음식,126.9750234,37.51938587
서울특별시 용산구 한강대로 95,음식,126.9666597,37.5288173
서울특별시 용산구 대사관로 60-1,음식,127.0048424,37.53323681
서울특별시 용산구 회나무로44길 24,음식,126.9960963,37.54022861
서울특별시 용산구 신흥로11길 62,음식,126.9857421,37.54522836
서울특별시 용산구 후암로57길 37-3,음식,126.9741977,37.55180369
서울특별시 용산구 후암로22길 22,음식,126.9785782,37.54888533
서울특별시 용산구 청파로47길 66,음식,126.9667656,37.54507137
서울특별시 용산구 한강대로 276-1,음식,126.9728203,37.54296458
서울특별시 용산구 한강대로40길 14,음식,126.9699739,37.53014266
서울특별시 용산구 장문로 83-1,음식,126.9989932,37.52620008
서울특별시 용산구 한강대로 212-2,음식,126.9743837,37.53736972
서울특별시 용산구 후암로 107,음식,126.9735634,37.55348842
서울특별시 용산구 한강대로40길 9-5,음식,126.9699285,37.53056612
서울특별시 용산구 한강대로52길 17-8,음식,126.9724395,37.53219754
서울특별시 용산구 한강대로30길 25,음식,126.9688551,37.52735827
서울특별시 용산구 녹사평대로40나길 47,음식,126.9886176,37.53647996
서울특별시 용산구 이태원로27가길 9,음식,126.9947728,37.53496672
서울특별시 용산구 한강대로 141,음식,126.9703126,37.53207089
서울특별시 용산구 한강대로40길 39-11,음식,126.9718518,37.53071075
서울특별시 용산구 한강대로62나길 20,음식,126.9748599,37.53439652
서울특별시 용산구 이촌로 68,예술·스포츠,126.9561852,37.52597572
서울특별시 용산구 신흥로26길 11-20,음식,126.9836033,37.54566957
서울특별시 용산구 이촌로 182,음식,126.9673757,37.52122205
서울특별시 용산구 두텁바위로1길 96,음식,126.9759304,37.54811897
서울특별시 용산구 녹사평대로40다길 2,음식,126.9884482,37.53495726
서울특별시 용산구 녹사평대로40길 52,음식,126.9885727,37.5343536
서울특별시 용산구 한남대로20길 47-9,예술·스포츠,127.0097416,37.53527277
서울특별시 용산구 우사단로12길 10,음식,126.9961759,37.53352517
서울특별시 용산구 새창로 124-17,예술·스포츠,126.9604108,37.53618556
서울특별시 용산구 소월로44길 9,음식,126.99286,37.54238185
서울특별시 용산구 이태원로 169,음식,126.992691,37.53465125
서울특별시 용산구 한강대로77길 18,음식,126.9716665,37.54208133
서울특별시 용산구 한강대로7길 10-13,음식,126.9626115,37.52489673
서울특별시 용산구 한남대로27가길 13,음식,127.0030323,37.53741751
서울특별시 용산구 한강대로 134,음식,126.9703016,37.53129602
서울특별시 용산구 한강대로62가길 8-2,음식,126.9743168,37.53460364
서울특별시 용산구 독서당로 81-1,음식,127.0095605,37.53462406
서울특별시 용산구 이태원로20가길 16,음식,126.9930419,37.53344393
서울특별시 용산구 청파로73길 17,음식,126.9687325,37.55000038
서울특별시 용산구 장문로 23,예술·스포츠,126.9931102,37.52856952
서울특별시 용산구 청파로 275,음식,126.9704776,37.54407225
서울특별시 용산구 신흥로3가길 34,음식,126.9848715,37.54169633
서울특별시 용산구 우사단로14길 3,음식,126.995859,37.53411081
서울특별시 용산구 이태원로27가길 9,음식,126.9947728,37.53496672
서울특별시 용산구 회나무로28길 1,음식,126.9918985,37.53957067
서울특별시 용산구 이태원로27가길 36,음식,126.9932227,37.53521892
서울특별시 용산구 한강대로23길 55,예술·스포츠,126.964736,37.5297718
서울특별시 용산구 이태원로20길 2-10,음식,126.9915144,37.53402949
서울특별시 용산구 한강대로11길 27,음식,126.9622039,37.52550928
서울특별시 용산구 장문로 74,예술·스포츠,126.9978506,37.52592977
서울특별시 용산구 신흥로 144,소매,126.981804,37.54595763
서울특별시 용산구 한강대로 282,음식,126.9727409,37.54347814
서울특별시 용산구 이촌로 248,음식,126.9750234,37.51938587
서울특별시 용산구 이태원로42길 17,음식,126.999785,37.53576872
서울특별시 용산구 신흥로 100,음식,126.984701,37.54526427
서울특별시 용산구 한남대로40길 31,예술·스포츠,127.0034512,37.54323796
서울특별시 용산구 녹사평대로40길 46,음식,126.9882107,37.53439861
서울특별시 용산구 한강대로88길 18,음식,126.9733403,37.54447838
서울특별시 용산구 신흥로 89,음식,126.9854591,37.54567883
서울특별시 용산구 한강대로11길 24,음식,126.9625206,37.5255274
서울특별시 용산구 신흥로 78,음식,126.9865116,37.54504825
서울특별시 용산구 후암로28길 15,음식,126.9783289,37.54990342
서울특별시 용산구 신흥로20길 16,음식,126.9848027,37.54639053
서울특별시 용산구 녹사평대로40나길 37,음식,126.9885725,37.53605649
서울특별시 용산구 이태원로23길 6,음식,126.9928042,37.53480443
서울특별시 용산구 한강대로80길 3-4,음식,126.9731259,37.54278445
서울특별시 용산구 한남대로18길 18,음식,127.0083838,37.53434484
서울특별시 용산구 백범로90라길 29,음식,126.9689748,37.5386929
서울특별시 용산구 회나무로44길 24,음식,126.9960963,37.54022861
서울특별시 용산구 청파로45길 34,음식,126.9687121,37.54463042
서울특별시 용산구 한강대로38길 35,음식,126.9702234,37.5287732
서울특별시 용산구 대사관로12길 4-2,음식,127.0014482,37.53352522
서울특별시 용산구 소월로2길 13,음식,126.9767432,37.55438108
서울특별시 용산구 효창원로42길 31,음식,126.9605467,37.53598738
서울특별시 용산구 이촌로75길 10-7,음식,126.9746384,37.52030481
서울특별시 용산구 서빙고로 17,음식,126.96657,37.52690715
서울특별시 용산구 만리재로36길 9,음식,126.9670672,37.55400035
서울특별시 용산구 한강대로54길 7,음식,126.9720546,37.53283716
서울특별시 용산구 원효로41길 69,예술·스포츠,126.9609541,37.53591544
서울특별시 용산구 한강대로40길 18-5,음식,126.9702116,37.52993549
서울특별시 용산구 한강대로44길 25,음식,126.9712861,37.53065656
서울특별시 용산구 이태원로27가길 8,음식,126.9948973,37.5351289
서울특별시 용산구 보광로 117,음식,126.9942299,37.53314667
서울특별시 용산구 한강대로 66,음식,126.9659141,37.52636636
서울특별시 용산구 우사단로 43,음식,126.9954291,37.5341198
서울특별시 용산구 청파로47길 52,음식,126.9676483,37.54497251
서울특별시 용산구 우사단로14길 21,음식,126.996832,37.53439015
서울특별시 용산구 한강대로62길 11,예술·스포츠,126.9739096,37.5343783
서울특별시 용산구 신흥로 89,음식,126.9854591,37.54567883
서울특별시 용산구 한강대로38길 21,음식,126.9711852,37.52826888
서울특별시 용산구 장문로 23,소매,126.9931102,37.52856952
서울특별시 용산구 한강대로 276,음식,126.9728995,37.54288351
서울특별시 용산구 청파로 378,소매,126.9704869,37.54911785
서울특별시 용산구 한강대로 37,음식,126.9630866,37.52481579
서울특별시 용산구 이촌로14길 16,음식,126.9545776,37.52787623
서울특별시 용산구 한강대로 210-1,음식,126.9744517,37.53708142
서울특별시 용산구 신흥로 95-21,음식,126.9850292,37.54505708
서울특별시 용산구 한강대로46길 19,음식,126.9713878,37.53107104
서울특별시 용산구 한강대로80길 20,음식,126.9739972,37.5426495
서울특별시 용산구 신흥로 71,음식,126.9866701,37.54445361
서울특별시 용산구 우사단로 47,음식,126.9954857,37.53435406
서울특별시 용산구 한강대로50길 24,음식,126.9720551,37.53145863
서울특별시 용산구 독서당로 85,음식,127.0098094,37.53466008
서울특별시 용산구 청파로47길 22,음식,126.9692551,37.54490987
서울특별시 용산구 한강대로38길 21,음식,126.9711852,37.52826888
서울특별시 용산구 한강대로40가길 6,음식,126.9713089,37.53035022
서울특별시 용산구 대사관로 72,예술·스포츠,127.0059511,37.53310161
서울특별시 용산구 한강대로 54-1,음식,126.9647493,37.52551006
서울특별시 용산구 이촌로75길 16-9,음식,126.9747853,37.52073732
서울특별시 용산구 소월로20길 36-1,소매,126.9851764,37.54494898
서울특별시 용산구 한강대로14가길 12,음식,126.9650101,37.52423072
서울특별시 용산구 소월로20길 67,음식,126.9843619,37.54373253
서울특별시 용산구 장문로 23,숙박,126.9931102,37.52856952
서울특별시 용산구 이태원로54길 19,음식,127.002195,37.53731842
서울특별시 용산구 후암로57길 15,음식,126.9741295,37.55283983
서울특별시 용산구 이태원로54길 68-8,음식,127.0006675,37.53535426
서울특별시 용산구 한강대로 273,예술·스포츠,126.9721076,37.54256798
서울특별시 용산구 한강대로 180,음식,126.9733552,37.5343962
서울특별시 용산구 새창로 114-1,음식,126.9603311,37.53718564
서울특별시 용산구 청파로 314,예술·스포츠,126.9706346,37.54769431
서울특별시 용산구 대사관로31길 21,음식,127.0058042,37.534345
서울특별시 용산구 효창원로93길 2,음식,126.9633013,37.54853919
서울특별시 용산구 우사단로 40,음식,126.9960175,37.53373239
서울특별시 용산구 한강대로80길 11-6,음식,126.9736011,37.54287466
서울특별시 용산구 회나무로 9,음식,126.9878818,37.53870536
서울특별시 용산구 한강대로 66,보건의료,126.9659141,37.52636636
서울특별시 용산구 녹사평대로 222,음식,126.9870674,37.53734476
서울특별시 용산구 새창로 217,보건의료,126.9677791,37.53021416
서울특별시 용산구 한강대로21길 17-15,음식,126.9637534,37.52629364
서울특별시 용산구 이태원로 216,예술·스포츠,126.9981332,37.53468751
서울특별시 용산구 장문로 23,음식,126.9931102,37.52856952
서울특별시 용산구 한강대로7길 18-13,음식,126.9622833,37.52508583
서울특별시 용산구 새창로 126,보건의료,126.9608181,37.53632985
서울특별시 용산구 한남대로20길 61-7,보건의료,127.010477,37.53516459
서울특별시 용산구 이태원로 140-1,음식,126.9894666,37.53397526
서울특별시 용산구 청파로45길 24,음식,126.9692892,37.54452245
서울특별시 용산구 한강대로23길 55,음식,126.964736,37.5297718
서울특별시 용산구 보광로60길 14,음식,126.9949087,37.53387651
서울특별시 용산구 한강대로15길 39,음식,126.9623957,37.52658153
서울특별시 용산구 청파로 122,음식,126.964723,37.53317758
서울특별시 용산구 한강대로 259,음식,126.9724134,37.54157695
서울특별시 용산구 한강대로 95,음식,126.9666597,37.5288173
서울특별시 용산구 서빙고로 137,음식,126.9777366,37.52470233
서울특별시 용산구 효창원로 112,음식,126.9608737,37.53807781
서울특별시 용산구 회나무로26길 24,음식,126.9905973,37.53928225
서울특별시 용산구 이태원로 22,음식,126.9776887,37.5335952
서울특별시 용산구 한강대로23길 55,음식,126.964736,37.5297718
서울특별시 용산구 소월로2길 5,음식,126.9768223,37.55478654
서울특별시 용산구 대사관로 59,음식,127.0038694,37.53428201
서울특별시 용산구 서빙고로 137,음식,126.9777366,37.52470233
서울특별시 용산구 녹사평대로54길 20,음식,126.9883231,37.53910185
서울특별시 용산구 효창원로42길 16,음식,126.9599128,37.53657282
서울특별시 용산구 후암로 56,음식,126.9773101,37.55088531
서울특별시 용산구 이촌로58길 3,음식,126.9688577,37.52098819
서울특별시 용산구 신흥로 81-1,음식,126.9859797,37.54535453
서울특별시 용산구 청파로49길 34,예술·스포츠,126.9684967,37.5454773
서울특별시 용산구 서빙고로 67,음식,126.9704059,37.5248629
서울특별시 용산구 한강대로23길 55,음식,126.964736,37.5297718
서울특별시 용산구 청파로47가길 7-11,음식,126.9673203,37.54455796
서울특별시 용산구 대사관로 35,음식,127.0021497,37.53375046
서울특별시 용산구 서빙고로 17,음식,126.96657,37.52690715
서울특별시 용산구 백범로 313,음식,126.9629777,37.53924078
서울특별시 용산구 장문로 20,음식,126.9924767,37.52832621
서울특별시 용산구 한강대로15길 19-4,음식,126.9630408,37.52598707
서울특별시 용산구 한남대로18길 22,음식,127.0085422,37.53438988
서울특별시 용산구 남산공원길 105,음식,126.9878685,37.55112113
서울특별시 용산구 한강대로 405,소매,126.9717295,37.55483949
서울특별시 용산구 두텁바위로 43,음식,126.9769722,37.54590273
서울특별시 용산구 청파로20길 95,숙박,126.9608881,37.53216725
서울특별시 용산구 이태원로 220,음식,126.9984839,37.53481365
서울특별시 용산구 이촌로 198,음식,126.9690726,37.52107834
서울특별시 용산구 청파로20길 95,숙박,126.9608881,37.53216725
서울특별시 용산구 이태원로20길 2-12,음식,126.9915258,37.53393038
서울특별시 용산구 청파로 74,음식,126.9596206,37.53289664
서울특별시 용산구 대사관로34길 21,음식,127.0060868,37.53224565
서울특별시 용산구 청파로47길 88,음식,126.9656453,37.54518818
서울특별시 용산구 이태원로 216,음식,126.9981332,37.53468751
서울특별시 용산구 한강대로 259,음식,126.9724134,37.54157695
서울특별시 용산구 한강대로 405,음식,126.9717295,37.55483949
서울특별시 용산구 회나무로 72,음식,126.9943538,37.54022854
서울특별시 용산구 우사단로12길 7,음식,126.9960175,37.5336513
서울특별시 용산구 녹사평대로 234,음식,126.987169,37.53854311
서울특별시 용산구 이태원로 203,예술·스포츠,126.996617,37.53482262
서울특별시 용산구 한강대로11길 14,음식,126.9629846,37.52528427
서울특별시 용산구 우사단로 37,음식,126.9954404,37.53353415
서울특별시 용산구 신흥로 93,음식,126.9851876,37.54562473
서울특별시 용산구 이태원로27가길 50,음식,126.9925552,37.53506571
서울특별시 용산구 만리재로 182,음식,126.966422,37.55421641
서울특별시 용산구 청파로 275,음식,126.9704776,37.54407225
서울특별시 용산구 한강대로 69,음식,126.9648956,37.52704181
서울특별시 용산구 대사관로 62,음식,127.0049781,37.53320977
서울특별시 용산구 청파로20길 95,숙박,126.9608881,37.53216725
서울특별시 용산구 이태원로 190,음식,126.9950444,37.53431801
서울특별시 용산구 한강대로15길 19-15,음식,126.9629732,37.52551853
서울특별시 용산구 이촌로 177,음식,126.9670926,37.52184366
서울특별시 용산구 청파로45길 15,음식,126.9696854,37.54427027
서울특별시 용산구 후암로40길 2,음식,126.9771628,37.55173222
서울특별시 용산구 새창로 132,음식,126.961237,37.5357083
서울특별시 용산구 신흥로11가길 7,음식,126.9868401,37.54323728
서울특별시 용산구 한강대로 405,소매,126.9717295,37.55483949
서울특별시 용산구 이촌로 352,음식,126.9851705,37.51737834
서울특별시 용산구 이촌로 200,음식,126.9693441,37.52095227
서울특별시 용산구 한강대로 372,음식,126.9729303,37.55167727
서울특별시 용산구 한강대로40길 9-3,음식,126.9698494,37.53048501
서울특별시 용산구 대사관로 67,음식,127.0056457,37.53341697
서울특별시 용산구 이태원로 261,음식,127.0012446,37.53811132
서울특별시 용산구 백범로 341,음식,126.9679455,37.53796281
서울특별시 용산구 대사관로 35,음식,127.0021497,37.53375046
서울특별시 용산구 한강대로 37,음식,126.9630866,37.52481579
서울특별시 용산구 이태원로54길 68,음식,127.0009957,37.53548941
서울특별시 용산구 한강대로7길 22-7,음식,126.9617403,37.52504061
서울특별시 용산구 이태원로20가길 7-6,음식,126.9926572,37.53383134
서울특별시 용산구 이태원로 267,예술·스포츠,127.0011315,37.53849875
서울특별시 용산구 한강대로 95,음식,126.9666597,37.5288173
서울특별시 용산구 이촌로 303,음식,126.9811545,37.51890947
서울특별시 용산구 한강대로 366,음식,126.9729079,37.55109162
서울특별시 용산구 효창원로 155,음식,126.9619128,37.54173621
서울특별시 용산구 보광로60길 7,음식,126.9945579,37.53409274
서울특별시 용산구 새창로14길 16,음식,126.95852,37.53863563
서울특별시 용산구 이태원로 170,음식,126.9927137,37.53420076
서울특별시 용산구 한강대로 280-2,음식,126.9727749,37.54338804
서울특별시 용산구 한강대로46길 11-7,음식,126.9711727,37.53144941
서울특별시 용산구 한강대로 273,음식,126.9721076,37.54256798
서울특별시 용산구 한강대로 42,음식,126.9642067,37.52453682
서울특별시 용산구 서빙고로 137,음식,126.9777366,37.52470233
서울특별시 용산구 청파로20길 95,숙박,126.9608881,37.53216725
서울특별시 용산구 청파로 378,소매,126.9704869,37.54911785
서울특별시 용산구 대사관로 35,음식,127.0021497,37.53375046
서울특별시 용산구 소월로26길 12,음식,126.987066,37.5453997
서울특별시 용산구 한강대로50길 31,음식,126.9724172,37.53140466
서울특별시 용산구 청파로 378,음식,126.9704869,37.54911785
서울특별시 용산구 원효로 68,예술·스포츠,126.9513391,37.53250608
서울특별시 용산구 서빙고로 413,음식,127.0042198,37.5272722
서울특별시 용산구 청파로93길 41,음식,126.9668409,37.55378405
서울특별시 용산구 두텁바위로1나길 7,음식,126.97601,37.54674947
서울특별시 용산구 독서당로14길 24,음식,127.0076368,37.53194823
서울특별시 용산구 효창원로 22-1,음식,126.9519713,37.53452458
서울특별시 용산구 한강대로52길 21,음식,126.9724735,37.53211646
서울특별시 용산구 한강대로40길 43,음식,126.9716823,37.53021516
서울특별시 용산구 한강대로7길 23,음식,126.9616953,37.52458108
서울특별시 용산구 청파로47길 25,음식,126.9690515,37.54469358
서울특별시 용산구 독서당로 78,음식,127.0093115,37.53395734
서울특별시 용산구 효창원로62길 7-6,음식,126.9621966,37.53994331
서울특별시 용산구 한남대로21길 8,음식,127.006121,37.53452518
서울특별시 용산구 한남대로10길 6,예술·스포츠,127.0099673,37.53119122
서울특별시 용산구 이촌로 245,음식,126.9744236,37.51994436
서울특별시 용산구 한강대로 128,음식,126.969804,37.53080035
서울특별시 용산구 원효로90길 11,음식,126.9697209,37.54039598
서울특별시 용산구 효창원로69가길 2,예술·스포츠,126.9613471,37.54169098
서울특별시 용산구 신흥로 99-15,음식,126.9850519,37.54489491
서울특별시 용산구 이촌로 224,음식,126.9719462,37.52016905
서울특별시 용산구 청파로47길 66-8,음식,126.966641,37.54529659
서울특별시 용산구 이태원로 272,음식,127.0020706,37.53870597
서울특별시 용산구 한강대로21길 29,음식,126.9636059,37.52709548
서울특별시 용산구 한강대로46길 11-5,음식,126.9711387,37.53140435
서울특별시 용산구 한강대로15길 19-8,음식,126.962973,37.52591497
서울특별시 용산구 한강대로11길 25,음식,126.9622718,37.52547326
서울특별시 용산구 이태원로27가길 42,음식,126.9928268,37.5350477
서울특별시 용산구 독서당로 71,예술·스포츠,127.0083838,37.53406553
서울특별시 용산구 청파로 378,음식,126.9704869,37.54911785
서울특별시 용산구 이태원로 272,음식,127.0020706,37.53870597
서울특별시 용산구 서빙고로 17,음식,126.96657,37.52690715
서울특별시 용산구 대사관로 59,음식,127.0038694,37.53428201
서울특별시 용산구 백범로 341,음식,126.9679455,37.53796281
서울특별시 용산구 이촌로 182,음식,126.9673757,37.52122205
서울특별시 용산구 후암로35길 38,음식,126.9758959,37.5497678
서울특별시 용산구 원효로64길 7-4,음식,126.9642351,37.53619579
서울특별시 용산구 이태원로27길 34-1,음식,126.9942523,37.53568749
서울특별시 용산구 한강대로 391,음식,126.9723639,37.5532719
서울특별시 용산구 후암로 80,음식,126.9767436,37.55299354
서울특별시 용산구 녹사평대로54길 6,음식,126.9875536,37.53927296
서울특별시 용산구 청파로 273,음식,126.970421,37.54393709
서울특별시 용산구 원효로 182,음식,126.9629907,37.53581698
서울특별시 용산구 한강대로80길 11-20,음식,126.9734651,37.54343325
서울특별시 용산구 회나무로 29-1,음식,126.9899184,37.53967863
서울특별시 용산구 청파로47길 61,음식,126.967026,37.54476511
서울특별시 용산구 새창로 217,보건의료,126.9677791,37.53021416
서울특별시 용산구 후암로 107,음식,126.9735634,37.55348842
서울특별시 용산구 독서당로20길 9-6,음식,127.0090851,37.53343478
서울특별시 용산구 청파로47길 52,음식,126.9676483,37.54497251
서울특별시 용산구 한강대로84길 6,음식,126.9729446,37.54350521
서울특별시 용산구 한강대로46길 15-3,음식,126.9712746,37.53126022
서울특별시 용산구 녹사평대로40길 31,음식,126.9875996,37.53479499
서울특별시 용산구 한강대로 179,음식,126.9728572,37.53491866
서울특별시 용산구 효창원로 101-1,음식,126.9600028,37.53749187
서울특별시 용산구 한강대로15길 19-20,음식,126.9627921,37.5257167
서울특별시 용산구 청파로45길 15,음식,126.9696854,37.54427027
서울특별시 용산구 한강대로 95,음식,126.9666597,37.5288173
서울특별시 용산구 보광로59길 7,음식,126.9935623,37.53382238
서울특별시 용산구 한강대로84길 6,음식,126.9729446,37.54350521
서울특별시 용산구 원효로41길 5,음식,126.9579567,37.53417548
서울특별시 용산구 이태원로19길 12,음식,126.9919782,37.5350026
서울특별시 용산구 이태원로 164-1,음식,126.9922385,37.5341737
서울특별시 용산구 이태원로27가길 46,음식,126.9927249,37.5350477
서울특별시 용산구 한강대로62나길 2,음식,126.9738757,37.53414403
서울특별시 용산구 한강대로80길 11-47,음식,126.9732728,37.54328905
서울특별시 용산구 보광로 127,음식,126.9937207,37.53408368
서울특별시 용산구 한강대로52길 25-5,음식,126.9726206,37.53205342
서울특별시 용산구 백범로 282,음식,126.9603751,37.53954628
서울특별시 용산구 이태원로16길 10,음식,126.9910506,37.53372311
서울특별시 용산구 한남대로 130,음식,127.0044355,37.53994027
서울특별시 용산구 우사단로10길 11,음식,126.9962324,37.53320081
서울특별시 용산구 보광로59길 50,음식,126.9912655,37.53391234
서울특별시 용산구 청파로89길 4-12,음식,126.9683234,37.55391961
서울특별시 용산구 대사관로31길 16,음식,127.0059965,37.53400261
서울특별시 용산구 한강대로15길 39,음식,126.9623957,37.52658153
서울특별시 용산구 청파로45길 32,음식,126.9689045,37.54463948
서울특별시 용산구 대사관로34길 31-7,음식,127.0061886,37.53199337
서울특별시 용산구 대사관로30길 11-7,음식,127.0057927,37.53277726
서울특별시 용산구 한강대로44길 6,음식,126.9702564,37.5310167
서울특별시 용산구 백범로87길 48-1,음식,126.9693027,37.53935071
서울특별시 용산구 녹사평대로40다길 61,음식,126.9905976,37.53675945
서울특별시 용산구 신흥로 54,음식,126.9878359,37.54308422
서울특별시 용산구 한강대로50길 15,음식,126.971625,37.53193606
서울특별시 용산구 보광로 128,음식,126.9941959,37.53413777
서울특별시 용산구 우사단로 37,음식,126.9954404,37.53353415
서울특별시 용산구 원효로41길 9,예술·스포츠,126.9581264,37.53430168
서울특별시 용산구 청파로45길 33,음식,126.9687574,37.54441419
서울특별시 용산구 두텁바위로1길 104,음식,126.976134,37.54840734
서울특별시 용산구 녹사평대로54길 16,음식,126.9881081,37.53913786
서울특별시 용산구 한강대로40길 55,음식,126.9723611,37.53008918
서울특별시 용산구 녹사평대로40길 45,음식,126.9883464,37.53456081
서울특별시 용산구 이태원로26길 26,음식,126.9935171,37.53334485
서울특별시 용산구 독서당로8길 9-1,음식,127.0083155,37.53099312
서울특별시 용산구 한강대로46길 11,음식,126.9709917,37.53129619
서울특별시 용산구 효창원로 275,음식,126.9629603,37.55151238
서울특별시 용산구 후암로 10,음식,126.9783977,37.54683102
서울특별시 용산구 두텁바위로1길 23,음식,126.9736906,37.54574887
서울특별시 용산구 백범로99길 62,음식,126.9729134,37.53579265
서울특별시 용산구 청파로45길 11,음식,126.9699004,37.54423429
서울특별시 용산구 새창로12길 3,음식,126.9580217,37.53930219
서울특별시 용산구 한강대로 164,음식,126.9723486,37.53340486
서울특별시 용산구 청파로20길 95,숙박,126.9608881,37.53216725
서울특별시 용산구 청파로47길 11,음식,126.969787,37.54474783
서울특별시 용산구 이촌로 100-11,음식,126.9588225,37.52336376
서울특별시 용산구 새창로14길 41,음식,126.9594482,37.53781604
서울특별시 용산구 새창로 115,음식,126.9607158,37.53714072
서울특별시 용산구 보광로59길 37,음식,126.9918765,37.53381327
서울특별시 용산구 새창로 70,음식,126.9549445,37.53860729
서울특별시 용산구 신흥로9길 4,음식,126.9873946,37.54265169
서울특별시 용산구 장문로 83-1,음식,126.9989932,37.52620008
서울특별시 용산구 이태원로26길 27,음식,126.9937999,37.53329081
서울특별시 용산구 효창원로86길 33,소매,126.9650786,37.54699903
서울특별시 용산구 새창로 181,음식,126.9649836,37.53251993
서울특별시 용산구 청파로 395,보건의료,126.9687418,37.55486577
서울특별시 용산구 한강대로 69,음식,126.9648956,37.52704181
서울특별시 용산구 새창로 217,보건의료,126.9677791,37.53021416
서울특별시 용산구 보광로60길 14-3,음식,126.9951236,37.53377741
서울특별시 용산구 한강대로23길 55,음식,126.964736,37.5297718
서울특별시 용산구 한강대로50길 15,음식,126.971625,37.53193606
서울특별시 용산구 한강대로 356,음식,126.9721614,37.54994717
서울특별시 용산구 원효로 141-2,음식,126.9587938,37.53440102
서울특별시 용산구 이태원로19길 6,음식,126.9920009,37.53474131
서울특별시 용산구 한남대로 59,예술·스포츠,127.0067206,37.53398455
서울특별시 용산구 회나무로 17,음식,126.9887756,37.53914694
서울특별시 용산구 한강대로62나길 7,음식,126.9741019,37.53436933
서울특별시 용산구 후암로 101,음식,126.9743104,37.55339848
서울특별시 용산구 이태원로54길 16-9,음식,127.0025458,37.53724634
서울특별시 용산구 이태원로 272,음식,127.0020706,37.53870597
서울특별시 용산구 원효로58길 31,음식,126.9636813,37.53492521
서울특별시 용산구 청파로 335-8,음식,126.9693551,37.54958608
서울특별시 용산구 대사관로 60-1,음식,127.0048424,37.53323681
서울특별시 용산구 한강대로62나길 7,음식,126.9741019,37.53436933
서울특별시 용산구 이태원로 169,음식,126.992691,37.53465125
서울특별시 용산구 원효로 70,음식,126.9516445,37.53250621
서울특별시 용산구 대사관로34길 55,음식,127.0065167,37.53097522
서울특별시 용산구 신흥로 53,음식,126.9875303,37.54327339
서울특별시 용산구 소월로20길 10,음식,126.9851988,37.54608424
서울특별시 용산구 대사관로 72,음식,127.0059511,37.53310161
서울특별시 용산구 원효로41길 69,예술·스포츠,126.9609541,37.53591544
서울특별시 용산구 원효로 152,음식,126.9599706,37.53431133
서울특별시 용산구 한남대로21길 27,음식,127.0065282,37.53353406
서울특별시 용산구 한강대로40길 43,음식,126.9716823,37.53021516
서울특별시 용산구 한강대로15길 31-14,음식,126.9623846,37.5261941
서울특별시 용산구 두텁바위로 10,음식,126.9732495,37.54504599
서울특별시 용산구 이태원로27가길 40,음식,126.9929965,37.53504771
서울특별시 용산구 후암로40길 3,음식,126.977208,37.55184936
서울특별시 용산구 이촌로14길 11-40,음식,126.9544086,37.5267409
서울특별시 용산구 이태원로26길 16,음식,126.9932908,37.53369623
서울특별시 용산구 한강대로15길 9-17,음식,126.9632448,37.52522129
서울특별시 용산구 신흥로22가길 25,음식,126.9828904,37.54592175
서울특별시 용산구 한강대로52길 25-14,음식,126.9731297,37.53223374
서울특별시 용산구 원효로89길 13-14,음식,126.9677182,37.54034139
서울특별시 용산구 신흥로36길 7,음식,126.9821095,37.54640817
서울특별시 용산구 독서당로 73,음식,127.0086214,37.53421869
서울특별시 용산구 한남대로27가길 13,음식,127.0030323,37.53741751
서울특별시 용산구 한강대로87길 8,음식,126.9714505,37.54460408
서울특별시 용산구 원효로41길 69,예술·스포츠,126.9609541,37.53591544
서울특별시 용산구 두텁바위로1길 49,음식,126.9747201,37.54646989
서울특별시 용산구 한강대로 379,음식,126.972104,37.55217263
서울특별시 용산구 한강대로11길 30,음식,126.9622491,37.52568949
서울특별시 용산구 이태원로 143-9,음식,126.9894326,37.5345519
서울특별시 용산구 효창원로 110,음식,126.9608851,37.53796069
서울특별시 용산구 두텁바위로 137,음식,126.981384,37.55129148
서울특별시 용산구 효창원로 110,음식,126.9608851,37.53796069
서울특별시 용산구 이태원로 186,음식,126.9946145,37.53429997
서울특별시 용산구 한남대로21길 14,음식,127.0062002,37.53432696
서울특별시 용산구 한강대로 288-1,음식,126.9725596,37.54406374
서울특별시 용산구 서빙고로 17,음식,126.96657,37.52690715
서울특별시 용산구 보광로 123,음식,126.9939244,37.53369626
서울특별시 용산구 한강대로7길 9-3,숙박,126.9622725,37.52413077
서울특별시 용산구 한남대로21길 24,음식,127.0061662,37.53383141
서울특별시 용산구 임정로 35,음식,126.958608,37.54314967
서울특별시 용산구 녹사평대로32길 8,음식,126.9893083,37.53349772
서울특별시 용산구 후암로57길 35-6,음식,126.9742996,37.55183975
서울특별시 용산구 만리재로 134,예술·스포츠,126.9625756,37.55134107
서울특별시 용산구 청파로47길 100,음식,126.9650794,37.54546733
서울특별시 용산구 새창로14길 43,음식,126.9594935,37.53773497
서울특별시 용산구 독서당로8길 14-14,음식,127.0084852,37.53037142
서울특별시 용산구 신흥로5길 11,음식,126.986648,37.5417416
서울특별시 용산구 한강대로 275-2,음식,126.9722545,37.54292841
서울특별시 용산구 한강대로 271,음식,126.9724131,37.54241488
서울특별시 용산구 효창원로 270,음식,126.963696,37.55133241
서울특별시 용산구 청파로49길 7,음식,126.9699679,37.54516233
서울특별시 용산구 이태원로55가길 35,음식,126.9997058,37.53675081
서울특별시 용산구 한강대로 120,예술·스포츠,126.9694647,37.53040382
서울특별시 용산구 한강대로 304,예술·스포츠,126.9723215,37.5454242
서울특별시 용산구 두텁바위로 85-5,숙박,126.9812379,37.54724597
서울특별시 용산구 원효로 239,음식,126.9676394,37.53939532
서울특별시 용산구 우사단로 43,음식,126.9954291,37.5341198
서울특별시 용산구 원효로 214,예술·스포츠,126.9657733,37.53752071
서울특별시 용산구 보광로59길 7,음식,126.9935623,37.53382238
서울특별시 용산구 이태원로 134,음식,126.9888217,37.5338851
서울특별시 용산구 녹사평대로26가길 9,음식,126.9921029,37.53235366
서울특별시 용산구 한강대로 183,음식,126.9731173,37.53514397
서울특별시 용산구 후암로 11,음식,126.9780129,37.54700214
서울특별시 용산구 한강북자전거길 1775,소매,126.9821734,37.51535968
서울특별시 용산구 한강대로 316,음식,126.9721627,37.54650536
서울특별시 용산구 새창로 120-9,음식,126.9602523,37.53647382
서울특별시 용산구 독서당로 124,음식,127.0127741,37.5370024
서울특별시 용산구 이태원로27가길 10,음식,126.9947615,37.53515593
서울특별시 용산구 소월로20길 27,음식,126.9853913,37.5452103
서울특별시 용산구 이태원로19길 20,음식,126.991899,37.53533596
서울특별시 용산구 청파로47길 79,음식,126.9660301,37.54489998
서울특별시 용산구 녹사평대로40길 51,음식,126.9886406,37.53447974
서울특별시 용산구 한강대로104라길 39,음식,126.9759979,37.54918217
서울특별시 용산구 한강대로 57,음식,126.9646359,37.52614073
서울특별시 용산구 원효로 123,소매,126.9569502,37.53349936
서울특별시 용산구 우사단로 46,음식,126.9958364,37.53420091
서울특별시 용산구 한남대로21길 33,음식,127.0065961,37.53335386
서울특별시 용산구 한강대로 276-2,음식,126.9728542,37.54300964
서울특별시 용산구 소월로20길 72,음식,126.9840903,37.54366041
서울특별시 용산구 한강대로 131,음식,126.9696453,37.53138596
서울특별시 용산구 소월로20길 36,음식,126.9851877,37.54500304
서울특별시 용산구 한강대로15길 8,음식,126.9640929,37.52593334
서울특별시 용산구 회나무로 23,음식,126.9891943,37.5393452
서울특별시 용산구 후암로 53,음식,126.9770047,37.55059693
서울특별시 용산구 이태원로27길 101,음식,126.9949084,37.53769675
서울특별시 용산구 한강대로21길 17-7,음식,126.9638664,37.52654595
서울특별시 용산구 독서당로 70,음식,127.008576,37.53360601
서울특별시 용산구 원효로 257,음식,126.9691211,37.54056702
서울특별시 용산구 이촌로54길 13,음식,126.9677606,37.52069957
서울특별시 용산구 대사관로34길 55,음식,127.0065167,37.53097522
서울특별시 용산구 청파로47길 20,음식,126.9694135,37.54492793
서울특별시 용산구 한강대로10길 15,음식,126.9643088,37.5239512
서울특별시 용산구 한강대로 100,예술·스포츠,126.9686735,37.52879082
서울특별시 용산구 신흥로 11,음식,126.9863315,37.53962421
서울특별시 용산구 두텁바위로 45-1,음식,126.977289,37.54592081
서울특별시 용산구 한강북자전거길 1775,음식,126.9821734,37.51535968
서울특별시 용산구 한강대로 282,음식,126.9727409,37.54347814
서울특별시 용산구 이태원로36길 34,음식,126.9990722,37.53392167
서울특별시 용산구 보광로60길 8,음식,126.9945692,37.53389452
서울특별시 용산구 이태원로27가길 8,음식,126.9948973,37.5351289
서울특별시 용산구 한강대로46길 19,음식,126.9713878,37.53107104
서울특별시 용산구 이촌로 248,음식,126.9750234,37.51938587
서울특별시 용산구 한강대로15길 30,음식,126.9630293,37.52645559
서울특별시 용산구 대사관로24길 9,음식,127.0047292,37.53309265
서울특별시 용산구 청파로47길 67,음식,126.966596,37.54482806
서울특별시 용산구 백범로87길 48-9,음식,126.9695064,37.53924265
서울특별시 용산구 이태원로27길 101,음식,126.9949084,37.53769675
서울특별시 용산구 원효로58길 20,음식,126.9632738,37.53538459
서울특별시 용산구 소월로20길 23,음식,126.9854478,37.54545357
서울특별시 용산구 효창원로76길 24-4,예술·스포츠,126.9635982,37.54300715
서울특별시 용산구 효창원로70길 6,음식,126.9625693,37.54141206
서울특별시 용산구 원효로77길 24,음식,126.9656707,37.53913347
서울특별시 용산구 청파로47길 20-2,음식,126.9693683,37.54498198
서울특별시 용산구 청파로45길 14,음식,126.9699229,37.54455865
서울특별시 용산구 대사관로34길 9,음식,127.0063471,37.53279525
서울특별시 용산구 이태원로 29,소매,126.9784683,37.5373345
서울특별시 용산구 우사단로 40,음식,126.9960175,37.53373239
서울특별시 용산구 후암로57길 55,음식,126.9741188,37.55108288
서울특별시 용산구 청파로93길 42,음식,126.9666938,37.55391916
서울특별시 용산구 독서당로35길 4,음식,127.0119031,37.53839904
서울특별시 용산구 독서당로 28,음식,127.007863,37.53096612
서울특별시 용산구 원효로 55,예술·스포츠,126.9504898,37.5335599
서울특별시 용산구 효창원로 240-1,음식,126.9635615,37.54863838
서울특별시 용산구 한강대로54길 25,음식,126.9729938,37.53260312
서울특별시 용산구 장문로 23,음식,126.9931102,37.52856952
서울특별시 용산구 신흥로 71-1,음식,126.9865909,37.54459776
서울특별시 용산구 한강대로39길 2-7,음식,126.9690798,37.53095333
서울특별시 용산구 보광로 37-3,음식,126.999457,37.5274705
서울특별시 용산구 독서당로35길 4,음식,127.0119031,37.53839904
서울특별시 용산구 이태원로27가길 37,음식,126.9931096,37.53487653
서울특별시 용산구 임정로 65-1,음식,126.9584482,37.54559132
서울특별시 용산구 한강대로104길 30,음식,126.9737569,37.55023586
서울특별시 용산구 한강대로 259,음식,126.9724134,37.54157695
서울특별시 용산구 청파로43가길 31,음식,126.9683614,37.54439606
서울특별시 용산구 한강대로21길 17-12,음식,126.963527,37.52657288
서울특별시 용산구 서빙고로 17,음식,126.96657,37.52690715
서울특별시 용산구 대사관로34길 39,음식,127.0059171,37.53166902
서울특별시 용산구 청파로47길 58,음식,126.9672296,37.54491833
서울특별시 용산구 청파로47길 20-2,음식,126.9693683,37.54498198
서울특별시 용산구 회나무로 17,음식,126.9887756,37.53914694
서울특별시 용산구 한강대로 100,음식,126.9686735,37.52879082
서울특별시 용산구 소월로20길 52,음식,126.9845541,37.54444434
서울특별시 용산구 우사단로14길 11,음식,126.9963229,37.53426399
서울특별시 용산구 신흥로 101-1,음식,126.9846672,37.54497595
서울특별시 용산구 소월로20길 22,음식,126.9852441,37.54554365
서울특별시 용산구 녹사평대로 222,음식,126.9870674,37.53734476
서울특별시 용산구 독서당로11길 16,예술·스포츠,127.0065054,37.53133562
서울특별시 용산구 한강대로71길 47,음식,126.9716667,37.54135152
서울특별시 용산구 원효로25길 22,음식,126.9533301,37.53286729
서울특별시 용산구 새창로20길 10,음식,126.9591085,37.53831147
서울특별시 용산구 원효로52길 9,음식,126.9621991,37.53503286
서울특별시 용산구 두텁바위로 83,음식,126.9809891,37.54687652
서울특별시 용산구 청파로45길 16,음식,126.9697419,37.5444595
서울특별시 용산구 한강대로10길 11-46,음식,126.9647271,37.52449193
서울특별시 용산구 청파로 335-1,음식,126.9696719,37.54956814
서울특별시 용산구 신흥로 13-1,예술·스포츠,126.9863881,37.53984947
서울특별시 용산구 한강대로 132,예술·스포츠,126.9700754,37.53107973
서울특별시 용산구 신흥로20길 37,음식,126.9839425,37.54719231
서울특별시 용산구 청파로 383-8,음식,126.9684818,37.55416292
서울특별시 용산구 보광로59길 29,음식,126.9923064,37.5338133
서울특별시 용산구 녹사평대로54길 24,음식,126.9885154,37.53900276
서울특별시 용산구 한강대로 132,예술·스포츠,126.9700754,37.53107973
서울특별시 용산구 소월로2길 23,음식,126.9766867,37.55396661
서울특별시 용산구 후암로 48,음식,126.977548,37.55024565
서울특별시 용산구 후암로 107,음식,126.9735634,37.55348842
서울특별시 용산구 한강대로84길 5-3,음식,126.97282,37.54381152
서울특별시 용산구 이태원로19길 19,음식,126.9917293,37.53525486
서울특별시 용산구 청파로45길 17,음식,126.9695835,37.54428826
서울특별시 용산구 한강대로40가길 31,음식,126.971976,37.53139554
서울특별시 용산구 서빙고로65길 10,음식,126.9945476,37.52064078
서울특별시 용산구 녹사평대로11길 44,소매,126.9934502,37.52140657
서울특별시 용산구 청파로93길 49-6,음식,126.9661847,37.55344149
서울특별시 용산구 이태원로 246,음식,127.0007128,37.53663368
서울특별시 용산구 청파로 378,음식,126.9704869,37.54911785
서울특별시 용산구 후암로35길 38,음식,126.9758959,37.5497678
서울특별시 용산구 청파로47길 57,음식,126.9671392,37.54462999
서울특별시 용산구 두텁바위로1길 57,음식,126.9751161,37.54665018
서울특별시 용산구 원효로41길 65,음식,126.9608976,37.53578027
서울특별시 용산구 청파로 335-1,음식,126.9696719,37.54956814
서울특별시 용산구 원효로 105,음식,126.9553667,37.53263381
서울특별시 용산구 신흥로 47,음식,126.9874399,37.54281387
서울특별시 용산구 효창원로55길 6,음식,126.960715,37.53876252
서울특별시 용산구 한강대로15길 16,음식,126.9636064,37.52610438
서울특별시 용산구 신흥로 13-1,음식,126.9863881,37.53984947
서울특별시 용산구 한강대로104길 50,음식,126.9748772,37.55031719
서울특별시 용산구 두텁바위로 43,예술·스포츠,126.9769722,37.54590273
