{
"type": "FeatureCollection",
"name": "흡연_exclusion",
"crs": { "type": "name", "properties": { "name": "urn:ogc:def:crs:OGC:1.3:CRS84" } },
"features": [
{ "type": "Feature", "properties": { "dataset_id": "01", "type": "polygon", "radius_m": 30, "label": "01 polygon 30m" }, "geometry": { "type": "MultiPolygon", "coordinates": [ [ [ [ 126.966166238936069, 37.520951910075226 ], [ 126.96607264248324, 37.520877307385391 ], [ 126.965950327167718, 37.520836912031967 ], [ 126.965817914244042, 37.520836873784731 ], [ 126.965695562176421, 37.520877198466344 ], [ 126.965601897814196, 37.520951747065908 ], [ 126.965551180707195, 37.521049170314797 ], [ 126.965551132218593, 37.521154636463095 ], [ 126.96560175993352, 37.521252089245927 ], [ 126.965695356385055, 37.521326692304186 ], [ 126.965817672362277, 37.52136708791862 ], [ 126.965950086222932, 37.521367126166574 ], [ 126.966072438954001, 37.521326801224987 ], [ 126.966166103317491, 37.521252252257 ], [ 126.96621681976282, 37.5211548287471 ], [ 126.966216867314429, 37.521049362598077 ], [ 126.966166238936069, 37.520951910075226 ] ] ], [ [ [ 126.968108236884575, 37.521438905446004 ], [ 126.968014637889098, 37.521364304300093 ], [ 126.967892320730343, 37.521323910960277 ], [ 126.967759906943414, 37.521323874889816 ], [ 126.967637555124, 37.521364201579964 ], [ 126.967543892083654, 37.521438751714051 ], [ 126.967493177170923, 37.521536175789834 ], [ 126.967493131414997, 37.521641641931495 ], [ 126.967543761984913, 37.521739093875198 ], [ 126.967637360979225, 37.521813695389525 ], [ 126.967759678799709, 37.521854088990317 ], [ 126.967892093523631, 37.521854125061466 ], [ 126.968014446006464, 37.52181379811131 ], [ 126.968108109048003, 37.521739247608814 ], [ 126.968158823299007, 37.521641823272034 ], [ 126.968158868117925, 37.521536357129669 ], [ 126.968108236884575, 37.521438905446004 ] ] ], [ [ [ 126.96385685487823, 37.523955745678663 ], [ 126.963763256976307, 37.523881141196014 ], [ 126.96364093800527, 37.523840743469648 ], [ 126.963508519776212, 37.523840702630608 ], [ 126.963386161561004, 37.523881024896077 ], [ 126.96329249114487, 37.523955571623027 ], [ 126.963241768999225, 37.524052993827929 ], [ 126.963241717254419, 37.524158459919811 ], [ 126.963292343991242, 37.524255913642385 ], [ 126.963385941891843, 37.524330518493471 ], [ 126.963508261524566, 37.524370916480926 ], [ 126.963640680690744, 37.524370957320755 ], [ 126.963763039569571, 37.524330634795298 ], [ 126.963856709987056, 37.524256087699889 ], [ 126.963907431470986, 37.524158665233919 ], [ 126.963907482278671, 37.524053199141271 ], [ 126.96385685487823, 37.523955745678663 ] ] ], [ [ [ 126.967620517630763, 37.524170175277291 ], [ 126.967518185508681, 37.524103240187046 ], [ 126.967391482039929, 37.524072590077367 ], [ 126.967259696510354, 37.524082891105103 ], [ 126.967142891872868, 37.524132575047616 ], [ 126.967058850461612, 37.524214078041346 ], [ 126.967020366858975, 37.524314992072703 ], [ 126.967033300013412, 37.524419953939685 ], [ 126.967095681168644, 37.524512984134098 ], [ 126.96719801347237, 37.524579919585854 ], [ 126.967324717719634, 37.524610569900808 ], [ 126.967456504168609, 37.524600268801862 ], [ 126.967573309327733, 37.524550584553388 ], [ 126.967657350557346, 37.524469081198156 ], [ 126.967695833381441, 37.52436816696153 ], [ 126.967682899307647, 37.524263205165731 ], [ 126.967620517630763, 37.524170175277291 ] ] ], [ [ [ 126.965361825822029, 37.525034100325016 ], [ 126.965259494540021, 37.524967163287975 ], [ 126.96513279053643, 37.524936510759417 ], [ 126.965001003178486, 37.524946809264442 ], [ 126.964884195697508, 37.524996490964448 ], [ 126.964800150860469, 37.525077992337273 ], [ 126.964761663771341, 37.525178905616102 ], [ 126.964774593850734, 37.525297367713321 ], [ 126.964836972930001, 37.525390399085843 ], [ 126.964939304412042, 37.52545733648428 ], [ 126.965066009216969, 37.525487989218114 ], [ 126.965197797518059, 37.525477690641964 ], [ 126.965314605541849, 37.52542800863614 ], [ 126.965398650212464, 37.525346506901975 ], [ 126.965437136530028, 37.525245593418063 ], [ 126.965424205411807, 37.52512713139182 ], [ 126.965361825822029, 37.525034100325016 ] ] ], [ [ [ 126.954731456101939, 37.52674062401406 ], [ 126.954629131997578, 37.526673677790214 ], [ 126.954502429469187, 37.526643013867087 ], [ 126.95437063765938, 37.526653300504428 ], [ 126.954253820477192, 37.526702971670332 ], [ 126.954169762166515, 37.526784465446354 ], [ 126.954131259882374, 37.526885375222221 ], [ 126.954144175417269, 37.526990338443888 ], [ 126.954206542697435, 37.527083375396941 ], [ 126.954308866982998, 37.527150321982354 ], [ 126.954435570289789, 37.527180986111027 ], [ 126.954567363019152, 37.527170699402745 ], [ 126.954684180723433, 37.527121027930995 ], [ 126.954768238852935, 37.527039533793392 ], [ 126.954806740358691, 37.526938623811979 ], [ 126.954793823904211, 37.526833660661268 ], [ 126.954731456101939, 37.52674062401406 ] ] ], [ [ [ 126.968478334153374, 37.529444153532346 ], [ 126.968375994063152, 37.529377219241624 ], [ 126.968249281323992, 37.52934657007539 ], [ 126.968117486632977, 37.529356872046854 ], [ 126.968000674337759, 37.529406556789702 ], [ 126.967916627938251, 37.529488060318535 ], [ 126.967878142776314, 37.529588974538314 ], [ 126.967891078037809, 37.529693936218393 ], [ 126.967953464645717, 37.529786965878998 ], [ 126.968055804917668, 37.529853900531265 ], [ 126.968182518435583, 37.529884549902803 ], [ 126.968314314046197, 37.529874247860107 ], [ 126.96843112686318, 37.529824562811243 ], [ 126.968515173080945, 37.529743058920822 ], [ 126.968553657464128, 37.529642144495739 ], [ 126.968540721283048, 37.529537182886898 ], [ 126.968478334153374, 37.529444153532346 ] ] ], [ [ [ 126.965023773900583, 37.529621713043916 ], [ 126.964930167760926, 37.529547109553619 ], [ 126.964807838910374, 37.529506713069622 ], [ 126.964675410663986, 37.52950667353381 ], [ 126.964553043818682, 37.529546996964989 ], [ 126.964459367473467, 37.529621544542671 ], [ 126.964408643002457, 37.529718967153826 ], [ 126.96440859289001, 37.529824433145627 ], [ 126.964459224968536, 37.529921886277023 ], [ 126.9645528311069, 37.529996490135844 ], [ 126.964675160619365, 37.530036886880957 ], [ 126.964807589803115, 37.530036926417523 ], [ 126.964929957312194, 37.529996602726285 ], [ 126.965023633658703, 37.52992205478008 ], [ 126.965074357467813, 37.529824631907815 ], [ 126.965074406642856, 37.529719165915267 ], [ 126.965023773900583, 37.529621713043916 ] ] ], [ [ [ 126.954855881405521, 37.534037993966372 ], [ 126.954723442784314, 37.533959695058151 ], [ 126.95459356387795, 37.53393906981065 ], [ 126.954463660023137, 37.533959595174736 ], [ 126.954331126522433, 37.534037792203932 ], [ 126.954260530470762, 37.5341565085835 ], [ 126.954255594197178, 37.534318363690375 ], [ 126.954293976959733, 37.534419303145739 ], [ 126.954377944386394, 37.534500861871813 ], [ 126.954494713237679, 37.534550623213534 ], [ 126.95462650640188, 37.534561011391169 ], [ 126.954753259365134, 37.534530444883046 ], [ 126.954855674968641, 37.53446357720717 ], [ 126.954906924644163, 37.534395559554859 ], [ 126.954932824042032, 37.534292130017612 ], [ 126.954926333473679, 37.534156764578064 ], [ 126.954855881405521, 37.534037993966372 ] ] ], [ [ [ 126.956839509218767, 37.534643622754878 ], [ 126.956745904965516, 37.534569012842333 ], [ 126.956623572337378, 37.534528607913018 ], [ 126.956491135224596, 37.534528559194541 ], [ 126.956368755773795, 37.534568874103613 ], [ 126.956275065002998, 37.534643415117166 ], [ 126.956224326482428, 37.534740834121479 ], [ 126.956224264835342, 37.534846300012902 ], [ 126.956274889650246, 37.534943756565724 ], [ 126.956368493901905, 37.535018366846842 ], [ 126.956490827191899, 37.535058772037431 ], [ 126.9566232652423, 37.535058820756852 ], [ 126.956745645357259, 37.535018505587786 ], [ 126.956839336129633, 37.534943964205667 ], [ 126.956890073988333, 37.534846544940059 ], [ 126.956890134697801, 37.534741079047713 ], [ 126.956839509218767, 37.534643622754878 ] ] ], [ [ [ 126.966563690833127, 37.534930229506777 ], [ 126.966470076528068, 37.534855627300281 ], [ 126.966347738177433, 37.53481523244313 ], [ 126.966215300542601, 37.534815194629502 ], [ 126.966092925849679, 37.534855519616031 ], [ 126.965999244392393, 37.534930068345474 ], [ 126.965948518323131, 37.535027491529434 ], [ 126.965948470369653, 37.535132957427905 ], [ 126.965999108035675, 37.535230409814076 ], [ 126.966092722339525, 37.535305012389145 ], [ 126.966215061352273, 37.535345407507442 ], [ 126.966347499924723, 37.535345445321795 ], [ 126.966469875281547, 37.535305120075144 ], [ 126.966563556740084, 37.535230570977113 ], [ 126.966614282147191, 37.535133147532008 ], [ 126.96661432916305, 37.535027681632805 ], [ 126.966563690833127, 37.534930229506777 ] ] ], [ [ [ 126.965085996029984, 37.535523743056771 ], [ 126.964992382456415, 37.53544913968679 ], [ 126.964870043934738, 37.535408743302817 ], [ 126.964737605252395, 37.535408703831486 ], [ 126.964615228794955, 37.535449027281821 ], [ 126.96452154512474, 37.535523574830407 ], [ 126.96447081673108, 37.535620997368646 ], [ 126.964470766695513, 37.535726463254832 ], [ 126.964521402838827, 37.535823916264029 ], [ 126.964615016411102, 37.535898520002611 ], [ 126.964737355594892, 37.535938916647765 ], [ 126.964869795214881, 37.535938956119828 ], [ 126.964992172336309, 37.535898632409392 ], [ 126.965085856007789, 37.535824084492212 ], [ 126.965136583739351, 37.535726661692813 ], [ 126.965136632837229, 37.535621195805859 ], [ 126.965085996029984, 37.535523743056771 ] ] ], [ [ [ 126.95180779521931, 37.53598989080745 ], [ 126.951705461103373, 37.535922942148694 ], [ 126.951578744132391, 37.535892275127082 ], [ 126.951446935647752, 37.535902558474078 ], [ 126.951330102096932, 37.535952226658708 ], [ 126.951246030215714, 37.536033718216366 ], [ 126.95120751922515, 37.536134626874585 ], [ 126.951220432243289, 37.536239590249444 ], [ 126.951282803579559, 37.536332628603262 ], [ 126.951385137876684, 37.53639957762374 ], [ 126.951511855626322, 37.53643024485099 ], [ 126.951643665030986, 37.536419961433097 ], [ 126.951760499104253, 37.536370292942578 ], [ 126.951844570804283, 37.536288801023176 ], [ 126.951883081016163, 37.536187892159319 ], [ 126.951870167078027, 37.53608292885535 ], [ 126.95180779521931, 37.53598989080745 ] ] ], [ [ [ 126.954392421091597, 37.536492938659627 ], [ 126.954298816968688, 37.536418326830955 ], [ 126.954176482643561, 37.536377919378324 ], [ 126.954044042264783, 37.536377867913423 ], [ 126.95392165847619, 37.536418180271099 ], [ 126.953827962956197, 37.536492719316705 ], [ 126.953777219997988, 37.536590137236132 ], [ 126.953777154900436, 37.536695603090898 ], [ 126.953827777777335, 37.53679306066087 ], [ 126.953921381898567, 37.536867672858136 ], [ 126.95404371688555, 37.536908080572132 ], [ 126.954176158202031, 37.536908132038015 ], [ 126.954298542654882, 37.536867819420365 ], [ 126.954392238176581, 37.536793280006158 ], [ 126.954442980472919, 37.536695861825386 ], [ 126.954443044632754, 37.536590395969654 ], [ 126.954392421091597, 37.536492938659627 ] ] ], [ [ [ 126.955333490799291, 37.537027622997861 ], [ 126.955231152111082, 37.536960677403108 ], [ 126.955104431936846, 37.536930014167964 ], [ 126.954972622105586, 37.536940301447423 ], [ 126.954855789269786, 37.536989973111837 ], [ 126.954771720056357, 37.537071467166918 ], [ 126.954733213280292, 37.537172376959887 ], [ 126.954746131417977, 37.537277339934143 ], [ 126.954808507999516, 37.537370376412909 ], [ 126.954910846869012, 37.537437322369371 ], [ 126.955037567822018, 37.537467985810117 ], [ 126.955169378573331, 37.537457698459676 ], [ 126.955286211931508, 37.537408026489295 ], [ 126.955370280963621, 37.537326532072505 ], [ 126.955408786960874, 37.537225622073933 ], [ 126.955395867903178, 37.537120659170661 ], [ 126.955333490799291, 37.537027622997861 ] ] ], [ [ [ 126.962094388469239, 37.540770918077342 ], [ 126.961992038618277, 37.540703978377884 ], [ 126.961865309335437, 37.540673322411983 ], [ 126.961733493836348, 37.540683617228012 ], [ 126.961616659636377, 37.540733295548954 ], [ 126.961532593570141, 37.540814794367144 ], [ 126.961494093973556, 37.540915706304709 ], [ 126.961507022230037, 37.541020668478481 ], [ 126.961569410329247, 37.541113701333558 ], [ 126.96167176036181, 37.541180641394753 ], [ 126.961798490423703, 37.54121129756615 ], [ 126.961930306842959, 37.541201002678989 ], [ 126.962047141565179, 37.541151324051967 ], [ 126.962131207449815, 37.541069824872039 ], [ 126.962169706267346, 37.540968912728971 ], [ 126.962156777090698, 37.540863950626331 ], [ 126.962094388469239, 37.540770918077342 ] ] ], [ [ [ 126.958696030791657, 37.541347908500491 ], [ 126.958602416312814, 37.541273300138258 ], [ 126.958480071731614, 37.541232897170921 ], [ 126.958347622758026, 37.541232850527344 ], [ 126.958225233344265, 37.541273167308383 ], [ 126.958131536025121, 37.541347709706002 ], [ 126.958080795367749, 37.541445129395782 ], [ 126.958080736320753, 37.541550595169724 ], [ 126.958131368076877, 37.541648050819987 ], [ 126.958224982554199, 37.541722659550899 ], [ 126.958347327797526, 37.541763062779566 ], [ 126.958479777709059, 37.541763109424025 ], [ 126.95860216778712, 37.541722792382927 ], [ 126.958695865107785, 37.541648249616628 ], [ 126.958746605103045, 37.541550829665525 ], [ 126.958746663212082, 37.541445363890688 ], [ 126.958696030791657, 37.541347908500491 ] ] ], [ [ [ 126.968786479382615, 37.542544593249239 ], [ 126.968684121120887, 37.542477659366234 ], [ 126.968557386091106, 37.542447010588667 ], [ 126.968425568383736, 37.542457312870589 ], [ 126.968308735850343, 37.542506997798412 ], [ 126.968224675071852, 37.542588501358651 ], [ 126.968186183579249, 37.542689415451505 ], [ 126.96819912152219, 37.542794376865636 ], [ 126.968261519415705, 37.542887406161775 ], [ 126.968363877859275, 37.542954340406553 ], [ 126.968490613668337, 37.542984989389502 ], [ 126.968622432295888, 37.542974687036306 ], [ 126.968739265351374, 37.542925001802296 ], [ 126.968823325947994, 37.542843497880312 ], [ 126.968861816661345, 37.542742583582076 ], [ 126.968848877798195, 37.542637622239205 ], [ 126.968786479382615, 37.542544593249239 ] ] ], [ [ [ 126.958818002457093, 37.542622285422269 ], [ 126.958715653008682, 37.542555342904357 ], [ 126.958588921937618, 37.542524683430884 ], [ 126.958457102731813, 37.542534974584221 ], [ 126.958340263470859, 37.542584649644951 ], [ 126.958256191759887, 37.542666146101709 ], [ 126.958217686794086, 37.542767056936199 ], [ 126.958230610774351, 37.542872019433148 ], [ 126.958292996341356, 37.542965053988482 ], [ 126.958395345971226, 37.543031996868194 ], [ 126.958522077821357, 37.543062656547235 ], [ 126.958653897947457, 37.543052365322829 ], [ 126.958770737730788, 37.543002689956047 ], [ 126.958854809260274, 37.542921193137488 ], [ 126.958893313447007, 37.542820282097438 ], [ 126.958880388546476, 37.542715319671551 ], [ 126.958818002457093, 37.542622285422269 ] ] ], [ [ [ 126.965218423279552, 37.542818632939806 ], [ 126.965124800459307, 37.542744029762545 ], [ 126.96500244995029, 37.542703633559739 ], [ 126.964869998364804, 37.542703594230446 ], [ 126.96474761005274, 37.542743917762017 ], [ 126.964653917381199, 37.54281846531871 ], [ 126.964603184209764, 37.542915887790734 ], [ 126.964603134347513, 37.543021353546457 ], [ 126.964653775588843, 37.543118806380811 ], [ 126.964747398407795, 37.543193409926765 ], [ 126.964869749579165, 37.543233806390809 ], [ 126.965002202102667, 37.54323384572087 ], [ 126.965124591078904, 37.543193521929119 ], [ 126.965218283751767, 37.543118974003718 ], [ 126.965269016260834, 37.543021551270471 ], [ 126.965269065185069, 37.542916085513987 ], [ 126.965218423279552, 37.542818632939806 ] ] ], [ [ [ 126.962573236079919, 37.544807329321557 ], [ 126.962479613412029, 37.544732724072347 ], [ 126.96235726108344, 37.544692325141476 ], [ 126.962224805983496, 37.544692282843293 ], [ 126.96210241299714, 37.544732603617149 ], [ 126.962008715202998, 37.544807149047138 ], [ 126.961957977240559, 37.544904570347214 ], [ 126.961957923648256, 37.545010036064205 ], [ 126.962008562788384, 37.545107489998934 ], [ 126.962102185454896, 37.545182095616866 ], [ 126.962224538445824, 37.545222494809039 ], [ 126.962356994483841, 37.545222537108025 ], [ 126.96247938813454, 37.545182216074011 ], [ 126.962573085930075, 37.545107670275286 ], [ 126.962623823230146, 37.545010248713922 ], [ 126.962623875884361, 37.544904782996127 ], [ 126.962573236079919, 37.544807329321557 ] ] ], [ [ [ 126.963806406874014, 37.547133504466601 ], [ 126.963704046797162, 37.547066566317937 ], [ 126.963577306043362, 37.54703591221643 ], [ 126.963445479574489, 37.54704620892656 ], [ 126.963328636575909, 37.547095888883014 ], [ 126.963244565221729, 37.54717738882912 ], [ 126.963206064652937, 37.547278301215329 ], [ 126.963218996401011, 37.547383263090154 ], [ 126.963281391924099, 37.547476294944197 ], [ 126.963383752182636, 37.547543233454668 ], [ 126.963510493715802, 37.547573887761708 ], [ 126.963642321105098, 37.547563590980396 ], [ 126.96375916462604, 37.547513910717775 ], [ 126.963843235798478, 37.547432410409833 ], [ 126.963881735587961, 37.547331497818135 ], [ 126.96386880291945, 37.54722653601447 ], [ 126.963806406874014, 37.547133504466601 ] ] ], [ [ [ 126.964166615221359, 37.549747323746217 ], [ 126.964064251249724, 37.549680385937499 ], [ 126.963937505923283, 37.549649732233817 ], [ 126.963805674900058, 37.549660029339144 ], [ 126.96368882805875, 37.549709709627969 ], [ 126.963604754158482, 37.549791209793014 ], [ 126.963566252727816, 37.549892122251421 ], [ 126.963579185429538, 37.549997084040726 ], [ 126.963641583576575, 37.550090115664538 ], [ 126.963743947729938, 37.550157053835107 ], [ 126.963870693835844, 37.550187707744314 ], [ 126.96400252577962, 37.550177410567784 ], [ 126.964119373143333, 37.550127729972765 ], [ 126.964203446861873, 37.550046229445854 ], [ 126.964241947513088, 37.549945316781923 ], [ 126.964229013890829, 37.549840355063814 ], [ 126.964166615221359, 37.549747323746217 ] ] ], [ [ [ 126.964500519221502, 37.551104953045432 ], [ 126.964398153095289, 37.551038015540506 ], [ 126.964271405333335, 37.551007362201062 ], [ 126.964139571964381, 37.551017659675587 ], [ 126.964022723224289, 37.551067340282401 ], [ 126.963938648161189, 37.551148840665796 ], [ 126.963900146480739, 37.551249753209675 ], [ 126.963913079883724, 37.55135471493859 ], [ 126.963975479576362, 37.551447746365326 ], [ 126.964077845884319, 37.55151468423211 ], [ 126.964204594425794, 37.551545337777092 ], [ 126.964336428715342, 37.551535040231357 ], [ 126.964453277977896, 37.551485359318328 ], [ 126.964537352859224, 37.55140385857306 ], [ 126.964575853760152, 37.551302945823636 ], [ 126.964562919436574, 37.551197984165931 ], [ 126.964500519221502, 37.551104953045432 ] ] ], [ [ [ 126.968561717896122, 37.553375594081587 ], [ 126.968459345031008, 37.553308660120194 ], [ 126.968332591757857, 37.553278011149445 ], [ 126.968200754944419, 37.553288313152756 ], [ 126.968083905350909, 37.553337997758959 ], [ 126.967999832155456, 37.553419501003553 ], [ 126.967961334779332, 37.553520414834836 ], [ 126.96797427426813, 37.553625376081314 ], [ 126.968036680901548, 37.553718405329221 ], [ 126.968139053948605, 37.553785339652492 ], [ 126.968265808001448, 37.553815988828724 ], [ 126.968397645735536, 37.553805686754124 ], [ 126.968514495851423, 37.553756001841606 ], [ 126.968598568864948, 37.553674498235139 ], [ 126.96863706546138, 37.553573584198375 ], [ 126.968624125051903, 37.553468623023193 ], [ 126.968561717896122, 37.553375594081587 ] ] ], [ [ [ 126.975648349412054, 37.51739790742667 ], [ 126.975516576751502, 37.517408217683837 ], [ 126.975375106968315, 37.517475718541704 ], [ 126.975301516681071, 37.517563395140854 ], [ 126.975275651199624, 37.517666829452637 ], [ 126.975301448496538, 37.517770274571355 ], [ 126.975374981354975, 37.51785798188498 ], [ 126.975508355195856, 37.517930098701441 ], [ 126.97563821212691, 37.517950700995954 ], [ 126.975768082436076, 37.517930152272214 ], [ 126.975878194358401, 37.517871580917578 ], [ 126.97595178427396, 37.51778390396359 ], [ 126.975977648862752, 37.517680469505486 ], [ 126.975951850663179, 37.517577024532557 ], [ 126.975878317404877, 37.517489317573741 ], [ 126.975775044978974, 37.517428548710484 ], [ 126.975648349412054, 37.51739790742667 ] ] ], [ [ [ 126.971170396468182, 37.520446587272623 ], [ 126.971068066255953, 37.520379655216587 ], [ 126.9709413676281, 37.520349008897824 ], [ 126.97080958913341, 37.520359313896073 ], [ 126.970692792653878, 37.520409001384223 ], [ 126.970608759281703, 37.520490506958929 ], [ 126.970570282375448, 37.520591422213649 ], [ 126.970583219864068, 37.520696383760132 ], [ 126.970645602331402, 37.520789412138953 ], [ 126.970747932725359, 37.520856344556428 ], [ 126.970874632131697, 37.520886991080374 ], [ 126.971006411545559, 37.520876686010858 ], [ 126.97112320854653, 37.520826998216741 ], [ 126.971207241736948, 37.520745492280589 ], [ 126.971245717864733, 37.520644576820693 ], [ 126.971232779456955, 37.520539615345456 ], [ 126.971170396468182, 37.520446587272623 ] ] ], [ [ [ 126.975648518175873, 37.520479477396158 ], [ 126.975554912867509, 37.520404882211196 ], [ 126.975432593205113, 37.520364496672741 ], [ 126.975300181104984, 37.520364469056346 ], [ 126.975177834905963, 37.520404803566265 ], [ 126.975084180563968, 37.520479359695365 ], [ 126.975033476103434, 37.520576787028723 ], [ 126.975033440962292, 37.520682253194551 ], [ 126.975084080693591, 37.520779701925278 ], [ 126.975177686001018, 37.520854297478628 ], [ 126.975300006325313, 37.520894683277959 ], [ 126.975432419362406, 37.520894710894886 ], [ 126.975554766224619, 37.520854376124831 ], [ 126.975648420567524, 37.520779819627322 ], [ 126.975699124366159, 37.520682392033102 ], [ 126.975699158570322, 37.520576925866756 ], [ 126.975648518175873, 37.520479477396158 ] ] ], [ [ [ 126.971964395206456, 37.520604585512707 ], [ 126.971862064068887, 37.520537654146032 ], [ 126.971735364848612, 37.520507008679573 ], [ 126.971603586184642, 37.520517314563371 ], [ 126.971486789984766, 37.520567002835456 ], [ 126.971402757298605, 37.520648508973167 ], [ 126.971364281380275, 37.520749424484258 ], [ 126.971377220008293, 37.520854385941426 ], [ 126.971439603593097, 37.520947413898845 ], [ 126.97154193491248, 37.521014345626988 ], [ 126.971668634911225, 37.521044991298609 ], [ 126.971800414494354, 37.521034685343551 ], [ 126.971917211215668, 37.52098499676547 ], [ 126.972001243720072, 37.520903490266313 ], [ 126.972039718859904, 37.520802574550054 ], [ 126.972026779312699, 37.52069761316416 ], [ 126.971964395206456, 37.520604585512707 ] ] ], [ [ [ 126.975280389548061, 37.521153578159726 ], [ 126.975206615663396, 37.521100292794934 ], [ 126.975084295053918, 37.521059906900192 ], [ 126.974951881725246, 37.521059878892892 ], [ 126.974858104262722, 37.521086581996805 ], [ 126.974778096786082, 37.521133817444174 ], [ 126.974704502205455, 37.521221493615364 ], [ 126.974678634634358, 37.521324927731413 ], [ 126.974704432363552, 37.521428372916482 ], [ 126.974777968110359, 37.521516080548381 ], [ 126.974888046801865, 37.521574697861503 ], [ 126.975017909877621, 37.521595300827478 ], [ 126.975146033142508, 37.521575252119021 ], [ 126.975185963262263, 37.521704286423656 ], [ 126.975245268494092, 37.521768011490025 ], [ 126.975325245231687, 37.52181528072559 ], [ 126.975485211562585, 37.52184723081686 ], [ 126.975615088667766, 37.521826682277329 ], [ 126.975725206437318, 37.521768111106113 ], [ 126.975798800361176, 37.521680434306816 ], [ 126.975824666509098, 37.521576999951172 ], [ 126.975798867182121, 37.521473555012847 ], [ 126.975725330281634, 37.521385848015541 ], [ 126.97561525121202, 37.521327231480747 ], [ 126.975485388436226, 37.521306629170724 ], [ 126.975357265721328, 37.521326678248414 ], [ 126.975342778228921, 37.52124660405272 ], [ 126.975280389548061, 37.521153578159726 ] ] ], [ [ [ 126.971641401343803, 37.522145586277666 ], [ 126.971539068391209, 37.522078654647878 ], [ 126.971412366697905, 37.522048008841949 ], [ 126.971280585279374, 37.522058314361516 ], [ 126.971163786462739, 37.522108002300129 ], [ 126.971079751695996, 37.522189508185846 ], [ 126.971041274550018, 37.522290423564797 ], [ 126.971054212990225, 37.522395385029824 ], [ 126.971116597455676, 37.522488413133892 ], [ 126.971218930590041, 37.52255534512512 ], [ 126.971345633061901, 37.522585991136253 ], [ 126.971477415399661, 37.522575685545405 ], [ 126.971594214737749, 37.522525997300811 ], [ 126.971678249322721, 37.522444491053633 ], [ 126.9717167256902, 37.522343575469478 ], [ 126.971703786330735, 37.522238614075725 ], [ 126.971641401343803, 37.522145586277666 ] ] ], [ [ [ 126.971565442015546, 37.524636867268107 ], [ 126.971471835582861, 37.524562268899352 ], [ 126.971349511338005, 37.52452187915889 ], [ 126.971217091894914, 37.524521846961981 ], [ 126.971094736710242, 37.524562177210214 ], [ 126.971001073107928, 37.524636730045252 ], [ 126.970950360522082, 37.524734155553645 ], [ 126.970950319627718, 37.524839621641497 ], [ 126.971000956853743, 37.524937072053106 ], [ 126.971094563285362, 37.52501167079032 ], [ 126.971216888192117, 37.525052060791751 ], [ 126.971349308572385, 37.525052092989263 ], [ 126.971471664420477, 37.525011762480936 ], [ 126.971565328023857, 37.524937209277454 ], [ 126.971616039947762, 37.524839783508071 ], [ 126.97161607990499, 37.524734317419615 ], [ 126.971565442015546, 37.524636867268107 ] ] ], [ [ [ 126.969910417551532, 37.525641560232145 ], [ 126.969808081373259, 37.525574627140905 ], [ 126.969681374477972, 37.52554397949396 ], [ 126.969549586673011, 37.525554283073241 ], [ 126.969432781257794, 37.52560396926765 ], [ 126.969348740684808, 37.525685473870837 ], [ 126.9693102594089, 37.525786388624176 ], [ 126.969323196024263, 37.525891350215751 ], [ 126.969385581247764, 37.52598437917927 ], [ 126.969487917607751, 37.526051312632042 ], [ 126.969614625281693, 37.526081960484234 ], [ 126.969746414006067, 37.526071656833707 ], [ 126.969863219942923, 37.526021970333268 ], [ 126.969947260334138, 37.525940465368564 ], [ 126.969985740831419, 37.525839550409984 ], [ 126.969972803296642, 37.525734588889655 ], [ 126.969910417551532, 37.525641560232145 ] ] ], [ [ [ 126.970282925895944, 37.528265589484405 ], [ 126.970180585801572, 37.528198656744074 ], [ 126.970053874316008, 37.528168009508434 ], [ 126.969922081945455, 37.528178313496809 ], [ 126.969805272684326, 37.52822800003581 ], [ 126.969721229570666, 37.528309504866641 ], [ 126.969682747446058, 37.528410419696023 ], [ 126.969695685033955, 37.528515381200471 ], [ 126.969758072903218, 37.528608409926946 ], [ 126.969860413179362, 37.528675343028844 ], [ 126.96998712544368, 37.528705990469746 ], [ 126.970118918733746, 37.528695686410117 ], [ 126.970235728516556, 37.52864599956505 ], [ 126.97031977144843, 37.528564494372674 ], [ 126.970358252794284, 37.528463579338037 ], [ 126.970345314286845, 37.528358617904857 ], [ 126.970282925895944, 37.528265589484405 ] ] ], [ [ [ 126.969380262902902, 37.529017902610988 ], [ 126.969286653175999, 37.52894330256435 ], [ 126.969164322958605, 37.528902910588016 ], [ 126.969031895773895, 37.528902875937682 ], [ 126.968909532257044, 37.528943203888389 ], [ 126.968815861000465, 37.529017754931594 ], [ 126.968765142603544, 37.529115179426647 ], [ 126.968765098625994, 37.529220645433938 ], [ 126.968815735966189, 37.529318096710057 ], [ 126.968909345691941, 37.529392697125211 ], [ 126.969031676571362, 37.52943308936257 ], [ 126.969164104693448, 37.529433124013558 ], [ 126.969286468873904, 37.52939279580275 ], [ 126.969380140131634, 37.52931824439105 ], [ 126.969430857866541, 37.529220819634943 ], [ 126.969430900906715, 37.529115353626992 ], [ 126.969380262902902, 37.529017902610988 ] ] ], [ [ [ 126.97571753438784, 37.534234577585046 ], [ 126.975615181281441, 37.534167649617174 ], [ 126.975488457472011, 37.534137008238972 ], [ 126.97535665534194, 37.534147318277988 ], [ 126.975239840371316, 37.534197010139764 ], [ 126.975155796467448, 37.534278518755137 ], [ 126.975117318592268, 37.534379435254685 ], [ 126.97513026482234, 37.534484396060662 ], [ 126.975192664410912, 37.534577421826349 ], [ 126.975295017699338, 37.534644350155816 ], [ 126.975421742287821, 37.534674991739237 ], [ 126.975553545337689, 37.534664681628819 ], [ 126.975670360829952, 37.534614989460877 ], [ 126.975754404551822, 37.534533480483908 ], [ 126.975792881647919, 37.534432563779134 ], [ 126.97577993449805, 37.534327603044545 ], [ 126.97571753438784, 37.534234577585046 ] ] ], [ [ [ 126.972813045265013, 37.535442024078826 ], [ 126.972710693106237, 37.535375093607719 ], [ 126.972583968444241, 37.535344449118746 ], [ 126.972452163791175, 37.535354755913076 ], [ 126.972335345011288, 37.535404444890169 ], [ 126.97225129659175, 37.535485951420043 ], [ 126.97221281418193, 37.535586866950773 ], [ 126.972225756548781, 37.535691828052137 ], [ 126.972288153533668, 37.535784855332437 ], [ 126.972390505874401, 37.535851786165189 ], [ 126.972517231315479, 37.535882430859424 ], [ 126.972649036888356, 37.535872123993762 ], [ 126.972765856190037, 37.535822434710518 ], [ 126.972849904427648, 37.535740927819006 ], [ 126.972888386058386, 37.535640012083 ], [ 126.972875442771695, 37.535535051052982 ], [ 126.972813045265013, 37.535442024078826 ] ] ], [ [ [ 126.970089589577526, 37.536469651117145 ], [ 126.969995969834827, 37.536395051722756 ], [ 126.969873627065567, 37.536354660526811 ], [ 126.969741186703757, 37.536354626666125 ], [ 126.969618811390646, 37.536394955295521 ], [ 126.969525131514402, 37.536469506803208 ], [ 126.969474408986756, 37.536566931477807 ], [ 126.969474365996277, 37.53667239735239 ], [ 126.969525009291132, 37.53676984820374 ], [ 126.969618629032709, 37.536844447966736 ], [ 126.969740972464237, 37.536884839423792 ], [ 126.969873413763779, 37.536884873285125 ], [ 126.969995789740736, 37.536844544395528 ], [ 126.970089469618102, 37.536769992519226 ], [ 126.970140191483466, 37.53667256758353 ], [ 126.970140233536227, 37.5365671017083 ], [ 126.970089589577526, 37.536469651117145 ] ] ], [ [ [ 126.973923284181296, 37.537074891966377 ], [ 126.973829659861451, 37.537000295617098 ], [ 126.973707314033405, 37.536959908395772 ], [ 126.973574872596785, 37.536959878834104 ], [ 126.97345249835648, 37.537000211432513 ], [ 126.97335882153736, 37.5370747659749 ], [ 126.973308103585765, 37.537172192287926 ], [ 126.973308065993621, 37.537277658155219 ], [ 126.973358714687265, 37.537375107354606 ], [ 126.973452339006144, 37.537449704072507 ], [ 126.973574685496573, 37.537490091554893 ], [ 126.973707127870938, 37.537490121117116 ], [ 126.973829502775004, 37.537449788258449 ], [ 126.97392317959509, 37.537375233347454 ], [ 126.973973896884303, 37.537277806773368 ], [ 126.973973933538701, 37.537172340905528 ], [ 126.973923284181296, 37.537074891966377 ] ] ], [ [ [ 126.969465461655076, 37.537932591597972 ], [ 126.969391675390042, 37.537879302747292 ], [ 126.969269330522806, 37.537838910934546 ], [ 126.96913688753672, 37.537838876394972 ], [ 126.969014509472473, 37.53787920438679 ], [ 126.968920827137154, 37.537953755395215 ], [ 126.96887010281678, 37.538051179784915 ], [ 126.968865182111259, 37.538130405458112 ], [ 126.968903586519346, 37.538231340110393 ], [ 126.968987574136364, 37.538312888405734 ], [ 126.969104358648821, 37.538362635277117 ], [ 126.969236160560655, 37.538373007147761 ], [ 126.969390468451195, 37.538329283308094 ], [ 126.969393058165608, 37.538420647104118 ], [ 126.969426586351929, 37.538495341430618 ], [ 126.969485899968262, 37.538559069211033 ], [ 126.969565890991888, 37.53860634221811 ], [ 126.969725890719602, 37.538638300033369 ], [ 126.969885916255151, 37.538606424260728 ], [ 126.969988323933578, 37.538539543503603 ], [ 126.970050794910549, 37.538446546785678 ], [ 126.970063818658801, 37.538341592080776 ], [ 126.970025412630108, 37.538240657807009 ], [ 126.96994142396332, 37.538159110248316 ], [ 126.969824639211524, 37.538109364202917 ], [ 126.969692837681762, 37.538098992988772 ], [ 126.969538530442136, 37.53814271722554 ], [ 126.969527857075192, 37.538025620300658 ], [ 126.969465461655076, 37.537932591597972 ] ] ], [ [ [ 126.970659697494881, 37.538871899818957 ], [ 126.970566074182202, 37.538797300905451 ], [ 126.970443727181149, 37.538756910314781 ], [ 126.970311282569938, 37.538756877091643 ], [ 126.970188903636753, 37.538797206293843 ], [ 126.970095221320861, 37.538871758222299 ], [ 126.97004449790542, 37.538969183101642 ], [ 126.970044455714131, 37.53907464893377 ], [ 126.97009510137363, 37.539172099501926 ], [ 126.970188724685201, 37.539246698784076 ], [ 126.970311072348636, 37.539287089635856 ], [ 126.97044351789765, 37.539287122859619 ], [ 126.970565897494751, 37.539246793397218 ], [ 126.970659579811738, 37.539172241100104 ], [ 126.970710302564811, 37.53907481595963 ], [ 126.970710343818268, 37.53896935012687 ], [ 126.970659697494881, 37.538871899818957 ] ] ], [ [ [ 126.969980968512573, 37.540224390521921 ], [ 126.969878612352744, 37.540157457648824 ], [ 126.969751880759659, 37.54012681014266 ], [ 126.969620067300681, 37.540137113763883 ], [ 126.96950323918054, 37.540186799895046 ], [ 126.969419182308357, 37.540268304339428 ], [ 126.96938069362038, 37.540369218862637 ], [ 126.969393632839328, 37.5404741801878 ], [ 126.969456030285883, 37.540567208889208 ], [ 126.969558386627583, 37.540634142123992 ], [ 126.969685118999863, 37.540664789835525 ], [ 126.969816933378937, 37.540654486142998 ], [ 126.969933762021057, 37.540604799705676 ], [ 126.970017818711341, 37.540523294899593 ], [ 126.970056306620137, 37.540422380171037 ], [ 126.970043366481093, 37.540317418917148 ], [ 126.969980968512573, 37.540224390521921 ] ] ], [ [ [ 126.969709977873052, 37.542716591200872 ], [ 126.969607618550143, 37.542649658119814 ], [ 126.969480882850533, 37.542619010333993 ], [ 126.969349064966664, 37.542629313646408 ], [ 126.969232232776989, 37.54267899948664 ], [ 126.969148172810122, 37.542760503702262 ], [ 126.96910968247343, 37.5428614180937 ], [ 126.969122621689138, 37.542978259403995 ], [ 126.969185020883572, 37.543071288209831 ], [ 126.969287380404609, 37.543138221652484 ], [ 126.969414116903621, 37.543168869643644 ], [ 126.969545935728604, 37.543158566259955 ], [ 126.969662768458889, 37.543108880113643 ], [ 126.9697468282572, 37.543027375536447 ], [ 126.969785317820723, 37.542926460939846 ], [ 126.969772377579659, 37.542809619700677 ], [ 126.969709977873052, 37.542716591200872 ] ] ], [ [ [ 126.974207692822858, 37.549912581418383 ], [ 126.974105319640231, 37.549845652312591 ], [ 126.973978569915019, 37.549815009386045 ], [ 126.973846739974832, 37.549825317702052 ], [ 126.973729899533538, 37.549875007928414 ], [ 126.973645836375965, 37.549956515244979 ], [ 126.973607348395262, 37.550057430980125 ], [ 126.973620295206644, 37.55016239167248 ], [ 126.973682705974966, 37.550255417992652 ], [ 126.973785079339692, 37.550322347460259 ], [ 126.973911829844582, 37.550352990592145 ], [ 126.974043660705277, 37.550342682204729 ], [ 126.974160501668692, 37.550292991672059 ], [ 126.974244564644152, 37.550211483993671 ], [ 126.974283051845177, 37.550110568053178 ], [ 126.974270104113302, 37.550005607432212 ], [ 126.974207692822858, 37.549912581418383 ] ] ], [ [ [ 126.974026340270399, 37.551998892121517 ], [ 126.973932697191216, 37.551924296035914 ], [ 126.973810326920912, 37.551883909014443 ], [ 126.973677859080084, 37.551883879558396 ], [ 126.973555460493301, 37.55192421215208 ], [ 126.973461765091884, 37.551998766580141 ], [ 126.973411037151052, 37.552096192686697 ], [ 126.973410999683722, 37.552201658286833 ], [ 126.973461658597344, 37.552299107199104 ], [ 126.973555301675532, 37.552373703653522 ], [ 126.973677672608744, 37.552414090936182 ], [ 126.973810141387958, 37.55241412039279 ], [ 126.973932540638998, 37.552373787538727 ], [ 126.974026236041411, 37.552299232741831 ], [ 126.974076963319348, 37.552201806374065 ], [ 126.974076999848251, 37.552096340773367 ], [ 126.974026340270399, 37.551998892121517 ] ] ], [ [ [ 126.971345346858413, 37.552320898543137 ], [ 126.97125170605004, 37.552246300336307 ], [ 126.971129336701821, 37.552205910538937 ], [ 126.97099686829408, 37.552205878074901 ], [ 126.970874467737673, 37.552246207886412 ], [ 126.970780769263712, 37.552320760181722 ], [ 126.970730037615226, 37.552418185129625 ], [ 126.970729996369514, 37.552523650721582 ], [ 126.97078065200931, 37.552621100777422 ], [ 126.970874292816632, 37.552695699353066 ], [ 126.970996662827659, 37.552736089411681 ], [ 126.971129132173829, 37.552736121876336 ], [ 126.971251533394593, 37.552695791804453 ], [ 126.971345231869634, 37.552621239140315 ], [ 126.971395962855283, 37.552523813931188 ], [ 126.971396003162525, 37.552418348338612 ], [ 126.971345346858413, 37.552320898543137 ] ] ], [ [ [ 126.974739340345764, 37.552397560426783 ], [ 126.974645696057081, 37.552322964911262 ], [ 126.974523324749882, 37.552282578631065 ], [ 126.974390856202717, 37.552282549974663 ], [ 126.974268457347634, 37.552322883304605 ], [ 126.97417476215675, 37.552397438293482 ], [ 126.97412403487337, 37.552494864700016 ], [ 126.974123998410221, 37.552600330293615 ], [ 126.974174658521889, 37.55269777889383 ], [ 126.974268302809662, 37.552772374778186 ], [ 126.974390674779755, 37.552812761319558 ], [ 126.974523144265362, 37.552812789976507 ], [ 126.974645543784717, 37.552772456386151 ], [ 126.974739238976525, 37.552697901028452 ], [ 126.974789965597012, 37.55260047436073 ], [ 126.974790001121718, 37.552495008766584 ], [ 126.974739340345764, 37.552397560426783 ] ] ], [ [ [ 126.973850505499399, 37.553292582315613 ], [ 126.973748128014961, 37.553225652936923 ], [ 126.973621372712955, 37.553195009642444 ], [ 126.973489536770074, 37.553205317551438 ], [ 126.973372690813918, 37.553255007393716 ], [ 126.973288623468932, 37.55333651440759 ], [ 126.973250133265765, 37.553437429967524 ], [ 126.973263080158006, 37.553542390638853 ], [ 126.973325493298233, 37.553635417095364 ], [ 126.973427870964798, 37.553702346835898 ], [ 126.973554627046582, 37.553732990335767 ], [ 126.973686463910113, 37.553722682355357 ], [ 126.973803310388462, 37.553672992206728 ], [ 126.973887377551321, 37.55359148483101 ], [ 126.973925866974696, 37.553490569065673 ], [ 126.973912919161819, 37.553385608465739 ], [ 126.973850505499399, 37.553292582315613 ] ] ], [ [ [ 126.981407361182264, 37.517054964420993 ], [ 126.981305026452219, 37.516988041194182 ], [ 126.981178329366173, 37.516957405839378 ], [ 126.981046558238234, 37.516967722267232 ], [ 126.980929773828876, 37.51701741991058 ], [ 126.980845755392878, 37.51709893282009 ], [ 126.980807294014909, 37.517199851472526 ], [ 126.980820245259906, 37.517304811962347 ], [ 126.980882637617384, 37.517397834990923 ], [ 126.980984972529541, 37.517464758579095 ], [ 126.981111670394114, 37.517495394138862 ], [ 126.981243442440999, 37.517485077639556 ], [ 126.981360227371383, 37.517435379690156 ], [ 126.981444245625326, 37.517353866419299 ], [ 126.981482706224753, 37.517252947561865 ], [ 126.981469754060811, 37.517147987143517 ], [ 126.981407361182264, 37.517054964420993 ] ] ], [ [ [ 126.9842401887243, 37.517227866776736 ], [ 126.9841465789209, 37.517153278358471 ], [ 126.984024259931445, 37.517112901695612 ], [ 126.983891853569773, 37.517112883712535 ], [ 126.98376951730107, 37.517153227146942 ], [ 126.983675875569645, 37.517227790133056 ], [ 126.983625184480061, 37.517325221212019 ], [ 126.98362516143473, 37.517430687441774 ], [ 126.98367581014513, 37.517528132544982 ], [ 126.983769419947947, 37.517602721331592 ], [ 126.983891739599429, 37.517643098255171 ], [ 126.984024146897909, 37.517643116238595 ], [ 126.984146483829434, 37.51760277254396 ], [ 126.98424012556147, 37.517528209189486 ], [ 126.984290815989041, 37.517430777849825 ], [ 126.984290838097564, 37.517325311619715 ], [ 126.9842401887243, 37.517227866776736 ] ] ], [ [ [ 126.977535372182615, 37.517667943042987 ], [ 126.977433040075255, 37.517601016469229 ], [ 126.977306343537975, 37.517570376964443 ], [ 126.977174570801253, 37.517580689071004 ], [ 126.977057782870588, 37.517630382879666 ], [ 126.976973759536719, 37.517711893024838 ], [ 126.976935292630017, 37.517812810404166 ], [ 126.976948238557085, 37.517917771305932 ], [ 126.977010626617059, 37.518010796368813 ], [ 126.977112958906361, 37.518077723303932 ], [ 126.977239656222153, 37.518108363013773 ], [ 126.977371429877863, 37.518098050835825 ], [ 126.977488218329711, 37.518048356721152 ], [ 126.977572241481639, 37.517966846214591 ], [ 126.977610707609841, 37.517865928630208 ], [ 126.9775977607638, 37.517760967799845 ], [ 126.977535372182615, 37.517667943042987 ] ] ], [ [ [ 126.980036369670742, 37.518583567513247 ], [ 126.979934034078738, 37.51851664311571 ], [ 126.979807334969692, 37.518486006297657 ], [ 126.979675560965674, 37.518496321192458 ], [ 126.979558773265026, 37.518546017466399 ], [ 126.97947475162357, 37.518627529378577 ], [ 126.97943628761395, 37.518728447557628 ], [ 126.979449237201777, 37.51883340817006 ], [ 126.979511629128893, 37.518926431898599 ], [ 126.979613964902953, 37.518993356657511 ], [ 126.979740664790569, 37.519023993680584 ], [ 126.979872439713617, 37.51901367871433 ], [ 126.979989227935363, 37.518963982134345 ], [ 126.980073249394792, 37.518882469860777 ], [ 126.980111712625842, 37.518781551476721 ], [ 126.980098762118985, 37.518676590935733 ], [ 126.980036369670742, 37.518583567513247 ] ] ], [ [ [ 126.992582589681959, 37.521918766964973 ], [ 126.992488965713804, 37.521844185216018 ], [ 126.992366634570303, 37.521803817223223 ], [ 126.992234219915559, 37.521803808591059 ], [ 126.992111880477239, 37.521844160633677 ], [ 126.99201824118218, 37.521918730174789 ], [ 126.991967557764141, 37.522016164757616 ], [ 126.991967546457644, 37.522121630906689 ], [ 126.992018209187123, 37.522219072356862 ], [ 126.992111833154993, 37.522293654474232 ], [ 126.992234164960863, 37.522334022727648 ], [ 126.992366580552655, 37.522334031359975 ], [ 126.992488920653742, 37.522293679056986 ], [ 126.992582559949113, 37.522219109147443 ], [ 126.992633242704756, 37.522121674303982 ], [ 126.992633253074231, 37.522016208154746 ], [ 126.992582589681959, 37.521918766964973 ] ] ], [ [ [ 127.001149538266873, 37.523409030751253 ], [ 127.00104717722553, 37.523342124700676 ], [ 127.000920461322465, 37.523311510555402 ], [ 127.000788681736353, 37.523321848997142 ], [ 127.000671900515329, 37.523371566107457 ], [ 127.000587896428854, 37.523453092973376 ], [ 127.000549458377208, 37.523554017946964 ], [ 127.000562438374217, 37.523658976160235 ], [ 127.000624860532255, 37.523751988661076 ], [ 127.000727221756478, 37.523818895072999 ], [ 127.000853938438723, 37.523849509422952 ], [ 127.000985718943937, 37.523839170909312 ], [ 127.001102500685562, 37.523789453492647 ], [ 127.001186504589171, 37.523707926265374 ], [ 127.001224941861622, 37.523607001087107 ], [ 127.001211960945511, 37.523502042945729 ], [ 127.001149538266873, 37.523409030751253 ] ] ], [ [ [ 126.993073094511146, 37.523461765832863 ], [ 126.992979468126819, 37.523387184492023 ], [ 126.992857134199809, 37.523346817017547 ], [ 126.992724716817918, 37.523346808935017 ], [ 126.992602375124036, 37.523387161474872 ], [ 126.99250873438838, 37.52346173138519 ], [ 126.992458050564011, 37.523559166152928 ], [ 126.992458039947351, 37.523664632274496 ], [ 126.992508704357817, 37.523762073488939 ], [ 126.992602330741889, 37.523836655198231 ], [ 126.992724665331352, 37.523877022933334 ], [ 126.992857083650364, 37.523877031016021 ], [ 126.992979426007039, 37.523836678215737 ], [ 126.993073066742951, 37.523762107936996 ], [ 126.993123749904868, 37.523664672908602 ], [ 126.993123759584435, 37.523559206786885 ], [ 126.993073094511146, 37.523461765832863 ] ] ], [ [ [ 126.99659522123207, 37.53242783764729 ], [ 126.996501580134776, 37.532353259211256 ], [ 126.996379229666758, 37.532312895445493 ], [ 126.996246796434022, 37.532312891310951 ], [ 126.996124441992507, 37.532353247437051 ], [ 126.996030793553032, 37.532427820025902 ], [ 126.995980108241568, 37.532525256156767 ], [ 126.995980102581029, 37.532630722118455 ], [ 126.996030777636349, 37.532728161674385 ], [ 126.996124418733515, 37.532802740478992 ], [ 126.996246769864328, 37.53284310450541 ], [ 126.996379204034582, 37.532843108640037 ], [ 126.996501559139148, 37.532802752253389 ], [ 126.996595207578764, 37.532728179295958 ], [ 126.996645892227377, 37.532630742904431 ], [ 126.996645896950412, 37.532525276942671 ], [ 126.99659522123207, 37.53242783764729 ] ] ], [ [ [ 127.012731196144799, 37.534358099138807 ], [ 127.012637536568718, 37.534283533524231 ], [ 127.012515174254432, 37.534243186490464 ], [ 127.012382737611276, 37.534243200451165 ], [ 127.012260388714409, 37.534283573281044 ], [ 127.012166753930615, 37.534358158639243 ], [ 127.01211608830701, 37.534455601660994 ], [ 127.012116105369316, 37.534561067586026 ], [ 127.012166802723172, 37.534658500183227 ], [ 127.012260462299722, 37.534733066166396 ], [ 127.012382825277314, 37.534773413460613 ], [ 127.012515262858074, 37.534773399499642 ], [ 127.01263761241762, 37.534733026408944 ], [ 127.012731247200946, 37.534658440682165 ], [ 127.012781912161245, 37.534560997399964 ], [ 127.012781894161336, 37.534455531475203 ], [ 127.012731196144799, 37.534358099138807 ] ] ], [ [ [ 126.990185405630498, 37.535475545464742 ], [ 126.990052927515407, 37.535397286186452 ], [ 126.989923036371039, 37.535376699795705 ], [ 126.989793139689596, 37.535397264018798 ], [ 126.989660640516988, 37.535475500686537 ], [ 126.98960942166012, 37.535543533416288 ], [ 126.989584381536488, 37.535633840804635 ], [ 126.989466640152145, 37.535706520262224 ], [ 126.9893960982142, 37.535825257625788 ], [ 126.989391199371056, 37.535904484188883 ], [ 126.989415391721195, 37.535981431711811 ], [ 126.989513637785691, 37.53608694594196 ], [ 126.989630432469738, 37.536136672535513 ], [ 126.98976223331438, 37.536147021500845 ], [ 126.989888974636486, 37.536116417286173 ], [ 126.989991361049576, 37.536049519150083 ], [ 126.990042579905676, 37.535981486260553 ], [ 126.99006761959312, 37.535891178780304 ], [ 126.990185360684734, 37.535818498725774 ], [ 126.990247804312233, 37.535725491275151 ], [ 126.990255915087545, 37.535594294984961 ], [ 126.990185405630498, 37.535475545464742 ] ] ], [ [ [ 126.987954953249016, 37.53632756839982 ], [ 126.987861315882142, 37.536252983162605 ], [ 126.987738963702427, 37.536212610471736 ], [ 126.98760652357646, 37.536212596646891 ], [ 126.987484158109567, 37.536252943792697 ], [ 126.987390496191026, 37.536327509478447 ], [ 126.987339796998839, 37.536424941834284 ], [ 126.987339779169034, 37.536530407723838 ], [ 126.987390445619326, 37.536627850921526 ], [ 126.987484082985731, 37.536702436527342 ], [ 126.987606435828184, 37.536742809479051 ], [ 126.987738876891854, 37.536742823304166 ], [ 126.98786124302211, 37.53670247589789 ], [ 126.987954904941105, 37.536627909843538 ], [ 126.988005603470569, 37.536530477226847 ], [ 126.988005620362671, 37.536425011337037 ], [ 126.987954953249016, 37.53632756839982 ] ] ], [ [ [ 127.014115356321895, 37.5370424923439 ], [ 127.014012965066271, 37.536975597691004 ], [ 127.013886220800146, 37.536944997532864 ], [ 127.013754419020032, 37.536955350421799 ], [ 127.013637625152796, 37.537005080239993 ], [ 127.013553619893145, 37.537086616139895 ], [ 127.013515192320142, 37.53718754509822 ], [ 127.013528192852462, 37.537292501640337 ], [ 127.013590642476302, 37.537385507068493 ], [ 127.013693033915388, 37.537452402082863 ], [ 127.013819778961476, 37.537483002445555 ], [ 127.013951581661232, 37.537472649484407 ], [ 127.014068376049039, 37.537422919359557 ], [ 127.014152381125228, 37.53734138309818 ], [ 127.014190807918254, 37.537240453935304 ], [ 127.014177806466293, 37.537135497465385 ], [ 127.014115356321895, 37.5370424923439 ] ] ], [ [ [ 126.989274417383569, 37.538234077571119 ], [ 126.989172046692275, 37.538167161395165 ], [ 126.989045310563768, 37.538136534582947 ], [ 126.98891350325583, 37.538146859744508 ], [ 126.988796691036868, 37.538196564983181 ], [ 126.988712657395268, 37.53827808319334 ], [ 126.988674195730795, 37.538379004044835 ], [ 126.988687161652166, 37.538483963297352 ], [ 126.988749581414794, 37.538576981840578 ], [ 126.988851952288655, 37.538643898378126 ], [ 126.988978689196671, 37.538674525395358 ], [ 126.989110497424463, 37.538664200162096 ], [ 126.989227310164779, 37.53861449461705 ], [ 126.989311343623811, 37.538532976045289 ], [ 126.989349804508777, 37.538432054988782 ], [ 126.989336837667551, 37.538327095807965 ], [ 126.989274417383569, 37.538234077571119 ] ] ], [ [ [ 126.990973256591985, 37.538819271249722 ], [ 126.990879613103118, 37.538744688436459 ], [ 126.990757255224537, 37.53870431888906 ], [ 126.990624810690321, 37.538704308448594 ], [ 126.990502442776972, 37.538744658704488 ], [ 126.990408780746179, 37.538819226752558 ], [ 126.990358083793012, 37.538916660363327 ], [ 126.990358070212764, 37.539022126209353 ], [ 126.990408742276117, 37.539119568071662 ], [ 126.990502385764657, 37.539194151253554 ], [ 126.990624744306146, 37.539234521061779 ], [ 126.990757189778151, 37.539234531502437 ], [ 126.990879558354905, 37.539194180986016 ], [ 126.990973220386053, 37.539119612569309 ], [ 126.991023916676298, 37.539022178697714 ], [ 126.991023929318757, 37.53891671285151 ], [ 126.990973256591985, 37.538819271249722 ] ] ], [ [ [ 127.005862182197959, 37.539032160734664 ], [ 127.005759795592965, 37.53896525894794 ], [ 127.005633051330136, 37.538934649942235 ], [ 127.005501244905446, 37.538944993616809 ], [ 127.005384442452893, 37.538994715256607 ], [ 127.005300425974156, 37.539076245259125 ], [ 127.005261986256187, 37.539177171498949 ], [ 127.005274975566678, 37.539282128915325 ], [ 127.005337416600199, 37.539375138677443 ], [ 127.005439803388356, 37.539442040825705 ], [ 127.005566548431091, 37.539472650036124 ], [ 127.005698355775522, 37.539462306289515 ], [ 127.005815158748916, 37.539412584343133 ], [ 127.005899175044505, 37.539331053979062 ], [ 127.005937613982567, 37.53923012753453 ], [ 127.00592462375235, 37.539125170190189 ], [ 127.005862182197959, 37.539032160734664 ] ] ], [ [ [ 126.99176926545654, 37.541593849418923 ], [ 126.99167561770517, 37.541519267271511 ], [ 126.991553254863462, 37.541478898567277 ], [ 126.991420805421157, 37.541478889018975 ], [ 126.991298433401823, 37.54151924008017 ], [ 126.991204768692327, 37.541593808724102 ], [ 126.991154070895533, 37.541691242630598 ], [ 126.991154058435129, 37.541796708427178 ], [ 126.99120473341145, 37.541894149902397 ], [ 126.991298381162508, 37.541968732418503 ], [ 126.991420744667224, 37.542009101383563 ], [ 126.991553195047459, 37.54200911093205 ], [ 126.991675567730255, 37.541968759610278 ], [ 126.991769232440063, 37.54189419059766 ], [ 126.99181992957385, 37.541796756430344 ], [ 126.99181994109631, 37.54169129063358 ], [ 126.99176926545654, 37.541593849418923 ] ] ], [ [ [ 126.984356595205938, 37.542799352258484 ], [ 126.984224783400819, 37.542788997269263 ], [ 126.984098028470171, 37.542819595367227 ], [ 126.983975778246958, 37.542907791482051 ], [ 126.983925070153404, 37.543005222261051 ], [ 126.983925047509132, 37.543110688031206 ], [ 126.983975713964895, 37.543208132585114 ], [ 126.984095556175248, 37.543306260857328 ], [ 126.984217917979635, 37.543346637276578 ], [ 126.984350370722566, 37.543346654904525 ], [ 126.984472749471337, 37.543306311057428 ], [ 126.984566423026905, 37.543231747776701 ], [ 126.984617130439489, 37.54313431672589 ], [ 126.984617152108854, 37.5430288509558 ], [ 126.984566484939378, 37.542931406673979 ], [ 126.98447339693243, 37.542849083897316 ], [ 126.984356595205938, 37.542799352258484 ] ] ], [ [ [ 126.989509276789761, 37.543397854868701 ], [ 126.989415629034013, 37.543323270951866 ], [ 126.989293264463271, 37.543282899917919 ], [ 126.989160811830445, 37.543282887834266 ], [ 126.989038435644872, 37.543323236540466 ], [ 126.988944766427636, 37.543397803368279 ], [ 126.988894064467857, 37.543495236274005 ], [ 126.988894048822985, 37.543600702037558 ], [ 126.988944722078159, 37.543698144452534 ], [ 126.989038369833494, 37.543772728738077 ], [ 126.989160735067259, 37.543813100032899 ], [ 126.989293188638101, 37.543813112116794 ], [ 126.989415565487249, 37.54377276315001 ], [ 126.989509234704869, 37.54369819595351 ], [ 126.989559936001669, 37.543600762786895 ], [ 126.989559950708511, 37.543495297023121 ], [ 126.989509276789761, 37.543397854868701 ] ] ], [ [ [ 126.989207939105896, 37.544387267901392 ], [ 126.989105560062129, 37.54432035173641 ], [ 126.988978813545799, 37.544289724883178 ], [ 126.988846995396088, 37.544300049958004 ], [ 126.988730173531835, 37.544349755077377 ], [ 126.988646132909892, 37.544431273153911 ], [ 126.988607667992639, 37.544532193877799 ], [ 126.988620634884128, 37.544637153028134 ], [ 126.988683059692107, 37.544730171510167 ], [ 126.988785438918498, 37.54479708803683 ], [ 126.988912186214563, 37.54482771509511 ], [ 126.989044005284427, 37.544817389948584 ], [ 126.989160827670176, 37.544767684522746 ], [ 126.989244868109523, 37.544686166084531 ], [ 126.989283332246998, 37.544585245155602 ], [ 126.989270364435384, 37.544480286076983 ], [ 126.989207939105896, 37.544387267901392 ] ] ], [ [ [ 126.981993456477369, 37.544631193946664 ], [ 126.98189108355092, 37.544564271530966 ], [ 126.981764339576003, 37.54453363693591 ], [ 126.981632520004894, 37.544543953956428 ], [ 126.981515692972863, 37.544593651935159 ], [ 126.981431644223406, 37.544675164871769 ], [ 126.98139316945624, 37.544776083238986 ], [ 126.981406126274891, 37.544881043174726 ], [ 126.981468542320641, 37.544974065464679 ], [ 126.981570915429444, 37.545040988242093 ], [ 126.981697660183983, 37.545071623042318 ], [ 126.981829480675287, 37.545061305950263 ], [ 126.981946308229055, 37.54501160766516 ], [ 126.982030356796173, 37.54493009436684 ], [ 126.982068830783732, 37.544829175794433 ], [ 126.982055873044885, 37.544724215930266 ], [ 126.981993456477369, 37.544631193946664 ] ] ], [ [ [ 127.005058550957827, 37.544817817735584 ], [ 127.004964885935721, 37.544743246168601 ], [ 127.004842510659913, 37.54470289125743 ], [ 127.00471005551293, 37.544702896615 ], [ 127.004587685386895, 37.544743261425666 ], [ 127.004494029880419, 37.544817840569472 ], [ 127.004443347195433, 37.544915280127732 ], [ 127.004443353455073, 37.545020745867525 ], [ 127.004494047909731, 37.545118181585991 ], [ 127.004587712932008, 37.545192753521711 ], [ 127.004710088871278, 37.54523310869353 ], [ 127.004842544956347, 37.545233103335867 ], [ 127.004964915745589, 37.545192738264397 ], [ 127.00505857125188, 37.545118158751869 ], [ 127.005109253273432, 37.545020718932939 ], [ 127.005109246075691, 37.544915253193246 ], [ 127.005058550957827, 37.544817817735584 ] ] ], [ [ [ 126.981217462684313, 37.54589462570987 ], [ 126.981115088724593, 37.545827702635499 ], [ 126.980988342928811, 37.54579706721362 ], [ 126.980856521026368, 37.545807383365016 ], [ 126.980739691507537, 37.545857080564666 ], [ 126.980655640494305, 37.545938592930831 ], [ 126.980617164031088, 37.546039511023089 ], [ 126.980630119979622, 37.546144471021208 ], [ 126.980692536113665, 37.54623749370144 ], [ 126.98079491025571, 37.546304417137534 ], [ 126.980921656831171, 37.546335052764597 ], [ 126.981053479653838, 37.546324736541671 ], [ 126.981170309694491, 37.546275039035656 ], [ 126.981254360525369, 37.546193526307761 ], [ 126.981292836208922, 37.546092608010298 ], [ 126.98127987934015, 37.54598764808371 ], [ 126.981217462684313, 37.54589462570987 ] ] ], [ [ [ 126.984170559648121, 37.546956559176174 ], [ 126.984068181595575, 37.54688963867315 ], [ 126.98394143279225, 37.546859006425827 ], [ 126.983809609425478, 37.546869325871704 ], [ 126.983692780208372, 37.546919025984231 ], [ 126.983608731217089, 37.547000540438198 ], [ 126.98357025818818, 37.547101459475357 ], [ 126.983583218460552, 37.547206419131598 ], [ 126.983645639149742, 37.5472994402352 ], [ 126.983748017384755, 37.547366361099961 ], [ 126.98387476696783, 37.547396993552439 ], [ 126.984006591254882, 37.547386674034954 ], [ 126.984123420993726, 37.547336973616012 ], [ 126.98420746980257, 37.547255458800308 ], [ 126.984245942051729, 37.547154539557994 ], [ 126.984232980859048, 37.547049579973354 ], [ 126.984170559648121, 37.546956559176174 ] ] ], [ [ [ 126.976833318055938, 37.547602195289969 ], [ 126.976711106353136, 37.547513958680121 ], [ 126.976551084671655, 37.547482010369734 ], [ 126.976391042994678, 37.547513895120922 ], [ 126.976268776027197, 37.547602083181197 ], [ 126.976213157989733, 37.547725748428725 ], [ 126.976227900002868, 37.547834699576512 ], [ 126.976214140418492, 37.547941306422842 ], [ 126.976252559760738, 37.54804223852237 ], [ 126.976363320783832, 37.548139588309112 ], [ 126.976485686312898, 37.548179972708823 ], [ 126.976618147601627, 37.548179999012625 ], [ 126.976740538416152, 37.548139663215906 ], [ 126.976834225720523, 37.548065106134487 ], [ 126.976876843495575, 37.547993407900698 ], [ 126.976891485881339, 37.547914946925765 ], [ 126.976875099986998, 37.547832489537775 ], [ 126.976888858610025, 37.547725882612156 ], [ 126.976833318055938, 37.547602195289969 ] ] ], [ [ [ 126.981986779510095, 37.551193974158565 ], [ 126.981884397616398, 37.55112705180931 ], [ 126.981757642532955, 37.551096417238305 ], [ 126.981625811403191, 37.551106734236797 ], [ 126.981508974121965, 37.551156432150798 ], [ 126.981424917993138, 37.551237944989829 ], [ 126.981386439839824, 37.551338863241497 ], [ 126.981399397781161, 37.551443823061319 ], [ 126.981461819287574, 37.551536845252649 ], [ 126.98156420136371, 37.551603767963698 ], [ 126.981690957226988, 37.551634402739928 ], [ 126.98182278927726, 37.551624085669879 ], [ 126.981939627080365, 37.551574387449442 ], [ 126.98202368302681, 37.551492874248609 ], [ 126.982062160400233, 37.551391955791715 ], [ 126.982049201538416, 37.551286996043451 ], [ 126.981986779510095, 37.551193974158565 ] ] ] ] } },
{ "type": "Feature", "properties": { "dataset_id": "05", "type": "polygon", "radius_m": 30, "label": "05 polygon 30m" }, "geometry": { "type": "MultiPolygon", "coordinates": [ [ [ [ 126.958495034484301, 37.523027315529312 ], [ 126.958392712082073, 37.522960372524999 ], [ 126.958266014287673, 37.522929712622968 ], [ 126.958134229523097, 37.522940003470822 ], [ 126.958017420624785, 37.522989678395682 ], [ 126.957933370575546, 37.523071174906804 ], [ 126.957894875272729, 37.523172085977521 ], [ 126.957907795445948, 37.523277048856635 ], [ 126.95797016431527, 37.523370083881851 ], [ 126.9580724868988, 37.523437027247688 ], [ 126.958199185471514, 37.523467687355151 ], [ 126.958330971155476, 37.523457396436292 ], [ 126.958447780575682, 37.523407721205601 ], [ 126.958531830443619, 37.523326224332948 ], [ 126.958570324968122, 37.523225313056784 ], [ 126.958557403875517, 37.523120350248689 ], [ 126.958495034484301, 37.523027315529312 ] ] ], [ [ [ 126.956926404504998, 37.52346551333072 ], [ 126.956824082907573, 37.523398568972908 ], [ 126.9566973850159, 37.523367907390366 ], [ 126.956565599266753, 37.523378196486561 ], [ 126.956448788646512, 37.523427869855261 ], [ 126.956364736400047, 37.52350936524266 ], [ 126.956326238759274, 37.523610275793139 ], [ 126.956339156809705, 37.523715238834718 ], [ 126.956401524094559, 37.523808274680384 ], [ 126.956503845873257, 37.523875219399741 ], [ 126.956630544543231, 37.523905881187744 ], [ 126.956762331211777, 37.523895592020565 ], [ 126.956879142353984, 37.523845918346041 ], [ 126.956963194419188, 37.523764422597097 ], [ 126.957001691281661, 37.523663511841157 ], [ 126.956988772311817, 37.523558548870561 ], [ 126.956926404504998, 37.52346551333072 ] ] ], [ [ [ 126.958570676623324, 37.523663401055359 ], [ 126.958429254715725, 37.523595821169557 ], [ 126.958264533877326, 37.523589317770949 ], [ 126.958115413789955, 37.523645426670832 ], [ 126.958017110036877, 37.52375089744757 ], [ 126.957992867602286, 37.523827834333552 ], [ 126.957997710021772, 37.523907063215006 ], [ 126.958072916471878, 37.524030017834001 ], [ 126.958005492292557, 37.524079484548068 ], [ 126.957954252496009, 37.524147503670193 ], [ 126.957929980113619, 37.524277428731878 ], [ 126.957985472176048, 37.524401125407614 ], [ 126.958052322882864, 37.52445992341319 ], [ 126.958137725262034, 37.524500733731699 ], [ 126.958267588786654, 37.524521355105172 ], [ 126.958397475233838, 37.524500825513499 ], [ 126.958507610381588, 37.524442270431237 ], [ 126.958581227074006, 37.524354604412622 ], [ 126.958605469075479, 37.524277667412484 ], [ 126.958600625989675, 37.524198438560553 ], [ 126.958525418504422, 37.524075484280473 ], [ 126.958629828548908, 37.5239819721468 ], [ 126.958669972087066, 37.523854567323006 ], [ 126.958644195666452, 37.523751118689916 ], [ 126.958570676623324, 37.523663401055359 ] ] ], [ [ [ 126.955430247967627, 37.524875822401661 ], [ 126.95529782493395, 37.524797524025836 ], [ 126.9551679617514, 37.524776899388122 ], [ 126.955038073944138, 37.524797425426335 ], [ 126.954927935565564, 37.524855977267592 ], [ 126.954854314107308, 37.524943640998579 ], [ 126.954826217746799, 37.525069070678377 ], [ 126.954851989346324, 37.525172520118502 ], [ 126.95492550551235, 37.525260240043572 ], [ 126.955035574153101, 37.525318875816488 ], [ 126.955165438238353, 37.525339500598463 ], [ 126.955295326950861, 37.525318974422646 ], [ 126.955405465723672, 37.525260422243612 ], [ 126.95547908684901, 37.525172758173582 ], [ 126.955505532202778, 37.525073821816811 ], [ 126.955492615088005, 37.52496885870886 ], [ 126.955430247967627, 37.524875822401661 ] ] ], [ [ [ 126.956514148412438, 37.525709350017586 ], [ 126.956411824121162, 37.525642405326415 ], [ 126.956285122604868, 37.525611743311039 ], [ 126.956153332852224, 37.525622031940777 ], [ 126.95603651845903, 37.52567170488043 ], [ 126.955952463244572, 37.525753199941491 ], [ 126.955913963892584, 37.525854110318079 ], [ 126.955926881749107, 37.525959073364646 ], [ 126.955989250386935, 37.526052109393447 ], [ 126.956091574859514, 37.526119054446205 ], [ 126.95621827715415, 37.526149716667057 ], [ 126.956350067826307, 37.526139427966356 ], [ 126.956466882741537, 37.526089754720843 ], [ 126.956550937774736, 37.526008259298202 ], [ 126.956589436348352, 37.525907348716132 ], [ 126.956576517572316, 37.525802385740541 ], [ 126.956514148412438, 37.525709350017586 ] ] ], [ [ [ 126.954716397264477, 37.526883256517316 ], [ 126.954606326576638, 37.526824620461191 ], [ 126.954476460071902, 37.526803995068036 ], [ 126.954346568560808, 37.52682452033627 ], [ 126.9542364266606, 37.52688307151022 ], [ 126.954162802399054, 37.526970734778132 ], [ 126.954136904480023, 37.527074164276023 ], [ 126.954162675814416, 37.527177613831192 ], [ 126.954236193138115, 37.52726533415624 ], [ 126.954346264183087, 37.527323970553191 ], [ 126.954476131553093, 37.527344596088241 ], [ 126.954606023930765, 37.527324070679896 ], [ 126.95471616619119, 37.527265519165887 ], [ 126.954789790095603, 37.527177855557156 ], [ 126.954815687149392, 37.52707442591737 ], [ 126.954789914948407, 37.526970976502319 ], [ 126.954716397264477, 37.526883256517316 ] ] ], [ [ [ 126.953641022915605, 37.532719603322839 ], [ 126.953530944498766, 37.532660966317373 ], [ 126.953401068173946, 37.532640339755588 ], [ 126.95327116624668, 37.532660863813746 ], [ 126.953161014919871, 37.532719413920432 ], [ 126.953087383656452, 37.53280707642638 ], [ 126.953061482226161, 37.532910505583608 ], [ 126.953087254074646, 37.533013955271294 ], [ 126.953160775859459, 37.533101676181914 ], [ 126.953270854633487, 37.533160313528263 ], [ 126.95340073182382, 37.533180940232008 ], [ 126.95353063461792, 37.533160416033716 ], [ 126.953640786305087, 37.533101865586907 ], [ 126.953714417211316, 37.533014202740084 ], [ 126.953740317776081, 37.532910773440889 ], [ 126.953714545060791, 37.532807323893309 ], [ 126.953641022915605, 37.532719603322839 ] ] ], [ [ [ 126.951928784697884, 37.533068980446238 ], [ 126.951826454461909, 37.533002031861827 ], [ 126.95169974238199, 37.532971364958236 ], [ 126.951567939054854, 37.532981648448981 ], [ 126.95145111014287, 37.533031316781177 ], [ 126.951384180677437, 37.533090063403748 ], [ 126.951344680682936, 37.533154789378806 ], [ 126.95120771031425, 37.533208466344064 ], [ 126.95110938427635, 37.53331393118463 ], [ 126.951085097035758, 37.533443854627237 ], [ 126.951109249228466, 37.533520810005776 ], [ 126.9511604129235, 37.53358886841756 ], [ 126.95126274336468, 37.533655817572573 ], [ 126.951389456422859, 37.533686484942173 ], [ 126.95152126101479, 37.533676201652732 ], [ 126.951638090886746, 37.533626533257248 ], [ 126.951705020633042, 37.533567786496313 ], [ 126.951744520534461, 37.533503060405209 ], [ 126.951881491058131, 37.53344938282013 ], [ 126.951979816187489, 37.53334391733852 ], [ 126.952004101843599, 37.5332139937086 ], [ 126.951979948829816, 37.533137038508492 ], [ 126.951928784697884, 37.533068980446238 ] ] ], [ [ [ 126.952371185969398, 37.533719849482743 ], [ 126.952268854448889, 37.5336529012882 ], [ 126.952142141086412, 37.533622234861781 ], [ 126.952010336673951, 37.533632518844385 ], [ 126.951893507039117, 37.533682187608235 ], [ 126.95180943832149, 37.533763679600604 ], [ 126.951770929260547, 37.533864588482771 ], [ 126.95178384268047, 37.533969551836748 ], [ 126.951846212829551, 37.534062589928013 ], [ 126.951948544531248, 37.534129538484279 ], [ 126.952075258672323, 37.534160205116308 ], [ 126.952207064004682, 37.534149921062806 ], [ 126.952323894161879, 37.534100251993046 ], [ 126.952407962698331, 37.53401875963899 ], [ 126.952446470980675, 37.533917850551205 ], [ 126.952433556640855, 37.53381288726812 ], [ 126.952371185969398, 37.533719849482743 ] ] ], [ [ [ 126.948876738902669, 37.533918023060409 ], [ 126.948735306402526, 37.533850431676598 ], [ 126.948636785376095, 37.533838749829847 ], [ 126.948538248385503, 37.533850345970549 ], [ 126.948396723260458, 37.533917814287832 ], [ 126.948311559738897, 37.534031353588887 ], [ 126.948244057492843, 37.53397168459864 ], [ 126.94812729370399, 37.533921917075268 ], [ 126.948028772678953, 37.533910234721418 ], [ 126.947898867083353, 37.533930752863128 ], [ 126.947788709693697, 37.533989297941851 ], [ 126.947715070895853, 37.534076957073793 ], [ 126.947689161606647, 37.534180385024655 ], [ 126.94771492646808, 37.534283835857281 ], [ 126.947813111521185, 37.534389384771309 ], [ 126.947898519628865, 37.534430202429462 ], [ 126.947995128997192, 37.53444951882252 ], [ 126.948126935393745, 37.534439239324108 ], [ 126.948217003307263, 37.534405364086503 ], [ 126.948310701792948, 37.534330829468381 ], [ 126.948353625721893, 37.534258232073952 ], [ 126.948421128313328, 37.534317900998929 ], [ 126.948537892914828, 37.534367668229031 ], [ 126.948636414621447, 37.534379350157749 ], [ 126.948766320794206, 37.534358831206731 ], [ 126.948898860666574, 37.534280640431511 ], [ 126.948969465330862, 37.534161927265778 ], [ 126.948961461206594, 37.534030726825364 ], [ 126.948876738902669, 37.533918023060409 ] ] ], [ [ [ 126.954856632528745, 37.534038895737467 ], [ 126.954754298348632, 37.53397194969844 ], [ 126.954627583426003, 37.533941285939477 ], [ 126.954495778790417, 37.533951572695322 ], [ 126.954378950303379, 37.534001243916045 ], [ 126.954294883929805, 37.534082737674865 ], [ 126.954256378052278, 37.534183647364138 ], [ 126.954269295010391, 37.534288610443028 ], [ 126.954331668513788, 37.534381647218851 ], [ 126.954434002875189, 37.534448593619551 ], [ 126.954560718576474, 37.534479257584096 ], [ 126.954692524131971, 37.534468970757288 ], [ 126.954809353141286, 37.534419299230635 ], [ 126.954893419333587, 37.534337805110134 ], [ 126.954931924432472, 37.534236895215273 ], [ 126.954919006554434, 37.534131932207352 ], [ 126.954856632528745, 37.534038895737467 ] ] ], [ [ [ 126.951710132401971, 37.534142337301581 ], [ 126.951600053408924, 37.534083698510095 ], [ 126.951470175151471, 37.534063069828449 ], [ 126.951340270229281, 37.534083591755667 ], [ 126.951230115301257, 37.534142140044693 ], [ 126.951156480378515, 37.534229801323036 ], [ 126.951130575787957, 37.534333230029588 ], [ 126.951156345456283, 37.534436680112151 ], [ 126.951229866373012, 37.534524402203083 ], [ 126.951339945723191, 37.53458304133548 ], [ 126.9514698248462, 37.534603670159129 ], [ 126.951599730635294, 37.534583148091826 ], [ 126.951709885923762, 37.534524599462671 ], [ 126.951783520489371, 37.534436937843417 ], [ 126.951809424214389, 37.534333508994855 ], [ 126.951783653679144, 37.534230059052383 ], [ 126.951710132401971, 37.534142337301581 ] ] ], [ [ [ 126.956883420716878, 37.534609836790025 ], [ 126.956773336981712, 37.534551202822279 ], [ 126.956643456482951, 37.534530579830296 ], [ 126.95651355216151, 37.534551107446873 ], [ 126.956403400584875, 37.534609660558864 ], [ 126.956329771253934, 37.534697325059497 ], [ 126.95630387364433, 37.534800754897127 ], [ 126.95632965062002, 37.534904203847319 ], [ 126.956403178058025, 37.534991922714795 ], [ 126.956513262150551, 37.535050557023425 ], [ 126.956643143514952, 37.53507118015731 ], [ 126.956773048703255, 37.535050652400543 ], [ 126.956883200640164, 37.534992098948372 ], [ 126.956956829613759, 37.534904434106856 ], [ 126.956982726357737, 37.53480100412731 ], [ 126.956956948515185, 37.534697555317322 ], [ 126.956883420716878, 37.534609836790025 ] ] ], [ [ [ 126.95528224207554, 37.534622714470444 ], [ 126.955152361865046, 37.534602089838998 ], [ 126.955022457012532, 37.534622615814783 ], [ 126.954912304166285, 37.534681167534451 ], [ 126.954827436253112, 37.534793802209379 ], [ 126.954814391774136, 37.534898755284622 ], [ 126.954852775586673, 37.534999694549114 ], [ 126.954936744272388, 37.53508125287064 ], [ 126.95509272512318, 37.535152757921033 ], [ 126.955224519430573, 37.535163145430964 ], [ 126.955351273169754, 37.535132578284625 ], [ 126.955453689063845, 37.53506571009715 ], [ 126.955516175181316, 37.534972721022264 ], [ 126.955529218689875, 37.534867767870203 ], [ 126.95549083403283, 37.534766828822761 ], [ 126.955406865095497, 37.534685270890684 ], [ 126.95528224207554, 37.534622714470444 ] ] ], [ [ [ 126.951042835853215, 37.53468784867858 ], [ 126.95093275658202, 37.534629209270321 ], [ 126.950802877563305, 37.534608579856183 ], [ 126.950672971512716, 37.534629101046647 ], [ 126.950562815260895, 37.5346876487069 ], [ 126.950489179020494, 37.534775309560089 ], [ 126.950463273319002, 37.534878738109917 ], [ 126.950489042252229, 37.534982188327987 ], [ 126.950562562921689, 37.53506991082606 ], [ 126.950672642550032, 37.535128550575237 ], [ 126.950802522434287, 37.535149180131405 ], [ 126.950932429351838, 37.535128658800851 ], [ 126.951042585964132, 37.535070110800476 ], [ 126.951116221847428, 37.534982449606339 ], [ 126.951142126683379, 37.534879020914509 ], [ 126.951116356883176, 37.534775570836501 ], [ 126.951042835853215, 37.53468784867858 ] ] ], [ [ [ 126.949354318884602, 37.534826445666305 ], [ 126.949251988552987, 37.534759494871018 ], [ 126.949125274557758, 37.534728825212888 ], [ 126.948993467787204, 37.534739105824777 ], [ 126.948876634427961, 37.534788771592062 ], [ 126.948792561186551, 37.534870261418199 ], [ 126.948754047491121, 37.534971169294273 ], [ 126.948766956871452, 37.535076132955474 ], [ 126.948829324190854, 37.535169172620535 ], [ 126.948931654703529, 37.535236123777544 ], [ 126.949058369477356, 37.535266793641355 ], [ 126.94919017716785, 37.535256512958625 ], [ 126.949307011049626, 37.535206846885465 ], [ 126.949391084109948, 37.53512535669762 ], [ 126.949429597026807, 37.535024448615864 ], [ 126.949416686726479, 37.534919485025497 ], [ 126.949354318884602, 37.534826445666305 ] ] ], [ [ [ 126.957664328856751, 37.53776676530957 ], [ 126.957554239871115, 37.537708132097976 ], [ 126.957424353682015, 37.537687509972393 ], [ 126.957294444096704, 37.537708038433713 ], [ 126.957184288483916, 37.537766592240203 ], [ 126.95711065695906, 37.537854257179369 ], [ 126.957084759331764, 37.53795768713281 ], [ 126.957110538468754, 37.538061135858463 ], [ 126.957184069918, 37.538148854195207 ], [ 126.957294159261068, 37.538207487747719 ], [ 126.957424046315936, 37.538228110015226 ], [ 126.957553956768237, 37.538207581413658 ], [ 126.957664112741341, 37.538149027266947 ], [ 126.957737743908794, 37.538061361986863 ], [ 126.957763640670294, 37.537957931891526 ], [ 126.957737860666313, 37.537854483306099 ], [ 126.957664328856751, 37.53776676530957 ] ] ], [ [ [ 126.955934291350005, 37.537900090147708 ], [ 126.955860514754036, 37.537846792847894 ], [ 126.955770486214504, 37.537812844416571 ], [ 126.95567195887223, 37.537801168442698 ], [ 126.955573417750429, 37.53781277044299 ], [ 126.955483349058895, 37.537846651271117 ], [ 126.955409509396119, 37.537899893159938 ], [ 126.955358257775359, 37.537967910988634 ], [ 126.955334199656917, 37.538043821593227 ], [ 126.955193236733308, 37.538042068627568 ], [ 126.955044085562022, 37.538098173491946 ], [ 126.954960015308018, 37.538179667665048 ], [ 126.954921508214227, 37.538280577500231 ], [ 126.954934426805465, 37.538385540434433 ], [ 126.954996804542759, 37.53847857679699 ], [ 126.955070581145392, 37.538531874630692 ], [ 126.955160610231232, 37.538565823591789 ], [ 126.955259138499343, 37.538577499991376 ], [ 126.95535768067603, 37.538565898255513 ], [ 126.955447750289778, 37.538532017527984 ], [ 126.955521590549154, 37.53847877562135 ], [ 126.955572842371751, 37.538410757727775 ], [ 126.955596900366587, 37.53833484707922 ], [ 126.955737863851283, 37.538336599563301 ], [ 126.9558870149787, 37.538280493824921 ], [ 126.955971084337847, 37.538198998992705 ], [ 126.956009589975494, 37.538098088812944 ], [ 126.955996669926293, 37.537993125990319 ], [ 126.955934291350005, 37.537900090147708 ] ] ], [ [ [ 126.958402829403681, 37.538523843832763 ], [ 126.958292738726684, 37.538465211316144 ], [ 126.958162851020461, 37.538444590004559 ], [ 126.958032940323179, 37.538465119274974 ], [ 126.957922784172922, 37.538523673762484 ], [ 126.957849152766883, 37.538611339150904 ], [ 126.957823255896656, 37.53871476925346 ], [ 126.957849036313647, 37.538818217805385 ], [ 126.957922569371036, 37.538905935672005 ], [ 126.958032660405507, 37.538964568529543 ], [ 126.958162548977555, 37.538985189983052 ], [ 126.958292460541827, 37.538964660572375 ], [ 126.9584026170524, 37.53890610574463 ], [ 126.958476248100965, 37.538818440015284 ], [ 126.958502144105381, 37.538715009770819 ], [ 126.958476362821358, 37.538611561359154 ], [ 126.958402829403681, 37.538523843832763 ] ] ], [ [ [ 126.955724627740992, 37.538916507472827 ], [ 126.955614538586531, 37.538857872464305 ], [ 126.955484650939795, 37.538837248208374 ], [ 126.955354738829897, 37.538857774530257 ], [ 126.955244580009932, 37.538916326513913 ], [ 126.955170945083552, 37.539003990224344 ], [ 126.955145044378227, 37.53910741973025 ], [ 126.955170821229274, 37.539210868857673 ], [ 126.955244351532727, 37.539298588384376 ], [ 126.955354441044562, 37.539357223733845 ], [ 126.955484329557095, 37.539377848131728 ], [ 126.955614242534068, 37.539357321669655 ], [ 126.955724401714448, 37.539298769345777 ], [ 126.955798036283454, 37.539211105294399 ], [ 126.955823936122954, 37.539107675646548 ], [ 126.955798158404846, 37.539004226659301 ], [ 126.955724627740992, 37.538916507472827 ] ] ], [ [ [ 126.958140051110817, 37.539922990072476 ], [ 126.957980017775228, 37.539954849916555 ], [ 126.957899979497896, 37.540002073761329 ], [ 126.957840602859378, 37.540065764998758 ], [ 126.957800449194764, 37.540193169183901 ], [ 126.957840459373259, 37.540320601999532 ], [ 126.957924437276063, 37.540402158128678 ], [ 126.958041217686045, 37.540451915920912 ], [ 126.958142736561399, 37.540463474102239 ], [ 126.958298955876501, 37.540508328977403 ], [ 126.958398454022344, 37.540504471901819 ], [ 126.958492261661746, 37.540477781972378 ], [ 126.958594682068934, 37.540410911124269 ], [ 126.958657168754328, 37.540317920472106 ], [ 126.958670208799219, 37.540212967066239 ], [ 126.958631817174265, 37.54011202912713 ], [ 126.958572511571404, 37.540048295916307 ], [ 126.95849252595518, 37.540001015477223 ], [ 126.958329540469876, 37.539969158268107 ], [ 126.95823858163152, 37.539934663984873 ], [ 126.958140051110817, 37.539922990072476 ] ] ], [ [ [ 126.958565996590238, 37.540785635925523 ], [ 126.958463649876421, 37.540718693169936 ], [ 126.958336922016798, 37.540688033418377 ], [ 126.958205106010368, 37.540698324295541 ], [ 126.958088269449689, 37.540747999124051 ], [ 126.958004199528744, 37.540829495427921 ], [ 126.957965695170316, 37.540930406212041 ], [ 126.957978618482741, 37.541035368768902 ], [ 126.958041002208304, 37.54112840348526 ], [ 126.958143349103565, 37.541195346602613 ], [ 126.958270077742171, 37.541226006559725 ], [ 126.95840189466881, 37.541215715611514 ], [ 126.958518731751852, 37.541166040476966 ], [ 126.958602801491296, 37.541084543811344 ], [ 126.958641305070756, 37.540983632821643 ], [ 126.958628380838149, 37.540878670335843 ], [ 126.958565996590238, 37.540785635925523 ] ] ], [ [ [ 126.966741751178475, 37.52076190626186 ], [ 126.966631680058981, 37.520703281351707 ], [ 126.966501820841643, 37.520682669163627 ], [ 126.966371943227657, 37.520703207685663 ], [ 126.966261819718568, 37.52076177014446 ], [ 126.966188215542459, 37.520849441010242 ], [ 126.966162336345349, 37.520952873262281 ], [ 126.966188122187987, 37.521056320308517 ], [ 126.966261647597307, 37.521144033243488 ], [ 126.966371719074246, 37.521202658494261 ], [ 126.966501579156741, 37.521223270823988 ], [ 126.966631457636879, 37.521202732161626 ], [ 126.966741581505673, 37.521144169362735 ], [ 126.966815185324378, 37.521056498156334 ], [ 126.966841063656275, 37.520953065762654 ], [ 126.9668152769475, 37.520849618856744 ], [ 126.966741751178475, 37.52076190626186 ] ] ], [ [ [ 126.96376837488387, 37.523651782411825 ], [ 126.963658301849421, 37.523593154758423 ], [ 126.963528438444669, 37.523572539309079 ], [ 126.963398555008183, 37.523593074548366 ], [ 126.963288424927995, 37.52365163420265 ], [ 126.963214814432476, 37.52373930316913 ], [ 126.96318893012976, 37.523842734716261 ], [ 126.963214712857848, 37.523946182359296 ], [ 126.963288237617903, 37.524033897101937 ], [ 126.96339831100974, 37.524092525096023 ], [ 126.963528175279748, 37.524113140687085 ], [ 126.963658059582556, 37.524092605307523 ], [ 126.963768190022606, 37.524034045313137 ], [ 126.963841800160722, 37.523946376005952 ], [ 126.963867683598181, 37.52384294431711 ], [ 126.963841900003786, 37.523739496814358 ], [ 126.96376837488387, 37.523651782411825 ] ] ], [ [ [ 126.960010038976563, 37.525296872231579 ], [ 126.959907712121591, 37.525229930563 ], [ 126.959781009868493, 37.525199272295382 ], [ 126.959649221317932, 37.525209564827513 ], [ 126.959532409882812, 37.525259241230088 ], [ 126.959448358932079, 37.52534073878742 ], [ 126.959409864500373, 37.525441650313574 ], [ 126.959422787184707, 37.525546612987988 ], [ 126.959485159822833, 37.525639647179567 ], [ 126.959587486859164, 37.525706589209705 ], [ 126.959714189890718, 37.525737247682741 ], [ 126.959845979360736, 37.52572695507957 ], [ 126.959962791317778, 37.525677278371106 ], [ 126.96004684208711, 37.525595780452228 ], [ 126.960085335740416, 37.525494868720642 ], [ 126.960072412136597, 37.525389906117262 ], [ 126.960010038976563, 37.525296872231579 ] ] ], [ [ [ 126.96593486974453, 37.535770897876667 ], [ 126.965824777209846, 37.535712272353379 ], [ 126.965694892196993, 37.535691659317898 ], [ 126.965564988334123, 37.535712196887282 ], [ 126.965454842118831, 37.535770758433181 ], [ 126.965381222235905, 37.535858428564886 ], [ 126.965355336722666, 37.53596186037344 ], [ 126.965381126601571, 37.536065307334319 ], [ 126.965454665785188, 37.536153020555055 ], [ 126.965564758677516, 37.536211646419162 ], [ 126.96569464455618, 37.536232259596389 ], [ 126.965824549285855, 37.536211721886623 ], [ 126.965934695861137, 37.536153160000453 ], [ 126.966008315386404, 37.536065489527921 ], [ 126.966034200033818, 37.535962057577642 ], [ 126.966008409288165, 37.535858610757138 ], [ 126.96593486974453, 37.535770897876667 ] ] ], [ [ [ 126.967103231579401, 37.535865805509822 ], [ 126.967006615442727, 37.53584650474955 ], [ 126.96690712392369, 37.535850369084343 ], [ 126.966813325076316, 37.535877065723653 ], [ 126.966733296725266, 37.535924295593034 ], [ 126.966673930832414, 37.535987991321406 ], [ 126.966635440649739, 37.536088905022488 ], [ 126.966640292993375, 37.536168133389694 ], [ 126.966673817426482, 37.53624282852455 ], [ 126.966757800385537, 37.536324378431061 ], [ 126.966874580314993, 37.536374127522151 ], [ 126.966973107534074, 37.536385794152181 ], [ 126.967088288889855, 37.536369445523086 ], [ 126.96719776555824, 37.536444040119392 ], [ 126.967324489872439, 37.536474690382349 ], [ 126.967423982199634, 37.536470825696718 ], [ 126.967517781573548, 37.536444128575326 ], [ 126.967620188407125, 37.536377249846872 ], [ 126.967682660518321, 37.536284254348082 ], [ 126.967695687207225, 37.53617929986715 ], [ 126.967657285477827, 37.536078364788153 ], [ 126.967597975381594, 37.536014636064081 ], [ 126.967517988368456, 37.535967361705069 ], [ 126.967391264833267, 37.535936711647487 ], [ 126.967242814661574, 37.535951749780665 ], [ 126.967188651895583, 37.535906609213242 ], [ 126.967103231579401, 37.535865805509822 ] ] ], [ [ [ 126.959361219584238, 37.536225251803614 ], [ 126.95925113153352, 37.536166620159115 ], [ 126.95912124754868, 37.536145999895794 ], [ 126.95899134110131, 37.536166530231057 ], [ 126.958858808415485, 37.536244732312724 ], [ 126.958796325383986, 37.536337723138054 ], [ 126.958780986095761, 37.536464666620653 ], [ 126.958819376056496, 37.536565604572786 ], [ 126.958903350818929, 37.536647160055914 ], [ 126.959020126026687, 37.536696916908731 ], [ 126.959151923600331, 37.536707300034855 ], [ 126.959278678354664, 37.536676728681726 ], [ 126.959381092858237, 37.536609857104935 ], [ 126.959443575391248, 37.536516865974193 ], [ 126.959460533690276, 37.53641641700991 ], [ 126.959434751870518, 37.536312968766786 ], [ 126.959361219584238, 37.536225251803614 ] ] ], [ [ [ 126.966789630431748, 37.536551240305457 ], [ 126.966687282144832, 37.53648430462821 ], [ 126.96656055807567, 37.536453653681662 ], [ 126.96642875064623, 37.536463953750008 ], [ 126.966311926143362, 37.536513636756681 ], [ 126.966227869925476, 37.536595138980616 ], [ 126.966189378829142, 37.536696052525464 ], [ 126.966202312943722, 37.536801014263325 ], [ 126.966264703366946, 37.53689404470564 ], [ 126.966367051835618, 37.53696098074456 ], [ 126.966493776683762, 37.536991631896498 ], [ 126.966625585033142, 37.536981331756941 ], [ 126.966742410057975, 37.536931648444167 ], [ 126.966826466094162, 37.536850145858558 ], [ 126.966864956411499, 37.536749232108328 ], [ 126.96685202137698, 37.536644270441677 ], [ 126.966789630431748, 37.536551240305457 ] ] ], [ [ [ 126.964153071922368, 37.537395513394436 ], [ 126.964050724840646, 37.537328575442352 ], [ 126.963924000424498, 37.537297921670742 ], [ 126.963792191148684, 37.537308218793903 ], [ 126.96367536358116, 37.537357899183625 ], [ 126.963591303546863, 37.537439399517261 ], [ 126.963552808463376, 37.537540312186231 ], [ 126.963565739027061, 37.537645274195974 ], [ 126.963628126876259, 37.537738306016593 ], [ 126.963730474139624, 37.537805244330357 ], [ 126.963857199334754, 37.537835898307414 ], [ 126.963989009530565, 37.537825601113084 ], [ 126.964105837620181, 37.537775920417282 ], [ 126.964189897472835, 37.537694419721959 ], [ 126.96422839177734, 37.537593506847557 ], [ 126.964215460293659, 37.537488544908967 ], [ 126.964153071922368, 37.537395513394436 ] ] ], [ [ [ 126.958810926891459, 37.538065212986552 ], [ 126.958700836568497, 37.53800658084603 ], [ 126.958570949544864, 37.537985959982102 ], [ 126.958441039754831, 37.538006489703612 ], [ 126.95833088459834, 37.53806504457696 ], [ 126.958257254121321, 37.538152710227216 ], [ 126.958231357973887, 37.538256140427762 ], [ 126.958257138797464, 37.538359588898892 ], [ 126.958330671883303, 37.538447306518243 ], [ 126.95844076256374, 37.53850593899967 ], [ 126.958570650453169, 37.538526560005494 ], [ 126.958700561110192, 37.538506030143736 ], [ 126.958810716626971, 37.538447474930152 ], [ 126.958884346746544, 37.538359808938971 ], [ 126.958910242028125, 37.53825637859655 ], [ 126.958884460337586, 37.53815293026566 ], [ 126.958810926891459, 37.538065212986552 ] ] ], [ [ [ 126.966032765943083, 37.53820587973135 ], [ 126.96592266975334, 37.538147254321778 ], [ 126.965792780490602, 37.538126641400382 ], [ 126.965662872429931, 37.538147179066883 ], [ 126.965552722708068, 37.538205740678137 ], [ 126.965479100543575, 37.538293410833482 ], [ 126.965453214321172, 37.538396842620379 ], [ 126.965479005171233, 37.538500289517614 ], [ 126.965552546858603, 37.538588002642385 ], [ 126.965662643406048, 37.538646628392812 ], [ 126.96579253353471, 37.538667241455961 ], [ 126.965922442462272, 37.538646703649071 ], [ 126.966032592544181, 37.53858814169751 ], [ 126.966106214350972, 37.53850047120131 ], [ 126.966132099707451, 37.538397039272674 ], [ 126.966106307990472, 37.538293592515828 ], [ 126.966032765943083, 37.53820587973135 ] ] ], [ [ [ 126.967323571886041, 37.539438892156689 ], [ 126.967221219176565, 37.539371956972929 ], [ 126.967094490002495, 37.539341306611938 ], [ 126.966962677562833, 37.539351607268792 ], [ 126.966845848907283, 37.53940129077732 ], [ 126.966761790026382, 37.539482793340071 ], [ 126.966723298162151, 37.539583707009115 ], [ 126.966736233520891, 37.539688668637645 ], [ 126.966798627010917, 37.539781698753742 ], [ 126.966931088560557, 37.539859984054239 ], [ 126.967060981143959, 37.539880595719112 ], [ 126.967190891830001, 37.539860056521896 ], [ 126.967317684665048, 37.539786882469592 ], [ 126.96734274495256, 37.539878353007708 ], [ 126.967393927745775, 37.539946404322784 ], [ 126.96746771462405, 37.539999694403306 ], [ 126.967590062047734, 37.540040088068935 ], [ 126.967754825438917, 37.54003368788549 ], [ 126.96787165447904, 37.539984003483212 ], [ 126.967955712715536, 37.539902500137075 ], [ 126.967994203083322, 37.539801586071086 ], [ 126.967981265941717, 37.539696624581524 ], [ 126.967918871052717, 37.539603595088295 ], [ 126.96778640892289, 37.539525310892117 ], [ 126.96765651675544, 37.539504700024139 ], [ 126.967526606813351, 37.539525239735177 ], [ 126.967399814625551, 37.539598414015352 ], [ 126.967374754361728, 37.539506943485009 ], [ 126.967323571886041, 37.539438892156689 ] ] ], [ [ [ 126.963336067607273, 37.539646055432151 ], [ 126.963233718182096, 37.539579116796332 ], [ 126.963106990293184, 37.539548462157853 ], [ 126.962975176943971, 37.539558758363007 ], [ 126.962858345322559, 37.53960843792332 ], [ 126.962774281871035, 37.539689937642407 ], [ 126.962735784527183, 37.539790850005282 ], [ 126.962748714331525, 37.539895812063989 ], [ 126.962811103038021, 37.539988844281162 ], [ 126.962913452644841, 37.540055783278703 ], [ 126.963040181312806, 37.54008643812265 ], [ 126.963171995582101, 37.540076141846349 ], [ 126.963288827725677, 37.540026461979949 ], [ 126.963372890995615, 37.539944961899124 ], [ 126.963411387560399, 37.539844049330782 ], [ 126.963398456835961, 37.539739087343236 ], [ 126.963336067607273, 37.539646055432151 ] ] ], [ [ [ 126.965846275966982, 37.539653039698777 ], [ 126.9657439242865, 37.539586103237525 ], [ 126.965617195355989, 37.539555451292394 ], [ 126.965485382337405, 37.539565750299623 ], [ 126.96536855236856, 37.539615432344178 ], [ 126.965284491639906, 37.539696933851474 ], [ 126.965245997674785, 37.539797847034279 ], [ 126.965258930999312, 37.539902808819804 ], [ 126.965321322831528, 37.539995839712248 ], [ 126.965423674693739, 37.540062776535208 ], [ 126.965550404403359, 37.540093428685779 ], [ 126.96568221834201, 37.540083129607325 ], [ 126.965799048832977, 37.540033447256668 ], [ 126.965883109379902, 37.539951945387642 ], [ 126.965921602565928, 37.539851031999426 ], [ 126.965908668321319, 37.539746070285105 ], [ 126.965846275966982, 37.539653039698777 ] ] ], [ [ [ 126.963775820832339, 37.540121802954275 ], [ 126.963665723595525, 37.540063175459053 ], [ 126.963535831633067, 37.540042560060513 ], [ 126.963405919631043, 37.540063095235467 ], [ 126.963295765326151, 37.540121654720103 ], [ 126.963222138634734, 37.540209323437487 ], [ 126.963196248630609, 37.540312754694014 ], [ 126.963222037019989, 37.540416202049236 ], [ 126.963295577942247, 37.540503916550634 ], [ 126.963405675536706, 37.540562544386752 ], [ 126.963535568365145, 37.540583159927074 ], [ 126.963665481234187, 37.540562624611766 ], [ 126.963775635899196, 37.540504064786838 ], [ 126.963849262232955, 37.540416395728563 ], [ 126.963875151371113, 37.540312964330226 ], [ 126.963849362114743, 37.540209517115358 ], [ 126.963775820832339, 37.540121802954275 ] ] ], [ [ [ 126.959094133678505, 37.540405002490573 ], [ 126.958984039695153, 37.540346370635206 ], [ 126.958854148535153, 37.54032575008852 ], [ 126.958724234762471, 37.540346280111031 ], [ 126.958614076383341, 37.54040483522337 ], [ 126.958540443934311, 37.540492501014214 ], [ 126.958514547365738, 37.540595931235515 ], [ 126.958540329383169, 37.540699379604447 ], [ 126.958613865096112, 37.540787097014189 ], [ 126.958723959436995, 37.540845729210496 ], [ 126.958853851462891, 37.540866349899083 ], [ 126.958983766102662, 37.540845819736298 ], [ 126.959093924842094, 37.540787264283694 ], [ 126.959167556933622, 37.54069959815191 ], [ 126.959193452636271, 37.540596167788706 ], [ 126.95916766975175, 37.540492719560049 ], [ 126.959094133678505, 37.540405002490573 ] ] ], [ [ [ 126.963244586862615, 37.541062875528276 ], [ 126.963142235583632, 37.540995936828288 ], [ 126.963015505334781, 37.540965282097758 ], [ 126.96288368947873, 37.540975578196971 ], [ 126.962766855585173, 37.541025257653615 ], [ 126.962682790442116, 37.541106757287068 ], [ 126.962644292244917, 37.541207669595373 ], [ 126.962657222163998, 37.541312631638917 ], [ 126.962719611935825, 37.541405663882621 ], [ 126.962821963396422, 37.541472602944353 ], [ 126.962948694424384, 37.541503257880372 ], [ 126.963080511200616, 37.541492961709999 ], [ 126.963197345616379, 37.541443281947252 ], [ 126.963281410577792, 37.541361781952055 ], [ 126.96331990799591, 37.541260869438268 ], [ 126.963306977156662, 37.541155907465871 ], [ 126.963244586862615, 37.541062875528276 ] ] ], [ [ [ 126.960930999082933, 37.541373569529981 ], [ 126.960820902236193, 37.541314939395136 ], [ 126.960691008888503, 37.541294320871039 ], [ 126.960561093936832, 37.541314852910311 ], [ 126.960450935566968, 37.541373409726532 ], [ 126.960377304314022, 37.541461076648993 ], [ 126.960351409946284, 37.541564507257384 ], [ 126.960377194834251, 37.541667955209924 ], [ 126.96045073365039, 37.541755671463164 ], [ 126.960560830854732, 37.541814301938949 ], [ 126.960690725068432, 37.541834920604906 ], [ 126.960820640887164, 37.541814388425323 ], [ 126.960947210871993, 37.54174142522978 ], [ 126.960991873156061, 37.541819857657607 ], [ 126.961058741761732, 37.541878653797703 ], [ 126.961144165637094, 37.541919461833672 ], [ 126.961240788093363, 37.54193876737385 ], [ 126.961372605869585, 37.54192847311127 ], [ 126.961514134465432, 37.541860989337017 ], [ 126.961587764781626, 37.541773321711119 ], [ 126.96161365751415, 37.541669890834385 ], [ 126.961587870916944, 37.54156644315092 ], [ 126.961514330953634, 37.541478727602367 ], [ 126.961404233495045, 37.541420098012082 ], [ 126.961274339803765, 37.541399480129805 ], [ 126.961144424829016, 37.541420012810455 ], [ 126.961017855579811, 37.541492976221768 ], [ 126.960930999082933, 37.541373569529981 ] ] ], [ [ [ 126.963597531665968, 37.543355873427387 ], [ 126.963487429815316, 37.543297245795721 ], [ 126.96335753229215, 37.543276630209462 ], [ 126.963227614629091, 37.543297165173982 ], [ 126.963117455424637, 37.543355724457534 ], [ 126.963043825341032, 37.543443393013803 ], [ 126.963017933968544, 37.543546824173738 ], [ 126.963043723221716, 37.543650271511552 ], [ 126.963117267108458, 37.543737986077424 ], [ 126.963227369316797, 37.543796614050038 ], [ 126.963357267706073, 37.543817229778121 ], [ 126.963487186236279, 37.543796694673205 ], [ 126.963597345800935, 37.543738135049317 ], [ 126.963670975526824, 37.543650466152101 ], [ 126.963696866033203, 37.543547034850363 ], [ 126.963671075912927, 37.543443587652924 ], [ 126.963597531665968, 37.543355873427387 ] ] ], [ [ [ 126.962902933657773, 37.543424554843192 ], [ 126.962792832250642, 37.543365926564796 ], [ 126.96266293480025, 37.543345310214733 ], [ 126.962533016828118, 37.543365844414666 ], [ 126.962422856979856, 37.543424403049222 ], [ 126.962349226015633, 37.543512071170888 ], [ 126.962323333659839, 37.543615502176777 ], [ 126.962349121976686, 37.543718949664587 ], [ 126.962422665116648, 37.543806664661631 ], [ 126.96253276688148, 37.543865293280959 ], [ 126.962662665197982, 37.543885909772854 ], [ 126.962792584037274, 37.543865375432567 ], [ 126.962902744245795, 37.543806816457682 ], [ 126.962976374852317, 37.543719147995056 ], [ 126.963002266341988, 37.543615716847341 ], [ 126.96297647715798, 37.543512269499892 ], [ 126.962902933657773, 37.543424554843192 ] ] ], [ [ [ 126.965337326548109, 37.545301333224863 ], [ 126.965234967605184, 37.545234396383037 ], [ 126.965108229324443, 37.545203743916403 ], [ 126.964976406291299, 37.545214042340604 ], [ 126.964859567168077, 37.545263723829358 ], [ 126.964775499538931, 37.545345224892685 ], [ 126.964737001977682, 37.54544613781097 ], [ 126.964749935558032, 37.545551099551723 ], [ 126.964812331459072, 37.545644130625945 ], [ 126.964914690583768, 37.545711067829565 ], [ 126.965041429643804, 37.545741720501674 ], [ 126.965173253597285, 37.54573142200627 ], [ 126.965290093242785, 37.54568174021135 ], [ 126.965374160690189, 37.545600238786228 ], [ 126.965412657472115, 37.545499325662462 ], [ 126.965399722971412, 37.545394363992905 ], [ 126.965337326548109, 37.545301333224863 ] ] ], [ [ [ 126.966875335252496, 37.547077946884237 ], [ 126.966765225360589, 37.547019322341917 ], [ 126.966635320474381, 37.546998710370815 ], [ 126.966505397247374, 37.547019248925913 ], [ 126.966395235125162, 37.547077811228839 ], [ 126.966321605214105, 37.547165481773632 ], [ 126.966295717078367, 37.547268913588489 ], [ 126.966321512139629, 37.547372360147961 ], [ 126.966395063521716, 37.547460072620645 ], [ 126.966505173771495, 37.547518697503911 ], [ 126.966635079524039, 37.547539309616788 ], [ 126.966765003618292, 37.547518770921243 ], [ 126.966875166100706, 37.547460208277904 ], [ 126.966948795653821, 37.54737253739215 ], [ 126.966974682923293, 37.547269105435518 ], [ 126.966948886994757, 37.547165659016507 ], [ 126.966875335252496, 37.547077946884237 ] ] ], [ [ [ 126.96314584333615, 37.547338896857347 ], [ 126.963035735984178, 37.547280268841241 ], [ 126.962905831675457, 37.547259652768403 ], [ 126.962775906975651, 37.547280187218341 ], [ 126.962665741554517, 37.547338746037568 ], [ 126.962592107020669, 37.547426414250495 ], [ 126.962566213641935, 37.547529845240355 ], [ 126.962592003638264, 37.547633292607294 ], [ 126.962665550904561, 37.547721007396994 ], [ 126.962775658614305, 37.54777963575409 ], [ 126.962905563789292, 37.547800251968752 ], [ 126.963035489356415, 37.547779717378447 ], [ 126.963145655137836, 37.547721158218835 ], [ 126.96321928931394, 37.547633489664911 ], [ 126.963245181826409, 37.547530058533198 ], [ 126.963219390962735, 37.547426611306662 ], [ 126.96314584333615, 37.547338896857347 ] ] ], [ [ [ 126.966958802430071, 37.547922597479278 ], [ 126.966856438453789, 37.547855662070376 ], [ 126.966729695070669, 37.547825011355258 ], [ 126.966597867642975, 37.547835311582908 ], [ 126.966481025502006, 37.547884994652456 ], [ 126.966396956691327, 37.547966496833325 ], [ 126.966358459964681, 37.548067410235745 ], [ 126.966371396268713, 37.54817237175353 ], [ 126.966433796367895, 37.548265401931587 ], [ 126.966536160526061, 37.548332337702298 ], [ 126.966662904688604, 37.548362988622891 ], [ 126.96679473303675, 37.548352688324002 ], [ 126.96691157570001, 37.548303004948231 ], [ 126.966995644328847, 37.548221502405539 ], [ 126.967034140276041, 37.548120588797659 ], [ 126.967021203051559, 37.54801562735112 ], [ 126.966958802430071, 37.547922597479278 ] ] ], [ [ [ 126.962170850185643, 37.547991796489129 ], [ 126.962060742638144, 37.54793316757025 ], [ 126.961930837466014, 37.547912550426631 ], [ 126.961800911366296, 37.547933083800714 ], [ 126.96169074422194, 37.547991641702872 ], [ 126.961617107903848, 37.548079309297094 ], [ 126.961591212951461, 37.548182740060838 ], [ 126.961617001824393, 37.548286187628626 ], [ 126.961690548588493, 37.548373903015616 ], [ 126.961800656493722, 37.548432532275491 ], [ 126.961930562532146, 37.548453149560991 ], [ 126.962060489499223, 37.548432616046533 ], [ 126.962170657003924, 37.54837405780399 ], [ 126.962244292964286, 37.548286389868743 ], [ 126.962270187050365, 37.548182958963153 ], [ 126.962244397310087, 37.548079511535725 ], [ 126.962170850185643, 37.547991796489129 ] ] ], [ [ [ 126.965589241548244, 37.548017279533276 ], [ 126.965479131283345, 37.547958653800862 ], [ 126.96534922512248, 37.547938040417534 ], [ 126.965250672149509, 37.547949650467125 ], [ 126.965160595631644, 37.547983538613998 ], [ 126.965086752841387, 37.548036786460742 ], [ 126.965036524720915, 37.548103090139712 ], [ 126.964942444948008, 37.548043434676956 ], [ 126.964848655218873, 37.54801668388793 ], [ 126.964749151081904, 37.548012762059798 ], [ 126.964652501677733, 37.548032006934243 ], [ 126.964542336616262, 37.548090567496978 ], [ 126.964468703538969, 37.548178236869717 ], [ 126.964442812491924, 37.548281668259094 ], [ 126.964468605340159, 37.548385115204425 ], [ 126.964566832498946, 37.548490649959376 ], [ 126.964652265830722, 37.548531455416629 ], [ 126.964748897726793, 37.548550758069503 ], [ 126.964848406234381, 37.548546895569899 ], [ 126.964942221658831, 37.548520200557071 ], [ 126.965022264609587, 37.548472972009783 ], [ 126.965094875666992, 37.548387020530271 ], [ 126.965188955993113, 37.548446675868377 ], [ 126.965282746382684, 37.548473426385485 ], [ 126.965382251160307, 37.548477347763978 ], [ 126.965478900952434, 37.548458102293871 ], [ 126.965611448361258, 37.548379892951992 ], [ 126.965682039851984, 37.548261170070788 ], [ 126.965674004955574, 37.548129971060455 ], [ 126.965589241548244, 37.548017279533276 ] ] ], [ [ [ 126.962943440263217, 37.548259886610694 ], [ 126.96281353428023, 37.548239270438877 ], [ 126.962683607854672, 37.548259804782894 ], [ 126.96257344091903, 37.548318363505466 ], [ 126.962488569048716, 37.548431003423346 ], [ 126.962475532914894, 37.548535957106601 ], [ 126.962513934033467, 37.548636893656933 ], [ 126.962613790227351, 37.54873768275683 ], [ 126.962743151104007, 37.548794076386869 ], [ 126.96287497049309, 37.548804455348275 ], [ 126.963001744217024, 37.548773880071906 ], [ 126.96310417195626, 37.548707005410662 ], [ 126.963166659976054, 37.548614012503904 ], [ 126.963179695154565, 37.548509058745239 ], [ 126.96314129320352, 37.548408122408794 ], [ 126.963053548983126, 37.548318514703837 ], [ 126.962943440263217, 37.548259886610694 ] ] ], [ [ [ 126.967212341311978, 37.549233476271681 ], [ 126.967102227986416, 37.549174852063452 ], [ 126.966972319266773, 37.549154240468809 ], [ 126.96684239239022, 37.549174779385446 ], [ 126.966732227357852, 37.549233341979942 ], [ 126.966658595719139, 37.549321012701952 ], [ 126.966632707301216, 37.549424444552713 ], [ 126.966658503568837, 37.54952789100129 ], [ 126.966732057462082, 37.549615603233171 ], [ 126.966842171145572, 37.549674227782369 ], [ 126.966972080731608, 37.5496948395188 ], [ 126.967102008475521, 37.549674300461682 ], [ 126.967212173868077, 37.54961573752675 ], [ 126.967285805148833, 37.549528066463758 ], [ 126.967311692700378, 37.549424634471215 ], [ 126.967285895565411, 37.54932118816312 ], [ 126.967212341311978, 37.549233476271681 ] ] ], [ [ [ 126.96628992467511, 37.553825739148884 ], [ 126.96618755322784, 37.553758803223609 ], [ 126.966060800124637, 37.553728151816493 ], [ 126.965928962207428, 37.553738451281909 ], [ 126.965812110404428, 37.553788133635024 ], [ 126.965728034230111, 37.553869635254351 ], [ 126.965689533559285, 37.553970548335606 ], [ 126.965702469939089, 37.554075509821509 ], [ 126.965764874122542, 37.554168540261848 ], [ 126.965867245751667, 37.554235476549039 ], [ 126.96599399963452, 37.554266128161657 ], [ 126.966125838472465, 37.554255828625003 ], [ 126.966242690797912, 37.554206145965601 ], [ 126.966326766790374, 37.55412464398438 ], [ 126.966365266681535, 37.554023730697608 ], [ 126.96635232938101, 37.553918769282951 ], [ 126.96628992467511, 37.553825739148884 ] ] ], [ [ [ 126.976270419168856, 37.518351706805532 ], [ 126.976160344128502, 37.518293090749957 ], [ 126.976030486460331, 37.518272489030444 ], [ 126.975900615629627, 37.518293038041328 ], [ 126.975790503105344, 37.518351609412463 ], [ 126.975716912443247, 37.518439286257269 ], [ 126.975691047232104, 37.518542720644739 ], [ 126.975716845403383, 37.518646165657664 ], [ 126.975790379607076, 37.518733872700118 ], [ 126.975900455005132, 37.518792489096207 ], [ 126.976030313538516, 37.518813090957181 ], [ 126.976160185235145, 37.518792541805787 ], [ 126.976270298118763, 37.518733970094509 ], [ 126.976343888423131, 37.518646292909182 ], [ 126.97636975276906, 37.518542858380272 ], [ 126.976343953731899, 37.518439413507835 ], [ 126.976270419168856, 37.518351706805532 ] ] ], [ [ [ 126.974110382583305, 37.520930095333831 ], [ 126.974000305447291, 37.520871477290079 ], [ 126.973870443906407, 37.520850873203287 ], [ 126.973740568015486, 37.520871419828197 ], [ 126.973630450013829, 37.520929989157906 ], [ 126.97355685429109, 37.521017664616586 ], [ 126.973530985206409, 37.521121098484301 ], [ 126.973556781281005, 37.521224543922976 ], [ 126.973630315484115, 37.521312252271869 ], [ 126.973740392977803, 37.521370870656185 ], [ 126.973870255383986, 37.521391474884481 ], [ 126.974000132140958, 37.521370928119104 ], [ 126.974110250502065, 37.521312358449258 ], [ 126.974183845867131, 37.521224682649979 ], [ 126.974209714086498, 37.521121248640775 ], [ 126.974183917145879, 37.521017803342566 ], [ 126.974110382583305, 37.520930095333831 ] ] ], [ [ [ 126.970420860842509, 37.52117751296089 ], [ 126.97034709039211, 37.521124224562357 ], [ 126.970257075369616, 37.521090287084242 ], [ 126.970158567751781, 37.521078623172222 ], [ 126.970060050863253, 37.521090237304335 ], [ 126.969915546420808, 37.521158616274036 ], [ 126.969856194942366, 37.521222313768071 ], [ 126.969822613887047, 37.521296991052296 ], [ 126.96982257141039, 37.521402457200601 ], [ 126.969873204849293, 37.521499908150936 ], [ 126.969940062303408, 37.521558699460009 ], [ 126.970004958535554, 37.521591768766037 ], [ 126.970029324902086, 37.521671960497194 ], [ 126.970102855413316, 37.52175967103404 ], [ 126.970182828895517, 37.521806943750484 ], [ 126.970276587721585, 37.521833690408428 ], [ 126.970409002412566, 37.521833723657814 ], [ 126.970531353509216, 37.521793394099561 ], [ 126.970625014022346, 37.521718841599757 ], [ 126.970675724987629, 37.521621416180508 ], [ 126.970680642682041, 37.521542190208542 ], [ 126.970656474233238, 37.5214652386681 ], [ 126.970582943362416, 37.521377528471383 ], [ 126.970496527417836, 37.521327827027292 ], [ 126.970472033667775, 37.521245563153634 ], [ 126.970420860842509, 37.52117751296089 ] ] ], [ [ [ 126.968656062034114, 37.521422130591027 ], [ 126.968553732737703, 37.521355196368056 ], [ 126.96842703349084, 37.521324547356933 ], [ 126.968295252936556, 37.521334849547252 ], [ 126.968178453270383, 37.521384534539351 ], [ 126.968094416069647, 37.521466038309924 ], [ 126.968055935275729, 37.521566952727063 ], [ 126.968068869409436, 37.52167191453006 ], [ 126.968131249565431, 37.52176494422045 ], [ 126.968233579043485, 37.521831878804875 ], [ 126.968360279068804, 37.521862528021245 ], [ 126.968492060542346, 37.52185222575973 ], [ 126.968608860730058, 37.521802540461657 ], [ 126.96869289774915, 37.52172103632963 ], [ 126.968731377764598, 37.521620121707244 ], [ 126.968718442711648, 37.521515159975465 ], [ 126.968656062034114, 37.521422130591027 ] ] ], [ [ [ 126.969643705298921, 37.521970870712551 ], [ 126.96954137437055, 37.521903937350807 ], [ 126.969414673791206, 37.521873289401412 ], [ 126.969282892406753, 37.521883592692355 ], [ 126.969166092539155, 37.521933278656448 ], [ 126.969082055796349, 37.522014783122344 ], [ 126.969043576050083, 37.522115697852342 ], [ 126.969056511661606, 37.522220659538078 ], [ 126.969118893500621, 37.522313688698922 ], [ 126.969221224610664, 37.522380622422141 ], [ 126.969347925968506, 37.522411270576761 ], [ 126.969479708272218, 37.52240096721458 ], [ 126.969596508661354, 37.522351280944527 ], [ 126.969680545222431, 37.522269776117163 ], [ 126.969719024190226, 37.522168861181946 ], [ 126.969706087659446, 37.522063899567442 ], [ 126.969643705298921, 37.521970870712551 ] ] ], [ [ [ 126.970901932452193, 37.521962557904793 ], [ 126.97082195834993, 37.521915285676251 ], [ 126.970728199226841, 37.521888539451474 ], [ 126.970628729486734, 37.521884622575072 ], [ 126.970532115308089, 37.52190387236233 ], [ 126.970446676960421, 37.521944631050978 ], [ 126.970362641597291, 37.522026136428472 ], [ 126.970329060685842, 37.522100813846571 ], [ 126.970324142582612, 37.522180039796204 ], [ 126.970362540794511, 37.522280974244644 ], [ 126.970421842378613, 37.522344701725217 ], [ 126.970501816686379, 37.522391974221328 ], [ 126.970599165953402, 37.522419145634302 ], [ 126.970624214864117, 37.522534570460614 ], [ 126.970697746917878, 37.522622280614918 ], [ 126.970839178065134, 37.522689845825823 ], [ 126.970970952644478, 37.522700215776368 ], [ 126.971097678879502, 37.522669631652519 ], [ 126.971200063680683, 37.522602749654119 ], [ 126.971262519850313, 37.52250975203745 ], [ 126.97127553911541, 37.522404796913108 ], [ 126.971237139610011, 37.522303862763081 ], [ 126.971177837364536, 37.522240135691128 ], [ 126.97109786279195, 37.522192863651448 ], [ 126.971000513637748, 37.522165692648521 ], [ 126.970975464270225, 37.522050267894606 ], [ 126.970901932452193, 37.521962557904793 ] ] ], [ [ [ 126.972203565913446, 37.522120562401021 ], [ 126.972093488521949, 37.522061942591868 ], [ 126.971963625443649, 37.52204133641208 ], [ 126.97183374696742, 37.522061880935027 ], [ 126.971723625726227, 37.522120448473778 ], [ 126.971650026602802, 37.52220812272521 ], [ 126.971624154474014, 37.522311556153156 ], [ 126.971649948324568, 37.522415001986495 ], [ 126.971723481462249, 37.522502711504416 ], [ 126.97183355921139, 37.522561331654174 ], [ 126.971963423155003, 37.522581937975517 ], [ 126.972093302497342, 37.522561393312131 ], [ 126.972203424098083, 37.522502825433229 ], [ 126.972277022863906, 37.522415150841184 ], [ 126.972302894127338, 37.522311717271705 ], [ 126.97227709941069, 37.522208271578798 ], [ 126.972203565913446, 37.522120562401021 ] ] ], [ [ [ 126.968983107775145, 37.524482189228543 ], [ 126.968873029436907, 37.52442356644098 ], [ 126.968743163153817, 37.524402956727023 ], [ 126.968613279702609, 37.524423497698116 ], [ 126.968503152473602, 37.524482062208023 ], [ 126.96842954726111, 37.524569734414747 ], [ 126.968403669869019, 37.524673167093411 ], [ 126.968429460083271, 37.524776613587008 ], [ 126.96850299176532, 37.524864325074191 ], [ 126.968613070461146, 37.524922948202416 ], [ 126.968742937609605, 37.524943558057984 ], [ 126.968872821927064, 37.524923016946502 ], [ 126.968982949515762, 37.524864452096452 ], [ 126.969056554370709, 37.524776779549057 ], [ 126.969082430897402, 37.52467334672879 ], [ 126.969056639816884, 37.524569900375575 ], [ 126.968983107775145, 37.524482189228543 ] ] ], [ [ [ 126.968135825088908, 37.525064236414082 ], [ 126.968025746559348, 37.525005612842527 ], [ 126.967895879501185, 37.524985002198598 ], [ 126.967765994809199, 37.525005542235306 ], [ 126.967655866062501, 37.525064105948687 ], [ 126.967582259286544, 37.525151777617985 ], [ 126.967556380523192, 37.525255210100141 ], [ 126.967582169767141, 37.525358656768091 ], [ 126.96765570102761, 37.525446368773927 ], [ 126.967765779914714, 37.525504992686159 ], [ 126.967895647838262, 37.525525603471728 ], [ 126.96802553339657, 37.525505063294638 ], [ 126.968135662502974, 37.52544649924112 ], [ 126.968209268921399, 37.525358827231145 ], [ 126.968235146819367, 37.525255394607342 ], [ 126.96820935670911, 37.525151948079767 ], [ 126.968135825088908, 37.525064236414082 ] ] ], [ [ [ 126.969490497621649, 37.527970833907489 ], [ 126.969388158638324, 37.527903900477604 ], [ 126.969261447976038, 37.527873252390592 ], [ 126.969129656015724, 37.527883555495386 ], [ 126.96901284668931, 37.527933241253102 ], [ 126.968928803044761, 37.528014745523869 ], [ 126.968890320004519, 37.528115660099687 ], [ 126.968903256431418, 37.528220621695681 ], [ 126.96896564307103, 37.528313650844872 ], [ 126.969067982236112, 37.528380584636302 ], [ 126.969194693677125, 37.528411232928576 ], [ 126.969326486556952, 37.528400929752543 ], [ 126.969443296405075, 37.528351243688789 ], [ 126.969527339867867, 37.528269739056469 ], [ 126.969565822129397, 37.52816882427539 ], [ 126.969552884782956, 37.528063862750649 ], [ 126.969490497621649, 37.527970833907489 ] ] ], [ [ [ 126.96891578586667, 37.528599750806251 ], [ 126.968835805936038, 37.528552477283483 ], [ 126.968742039217943, 37.528525729508743 ], [ 126.968609612700561, 37.528525694385195 ], [ 126.968515823633481, 37.528552392414383 ], [ 126.96843580418448, 37.528599623500277 ], [ 126.968362194844019, 37.52868729560187 ], [ 126.968337961430748, 37.52876423455124 ], [ 126.968350897194966, 37.528869196195878 ], [ 126.968435643108648, 37.528981886099004 ], [ 126.968545727800034, 37.529040509251757 ], [ 126.968675602067421, 37.52906111917018 ], [ 126.968814229741369, 37.529037290291726 ], [ 126.968774142573096, 37.529120599452057 ], [ 126.968774098608222, 37.529226065459262 ], [ 126.968807622067629, 37.529300760075976 ], [ 126.968891599572657, 37.529382308558674 ], [ 126.969040676598368, 37.529438509367395 ], [ 126.969205416544327, 37.529432107138071 ], [ 126.96932222808114, 37.529382421203515 ], [ 126.969406272833325, 37.529300916672177 ], [ 126.969444755788629, 37.529200001948517 ], [ 126.969431818434785, 37.529095040428871 ], [ 126.969347070894059, 37.528982351242007 ], [ 126.969236985660459, 37.528923728835395 ], [ 126.969107111476347, 37.528903119533872 ], [ 126.968968484143659, 37.528926948756805 ], [ 126.969008570992074, 37.528843639527629 ], [ 126.969013490928873, 37.528764413723202 ], [ 126.968975091217729, 37.528663478946584 ], [ 126.96891578586667, 37.528599750806251 ] ] ], [ [ [ 126.96765715531329, 37.529375908725882 ], [ 126.96755481605058, 37.52930897372319 ], [ 126.967428103763481, 37.529278323675754 ], [ 126.967296309080282, 37.529288624730953 ], [ 126.967179496347441, 37.529338308661934 ], [ 126.96709544913152, 37.529419811606935 ], [ 126.96705696289861, 37.529520725559792 ], [ 126.967069896997614, 37.529625687330473 ], [ 126.967132282528539, 37.529718717425425 ], [ 126.967234621972977, 37.529785652789691 ], [ 126.967361335038802, 37.529816303042445 ], [ 126.967493130641586, 37.529806001916036 ], [ 126.967609943896221, 37.529756317679023 ], [ 126.967693990930471, 37.529674814372441 ], [ 126.967732476384626, 37.529573900214274 ], [ 126.967719541366037, 37.52946893851481 ], [ 126.96765715531329, 37.529375908725882 ] ] ], [ [ [ 126.971841404007819, 37.533918026831458 ], [ 126.971739054799812, 37.533851095502115 ], [ 126.971612333114379, 37.53382044996377 ], [ 126.97148053101057, 37.533830755677371 ], [ 126.971363713964436, 37.533880443706892 ], [ 126.97127966619928, 37.53396194956661 ], [ 126.971241183264823, 37.534062864806636 ], [ 126.971254124007885, 37.534167826040957 ], [ 126.971316518517, 37.534260853857688 ], [ 126.971418867906891, 37.534327785548655 ], [ 126.971545590371292, 37.534358431292254 ], [ 126.971677393394927, 37.534348125507343 ], [ 126.971794210962798, 37.534298437171707 ], [ 126.971878258546084, 37.534216930950379 ], [ 126.971916740701531, 37.53411601550507 ], [ 126.971903799038699, 37.534011054342052 ], [ 126.971841404007819, 37.533918026831458 ] ] ], [ [ [ 126.975583633587917, 37.533918997873144 ], [ 126.975481281032401, 37.53385206978583 ], [ 126.975354557811727, 37.533821428262506 ], [ 126.975222756218713, 37.533831738152834 ], [ 126.975105941651663, 37.533881429884978 ], [ 126.975021897956438, 37.533962938409495 ], [ 126.974983420063239, 37.534063854870816 ], [ 126.974996366051329, 37.534168815697015 ], [ 126.975058765210832, 37.534261841538274 ], [ 126.975161117948389, 37.534328769987184 ], [ 126.975287841948116, 37.53435941171572 ], [ 126.975419644460899, 37.534349101753996 ], [ 126.975536459549616, 37.5342994097157 ], [ 126.975620503062814, 37.534217900829582 ], [ 126.975658980176945, 37.534116984163035 ], [ 126.975646033269086, 37.534012023408231 ], [ 126.975583633587917, 37.533918997873144 ] ] ], [ [ [ 126.971886275602074, 37.535632809546982 ], [ 126.971776178607669, 37.535574189568614 ], [ 126.971646292191792, 37.535553583077657 ], [ 126.971516390196129, 37.535574127194884 ], [ 126.971406248834086, 37.535632694295124 ], [ 126.971332636051613, 37.535720368142037 ], [ 126.971306758805071, 37.535823801261103 ], [ 126.971332556858428, 37.535927246928239 ], [ 126.971406102879754, 37.536014956447893 ], [ 126.971516200232031, 37.536073576767045 ], [ 126.97164608751379, 37.536094183399605 ], [ 126.971775990376145, 37.536073639141883 ], [ 126.971886132097993, 37.536015071701328 ], [ 126.971959744522607, 37.535927397513639 ], [ 126.971985620903226, 37.535823964252955 ], [ 126.971959821983191, 37.535720518726329 ], [ 126.971886275602074, 37.535632809546982 ] ] ], [ [ [ 126.968816596449358, 37.536528432576631 ], [ 126.968706500543576, 37.536469809745832 ], [ 126.968576613421504, 37.536449199881488 ], [ 126.968446709032378, 37.536469740617903 ], [ 126.96833656395394, 37.536528304844602 ], [ 126.968262946697948, 37.536615976762732 ], [ 126.968237064901757, 37.53671940919137 ], [ 126.968262859021962, 37.536822855511595 ], [ 126.968336402325463, 37.536910566928455 ], [ 126.968446498589017, 37.536969190100073 ], [ 126.96857638657697, 37.536989800106092 ], [ 126.968706291832873, 37.536969259229238 ], [ 126.968816437271229, 37.53691069466224 ], [ 126.968890054169478, 37.536823022403304 ], [ 126.968915935099773, 37.536719589832984 ], [ 126.968890140112777, 37.536616143653198 ], [ 126.968816596449358, 37.536528432576631 ] ] ], [ [ [ 126.969978840873225, 37.540224571006576 ], [ 126.969876484715044, 37.540157638131639 ], [ 126.969749753122542, 37.540126990623193 ], [ 126.969617939662925, 37.540137294242044 ], [ 126.969501111541106, 37.540186980371097 ], [ 126.969417054666408, 37.540268484813957 ], [ 126.969378565975461, 37.540369399336463 ], [ 126.969391505191467, 37.540474360661861 ], [ 126.969453902635536, 37.540567389364377 ], [ 126.969556258975558, 37.540634322601022 ], [ 126.96968299134727, 37.540664970314829 ], [ 126.969814805726955, 37.540654666624683 ], [ 126.969931634370766, 37.540604980189464 ], [ 126.970015691063594, 37.540523475384894 ], [ 126.970054178975332, 37.540422560657042 ], [ 126.970041238839244, 37.540317599402925 ], [ 126.969978840873225, 37.540224571006576 ] ] ], [ [ [ 126.969643484855922, 37.541287665109209 ], [ 126.969541127545114, 37.541220731955178 ], [ 126.969414394291064, 37.541190084091632 ], [ 126.969282578913948, 37.54120038733344 ], [ 126.969165748910569, 37.541250073120899 ], [ 126.969081690476713, 37.541331577309656 ], [ 126.969043200786373, 37.541432491704185 ], [ 126.969056139714894, 37.541537453047262 ], [ 126.969118537627168, 37.541630481910417 ], [ 126.969220895119847, 37.541697415426185 ], [ 126.969347629153134, 37.541728063495093 ], [ 126.969479445450389, 37.541717760181996 ], [ 126.969596275975789, 37.541668074088356 ], [ 126.969680334227775, 37.541586569537884 ], [ 126.969718823138862, 37.541485654937972 ], [ 126.969705883290231, 37.541380693666177 ], [ 126.969643484855922, 37.541287665109209 ] ] ], [ [ [ 126.969074891832264, 37.541925592923199 ], [ 126.968964787791293, 37.541866970383282 ], [ 126.968834891236668, 37.541846360817679 ], [ 126.968704977553585, 37.54186690181519 ], [ 126.96859482473468, 37.541925466225621 ], [ 126.968521202470015, 37.542013138222138 ], [ 126.968495319159601, 37.542116570611924 ], [ 126.968521115490546, 37.542220016781968 ], [ 126.968594664393265, 37.542307727960171 ], [ 126.968704768792108, 37.542366350840958 ], [ 126.968834666212842, 37.542386960548278 ], [ 126.968964580762943, 37.542366419410278 ], [ 126.969074733941866, 37.542307854659491 ], [ 126.96914835584866, 37.542220182322083 ], [ 126.969174238292936, 37.542116749790587 ], [ 126.969148441094973, 37.542013303761038 ], [ 126.969074891832264, 37.541925592923199 ] ] ], [ [ [ 126.969279222744873, 37.545091441925528 ], [ 126.969169113889592, 37.545032819605503 ], [ 126.969039211786296, 37.545012210273256 ], [ 126.968909292664904, 37.545032751482083 ], [ 126.968799135345904, 37.545091316049593 ], [ 126.968725510204521, 37.545178988125087 ], [ 126.968699626078688, 37.545282420503696 ], [ 126.968725423779716, 37.545385866574122 ], [ 126.968798976029461, 37.545473577579422 ], [ 126.968909085242657, 37.545532200240373 ], [ 126.969038988212205, 37.545552809714323 ], [ 126.969168908200757, 37.545532268365015 ], [ 126.969279065879817, 37.545473703457077 ], [ 126.969352690663243, 37.545386031040685 ], [ 126.969378573922825, 37.545282598520359 ], [ 126.96935277535465, 37.545179152590421 ], [ 126.969279222744873, 37.545091441925528 ] ] ], [ [ [ 126.975978461435474, 37.546064420654353 ], [ 126.975876091929479, 37.545997493041355 ], [ 126.975749347993144, 37.545966851997619 ], [ 126.975617525072877, 37.54597716229982 ], [ 126.975500691813806, 37.546026854313389 ], [ 126.97541663490739, 37.546108362946114 ], [ 126.975378151295146, 37.546209279325936 ], [ 126.975391099927165, 37.546314239893377 ], [ 126.975453509691064, 37.546407265338011 ], [ 126.975555879379201, 37.546474193312775 ], [ 126.975682624095072, 37.546504834561787 ], [ 126.975814447935662, 37.546494524188162 ], [ 126.975931281716669, 37.546444831868286 ], [ 126.976015338440916, 37.546363322873809 ], [ 126.976053821273624, 37.54626240628869 ], [ 126.976040871721338, 37.54615744579268 ], [ 126.975978461435474, 37.546064420654353 ] ] ], [ [ [ 126.976098579963292, 37.547480507139596 ], [ 126.975996208414017, 37.547413579646104 ], [ 126.975869462031184, 37.547382938737826 ], [ 126.975737636633625, 37.547393249170781 ], [ 126.975620801243579, 37.547442941290491 ], [ 126.97553674287694, 37.5475244499886 ], [ 126.975498258697542, 37.547625366383116 ], [ 126.975511207741775, 37.54773032691228 ], [ 126.975573618834616, 37.547823352271543 ], [ 126.97567599056606, 37.547890280126801 ], [ 126.9758027377285, 37.547920921240383 ], [ 126.975934564046426, 37.547910610735997 ], [ 126.976051399958465, 37.547860918309958 ], [ 126.97613545814292, 37.547779409250083 ], [ 126.976173941542726, 37.547678492650256 ], [ 126.976160991578126, 37.547573532192509 ], [ 126.976098579963292, 37.547480507139596 ] ] ], [ [ [ 126.968613400629508, 37.548488493816606 ], [ 126.968511034399128, 37.54842155984749 ], [ 126.968384289379244, 37.548390910910541 ], [ 126.968252461181223, 37.548401212984061 ], [ 126.96813561925363, 37.548450897686173 ], [ 126.968051551607587, 37.548532401037775 ], [ 126.968013056819558, 37.548633314970836 ], [ 126.968025995541012, 37.548738276298373 ], [ 126.968088398168462, 37.548831305594305 ], [ 126.968190764580754, 37.548898239925244 ], [ 126.968317510380132, 37.548928889067625 ], [ 126.968449339498633, 37.548918586922824 ], [ 126.968566181948432, 37.548868901914453 ], [ 126.968650249412576, 37.54878739820105 ], [ 126.968688743421112, 37.548686484062543 ], [ 126.968675803779192, 37.548581522806266 ], [ 126.968613400629508, 37.548488493816606 ] ] ], [ [ [ 126.976154219456433, 37.54953210808781 ], [ 126.976044098683531, 37.549473492218453 ], [ 126.975914186977604, 37.549452890461431 ], [ 126.975784262030359, 37.549473439216825 ], [ 126.975674103549281, 37.549532010153371 ], [ 126.975600482086492, 37.549619686450747 ], [ 126.975574605919988, 37.549723120261376 ], [ 126.975600414649364, 37.549826564755904 ], [ 126.975673979317577, 37.549914271417272 ], [ 126.97578410044872, 37.54997288762754 ], [ 126.975914013021239, 37.549993489526173 ], [ 126.976043938835687, 37.549972940630127 ], [ 126.97615409767667, 37.549914369353061 ], [ 126.976227718781217, 37.549826692714767 ], [ 126.976253594081157, 37.54972325876254 ], [ 126.976227784484536, 37.549619814408665 ], [ 126.976154219456433, 37.54953210808781 ] ] ], [ [ [ 126.969443736734803, 37.549580951742826 ], [ 126.969333621149175, 37.549522329617915 ], [ 126.969203711210369, 37.549501720478872 ], [ 126.969073784341106, 37.549522261849589 ], [ 126.968963620541444, 37.54958082652302 ], [ 126.968889991173171, 37.549668498632343 ], [ 126.96886410571777, 37.549771930967573 ], [ 126.968889905188988, 37.549875376924028 ], [ 126.968963462039213, 37.549963087762066 ], [ 126.969073577982883, 37.550021710227952 ], [ 126.969203488788139, 37.550042319508719 ], [ 126.969333416524734, 37.550021777997493 ], [ 126.969443580684526, 37.549963212983585 ], [ 126.969517209694772, 37.5498755405333 ], [ 126.969543094283722, 37.549772108056331 ], [ 126.969517293945174, 37.549668662240414 ], [ 126.969443736734803, 37.549580951742826 ] ] ], [ [ [ 126.974419595273361, 37.550749310972577 ], [ 126.974317220757172, 37.550682382059527 ], [ 126.974190469528338, 37.550651739364255 ], [ 126.974058638143447, 37.550662047914834 ], [ 126.973941796536209, 37.55071173834336 ], [ 126.973857732668989, 37.550793245798928 ], [ 126.973819244543023, 37.550894161588758 ], [ 126.973832191795623, 37.550999122243141 ], [ 126.973894603524442, 37.551092148438457 ], [ 126.973996978222729, 37.551159077713343 ], [ 126.97412373023127, 37.551189720613969 ], [ 126.974255562536712, 37.551179411991981 ], [ 126.97437240466607, 37.551129721257105 ], [ 126.97445646835115, 37.551048213439707 ], [ 126.974494955697423, 37.55094729744453 ], [ 126.974482007524301, 37.55084233686155 ], [ 126.974419595273361, 37.550749310972577 ] ] ], [ [ [ 126.973597434524848, 37.552194103379236 ], [ 126.973487311840316, 37.552135485151162 ], [ 126.973357396219825, 37.552114880588952 ], [ 126.973227465950984, 37.552135426519726 ], [ 126.973117301551412, 37.552193995042224 ], [ 126.973043674474283, 37.552281669703675 ], [ 126.973017793852264, 37.552385102905554 ], [ 126.973043599963333, 37.552488547911175 ], [ 126.973117164249032, 37.552576256125718 ], [ 126.973227287291778, 37.55263487469476 ], [ 126.973357203778903, 37.552655479398638 ], [ 126.973487134915118, 37.552634933327255 ], [ 126.973597299674708, 37.552576364464223 ], [ 126.973670926393652, 37.552488689461804 ], [ 126.973696806149007, 37.552385256118264 ], [ 126.973670999170565, 37.552281811253252 ], [ 126.973597434524848, 37.552194103379236 ] ] ], [ [ [ 126.973803542597196, 37.553270311767136 ], [ 126.973693418168125, 37.553211693741332 ], [ 126.973563500622745, 37.553191089408934 ], [ 126.973433568541836, 37.553211635562043 ], [ 126.973323402718833, 37.553270204265608 ], [ 126.973249774823543, 37.553357879039233 ], [ 126.973223894113275, 37.553461312267345 ], [ 126.973249700879407, 37.553564757209273 ], [ 126.973323266463794, 37.553652465279882 ], [ 126.97343339125112, 37.553711083646661 ], [ 126.973563309663135, 37.553731688120742 ], [ 126.973693242611475, 37.553711141827002 ], [ 126.973803408794566, 37.553652572782902 ], [ 126.973877036331601, 37.553564897668295 ], [ 126.973902916175192, 37.553461464298515 ], [ 126.973877108541615, 37.553358019497203 ], [ 126.973803542597196, 37.553270311767136 ] ] ], [ [ [ 126.968561017823859, 37.553354544082495 ], [ 126.968458644988175, 37.553287610120279 ], [ 126.968331891750921, 37.553256961148676 ], [ 126.968200054974517, 37.553267263151255 ], [ 126.968083205413393, 37.553316947756961 ], [ 126.967999132240834, 37.553398451001371 ], [ 126.967960634874629, 37.553499364832788 ], [ 126.967973574358822, 37.553604326079707 ], [ 126.968035980973823, 37.553697355328318 ], [ 126.968138353991463, 37.553764289652428 ], [ 126.968265108008382, 37.55379493882949 ], [ 126.968396945705507, 37.553784636755623 ], [ 126.968513795788965, 37.553734951843616 ], [ 126.968597868779597, 37.553653448237327 ], [ 126.968636365366137, 37.553552534200428 ], [ 126.968623424961223, 37.553447573024805 ], [ 126.968561017823859, 37.553354544082495 ] ] ], [ [ [ 126.987900788114871, 37.517913113150449 ], [ 126.987790704617723, 37.517854507927623 ], [ 126.987660844507829, 37.517833918992878 ], [ 126.987530977622143, 37.517854480794263 ], [ 126.987420874829112, 37.517913063014426 ], [ 126.98734729820309, 37.518000747115138 ], [ 126.987321449196031, 37.518104184060732 ], [ 126.987347263272511, 37.518207626544509 ], [ 126.987420810661092, 37.518295326355506 ], [ 126.98753089451634, 37.51835393191876 ], [ 126.987660755491603, 37.518374520994726 ], [ 126.987790623243001, 37.518353959052611 ], [ 126.987900726394955, 37.518295376492219 ], [ 126.987974302662877, 37.518207692051085 ], [ 126.988000150804595, 37.518104254964278 ], [ 126.987974335862376, 37.518000812621231 ], [ 126.987900788114871, 37.517913113150449 ] ] ], [ [ [ 126.979539441887894, 37.518528861104365 ], [ 126.97942936402886, 37.518470248096271 ], [ 126.979299505153222, 37.518449649971068 ], [ 126.979169634910122, 37.518470202575969 ], [ 126.979059524679073, 37.518528776993662 ], [ 126.978985937666721, 37.518616455873754 ], [ 126.978960076906247, 37.518719890975383 ], [ 126.978985879651503, 37.518823335272607 ], [ 126.979059417856149, 37.518911040278432 ], [ 126.979169496073027, 37.518969653627039 ], [ 126.979299355813936, 37.518990251893612 ], [ 126.979429226922875, 37.518969699148144 ], [ 126.97953933751316, 37.518911124390286 ], [ 126.979612924167668, 37.518823445169701 ], [ 126.979638784062914, 37.518720009926696 ], [ 126.97961298045179, 37.518616565770039 ], [ 126.979539441887894, 37.518528861104365 ] ] ], [ [ [ 126.989900707502301, 37.518867009205429 ], [ 126.989798362711127, 37.518800093356205 ], [ 126.989671659086923, 37.518769467120272 ], [ 126.989539885939152, 37.518779793020023 ], [ 126.989423104335785, 37.518829499046362 ], [ 126.989339093104419, 37.518911017973714 ], [ 126.989300642233019, 37.519011939362706 ], [ 126.989313605686988, 37.51911689889112 ], [ 126.989376010097232, 37.519209917406677 ], [ 126.98947835507083, 37.519276833617248 ], [ 126.989605059473803, 37.519307460058023 ], [ 126.989736833540547, 37.519297134086621 ], [ 126.989853615664742, 37.519247427754117 ], [ 126.989937626713683, 37.519165908465411 ], [ 126.989976076806315, 37.519064986871577 ], [ 126.989963112433372, 37.518960027414799 ], [ 126.989900707502301, 37.518867009205429 ] ] ], [ [ [ 126.978753148203438, 37.519270187247145 ], [ 126.978650812820618, 37.519203261745659 ], [ 126.978524113076077, 37.519172623554475 ], [ 126.978392337688646, 37.519182937015998 ], [ 126.978275548067273, 37.51923263201472 ], [ 126.978191524260126, 37.519314143003868 ], [ 126.978153058169639, 37.519415060752621 ], [ 126.978166006078155, 37.519520021492994 ], [ 126.978228396983198, 37.519613045888235 ], [ 126.978330732548031, 37.519679971751131 ], [ 126.978457433071142, 37.519710610147349 ], [ 126.97858920937766, 37.51970029661441 ], [ 126.978705999520201, 37.51965060130965 ], [ 126.978790023145336, 37.519569089959084 ], [ 126.978828488457253, 37.519468172005297 ], [ 126.978815539629664, 37.519363211336348 ], [ 126.978753148203438, 37.519270187247145 ] ] ], [ [ [ 126.978936876561875, 37.519833219994069 ], [ 126.978834540246183, 37.519766294657877 ], [ 126.978707839474524, 37.519735656666398 ], [ 126.978576063122105, 37.519745970331613 ], [ 126.978459272744757, 37.519795665507019 ], [ 126.97837524850577, 37.519877176618948 ], [ 126.978336782373276, 37.51997809441788 ], [ 126.978349730636054, 37.52008305512819 ], [ 126.9784121222377, 37.520176079417709 ], [ 126.978514458735418, 37.520243005115304 ], [ 126.978641160285648, 37.520273643311832 ], [ 126.978772937557153, 37.52026332957518 ], [ 126.978889728455698, 37.520213634093729 ], [ 126.978973752512672, 37.520132122620396 ], [ 126.97901221786654, 37.52003120461643 ], [ 126.978999268684689, 37.519926243977537 ], [ 126.978936876561875, 37.519833219994069 ] ] ], [ [ [ 126.979643652201943, 37.520087614574656 ], [ 126.97953357197207, 37.520029001678488 ], [ 126.979403710366626, 37.520008403672499 ], [ 126.979273837450293, 37.520028956385751 ], [ 126.97916372500957, 37.520087530884418 ], [ 126.979090136587473, 37.520175209805814 ], [ 126.97906427543181, 37.520278644902767 ], [ 126.979090078856672, 37.520382089150061 ], [ 126.979163618712221, 37.520469794068319 ], [ 126.979273699299952, 37.520528407304994 ], [ 126.979403561770738, 37.520549005452366 ], [ 126.979533435552995, 37.520528452598541 ], [ 126.979643548352968, 37.520469877759695 ], [ 126.979717136417207, 37.520382198497778 ], [ 126.979742996707529, 37.520278763259441 ], [ 126.979717192416757, 37.520175319152713 ], [ 126.979643652201943, 37.520087614574656 ] ] ], [ [ [ 126.97786362638756, 37.52332352885103 ], [ 126.977761286265334, 37.523256602623348 ], [ 126.977634580031676, 37.523225963496955 ], [ 126.977502797393285, 37.523236275956606 ], [ 126.977386000862964, 37.523285970039296 ], [ 126.977301971540683, 37.523367480337754 ], [ 126.977263502168526, 37.523468397726297 ], [ 126.977276449528404, 37.523573358491788 ], [ 126.977338842701471, 37.523666383293666 ], [ 126.977441183005723, 37.523733309882786 ], [ 126.977567890018094, 37.523763949214285 ], [ 126.977699673575728, 37.523753636683232 ], [ 126.977816470627374, 37.52370394229446 ], [ 126.977900499767614, 37.523622431634536 ], [ 126.977938968361102, 37.523521514040922 ], [ 126.977926020081924, 37.523416553346827 ], [ 126.97786362638756, 37.52332352885103 ] ] ], [ [ [ 126.99058662720698, 37.532250968163709 ], [ 126.990476520540909, 37.532192365583576 ], [ 126.990346634838062, 37.532171779648301 ], [ 126.990216743831539, 37.532192344349305 ], [ 126.990106622061845, 37.532250928927816 ], [ 126.990033034492271, 37.532338614486619 ], [ 126.990007184240952, 37.532442051768079 ], [ 126.990033006962022, 37.532545493414396 ], [ 126.990106571568091, 37.53263319134205 ], [ 126.990216678592589, 37.532691794262774 ], [ 126.990346565161445, 37.532712380339298 ], [ 126.990476457034276, 37.532691815497429 ], [ 126.990586579163093, 37.532633230578504 ], [ 126.990660166374212, 37.532545544679117 ], [ 126.990686015759493, 37.532442107256422 ], [ 126.990660192172143, 37.532338665750956 ], [ 126.99058662720698, 37.532250968163709 ] ] ], [ [ [ 126.977911463195497, 37.533391693972675 ], [ 126.977801364775672, 37.533333079588644 ], [ 126.977671480584831, 37.533312479717374 ], [ 126.977541584125902, 37.533333030471866 ], [ 126.977431450769416, 37.533391603216522 ], [ 126.977357847242615, 37.533479280855715 ], [ 126.97733197909281, 37.533582715337509 ], [ 126.977357784699038, 37.533686159730372 ], [ 126.977431335579524, 37.53377386553273 ], [ 126.977541434357377, 37.533832480257459 ], [ 126.977671319414114, 37.533853080270212 ], [ 126.97780121673955, 37.533832529375118 ], [ 126.977911350455599, 37.533773956290119 ], [ 126.977984953624372, 37.533686278310256 ], [ 126.978010820908267, 37.533582843686958 ], [ 126.977985014435532, 37.533479399434711 ], [ 126.977911463195497, 37.533391693972675 ] ] ], [ [ [ 126.990475901261249, 37.534418474787898 ], [ 126.990373534711097, 37.53435155961072 ], [ 126.990246804547795, 37.534320934068923 ], [ 126.990115004120867, 37.534331260579208 ], [ 126.989998198651222, 37.534380967039525 ], [ 126.989914170599789, 37.534462486158297 ], [ 126.989875712515271, 37.534563407467033 ], [ 126.989888679461316, 37.534668366655758 ], [ 126.989951097537329, 37.534761384623906 ], [ 126.990053464270034, 37.534828300162637 ], [ 126.990180195212758, 37.53485892590939 ], [ 126.990311996559356, 37.534848599327397 ], [ 126.990428802550198, 37.534798892560723 ], [ 126.990512830419064, 37.534717373080404 ], [ 126.990551287724202, 37.53461645156672 ], [ 126.990538319858487, 37.534511492449681 ], [ 126.990475901261249, 37.534418474787898 ] ] ], [ [ [ 126.989076343360978, 37.536088201360357 ], [ 126.988966232236208, 37.536029597409588 ], [ 126.988836340294185, 37.536009009825676 ], [ 126.988706442217847, 37.536029572851021 ], [ 126.988596313623972, 37.536088155981957 ], [ 126.988522720514794, 37.536175840541659 ], [ 126.988496866851747, 37.536279277424597 ], [ 126.988522688808445, 37.536382719333631 ], [ 126.988596255413896, 37.536470418145313 ], [ 126.988706366897119, 37.536529022436731 ], [ 126.988836259705309, 37.536549610161913 ], [ 126.988966158648125, 37.536529046995724 ], [ 126.989076287601193, 37.536470463524338 ], [ 126.989149880351917, 37.536382778624002 ], [ 126.989175733148798, 37.536279341599787 ], [ 126.989149910325622, 37.536175899831569 ], [ 126.989076343360978, 37.536088201360357 ] ] ], [ [ [ 126.991165531731028, 37.538856902033189 ], [ 126.991055414900117, 37.538798300057188 ], [ 126.990925517580806, 37.538777714780153 ], [ 126.990795615274664, 37.538798280093289 ], [ 126.990685484242405, 37.538856865144652 ], [ 126.99061189085748, 37.538944550965013 ], [ 126.990586039123329, 37.539047988256989 ], [ 126.990611864919956, 37.539151429661146 ], [ 126.990685436691734, 37.539239127130841 ], [ 126.990795553881227, 37.53929772944749 ], [ 126.990925452066847, 37.539318314865788 ], [ 126.991055355239553, 37.539297749411752 ], [ 126.991165486631019, 37.539239164019897 ], [ 126.991239079657348, 37.539151477858859 ], [ 126.99126493052519, 37.539048040425634 ], [ 126.991239103862029, 37.53894459916237 ], [ 126.991165531731028, 37.538856902033189 ] ] ], [ [ [ 126.990794719718679, 37.539893224241354 ], [ 126.99072091633893, 37.539839948732165 ], [ 126.990630869588799, 37.539806026884492 ], [ 126.990466110284899, 37.539799568408888 ], [ 126.990372314883018, 37.53982628374365 ], [ 126.990292297164189, 37.539873529549062 ], [ 126.990207476568727, 37.53998618956247 ], [ 126.990194480767315, 37.540091146465265 ], [ 126.990232914933458, 37.54019207415346 ], [ 126.990316927982846, 37.540273607257049 ], [ 126.990433310089117, 37.54032321342136 ], [ 126.990327395450791, 37.540380209636609 ], [ 126.990268046089426, 37.5404439171813 ], [ 126.990229585407988, 37.540544838502427 ], [ 126.990234463002807, 37.540624065845549 ], [ 126.99026801296705, 37.540698754231208 ], [ 126.990327346069364, 37.54076247152355 ], [ 126.990468829183897, 37.540830013028767 ], [ 126.99060063840561, 37.540840361051281 ], [ 126.990727387329642, 37.540809755962201 ], [ 126.990829779412209, 37.540742857153283 ], [ 126.990892226347185, 37.540649849440101 ], [ 126.99090522126771, 37.540544892470358 ], [ 126.990866786014323, 37.540443965006887 ], [ 126.990782772174995, 37.540362432296718 ], [ 126.990666389776166, 37.540312826477106 ], [ 126.990794677556536, 37.540236177245774 ], [ 126.990865221433879, 37.54011743913594 ], [ 126.990865234300344, 37.540011973309376 ], [ 126.990794719718679, 37.539893224241354 ] ] ], [ [ [ 126.989776157488009, 37.542957129762051 ], [ 126.989673779891589, 37.542890214073687 ], [ 126.989547035563675, 37.542859587823237 ], [ 126.989415220010173, 37.542869913535277 ], [ 126.989298400754819, 37.542919619229295 ], [ 126.989214362357203, 37.543001137730357 ], [ 126.989175898941113, 37.543102058664076 ], [ 126.989188866382065, 37.543207017777576 ], [ 126.989251290704104, 37.54330003598173 ], [ 126.989353668483133, 37.543366952031761 ], [ 126.989480413590769, 37.543397578487237 ], [ 126.98961223006431, 37.543387252703496 ], [ 126.989729049841131, 37.543337546703036 ], [ 126.989813088056138, 37.5432560278403 ], [ 126.989851550692492, 37.543155106701569 ], [ 126.989838582331501, 37.54305014765977 ], [ 126.989776157488009, 37.542957129762051 ] ] ], [ [ [ 126.985384478451081, 37.544092919131721 ], [ 126.98527435844683, 37.544034311816368 ], [ 126.985144453635158, 37.544013720196972 ], [ 126.985014540658128, 37.544034279130251 ], [ 126.984904397400982, 37.544092858735532 ], [ 126.984830792098236, 37.544180540872745 ], [ 126.984804930567662, 37.544283976805197 ], [ 126.98483075018072, 37.544387419380485 ], [ 126.984904320323267, 37.54447512037369 ], [ 126.985014440685973, 37.544533728029819 ], [ 126.985144346364109, 37.54455431979062 ], [ 126.985274260208001, 37.544533760716519 ], [ 126.985384403824625, 37.544475180770718 ], [ 126.985458008768916, 37.54438749829275 ], [ 126.98548386943304, 37.5442840622189 ], [ 126.985458048953106, 37.54418061978442 ], [ 126.985384478451081, 37.544092919131721 ] ] ], [ [ [ 126.986547375573281, 37.544120926767775 ], [ 126.986437254617186, 37.544062320536973 ], [ 126.986307349436643, 37.544041730196895 ], [ 126.98617743672996, 37.544062290409528 ], [ 126.986067294341154, 37.544120871099381 ], [ 126.985993690372595, 37.544208553961305 ], [ 126.985967830438923, 37.54431199014828 ], [ 126.985993651668508, 37.54441543246913 ], [ 126.98606722320109, 37.544503132737681 ], [ 126.98617734451571, 37.544561739309252 ], [ 126.986307250562717, 37.544582329790707 ], [ 126.986437164136262, 37.544561769437252 ], [ 126.986547306884489, 37.54450318840685 ], [ 126.986620910494565, 37.544415505204164 ], [ 126.986646769561759, 37.544312068875826 ], [ 126.986620947465312, 37.544208626695792 ], [ 126.986547375573281, 37.544120926767775 ] ] ], [ [ [ 126.987660244230923, 37.54483833135513 ], [ 126.987557865954145, 37.544771413853553 ], [ 126.987431119307857, 37.544740785341411 ], [ 126.987299300150951, 37.544751108687571 ], [ 126.987182476555631, 37.544800812271696 ], [ 126.987098433742275, 37.544882329240096 ], [ 126.987059966506891, 37.544983249451668 ], [ 126.9870729313064, 37.545088208763545 ], [ 126.987135354567073, 37.545181228056371 ], [ 126.987237733026419, 37.545248145919629 ], [ 126.987364480452456, 37.545278774636849 ], [ 126.987496300529529, 37.545268451219023 ], [ 126.987613124646387, 37.54521874732847 ], [ 126.98769716727719, 37.545137229998375 ], [ 126.987735633732839, 37.545036309581718 ], [ 126.987722668013163, 37.544931350341521 ], [ 126.987660244230923, 37.54483833135513 ] ] ], [ [ [ 126.978026002718636, 37.545804504155129 ], [ 126.977915885961153, 37.545745889995558 ], [ 126.977785980207472, 37.545725290286768 ], [ 126.977656062243156, 37.545745841116975 ], [ 126.977545910712621, 37.5458044138391 ], [ 126.977472295109877, 37.54589209136094 ], [ 126.977446422820762, 37.545995525648493 ], [ 126.977472232854581, 37.546098969799793 ], [ 126.977545796055608, 37.546186675350043 ], [ 126.977655913171319, 37.546245289850461 ], [ 126.977785819791436, 37.546265889700798 ], [ 126.977915738622798, 37.546245338729904 ], [ 126.978025890513095, 37.546186765667308 ], [ 126.978099505757584, 37.546099087804613 ], [ 126.978125377180277, 37.54599565337552 ], [ 126.978099566279425, 37.545892209364887 ], [ 126.978026002718636, 37.545804504155129 ] ] ], [ [ [ 126.986057582674107, 37.545944927824202 ], [ 126.985947459418981, 37.545886321154306 ], [ 126.985817551208413, 37.545865730281164 ], [ 126.985687635201941, 37.545886289947887 ], [ 126.985577489746021, 37.545944870162117 ], [ 126.98550388340982, 37.546032552691081 ], [ 126.985478022168564, 37.546135988738499 ], [ 126.985503843349619, 37.54623943113441 ], [ 126.98557741610017, 37.546327131681231 ], [ 126.985687539713808, 37.546385738691903 ], [ 126.985817448790911, 37.546406329706436 ], [ 126.985947365664288, 37.54638576989889 ], [ 126.986057511479757, 37.546327189344105 ], [ 126.986131117457404, 37.546239506474336 ], [ 126.986156977832124, 37.546136070285542 ], [ 126.986131155784136, 37.546032628030453 ], [ 126.986057582674107, 37.545944927824202 ] ] ], [ [ [ 126.979078989801096, 37.54618214056584 ], [ 126.978976617360885, 37.546115215641194 ], [ 126.978849871954552, 37.546084577925569 ], [ 126.978718049252294, 37.546094891688938 ], [ 126.978601217866014, 37.54614458676982 ], [ 126.978517164202088, 37.546226097609043 ], [ 126.978478684708435, 37.546327014998653 ], [ 126.978491637708117, 37.546431975225374 ], [ 126.978554051423814, 37.546524999030694 ], [ 126.978656424046278, 37.546591924317077 ], [ 126.978783170232234, 37.546622562237943 ], [ 126.978914993854787, 37.546612248403072 ], [ 126.979031825762931, 37.546562553015839 ], [ 126.979115879244574, 37.546481041814879 ], [ 126.979154357958635, 37.546380124220029 ], [ 126.979141404038685, 37.546275164064795 ], [ 126.979078989801096, 37.54618214056584 ] ] ], [ [ [ 126.981929897360715, 37.547239346262216 ], [ 126.981819775434829, 37.547180735756079 ], [ 126.981689866115275, 37.547160140346101 ], [ 126.981559946730442, 37.547180695466096 ], [ 126.981449796141021, 37.547239271815897 ], [ 126.981376183697776, 37.547326951751046 ], [ 126.981350316305566, 37.547430386870133 ], [ 126.981376132228206, 37.547533830144587 ], [ 126.981449701413467, 37.547621533243067 ], [ 126.981559823697751, 37.547680144090045 ], [ 126.981689733883854, 37.547700739641492 ], [ 126.981819654135734, 37.547680184380745 ], [ 126.981929805084832, 37.547621607690402 ], [ 126.982003417169665, 37.547533927414413 ], [ 126.982029283695354, 37.547430492153858 ], [ 126.982003466905653, 37.547327049020161 ], [ 126.981929897360715, 37.547239346262216 ] ] ], [ [ [ 126.980452280200751, 37.547298687267649 ], [ 126.980322371053404, 37.547278090353672 ], [ 126.980192451089025, 37.547298643968503 ], [ 126.980082299256495, 37.547357219041125 ], [ 126.979997454816498, 37.547469871571408 ], [ 126.979984443398635, 37.547574827213175 ], [ 126.980022867637274, 37.547675758093725 ], [ 126.980106877959628, 37.547757298357098 ], [ 126.980256559189812, 37.547821620885827 ], [ 126.980388379305111, 37.547831980298021 ], [ 126.980515144238197, 37.547801386210843 ], [ 126.980617555007925, 37.547734496341093 ], [ 126.980680020463154, 37.547641494143456 ], [ 126.980693030917436, 37.547536538425973 ], [ 126.980654605846468, 37.547435607760882 ], [ 126.980570595288185, 37.547354067882679 ], [ 126.980452280200751, 37.547298687267649 ] ] ], [ [ [ 126.977438877928705, 37.547775044168169 ], [ 126.977336504777838, 37.547708117839484 ], [ 126.977209757346984, 37.54767747837105 ], [ 126.977077931614502, 37.547687790299669 ], [ 126.976961096653682, 37.547737483743205 ], [ 126.976877039415015, 37.547818993391715 ], [ 126.976838556890627, 37.547919910218567 ], [ 126.976851507865021, 37.548024870596173 ], [ 126.976913920869222, 37.548117895242996 ], [ 126.977016294202301, 37.548184821933454 ], [ 126.97714304241282, 37.548215461607171 ], [ 126.977274869065653, 37.548205149607092 ], [ 126.977391704548438, 37.54815545585722 ], [ 126.977475761604893, 37.548073945846923 ], [ 126.977514243349617, 37.547973028814788 ], [ 126.977501291454871, 37.547868068508663 ], [ 126.977438877928705, 37.547775044168169 ] ] ], [ [ [ 126.983828395294282, 37.548105382429554 ], [ 126.983718270607511, 37.548046773701898 ], [ 126.98358835926193, 37.548026180383133 ], [ 126.983458438894431, 37.548046737588699 ], [ 126.983348288515288, 37.54810531570093 ], [ 126.983274677443248, 37.548192996807053 ], [ 126.983248812374441, 37.548296432327398 ], [ 126.983274631219004, 37.548399875172279 ], [ 126.983348203479821, 37.548487577075782 ], [ 126.983458328525089, 37.548546186144272 ], [ 126.983588240737276, 37.548566779604478 ], [ 126.983718161971836, 37.548546222258103 ], [ 126.9838283127106, 37.548487643805309 ], [ 126.983901923424156, 37.54839996235836 ], [ 126.983927787626342, 37.548296526696568 ], [ 126.983901967914747, 37.54819308399248 ], [ 126.983828395294282, 37.548105382429554 ] ] ], [ [ [ 126.981551901532598, 37.548238947064341 ], [ 126.981441778432625, 37.54818033621531 ], [ 126.981311867482589, 37.548159740392542 ], [ 126.981181946259113, 37.548180295092671 ], [ 126.981071793902828, 37.548238871079427 ], [ 126.98099818003341, 37.548326550763669 ], [ 126.980972311772902, 37.54842998578215 ], [ 126.980998127517282, 37.548533429121633 ], [ 126.981071697241475, 37.5486211324409 ], [ 126.981181820699874, 37.548679743630771 ], [ 126.981311732516488, 37.548700339595037 ], [ 126.981441654607039, 37.548679784754164 ], [ 126.981551807323058, 37.548621208426852 ], [ 126.98162542083405, 37.548533528401762 ], [ 126.98165128822798, 37.548430093241791 ], [ 126.981625471616496, 37.548326650043052 ], [ 126.981551901532598, 37.548238947064341 ] ] ], [ [ [ 126.977594541105702, 37.548487380016653 ], [ 126.977492166841714, 37.548420453830651 ], [ 126.977365418141034, 37.548389814532598 ], [ 126.97723359117542, 37.548400126633361 ], [ 126.977116755205742, 37.548449820224555 ], [ 126.977032697336213, 37.548531329973819 ], [ 126.976994214654965, 37.548632246839141 ], [ 126.977007165970335, 37.548737207187095 ], [ 126.977069579761505, 37.548830231740659 ], [ 126.977171954207719, 37.548897158288426 ], [ 126.977298703688049, 37.548927797791777 ], [ 126.9774305315741, 37.548917485619562 ], [ 126.9775473680657, 37.548867791721989 ], [ 126.977631425753032, 37.548786281610944 ], [ 126.977669907654615, 37.548685364540347 ], [ 126.977656955418837, 37.548580404263866 ], [ 126.977594541105702, 37.548487380016653 ] ] ], [ [ [ 126.978548899850367, 37.54884556557883 ], [ 126.978407412350066, 37.548778009882405 ], [ 126.97824263436236, 37.548771534356504 ], [ 126.978120243323133, 37.548811871705759 ], [ 126.978015590177549, 37.54890098919379 ], [ 126.97790892713374, 37.548912291044978 ], [ 126.9777920908125, 37.548961985299975 ], [ 126.977708033102687, 37.549043495522959 ], [ 126.977669551068132, 37.549144412599809 ], [ 126.977682503418762, 37.549249372864892 ], [ 126.977744918476134, 37.549342397053813 ], [ 126.97781872198361, 37.549395680587153 ], [ 126.977908774457319, 37.549429612151279 ], [ 126.978073553864576, 37.549436088142784 ], [ 126.978195945949736, 37.549395750846521 ], [ 126.978300599572705, 37.549306633206285 ], [ 126.978407263119507, 37.549295331002199 ], [ 126.978524099553042, 37.549245636141364 ], [ 126.978608156601609, 37.549164125340027 ], [ 126.978646637381019, 37.549063207957239 ], [ 126.97862246701078, 37.548933270418658 ], [ 126.978548899850367, 37.54884556557883 ] ] ], [ [ [ 126.981107181365161, 37.551148706113054 ], [ 126.981004800320164, 37.551081783000846 ], [ 126.980878045673805, 37.551051147485481 ], [ 126.980746214502958, 37.551061463501981 ], [ 126.980629376708748, 37.551111160545851 ], [ 126.980545319673112, 37.551192672759107 ], [ 126.980506840357265, 37.55129359072459 ], [ 126.980519797057241, 37.551398550641395 ], [ 126.980582217432513, 37.551491573298129 ], [ 126.980684598659906, 37.551558496772145 ], [ 126.9808113540861, 37.551589132492751 ], [ 126.980943186177456, 37.5515788164047 ], [ 126.981060024493587, 37.5515291190544 ], [ 126.981144081346841, 37.551447606479343 ], [ 126.981182559882868, 37.551346688308627 ], [ 126.981169602262355, 37.55124172846336 ], [ 126.981107181365161, 37.551148706113054 ] ] ], [ [ [ 126.977535084104261, 37.55120672701976 ], [ 126.977424959786191, 37.55114811245371 ], [ 126.977295044793081, 37.551127512220717 ], [ 126.977165117317028, 37.551148062488821 ], [ 126.977054957450491, 37.551206634696499 ], [ 126.976981335956538, 37.551294311829892 ], [ 126.976955461117896, 37.551397745914159 ], [ 126.976981272332083, 37.551501190078298 ], [ 126.97705484026369, 37.551588895855517 ], [ 126.977164964940087, 37.551647510762493 ], [ 126.977294880799846, 37.551668111137083 ], [ 126.977424809143173, 37.551647560728284 ], [ 126.977534969369586, 37.551588988180043 ], [ 126.977608590505241, 37.551501310705731 ], [ 126.977634464477205, 37.551397876479882 ], [ 126.977608652395759, 37.551294432456437 ], [ 126.977535084104261, 37.55120672701976 ] ] ], [ [ [ 126.978196020045871, 37.551339253994477 ], [ 126.978085895014985, 37.551280640045938 ], [ 126.977955979609561, 37.551260040540477 ], [ 126.977826052084524, 37.551280591535367 ], [ 126.977715892539806, 37.551339164358453 ], [ 126.977642271689419, 37.551426841902192 ], [ 126.977616397718194, 37.551530276129235 ], [ 126.977642209891528, 37.551633720146867 ], [ 126.97771577872804, 37.551721425510614 ], [ 126.977825904117282, 37.551780039800086 ], [ 126.977955820389369, 37.551800639447116 ], [ 126.97808574878168, 37.551780088311517 ], [ 126.978195908686288, 37.551721515147889 ], [ 126.978269529178306, 37.551633837263239 ], [ 126.978295402282882, 37.551530402894606 ], [ 126.978269589242274, 37.551426959017682 ], [ 126.978196020045871, 37.551339253994477 ] ] ], [ [ [ 126.995945346473917, 37.522351482280278 ], [ 126.99584299152491, 37.522284571707637 ], [ 126.99571627953722, 37.522253951973561 ], [ 126.995584501093518, 37.522264284610614 ], [ 126.995467718068014, 37.522313996584046 ], [ 126.995383709504836, 37.52239551976291 ], [ 126.995345264985758, 37.522496443060582 ], [ 126.995358237509194, 37.522601401864236 ], [ 126.995420652325294, 37.52269441713193 ], [ 126.995523007456995, 37.52276132806594 ], [ 126.995649720223696, 37.52279194800478 ], [ 126.995781499586485, 37.522781615295926 ], [ 126.995898283132732, 37.522731903016222 ], [ 126.995982291513258, 37.522650379475998 ], [ 126.996020735253282, 37.522549455973561 ], [ 126.996007761810759, 37.522444497241672 ], [ 126.995945346473917, 37.522351482280278 ] ] ], [ [ [ 126.996081260608889, 37.523058841540902 ], [ 126.995978904572212, 37.522991931094019 ], [ 126.99585219133273, 37.522961311509363 ], [ 126.995720411663612, 37.522971644296739 ], [ 126.995603627625684, 37.523021356398523 ], [ 126.995519618417163, 37.523102879664215 ], [ 126.99548117371809, 37.523203802994004 ], [ 126.995494146554321, 37.52330876177016 ], [ 126.995556562128328, 37.523401776954913 ], [ 126.995658918347686, 37.52346868776317 ], [ 126.995785632366236, 37.523499307552591 ], [ 126.995917412954469, 37.523488974693414 ], [ 126.99603419751314, 37.523439262285336 ], [ 126.996118206538995, 37.523357738658262 ], [ 126.996156650458985, 37.523256815123723 ], [ 126.996143676703653, 37.523151856419361 ], [ 126.996081260608889, 37.523058841540902 ] ] ], [ [ [ 126.994251254051676, 37.523408406074644 ], [ 126.994148899171975, 37.523341494045873 ], [ 126.994022186089438, 37.523310872499707 ], [ 126.993890405553373, 37.523321203244549 ], [ 126.993773619756553, 37.523370913533739 ], [ 126.993689608164971, 37.523452435492722 ], [ 126.993651160821486, 37.52355335822061 ], [ 126.993664131154475, 37.523658317191327 ], [ 126.99372654474756, 37.523751333337493 ], [ 126.99382889980987, 37.523818245727647 ], [ 126.993955613671446, 37.523848867478627 ], [ 126.994087395126655, 37.523838536662012 ], [ 126.994204181444275, 37.523788826066557 ], [ 126.994288192853261, 37.523707303746178 ], [ 126.994326639417693, 37.523606380813504 ], [ 126.994313668165574, 37.523501421914538 ], [ 126.994251254051676, 37.523408406074644 ] ] ], [ [ [ 126.996462587766288, 37.524620555971197 ], [ 126.996352487717289, 37.524561958793782 ], [ 126.996222613628476, 37.524541379294945 ], [ 126.996092737464892, 37.524561950486188 ], [ 126.995982631507403, 37.524620540620731 ], [ 126.995909058312179, 37.524708229955465 ], [ 126.995883218808956, 37.524811668657897 ], [ 126.995909047015516, 37.524915109153817 ], [ 126.995982611009239, 37.525002803534882 ], [ 126.996092711416765, 37.525061401052746 ], [ 126.996222586371346, 37.525081980692669 ], [ 126.996352463400797, 37.525061409360482 ], [ 126.996462569717053, 37.525002818885568 ], [ 126.996536142553765, 37.524915129210385 ], [ 126.996561981191221, 37.524811690366889 ], [ 126.996536152118793, 37.524708250011884 ], [ 126.996462587766288, 37.524620555971197 ] ] ], [ [ [ 126.994970792812694, 37.525007939015417 ], [ 126.994860693361375, 37.524949340451222 ], [ 126.994730819011011, 37.524928759313262 ], [ 126.994600941766421, 37.524949328862618 ], [ 126.99449083407309, 37.52500791760243 ], [ 126.994417258751398, 37.52509560600194 ], [ 126.994391417054842, 37.525199044371007 ], [ 126.994417243335079, 37.525302485186224 ], [ 126.994490805962812, 37.525390180490618 ], [ 126.9946009057726, 37.525448779395269 ], [ 126.994730780988732, 37.525469360674343 ], [ 126.994860659099217, 37.525448790984072 ], [ 126.994970767151386, 37.525390201903903 ], [ 126.995044342114596, 37.525302513163936 ], [ 126.995070182945412, 37.525199074653756 ], [ 126.995044355799251, 37.525095633979447 ], [ 126.994970792812694, 37.525007939015417 ] ] ], [ [ [ 127.002001243893602, 37.525572688922274 ], [ 127.001898879135382, 37.525505783634543 ], [ 127.001772159224728, 37.525475170414396 ], [ 127.001640375950345, 37.525485509802714 ], [ 127.001523591921938, 37.525535227736967 ], [ 127.001439586336303, 37.525616755178753 ], [ 127.001401148321975, 37.525717680392447 ], [ 127.001414129887124, 37.525822638473535 ], [ 127.001476554905395, 37.52591565049002 ], [ 127.001578919846509, 37.525982556139148 ], [ 127.001705640536443, 37.526013169563974 ], [ 127.001837424729999, 37.526002830103728 ], [ 127.001954209279049, 37.525953111863089 ], [ 127.002038214681804, 37.525871584059921 ], [ 127.002076651916823, 37.525770658641548 ], [ 127.002063669432488, 37.525665700632381 ], [ 127.002001243893602, 37.525572688922274 ] ] ], [ [ [ 126.995822318473955, 37.525680016185035 ], [ 126.995712217368876, 37.525621418421224 ], [ 126.995582341619411, 37.525600838221898 ], [ 126.995452463443371, 37.525621408705248 ], [ 126.995342355428079, 37.525679998232214 ], [ 126.995268780442856, 37.525767687152189 ], [ 126.99524293969003, 37.525871125695858 ], [ 126.995268767377624, 37.525974566313174 ], [ 126.995342331662044, 37.526062261077286 ], [ 126.995452433125635, 37.526120859181553 ], [ 126.995582309740939, 37.526141439521979 ], [ 126.995712188782903, 37.526120868897706 ], [ 126.995822297157019, 37.526062279030349 ], [ 126.995895871783716, 37.525974589769916 ], [ 126.995921711670732, 37.525871151085155 ], [ 126.9958958831172, 37.525767710608761 ], [ 126.995822318473955, 37.525680016185035 ] ] ], [ [ [ 127.000385282527233, 37.526109018048572 ], [ 127.00027517722252, 37.526050424542746 ], [ 127.000145299475733, 37.526029849362629 ], [ 127.00001542180874, 37.526050424862319 ], [ 126.999905316731329, 37.526109018639069 ], [ 126.999831746665677, 37.526196710395311 ], [ 126.999805912065099, 37.526300149929895 ], [ 126.999831746201039, 37.526403589541921 ], [ 126.999905316248189, 37.526491281457567 ], [ 127.00001542191157, 37.526549875303836 ], [ 127.000145300524252, 37.526570450624952 ], [ 127.000275179057112, 37.526549874984255 ], [ 127.000385284493191, 37.526491280867077 ], [ 127.00045885420019, 37.526403588770407 ], [ 127.000484687934886, 37.526300149094816 ], [ 127.00045885293305, 37.526196709623804 ], [ 127.000385282527233, 37.526109018048572 ] ] ], [ [ [ 126.998859548622079, 37.526190785248964 ], [ 126.998757185825113, 37.526123877245261 ], [ 126.998630466152818, 37.526093260657454 ], [ 126.998498681357631, 37.526103596539123 ], [ 126.998381894280783, 37.526153311361547 ], [ 126.99829788458311, 37.526234836560093 ], [ 126.998259442019219, 37.526335760740629 ], [ 126.998272419289833, 37.526440719155964 ], [ 126.998334840922411, 37.526533732823211 ], [ 126.998437203902199, 37.526600641188324 ], [ 126.998563924353746, 37.526631257980874 ], [ 126.998695710068134, 37.526620922027348 ], [ 126.998812497665739, 37.526571206898559 ], [ 126.998896507180618, 37.526489681338617 ], [ 126.998934948965285, 37.526388756953331 ], [ 126.998921970775442, 37.526283798609846 ], [ 126.998859548622079, 37.526190785248964 ] ] ], [ [ [ 127.004026679615336, 37.528100450714099 ], [ 127.003916568535601, 37.528041860623148 ], [ 127.003786686336269, 37.5280212894546 ], [ 127.003656806217066, 37.52804186895186 ], [ 127.003546701061111, 37.528100466103574 ], [ 127.003473133302521, 37.528188160098416 ], [ 127.00344730304343, 37.528291600394397 ], [ 127.003473142894393, 37.528395039174711 ], [ 127.003546719160013, 37.528482728792127 ], [ 127.003656830598587, 37.528541319223507 ], [ 127.003786713663928, 37.528561890532984 ], [ 127.003916594649056, 37.528541310894646 ], [ 127.004026700163578, 37.528482713402447 ], [ 127.004100267563345, 37.528395019067183 ], [ 127.004126096956398, 37.528291578630252 ], [ 127.004100256239525, 37.528188139991038 ], [ 127.004026679615336, 37.528100450714099 ] ] ], [ [ [ 127.001218589053096, 37.528574552638318 ], [ 127.001108479472677, 37.528515959933948 ], [ 127.000978597222357, 37.52849538567888 ], [ 127.000848715509619, 37.528515962086367 ], [ 127.000738607460121, 37.528574556615489 ], [ 127.000665035948529, 37.528662248854133 ], [ 127.000639201648312, 37.528765688527692 ], [ 127.000665037785211, 37.528869127914128 ], [ 127.000738611229337, 37.528956819273972 ], [ 127.000848721168467, 37.529015412318799 ], [ 127.000978604284825, 37.529035986714874 ], [ 127.001108486863529, 37.529015410166338 ], [ 127.001218595271695, 37.528956815296766 ], [ 127.001292166424562, 37.528869122717673 ], [ 127.00131799985877, 37.528765682903092 ], [ 127.00129216285589, 37.528662243657699 ], [ 127.001218589053096, 37.528574552638318 ] ] ], [ [ [ 126.993935945877297, 37.528936888895558 ], [ 126.993833583726186, 37.528869976655677 ], [ 126.9937068614216, 37.528839354799118 ], [ 126.993575071116666, 37.528849685181541 ], [ 126.993458276491396, 37.528899395111431 ], [ 126.993374258355786, 37.528980916769001 ], [ 126.993335807748977, 37.529081839299195 ], [ 126.993348778596172, 37.529186798206098 ], [ 126.993411196402803, 37.529279814432023 ], [ 126.993513558736552, 37.529346727033357 ], [ 126.993640281820404, 37.529377349094752 ], [ 126.99377207304471, 37.529367018640563 ], [ 126.993888868190965, 37.52931730840433 ], [ 126.993972886143922, 37.529235786385328 ], [ 126.994011335971479, 37.529134863650278 ], [ 126.993998364204884, 37.529029904815125 ], [ 126.993935945877297, 37.528936888895558 ] ] ], [ [ [ 127.001975356116461, 37.529045989080579 ], [ 127.001872986634964, 37.528979083809979 ], [ 127.001746260859349, 37.528948470580247 ], [ 127.001614471471129, 37.528958809933719 ], [ 127.001497682010793, 37.529008527813168 ], [ 127.001413672502053, 37.529090055188526 ], [ 127.001375232670739, 37.52919098033432 ], [ 127.001388214801636, 37.52929593835637 ], [ 127.001450642682315, 37.529388950331651 ], [ 127.001553012346733, 37.529455855963676 ], [ 127.0016797389018, 37.529486469398115 ], [ 127.001811529209334, 37.529476129972714 ], [ 127.001928319190398, 37.529426411786851 ], [ 127.002012328516216, 37.529344884050047 ], [ 127.002050767568093, 37.52924395869956 ], [ 127.002037784517853, 37.529139000749431 ], [ 127.001975356116461, 37.529045989080579 ] ] ], [ [ [ 127.008395043143977, 37.529538874835126 ], [ 127.008292667255745, 37.52947197513533 ], [ 127.008165938023652, 37.529441368797009 ], [ 127.008034148655483, 37.52945171531335 ], [ 127.007917362688573, 37.529501439536688 ], [ 127.007833359614878, 37.529582971471186 ], [ 127.007794928180601, 37.52968389869725 ], [ 127.007807919392192, 37.529788856003989 ], [ 127.007870355654774, 37.529881864577249 ], [ 127.007972731726156, 37.529948764638448 ], [ 127.008099461737814, 37.529979371181376 ], [ 127.008231252025311, 37.529969024592958 ], [ 127.008348038512779, 37.529919300063113 ], [ 127.008432041403282, 37.529837767767198 ], [ 127.008470472057994, 37.529736840336554 ], [ 127.008457479927074, 37.529631883101878 ], [ 127.008395043143977, 37.529538874835126 ] ] ], [ [ [ 127.001095492757173, 37.529867866727294 ], [ 127.000985381371905, 37.529809273921053 ], [ 127.000855496912848, 37.529788699535153 ], [ 127.000725612923787, 37.529809275802769 ], [ 127.000615502876911, 37.529867870204257 ], [ 127.000541929950955, 37.52995556234697 ], [ 127.000516095034683, 37.530059001970905 ], [ 127.000541931447714, 37.530162441361576 ], [ 127.000615506018036, 37.530250132778846 ], [ 127.000725617762072, 37.530308725925558 ], [ 127.000855503087166, 37.530329300452472 ], [ 127.000985387942293, 37.530308724043813 ], [ 127.00109549834788, 37.530250129301834 ], [ 127.001169070915083, 37.530162436818642 ], [ 127.00119490496526, 37.5300589970537 ], [ 127.001169067686206, 37.529955557804087 ], [ 127.001095492757173, 37.529867866727294 ] ] ], [ [ [ 126.994996137726233, 37.530561836373373 ], [ 126.994886030092474, 37.530503237887451 ], [ 126.994756146106042, 37.530482656796032 ], [ 126.994626259238785, 37.530503226353119 ], [ 126.994516143400986, 37.530561815060643 ], [ 126.994442562652992, 37.530649503392816 ], [ 126.99441671907438, 37.530752941669761 ], [ 126.994442547303464, 37.530856382382076 ], [ 126.994516115414214, 37.530944077588451 ], [ 126.994626223406541, 37.531002676414907 ], [ 126.994756108258969, 37.531023257647462 ], [ 126.994885995992391, 37.531002687949453 ], [ 126.994996112189128, 37.530944098901486 ], [ 126.995069692578568, 37.530856410228793 ], [ 126.995095535291156, 37.530752971810713 ], [ 126.99506970619592, 37.530649531239327 ], [ 126.994996137726233, 37.530561836373373 ] ] ], [ [ [ 127.002060018683224, 37.530588877353416 ], [ 127.001957647017463, 37.53052197217378 ], [ 127.00183091859688, 37.530491359042976 ], [ 127.001699126505784, 37.53050169848828 ], [ 127.001582334696039, 37.53055141643847 ], [ 127.001498323549029, 37.53063294385273 ], [ 127.001459883040042, 37.530733868999668 ], [ 127.001472865557048, 37.530838826984912 ], [ 127.001535294828827, 37.530931838891057 ], [ 127.001637666677539, 37.530998744432118 ], [ 127.001764395877601, 37.531029357767643 ], [ 127.001896188888139, 37.531019018250397 ], [ 127.002012981218627, 37.530969299993778 ], [ 127.002096992182672, 37.530887772218058 ], [ 127.00213543191218, 37.530786846866413 ], [ 127.002122448475774, 37.530681888953112 ], [ 127.002060018683224, 37.530588877353416 ] ] ], [ [ [ 127.0016633956769, 37.531231445617422 ], [ 127.001553281842817, 37.531172853354285 ], [ 127.001423394863281, 37.531152279597762 ], [ 127.001293508665739, 37.53117285648522 ], [ 127.001183397058625, 37.531231451402647 ], [ 127.001109823458179, 37.531319143878846 ], [ 127.001083988855896, 37.531422583603067 ], [ 127.00110982652356, 37.531526022845533 ], [ 127.001183403098224, 37.531613713888682 ], [ 127.001293517291103, 37.531672306492311 ], [ 127.001423405136762, 37.531692880389841 ], [ 127.001553292200384, 37.531672303361319 ], [ 127.001663404166209, 37.531613708103372 ], [ 127.001736977407845, 37.531526015286694 ], [ 127.00176281114399, 37.531422575421473 ], [ 127.001736972610246, 37.531319136320064 ], [ 127.0016633956769, 37.531231445617422 ] ] ], [ [ [ 126.999465102087342, 37.531481350092847 ], [ 126.999354989605493, 37.531422755782536 ], [ 126.999225102796444, 37.531402179609174 ], [ 126.999095215561681, 37.531422754078058 ], [ 126.99898510186749, 37.531481346943359 ], [ 126.998911525447838, 37.531569038046314 ], [ 126.998885687723487, 37.53167247728522 ], [ 126.998911522441404, 37.531775917004218 ], [ 126.99898509668779, 37.531863609413179 ], [ 126.999095209528349, 37.53192220406401 ], [ 126.999225097203507, 37.531942780378429 ], [ 126.999354985304421, 37.531922205768531 ], [ 126.999465099357408, 37.531863612562731 ], [ 126.999538675418279, 37.531775921119277 ], [ 126.999564512276564, 37.531672481739321 ], [ 126.999538676692495, 37.531569042161344 ], [ 126.999465102087342, 37.531481350092847 ] ] ], [ [ [ 127.005075157624077, 37.531502812265856 ], [ 127.004942670978281, 37.531424569638041 ], [ 127.004812782631589, 37.531403999610191 ], [ 127.00468289692904, 37.531424580224417 ], [ 127.004572787603664, 37.531483178299389 ], [ 127.004499217724401, 37.531570872883172 ], [ 127.004471187616801, 37.531696263337849 ], [ 127.004497030056655, 37.531799701834196 ], [ 127.004570610865642, 37.531887390762755 ], [ 127.004680728110387, 37.531945980205272 ], [ 127.004810617360704, 37.531966550376417 ], [ 127.004940503968001, 37.531945969623536 ], [ 127.005050613685952, 37.53188737121031 ], [ 127.005124183230421, 37.531799676287754 ], [ 127.005150579742477, 37.531700779822216 ], [ 127.005137591922463, 37.531595822256961 ], [ 127.005075157624077, 37.531502812265856 ] ] ], [ [ [ 126.99740461277986, 37.532980784547291 ], [ 126.997239867431318, 37.532987226108084 ], [ 126.997149823385797, 37.533021138746406 ], [ 126.997076018097076, 37.533074406736965 ], [ 126.997024807618331, 37.533142442711068 ], [ 126.997000602203613, 37.533219387487293 ], [ 126.997024799400151, 37.533349321613478 ], [ 126.997098372982947, 37.533437015174428 ], [ 126.997208486660512, 37.533495611568796 ], [ 126.997366963035347, 37.533515072218727 ], [ 126.997516022140388, 37.533556348039205 ], [ 126.997679182517075, 37.533537077543066 ], [ 126.997789300255249, 37.533478485915943 ], [ 126.997862879864655, 37.533390795540662 ], [ 126.997888719594471, 37.533287356555753 ], [ 126.997862885767844, 37.533183916639594 ], [ 126.997789311538511, 37.533096223551127 ], [ 126.997709308580198, 37.533048969615635 ], [ 126.997615525918221, 37.533022244783943 ], [ 126.997520722547904, 37.533018167461883 ], [ 126.99740461277986, 37.532980784547291 ] ] ], [ [ [ 127.009433471424899, 37.533125373737398 ], [ 127.009306735545039, 37.533094768643096 ], [ 127.009174939906458, 37.533105116426889 ], [ 127.009033470807921, 37.533172657421751 ], [ 127.008959904492798, 37.533260354758795 ], [ 127.008934080063213, 37.533363796165105 ], [ 127.008959929242224, 37.533467233654797 ], [ 127.009052017927473, 37.533574947078193 ], [ 127.00916214115847, 37.533633532324608 ], [ 127.009292034565419, 37.533654097560472 ], [ 127.009421922866807, 37.533633511884496 ], [ 127.00953203155845, 37.533574909309856 ], [ 127.009605597512461, 37.533487211621143 ], [ 127.009631421057094, 37.533383770070273 ], [ 127.009605570979559, 37.533280332726214 ], [ 127.009535853326156, 37.533192272405969 ], [ 127.009433471424899, 37.533125373737398 ] ] ], [ [ [ 127.000712208071462, 37.534341907651218 ], [ 127.000602090408336, 37.534283314532175 ], [ 127.000472198295782, 37.534262739740413 ], [ 127.000342306442647, 37.53428331557091 ], [ 127.000232189518371, 37.534341909570543 ], [ 127.000158611748674, 37.534429601407872 ], [ 127.000132774759791, 37.534533040869405 ], [ 127.000158612186837, 37.534636480265355 ], [ 127.000232190703528, 37.534724171854805 ], [ 127.000342308725465, 37.534782765314382 ], [ 127.000472201704284, 37.53480334024718 ], [ 127.000602094423641, 37.534782764275633 ], [ 127.000712211706713, 37.534724169935451 ], [ 127.000785789117586, 37.534636477757601 ], [ 127.000811625240217, 37.53453303815504 ], [ 127.000785786946949, 37.534429598900147 ], [ 127.000712208071462, 37.534341907651218 ] ] ], [ [ [ 126.999640311430539, 37.534536469835984 ], [ 126.999530194319945, 37.534477875719375 ], [ 126.999400302164432, 37.534457299749327 ], [ 126.999270409679383, 37.534477874400181 ], [ 126.99916029163046, 37.534536467398389 ], [ 126.99908671241451, 37.534624158564981 ], [ 126.999060873878022, 37.534727597788553 ], [ 126.999086709891671, 37.5348310374156 ], [ 126.999160287344395, 37.53491872966999 ], [ 126.999270404813771, 37.534977324127127 ], [ 126.99940029783555, 37.534997900238238 ], [ 126.999530191186849, 37.534977325446356 ], [ 126.999640309594625, 37.534918732107606 ], [ 126.999713888451737, 37.534831040600487 ], [ 126.999739726122002, 37.534727601235851 ], [ 126.999713889242102, 37.534624161749853 ], [ 126.999640311430539, 37.534536469835984 ] ] ], [ [ [ 127.007318861281504, 37.534895486702382 ], [ 127.007216479031555, 37.534828586131177 ], [ 127.007089741174937, 37.534797978666759 ], [ 127.006957942232376, 37.534808323973721 ], [ 127.006841147198784, 37.53485804708852 ], [ 127.006757136946405, 37.534939578184087 ], [ 127.006718701314327, 37.535040504968578 ], [ 127.006731691948133, 37.53514546229831 ], [ 127.006794131340911, 37.535238471355662 ], [ 127.006896513774009, 37.535305372288335 ], [ 127.007023252410391, 37.535335979957409 ], [ 127.007155052272523, 37.535325634578392 ], [ 127.007271847826829, 37.535275911157036 ], [ 127.007355857896016, 37.535194379699981 ], [ 127.007394292748344, 37.535093452710854 ], [ 127.007381301194982, 37.53498849545317 ], [ 127.007318861281504, 37.534895486702382 ] ] ], [ [ [ 126.995625823590402, 37.535134018014929 ], [ 126.995515708742431, 37.535075420161107 ], [ 126.995385816653879, 37.535054839777629 ], [ 126.995255922029955, 37.535075410010734 ], [ 126.995145799961875, 37.535133999259457 ], [ 126.995072215458421, 37.535221687915595 ], [ 126.995046371170972, 37.535325126249987 ], [ 126.995072201845758, 37.535428566744486 ], [ 126.995145775184483, 37.53551626149094 ], [ 126.995255890391121, 37.53557485968534 ], [ 126.995385783345895, 37.535595440209967 ], [ 126.995515678836156, 37.535574869835891 ], [ 126.995625801263216, 37.535516280246675 ], [ 126.995699385407988, 37.535428591249953 ], [ 126.99572522882923, 37.535325152774419 ], [ 126.995699397288121, 37.535221712420878 ], [ 126.995625823590402, 37.535134018014929 ] ] ], [ [ [ 126.999533620476143, 37.537273830141729 ], [ 126.999423499423926, 37.537215235952857 ], [ 126.999293602549798, 37.537194659874956 ], [ 126.999163705287458, 37.537215234398829 ], [ 126.999053583129822, 37.537273827270276 ], [ 126.998980001099326, 37.537361518329583 ], [ 126.998954161470863, 37.537464957481731 ], [ 126.998979998281428, 37.537568397084051 ], [ 126.999053578298643, 37.537656089364212 ], [ 126.999163699709669, 37.537714683893668 ], [ 126.99929359745019, 37.537735260112633 ], [ 126.999423495578881, 37.537714685447725 ], [ 126.999533618095413, 37.537656092235714 ], [ 126.99960719976707, 37.537568400835852 ], [ 126.999633038529183, 37.537464961542611 ], [ 126.999607200852239, 37.537361522081333 ], [ 126.999533620476143, 37.537273830141729 ] ] ], [ [ [ 126.992459653675169, 37.539208214275192 ], [ 126.992357278805301, 37.539141300871037 ], [ 126.992230539724716, 37.539110677481936 ], [ 126.992098731140558, 37.539121006196837 ], [ 126.991981919515524, 37.539170714578098 ], [ 126.991897888247593, 37.539252235041694 ], [ 126.991859430375186, 37.539353156914409 ], [ 126.991872400929765, 37.539458115800421 ], [ 126.991934825461342, 37.539551132645222 ], [ 126.992037200513906, 37.539618046410972 ], [ 126.992163940374112, 37.539648670005029 ], [ 126.992295749878167, 37.539638341218364 ], [ 126.992412562024484, 37.539588632530673 ], [ 126.99249659310972, 37.539507111705475 ], [ 126.992535050202491, 37.539406189627812 ], [ 126.992522078728058, 37.539301230813557 ], [ 126.992459653675169, 37.539208214275192 ] ] ], [ [ [ 126.991750116064665, 37.540641926629526 ], [ 126.991639996151264, 37.540583325216033 ], [ 126.991510095574554, 37.540562740587859 ], [ 126.991380190331981, 37.540583306537457 ], [ 126.991270057131231, 37.540641892115957 ], [ 126.991196462675958, 37.540729578273925 ], [ 126.991170611132517, 37.540833015662542 ], [ 126.991196438351921, 37.540936456907694 ], [ 126.991270012561941, 37.541024153986925 ], [ 126.991380132833982, 37.541082755741101 ], [ 126.99151003427707, 37.54110334051051 ], [ 126.991639940386293, 37.541082774420005 ], [ 126.991750073946235, 37.54102418850097 ], [ 126.991823668042883, 37.540936502002324 ], [ 126.991849518719917, 37.540833064472451 ], [ 126.991823690633908, 37.540729623368222 ], [ 126.991750116064665, 37.540641926629526 ] ] ], [ [ [ 127.003535184438078, 37.544847025753562 ], [ 127.003425049115492, 37.544788435372141 ], [ 127.003295138002755, 37.544767863722925 ], [ 127.003165228701207, 37.544788442622441 ], [ 127.003055098536564, 37.54484703915039 ], [ 127.002981513750228, 37.544934732590434 ], [ 127.002955677036724, 37.545038172485079 ], [ 127.002981521989341, 37.545141611078662 ], [ 127.003055114136217, 37.545229300752361 ], [ 127.003165249817897, 37.545287891474409 ], [ 127.003295161797396, 37.545308463264675 ], [ 127.003425071965566, 37.545287884223988 ], [ 127.00353520248909, 37.545229287355347 ], [ 127.003608786916331, 37.545141593574677 ], [ 127.003634622763101, 37.545038153538982 ], [ 127.003608776943821, 37.544934715086583 ], [ 127.003535184438078, 37.544847025753562 ] ] ] ] } },
{ "type": "Feature", "properties": { "dataset_id": "06", "type": "radius", "radius_m": 10, "label": "06 radius 10m" }, "geometry": { "type": "MultiPolygon", "coordinates": [ [ [ [ 126.967998536573731, 37.529135548532537 ], [ 126.967937329995323, 37.5290867700745 ], [ 126.96785074136146, 37.529086746535249 ], [ 126.9677894929834, 37.529135491703663 ], [ 126.967789463330178, 37.529204451374682 ], [ 126.967850669908358, 37.529253229908385 ], [ 126.967937258734665, 37.52925325344777 ], [ 126.967998507112966, 37.529204508203705 ], [ 126.967998536573731, 37.529135548532537 ] ] ], [ [ [ 126.964665539052206, 37.529814551487945 ], [ 126.964604334091121, 37.529765771308988 ], [ 126.964517744675319, 37.529765745325676 ], [ 126.964456493574133, 37.529814488758568 ], [ 126.964456460851736, 37.529883448419262 ], [ 126.964517665812551, 37.529932228673879 ], [ 126.964604255420809, 37.529932254657346 ], [ 126.964665506522252, 37.529883511148789 ], [ 126.964665539052206, 37.529814551487945 ] ] ], [ [ [ 126.972704541259262, 37.534040544397548 ], [ 126.972643327608239, 37.533991768416193 ], [ 126.972556733300024, 37.533991748325043 ], [ 126.972495483969894, 37.534040495893109 ], [ 126.972495458644573, 37.534109455509665 ], [ 126.972556672295411, 37.534158231566678 ], [ 126.972643266796112, 37.534158251657956 ], [ 126.972704516126441, 37.534109504014211 ], [ 126.972704541259262, 37.534040544397548 ] ] ], [ [ [ 126.962314552321615, 37.53854455362724 ], [ 126.962253341762803, 37.538495772299122 ], [ 126.962166742255334, 37.538495744586641 ], [ 126.962105482480041, 37.538544486723261 ], [ 126.96210544758226, 37.538613446279939 ], [ 126.962166658140788, 37.53866222768373 ], [ 126.9622532578408, 37.538662255396368 ], [ 126.962314517616377, 37.538613513184067 ], [ 126.962314552321615, 37.53854455362724 ] ] ], [ [ [ 126.961488553614373, 37.539198554363082 ], [ 126.961427343059796, 37.539149772612248 ], [ 126.961340742796807, 37.53914974429361 ], [ 126.961279481948793, 37.539198485995733 ], [ 126.961279446289495, 37.539267445544091 ], [ 126.961340656843774, 37.539316227370612 ], [ 126.961427257299306, 37.539316255689414 ], [ 126.96148851814759, 37.539267513911597 ], [ 126.961488553614373, 37.539198554363082 ] ] ], [ [ [ 126.971404551556091, 37.540986545593221 ], [ 126.971343333076902, 37.540937768993572 ], [ 126.971256730737139, 37.540937747945883 ], [ 126.971195474876694, 37.540986494779524 ], [ 126.971195448347714, 37.541055454313991 ], [ 126.97125666682669, 37.54110423098934 ], [ 126.971343269359025, 37.541104252037151 ], [ 126.971404525219668, 37.541055505127815 ], [ 126.971404551556091, 37.540986545593221 ] ] ], [ [ [ 126.972210556128786, 37.544525544902129 ], [ 126.972149334231929, 37.544476768748247 ], [ 126.972062727797905, 37.54447674829003 ], [ 126.972001469564944, 37.544525495511529 ], [ 126.972001443775, 37.544594455005033 ], [ 126.972062665671643, 37.544643231234623 ], [ 126.972149272298296, 37.544643251692968 ], [ 126.972210530531456, 37.544594504395761 ], [ 126.972210556128786, 37.544525544902129 ] ] ], [ [ [ 126.972660567448543, 37.552775544556411 ], [ 126.972599338513746, 37.55272676870139 ], [ 126.972512722533551, 37.552726748569476 ], [ 126.972451457838233, 37.552775495953568 ], [ 126.97245143245523, 37.552844455350751 ], [ 126.9725126613898, 37.552893231281494 ], [ 126.972599277562665, 37.552893251413543 ], [ 126.972660542258211, 37.552844503953715 ], [ 126.972660567448543, 37.552775544556411 ] ] ], [ [ [ 126.969873569340635, 37.553212547027933 ], [ 126.969812341865818, 37.553163769731938 ], [ 126.969725725382034, 37.553163747555359 ], [ 126.969664458514472, 37.553212493488836 ], [ 126.969664430563128, 37.553281452879212 ], [ 126.969725658037703, 37.553330230250943 ], [ 126.969812274714187, 37.553330252427649 ], [ 126.969873541581947, 37.553281506418436 ], [ 126.969873569340635, 37.553212547027933 ] ] ], [ [ [ 126.988641513725412, 37.519559530200134 ], [ 126.988580301523598, 37.519510762359417 ], [ 126.988493723944558, 37.519510753956872 ], [ 126.98843249682389, 37.519559509914558 ], [ 126.988432486178468, 37.519628469707179 ], [ 126.988493698380196, 37.519677237623526 ], [ 126.988580276151581, 37.51967724602612 ], [ 126.988641503272333, 37.519628489992812 ], [ 126.988641513725412, 37.519559530200134 ] ] ], [ [ [ 126.97483752383765, 37.522260542434132 ], [ 126.974776318418094, 37.522211767463851 ], [ 126.974689737724802, 37.522211748941643 ], [ 126.974628499417662, 37.52226049771749 ], [ 126.974628476066286, 37.522329457473127 ], [ 126.974689681485629, 37.52237823251906 ], [ 126.974776262371279, 37.522378251041381 ], [ 126.974837500678618, 37.522329502189891 ], [ 126.97483752383765, 37.522260542434132 ] ] ], [ [ [ 126.973510524631379, 37.522392543609584 ], [ 126.973449319968324, 37.522343767953018 ], [ 126.973362739123431, 37.522343748457978 ], [ 126.973301499845348, 37.522392496544313 ], [ 126.973301475272521, 37.522461456297691 ], [ 126.973362679935363, 37.522510232029909 ], [ 126.973449260972671, 37.522510251525048 ], [ 126.973510500250924, 37.522461503363076 ], [ 126.973510524631379, 37.522392543609584 ] ] ], [ [ [ 127.009273517952508, 37.529395511999844 ], [ 127.00921228428416, 37.529346754935268 ], [ 127.009125695337232, 37.529346761657777 ], [ 127.009064473606372, 37.529395528229436 ], [ 127.009064481951256, 37.529464487907468 ], [ 127.009125715619646, 37.52951324504771 ], [ 127.009212304759046, 37.529513238325166 ], [ 127.009273526489849, 37.529464471677841 ], [ 127.009273517952508, 37.529395511999844 ] ] ], [ [ [ 126.994406531855901, 37.534453525187416 ], [ 126.994345303730825, 37.534404760456397 ], [ 126.994258708935618, 37.534404756278278 ], [ 126.994197473390756, 37.534453515100516 ], [ 126.994197468047872, 37.534522474719857 ], [ 126.994258696172892, 37.534571239526535 ], [ 126.994345291160613, 37.53457124370469 ], [ 126.994406526705532, 37.534522484806779 ], [ 126.994406531855901, 37.534453525187416 ] ] ], [ [ [ 126.986799535616868, 37.53464053192247 ], [ 126.986738312293127, 37.534591763249857 ], [ 126.986651717283607, 37.534591753493778 ], [ 126.986590476634305, 37.534640508369165 ], [ 126.986590464286962, 37.534709467984776 ], [ 126.986651687610589, 37.534758236733069 ], [ 126.986738282812595, 37.534758246489204 ], [ 126.986799523461997, 37.534709491538131 ], [ 126.986799535616868, 37.53464053192247 ] ] ], [ [ [ 126.974131798106683, 37.535491549025068 ], [ 126.974064873610132, 37.535447786835327 ], [ 126.973978692252203, 37.53545452710069 ], [ 126.973923737769965, 37.535507821475484 ], [ 126.973932201780229, 37.535576450890247 ], [ 126.973999126314126, 37.535620213154225 ], [ 126.974085307860904, 37.535613472874218 ], [ 126.974140262305795, 37.535560178425186 ], [ 126.974131798106683, 37.535491549025068 ] ] ], [ [ [ 127.001824787870319, 37.539588525650998 ], [ 127.001757843527258, 37.539544779184602 ], [ 127.001671659944847, 37.539551539654965 ], [ 127.001616722163277, 37.539604846880678 ], [ 127.001625212016464, 37.539673474264404 ], [ 127.001692156397098, 37.539717220805024 ], [ 127.001778340168329, 37.539710460319881 ], [ 127.001833277912326, 37.539657153019931 ], [ 127.001824787870319, 37.539588525650998 ] ] ] ] } },
{ "type": "Feature", "properties": { "dataset_id": "07", "type": "radius", "radius_m": 10, "label": "07 radius 10m" }, "geometry": { "type": "MultiPolygon", "coordinates": [ [ [ [ 126.959117684699564, 37.517300160861517 ], [ 126.959037714249632, 37.517273743375327 ], [ 126.95895771495006, 37.517300105383477 ], [ 126.958924549209257, 37.517363804416846 ], [ 126.958957645164418, 37.517427526483488 ], [ 126.959037615750148, 37.517453944023273 ], [ 126.959117615185932, 37.517427581961776 ], [ 126.959150780790921, 37.517363882874811 ], [ 126.959117684699564, 37.517300160861517 ] ] ], [ [ [ 126.958685202729612, 37.517452494256489 ], [ 126.958605232269875, 37.517426076478166 ], [ 126.958525232655774, 37.517452438192514 ], [ 126.958492066479963, 37.51751613710254 ], [ 126.958525162134379, 37.517579859288524 ], [ 126.958605132729886, 37.517606277120457 ], [ 126.958685132480213, 37.517579915352755 ], [ 126.958718298520253, 37.517516216389147 ], [ 126.958685202729612, 37.517452494256489 ] ] ], [ [ [ 126.959575394257982, 37.52380036782553 ], [ 126.959495416710752, 37.52377395067424 ], [ 126.959415410629575, 37.523800312959345 ], [ 126.959382242395378, 37.523864012049479 ], [ 126.959415341605961, 37.523927733919479 ], [ 126.959495319289047, 37.523954151124379 ], [ 126.959575325506478, 37.523927788785919 ], [ 126.959608493604847, 37.52386408964216 ], [ 126.959575394257982, 37.52380036782553 ] ] ], [ [ [ 126.956245903300641, 37.525965589808138 ], [ 126.956165924618915, 37.52593917041122 ], [ 126.95608591505534, 37.525965530429033 ], [ 126.956052743030725, 37.526029228558357 ], [ 126.956085840363286, 37.526092951336864 ], [ 126.956165819180853, 37.526119370787399 ], [ 126.956245828880739, 37.526093010716238 ], [ 126.956279000769499, 37.526029312533282 ], [ 126.956245903300641, 37.525965589808138 ] ] ], [ [ [ 126.956403083823275, 37.526111625903212 ], [ 126.956323104930149, 37.52608520661326 ], [ 126.956243095265748, 37.526111566736837 ], [ 126.95620992330997, 37.526175264908773 ], [ 126.956243020840674, 37.526238987641769 ], [ 126.956322999869627, 37.526265406985367 ], [ 126.956403009670325, 37.526239046808421 ], [ 126.956436181490261, 37.526175348582861 ], [ 126.956403083823275, 37.526111625903212 ] ] ], [ [ [ 126.954932372298785, 37.527633270942282 ], [ 126.954849525828138, 37.527613221356617 ], [ 126.954780603082014, 37.527639150862996 ], [ 126.954747429205327, 37.52770284860641 ], [ 126.95478052616518, 37.527766571732364 ], [ 126.954871595398203, 37.527792562441014 ], [ 126.954953184741896, 37.527754498546237 ], [ 126.954992176524485, 37.527806059236546 ], [ 126.955052845578493, 37.52782610028342 ], [ 126.955143946063117, 37.527800179044327 ], [ 126.95517711964591, 37.527736481190409 ], [ 126.955144022361864, 37.527672758175051 ], [ 126.955052953179688, 37.527646767675982 ], [ 126.954971364004024, 37.527684831640485 ], [ 126.954932372298785, 37.527633270942282 ] ] ], [ [ [ 126.954422905133981, 37.529677795377836 ], [ 126.954340056539394, 37.529657745440339 ], [ 126.954263671763613, 37.529690223247357 ], [ 126.954238495896476, 37.529756203784416 ], [ 126.954279276732521, 37.529817036577604 ], [ 126.954362125486938, 37.529837086557286 ], [ 126.954438510369954, 37.529804608687485 ], [ 126.954463686077247, 37.52973862810822 ], [ 126.954422905133981, 37.529677795377836 ] ] ], [ [ [ 126.953019293556792, 37.530010356736355 ], [ 126.952936444971257, 37.529990305815339 ], [ 126.95286005924855, 37.530022782712066 ], [ 126.952834882033258, 37.530088762945269 ], [ 126.952875661909644, 37.530149596219054 ], [ 126.952958510655037, 37.530169647182262 ], [ 126.953034896484965, 37.530137170222758 ], [ 126.953060073540428, 37.530071189947343 ], [ 126.953019293556792, 37.530010356736355 ] ] ], [ [ [ 126.954686582253814, 37.530107350913319 ], [ 126.954606599702473, 37.530080930476494 ], [ 126.954526585165908, 37.530107289416151 ], [ 126.95449340997807, 37.53017098706065 ], [ 126.954526507810129, 37.530234710231696 ], [ 126.954606490497312, 37.530261130722145 ], [ 126.954686505170187, 37.530234771729127 ], [ 126.954719680222169, 37.530171074030982 ], [ 126.954686582253814, 37.530107350913319 ] ] ], [ [ [ 126.956191019816089, 37.531921692113748 ], [ 126.956111034796265, 37.531895272702378 ], [ 126.956031018849259, 37.531921632652313 ], [ 126.955997844135226, 37.53198533070011 ], [ 126.956030944047811, 37.532049053431216 ], [ 126.956110929203504, 37.532075472896231 ], [ 126.956190945286821, 37.532049112892935 ], [ 126.956224119864999, 37.531985414791492 ], [ 126.956191019816089, 37.531921692113748 ] ] ], [ [ [ 126.953602571568254, 37.532064967271133 ], [ 126.953522587310331, 37.532038546107806 ], [ 126.953442570301078, 37.532064904302608 ], [ 126.953409393322872, 37.532128601620244 ], [ 126.953442491095643, 37.532192325073865 ], [ 126.953522475489407, 37.53221874629083 ], [ 126.953602492635028, 37.532192388042667 ], [ 126.953635669477379, 37.532128690671378 ], [ 126.953602571568254, 37.532064967271133 ] ] ], [ [ [ 126.955682071359021, 37.532068734541141 ], [ 126.955599219782499, 37.532048685493187 ], [ 126.955522833112497, 37.532081164100219 ], [ 126.955497657548477, 37.532147144879119 ], [ 126.955538440707457, 37.532207977214306 ], [ 126.955621292443809, 37.532228026304452 ], [ 126.955697679221032, 37.532195547634622 ], [ 126.955722854625222, 37.532129566813531 ], [ 126.955682071359021, 37.532068734541141 ] ] ], [ [ [ 126.950084487075202, 37.532190388950198 ], [ 126.950001636866887, 37.532170335976637 ], [ 126.94992524764946, 37.532202810960619 ], [ 126.949900067114669, 37.532268790541387 ], [ 126.949940845791247, 37.532329624805207 ], [ 126.950023696159406, 37.532349677820989 ], [ 126.950100085484081, 37.532317202774195 ], [ 126.950125265859057, 37.532251223151214 ], [ 126.950084487075202, 37.532190388950198 ] ] ], [ [ [ 126.9545936008832, 37.532305092801678 ], [ 126.954513616018659, 37.532278672310213 ], [ 126.954433599100838, 37.532305031175483 ], [ 126.954400422858569, 37.532368728769413 ], [ 126.954433521580725, 37.532432451943315 ], [ 126.954513506581137, 37.532458872488405 ], [ 126.954593523635282, 37.53243251356978 ], [ 126.954626699741681, 37.532368815922197 ], [ 126.9545936008832, 37.532305092801678 ] ] ], [ [ [ 126.955998240989217, 37.532678461453209 ], [ 126.955918255229619, 37.53265204191419 ], [ 126.955838238406159, 37.532678401729562 ], [ 126.9558050631924, 37.532742099714717 ], [ 126.955838163274692, 37.53280582249176 ], [ 126.955918149170159, 37.532832242084432 ], [ 126.955998166129959, 37.53280588221569 ], [ 126.956031341207861, 37.532742184176904 ], [ 126.955998240989217, 37.532678461453209 ] ] ], [ [ [ 126.958405251383709, 37.532715373721061 ], [ 126.958325264734086, 37.532688955811906 ], [ 126.95824524871675, 37.532715317258479 ], [ 126.958212075533055, 37.532779015920632 ], [ 126.958245177680183, 37.532842738023909 ], [ 126.958325164465677, 37.532869155986702 ], [ 126.958405180619337, 37.532842794486761 ], [ 126.958438353667177, 37.532779095770962 ], [ 126.958405251383709, 37.532715373721061 ] ] ], [ [ [ 126.950613376711402, 37.532948150037662 ], [ 126.95053052552305, 37.532928097437029 ], [ 126.950454135761348, 37.532960572758562 ], [ 126.95042895543682, 37.533026552443751 ], [ 126.950469734955078, 37.533087386517714 ], [ 126.95055258630326, 37.533107439160588 ], [ 126.950628976172212, 37.533074963776265 ], [ 126.95065415633691, 37.533008984048855 ], [ 126.950613376711402, 37.532948150037662 ] ] ], [ [ [ 126.958408187907352, 37.532986494693191 ], [ 126.958325334584288, 37.532966447559829 ], [ 126.958248948158314, 37.532998927925227 ], [ 126.958223774686033, 37.533064909276263 ], [ 126.958264560559115, 37.533125740662214 ], [ 126.95834741404208, 37.533145787837761 ], [ 126.958423800575247, 37.533113307409558 ], [ 126.958448973887656, 37.53304732601633 ], [ 126.958408187907352, 37.532986494693191 ] ] ], [ [ [ 126.950907812405845, 37.53304522151042 ], [ 126.950827828054088, 37.533018798526335 ], [ 126.950747809050867, 37.533045154889521 ], [ 126.950714629346578, 37.533108851437603 ], [ 126.95074772525804, 37.533172575634538 ], [ 126.95082770974561, 37.53319899867229 ], [ 126.950907728885213, 37.533172642255749 ], [ 126.950940908453688, 37.533108945654007 ], [ 126.950907812405845, 37.53304522151042 ] ] ], [ [ [ 126.950464968764251, 37.53368301361823 ], [ 126.950384983888213, 37.533656590336697 ], [ 126.950304964047803, 37.533682946396368 ], [ 126.95027178368386, 37.533746642812666 ], [ 126.950304879499626, 37.533810367126733 ], [ 126.950384864511506, 37.533836790461933 ], [ 126.950464884488284, 37.533810434348901 ], [ 126.950498064716399, 37.53374673787895 ], [ 126.950464968764251, 37.53368301361823 ] ] ], [ [ [ 126.958404840071324, 37.533732032932988 ], [ 126.958324852336418, 37.533705615027472 ], [ 126.958244835232435, 37.533731976468552 ], [ 126.958211661597247, 37.533795675119322 ], [ 126.958244764192528, 37.533859397211991 ], [ 126.958324752063334, 37.533885815171153 ], [ 126.958404769303669, 37.533859453676683 ], [ 126.958437942802959, 37.533795754972282 ], [ 126.958404840071324, 37.533732032932988 ] ] ], [ [ [ 126.950762567808141, 37.533818300557733 ], [ 126.950679715617426, 37.533798248064002 ], [ 126.950603325032347, 37.533830723476633 ], [ 126.950578144545787, 37.533896703183792 ], [ 126.950618924658301, 37.533957537197679 ], [ 126.950701777008888, 37.533977589733631 ], [ 126.950778167701202, 37.533945114258188 ], [ 126.950803348027904, 37.533879134508823 ], [ 126.950762567808141, 37.533818300557733 ] ] ], [ [ [ 126.949394822900629, 37.53394538249205 ], [ 126.949311970936648, 37.533925329039356 ], [ 126.949235579629828, 37.53395780356604 ], [ 126.949210397895811, 37.534023782979226 ], [ 126.949251176965859, 37.534084617463364 ], [ 126.949334029089655, 37.534104670958278 ], [ 126.949410420503753, 37.534072196368797 ], [ 126.949435602077926, 37.534006216913376 ], [ 126.949394822900629, 37.53394538249205 ] ] ], [ [ [ 126.958259868456594, 37.533977080334104 ], [ 126.958179880511295, 37.533950662331371 ], [ 126.958099863094461, 37.533977023672939 ], [ 126.958066689227266, 37.534040722280203 ], [ 126.958099791807285, 37.53410444441085 ], [ 126.958179779888482, 37.534130862467222 ], [ 126.958259797441642, 37.534104501072271 ], [ 126.958292971172966, 37.534040802411376 ], [ 126.958259868456594, 37.533977080334104 ] ] ], [ [ [ 126.951476211804788, 37.534430426440856 ], [ 126.951429066504147, 37.534407897037369 ], [ 126.951374151835381, 37.534405726007599 ], [ 126.951324436266191, 37.534424426054791 ], [ 126.951292401491045, 37.53445833502721 ], [ 126.951235692938027, 37.534417120591762 ], [ 126.951159554238743, 37.53441411034683 ], [ 126.951092587003942, 37.53445783014817 ], [ 126.951084054402727, 37.534526454167938 ], [ 126.951112296479309, 37.534564021565771 ], [ 126.951170210841354, 37.534588703979693 ], [ 126.951245624178867, 37.534579827482126 ], [ 126.951296107119276, 37.534536113260472 ], [ 126.951352815795573, 37.534577327666156 ], [ 126.951428954668685, 37.534580337786529 ], [ 126.951476129247055, 37.534557847157288 ], [ 126.951507123580683, 37.534511727166525 ], [ 126.951504454041995, 37.534467993745629 ], [ 126.951476211804788, 37.534430426440856 ] ] ], [ [ [ 126.948315305178824, 37.534544812356849 ], [ 126.948232452841822, 37.534524758148549 ], [ 126.948156060456014, 37.534557231972848 ], [ 126.948130877569056, 37.534623211148265 ], [ 126.948171656087609, 37.53468404599856 ], [ 126.948254508584441, 37.534704100249066 ], [ 126.948330901077526, 37.534671626361998 ], [ 126.94835608380464, 37.534605647144339 ], [ 126.948315305178824, 37.534544812356849 ] ] ], [ [ [ 126.94864012971982, 37.534797610162229 ], [ 126.948568367176165, 37.534777127156353 ], [ 126.948496576542155, 37.534797547643208 ], [ 126.948457349187493, 37.534849601173512 ], [ 126.948463751804624, 37.534901661423319 ], [ 126.948524950437829, 37.534950449920352 ], [ 126.948607944508851, 37.534951512011773 ], [ 126.948626653556786, 37.534996257214438 ], [ 126.948667372911856, 37.535025679171113 ], [ 126.948764003044573, 37.53502950157695 ], [ 126.948825268618151, 37.534980766336098 ], [ 126.948825315739725, 37.534911806749356 ], [ 126.948764116942215, 37.534863018407542 ], [ 126.948681122966903, 37.534861956425942 ], [ 126.94864012971982, 37.534797610162229 ] ] ], [ [ [ 126.953722555280265, 37.535256706526518 ], [ 126.953642567572416, 37.535230285456457 ], [ 126.953562547194011, 37.535256643716025 ], [ 126.953529368901016, 37.535320341031969 ], [ 126.953562468183577, 37.535384064418444 ], [ 126.95364245602731, 37.535410485542151 ], [ 126.953722476542097, 37.535384127229236 ], [ 126.953755654699222, 37.535320429859617 ], [ 126.953722555280265, 37.535256706526518 ] ] ], [ [ [ 126.953462272195296, 37.535344451804086 ], [ 126.953382284485755, 37.535318030558138 ], [ 126.95330226392214, 37.535344388640823 ], [ 126.953269085368902, 37.535408085882516 ], [ 126.953302184468598, 37.535471809340869 ], [ 126.953382172314008, 37.535498230640492 ], [ 126.953462193014019, 37.535471872504431 ], [ 126.953495371431373, 37.535408175209085 ], [ 126.953462272195296, 37.535344451804086 ] ] ], [ [ [ 126.955029384292018, 37.535638703782837 ], [ 126.954979691323118, 37.535619964324646 ], [ 126.954924773074723, 37.535622091806665 ], [ 126.954877598859881, 37.535644583809685 ], [ 126.954849309202075, 37.535682128693665 ], [ 126.954846584934984, 37.535725859968267 ], [ 126.954869374253306, 37.535764702957223 ], [ 126.954838851929821, 37.535803857684492 ], [ 126.954836127652129, 37.535847588957949 ], [ 126.954867064846809, 37.535893733497559 ], [ 126.954914212118041, 37.535916261524164 ], [ 126.955000395710258, 37.535909535173332 ], [ 126.955055363945988, 37.535856249616202 ], [ 126.955058088095981, 37.535812518337671 ], [ 126.955035298665237, 37.535773675385371 ], [ 126.955062075262262, 37.535742844315074 ], [ 126.955070168968959, 37.535699536244664 ], [ 126.955029384292018, 37.535638703782837 ] ] ], [ [ [ 126.958073815015126, 37.53659538679031 ], [ 126.957993824339866, 37.536568968671645 ], [ 126.957913804059189, 37.536595329873705 ], [ 126.95788062887182, 37.536659028399576 ], [ 126.957913732448731, 37.536722750554674 ], [ 126.957993723259889, 37.536749168726978 ], [ 126.95807374367692, 37.536722807471541 ], [ 126.958106918728362, 37.536659108892025 ], [ 126.958073815015126, 37.53659538679031 ] ] ], [ [ [ 126.95767325805754, 37.536690779463108 ], [ 126.957593267421998, 37.536664361073569 ], [ 126.9575132468986, 37.536690722003634 ], [ 126.957480071328291, 37.536754420415711 ], [ 126.957513174606319, 37.536818142681874 ], [ 126.957593165377759, 37.536844561125051 ], [ 126.957673186037511, 37.53681820014161 ], [ 126.957706361471921, 37.536754501675873 ], [ 126.95767325805754, 37.536690779463108 ] ] ], [ [ [ 126.959613804147821, 37.537007940950488 ], [ 126.959533812487777, 37.536981523876221 ], [ 126.959453792307258, 37.53700788611998 ], [ 126.959420618246313, 37.537071585074685 ], [ 126.959453723316059, 37.537135306794497 ], [ 126.959533715112016, 37.537161723922424 ], [ 126.959613735428889, 37.537135361625253 ], [ 126.959646909353907, 37.537071662616917 ], [ 126.959613804147821, 37.537007940950488 ] ] ], [ [ [ 126.959268649836474, 37.537079590320182 ], [ 126.959185791755118, 37.537059543801618 ], [ 126.959109401525211, 37.537092024698758 ], [ 126.959084227431632, 37.537158006186999 ], [ 126.959125016229976, 37.537218837235244 ], [ 126.959207874471261, 37.537238883795993 ], [ 126.95928426480836, 37.537206402836027 ], [ 126.959309438742054, 37.537140421305587 ], [ 126.959268649836474, 37.537079590320182 ] ] ], [ [ [ 126.959190837966915, 37.538077767279894 ], [ 126.959107978802209, 37.538057720709503 ], [ 126.959031587519945, 37.53809020155019 ], [ 126.959006413021413, 37.538156183010422 ], [ 126.959047202299502, 37.538217014075514 ], [ 126.959130061624123, 37.538237060688111 ], [ 126.959206453013607, 37.538204579784605 ], [ 126.959231627352224, 37.538138598282153 ], [ 126.959190837966915, 37.538077767279894 ] ] ], [ [ [ 126.955468180375775, 37.53813462377547 ], [ 126.955388188977849, 37.53810820389829 ], [ 126.955308166136334, 37.538134563326231 ], [ 126.95527498805005, 37.538198261101627 ], [ 126.955308090088081, 37.538261983969498 ], [ 126.955388081621905, 37.538288403900324 ], [ 126.955468104599831, 37.538262044419014 ], [ 126.955501282550188, 37.538198346589958 ], [ 126.955468180375775, 37.53813462377547 ] ] ], [ [ [ 126.959558680295629, 37.538504644004988 ], [ 126.959478687056745, 37.538478226899159 ], [ 126.959398665256955, 37.53850458909794 ], [ 126.959365490484913, 37.538568288020564 ], [ 126.959398596168256, 37.538632009739992 ], [ 126.959478589543068, 37.538658426899467 ], [ 126.959558611479196, 37.538632064647302 ], [ 126.959591786115311, 37.538568365671033 ], [ 126.959558680295629, 37.538504644004988 ] ] ], [ [ [ 126.956376608285339, 37.538958575168685 ], [ 126.956318688826499, 37.538933895323083 ], [ 126.956263768185067, 37.538936023425087 ], [ 126.956152110088681, 37.539004850606119 ], [ 126.956118932333737, 37.539068548609421 ], [ 126.956152035474162, 37.539132271232006 ], [ 126.956209955031355, 37.539156951158589 ], [ 126.956264875836339, 37.539154823081795 ], [ 126.95637653405295, 37.539085995795965 ], [ 126.956409711596606, 37.539022297720344 ], [ 126.956376608285339, 37.538958575168685 ] ] ], [ [ [ 126.957290358754108, 37.539561732855766 ], [ 126.957210365188004, 37.539535314217936 ], [ 126.957130341461081, 37.539561674873717 ], [ 126.957097164290857, 37.539625373146201 ], [ 126.957130268509744, 37.539689095489209 ], [ 126.957210262211746, 37.539715514180685 ], [ 126.957290286075036, 37.539689153471528 ], [ 126.957323463109361, 37.539625455145384 ], [ 126.957290358754108, 37.539561732855766 ] ] ], [ [ [ 126.957765992116791, 37.539624268033833 ], [ 126.95768599831581, 37.539597849718341 ], [ 126.957605974689159, 37.539624210696218 ], [ 126.957572797895637, 37.539687909101886 ], [ 126.95760590254703, 37.539751631311141 ], [ 126.957685896483966, 37.539778049680294 ], [ 126.95776592024697, 37.539751688649034 ], [ 126.957799096904566, 37.539687990189719 ], [ 126.957765992116791, 37.539624268033833 ] ] ], [ [ [ 126.9575139111261, 37.539713121505848 ], [ 126.957433917319321, 37.539686703019996 ], [ 126.957353893509108, 37.539713063826525 ], [ 126.95732071646178, 37.539776762160265 ], [ 126.957353820937783, 37.539840484439125 ], [ 126.957433814880488, 37.539866902978638 ], [ 126.957513838827083, 37.539840542118704 ], [ 126.957547015738484, 37.539776843731318 ], [ 126.9575139111261, 37.539713121505848 ] ] ], [ [ [ 126.958623853760173, 37.540230289851699 ], [ 126.958540992366252, 37.540210242889465 ], [ 126.958464598641513, 37.54024272335004 ], [ 126.958439422918005, 37.540308704664575 ], [ 126.95848021290621, 37.540369535903693 ], [ 126.958563074460073, 37.540389582908126 ], [ 126.958639468292048, 37.540357102384725 ], [ 126.958664643855641, 37.540291121027984 ], [ 126.958623853760173, 37.540230289851699 ] ] ], [ [ [ 126.958536532164871, 37.540567269309044 ], [ 126.958453670421548, 37.540547222286477 ], [ 126.958377276315019, 37.540579702688483 ], [ 126.958352100400987, 37.5406456839805 ], [ 126.958392890501571, 37.54070651524637 ], [ 126.958475752404809, 37.54072656231115 ], [ 126.958552146618572, 37.540694081846318 ], [ 126.958577322372662, 37.54062810051208 ], [ 126.958536532164871, 37.540567269309044 ] ] ], [ [ [ 126.958646351962116, 37.543076491076171 ], [ 126.958566354162699, 37.543050073370125 ], [ 126.958486327154532, 37.543076434927116 ], [ 126.958453149577224, 37.543140133542309 ], [ 126.9584862565017, 37.543203855468803 ], [ 126.958566254437073, 37.543230273228502 ], [ 126.958646281581636, 37.543203911618129 ], [ 126.958679459022974, 37.543140212949261 ], [ 126.958646351962116, 37.543076491076171 ] ] ], [ [ [ 126.957748490319545, 37.543725363292722 ], [ 126.957668492144435, 37.543698944981102 ], [ 126.957588464126914, 37.543725305926074 ], [ 126.957555285497847, 37.543789004281351 ], [ 126.957588391944299, 37.543852726452258 ], [ 126.957668390255392, 37.543879144817538 ], [ 126.957748418409281, 37.543852783819169 ], [ 126.957781596902407, 37.543789085410225 ], [ 126.957748490319545, 37.543725363292722 ] ] ], [ [ [ 126.957708745918424, 37.543973123822511 ], [ 126.957628747492691, 37.54394670548492 ], [ 126.957548719196282, 37.543973066401684 ], [ 126.957515540423429, 37.544036764743034 ], [ 126.957548646945398, 37.544100486922446 ], [ 126.957628645507086, 37.544126905313689 ], [ 126.957708673939905, 37.544100544343536 ], [ 126.957741852576802, 37.544036845948526 ], [ 126.957708745918424, 37.543973123822511 ] ] ], [ [ [ 126.958558725632045, 37.545449415556043 ], [ 126.958475858480483, 37.545429368562431 ], [ 126.958399459399843, 37.545461848948882 ], [ 126.958374281859534, 37.545527830189982 ], [ 126.958415074634345, 37.545588661399378 ], [ 126.958497941945879, 37.545608708435182 ], [ 126.958574341133797, 37.54557622798589 ], [ 126.95859951851412, 37.545510246702591 ], [ 126.958558725632045, 37.545449415556043 ] ] ], [ [ [ 126.959264710323083, 37.545811000530705 ], [ 126.959181842581842, 37.545790954033428 ], [ 126.959105443437934, 37.54582343487462 ], [ 126.959080266397834, 37.545889416262483 ], [ 126.959121059943286, 37.545950247224717 ], [ 126.959203927844484, 37.545970293764206 ], [ 126.959280327095698, 37.54593781286016 ], [ 126.959305503975827, 37.545871831430098 ], [ 126.959264710323083, 37.545811000530705 ] ] ], [ [ [ 126.961423521579363, 37.521172310742443 ], [ 126.961343546183784, 37.521145894832046 ], [ 126.9612635435588, 37.521172258382776 ], [ 126.961230378060776, 37.521235958021869 ], [ 126.961263477684625, 37.521299679402603 ], [ 126.961343453216017, 37.521326095366597 ], [ 126.96142345597724, 37.521299731762504 ], [ 126.961456621339451, 37.521236032069794 ], [ 126.961423521579363, 37.521172310742443 ] ] ], [ [ [ 126.960896174328511, 37.521267088501048 ], [ 126.960816199018083, 37.52124067223405 ], [ 126.960736196106637, 37.521267035426995 ], [ 126.960703030118367, 37.521330734916717 ], [ 126.960736129335444, 37.521394456443971 ], [ 126.960816104781699, 37.521420872764573 ], [ 126.96089610782937, 37.521394509518274 ], [ 126.960929273681813, 37.521330809974948 ], [ 126.960896174328511, 37.521267088501048 ] ] ], [ [ [ 126.966089639661703, 37.521495851082712 ], [ 126.966009662273351, 37.521469438332332 ], [ 126.965929660942081, 37.521495805042903 ], [ 126.965896499266449, 37.521559505990702 ], [ 126.965929603002309, 37.521623226062346 ], [ 126.966009580526503, 37.521649638866315 ], [ 126.96608958199397, 37.52162327210236 ], [ 126.966122743533788, 37.52155957110098 ], [ 126.966089639661703, 37.521495851082712 ] ] ], [ [ [ 126.959852777645125, 37.523376581495071 ], [ 126.95976993456047, 37.523356535348405 ], [ 126.95969355856262, 37.523389016707235 ], [ 126.959668389599528, 37.523454998476467 ], [ 126.959709171421423, 37.523515829460372 ], [ 126.959792014665879, 37.523535875649202 ], [ 126.959868390770865, 37.523503394227589 ], [ 126.959893559574141, 37.523437412416179 ], [ 126.959852777645125, 37.523376581495071 ] ] ], [ [ [ 126.963192753322133, 37.523980318070301 ], [ 126.963109908674397, 37.523960274267601 ], [ 126.963033533507001, 37.523992757783404 ], [ 126.963008367281475, 37.524058740259115 ], [ 126.963049152144421, 37.524119570085148 ], [ 126.963131996951972, 37.524139613930018 ], [ 126.963208372226447, 37.524107130351418 ], [ 126.963233538292158, 37.524041147833536 ], [ 126.963192753322133, 37.523980318070301 ] ] ], [ [ [ 126.963264863896512, 37.524242377328967 ], [ 126.963184884574531, 37.524215962677069 ], [ 126.963104879317271, 37.524242327459909 ], [ 126.963071714023044, 37.524306027583002 ], [ 126.963104816567466, 37.524369748416063 ], [ 126.963184796025317, 37.524396163121537 ], [ 126.963264801418816, 37.524369798285335 ], [ 126.963297966577187, 37.524306098108646 ], [ 126.963264863896512, 37.524242377328967 ] ] ], [ [ [ 126.963650737977275, 37.524905300574879 ], [ 126.96357075781151, 37.524878886186826 ], [ 126.963490751981695, 37.524905251227786 ], [ 126.963457586721546, 37.524968951452067 ], [ 126.963490689886683, 37.525032672170134 ], [ 126.963570670188332, 37.525059086611805 ], [ 126.963650676154373, 37.525032721517455 ], [ 126.963683841278666, 37.524969021239563 ], [ 126.963650737977275, 37.524905300574879 ] ] ], [ [ [ 126.966094993972277, 37.525533597124827 ], [ 126.966015012272848, 37.525507184394066 ], [ 126.965935006630787, 37.525533551088074 ], [ 126.965901843169789, 37.525597251992835 ], [ 126.96593494869164, 37.525660972020198 ], [ 126.966014930526981, 37.525687384804549 ], [ 126.966094936305296, 37.525661018057157 ], [ 126.966128099630396, 37.5255973170988 ], [ 126.966094993972277, 37.525533597124827 ] ] ], [ [ [ 126.964650575219125, 37.527161301122504 ], [ 126.964567726663503, 37.5271412583512 ], [ 126.964491348883371, 37.527173742790843 ], [ 126.964466182870694, 37.527239725541676 ], [ 126.964506970647392, 37.527300554832962 ], [ 126.964589819362857, 37.527320597646415 ], [ 126.964666197250125, 37.527288113143968 ], [ 126.964691363102972, 37.527222130350971 ], [ 126.964650575219125, 37.527161301122504 ] ] ], [ [ [ 126.964831422381764, 37.527505988316719 ], [ 126.96474857339652, 37.527485945673241 ], [ 126.964672195343169, 37.527518430227786 ], [ 126.964647029373694, 37.527584413013322 ], [ 126.964687817484759, 37.527645242238762 ], [ 126.96477066662986, 37.527665284924403 ], [ 126.964847044790346, 37.527632800307032 ], [ 126.964872210599964, 37.52756681747934 ], [ 126.964831422381764, 37.527505988316719 ] ] ], [ [ [ 126.965697025834572, 37.528269312825678 ], [ 126.965617041355543, 37.5282428998363 ], [ 126.965537032651113, 37.528269266246951 ], [ 126.965503867638901, 37.528332967009618 ], [ 126.96553697402932, 37.528396687119368 ], [ 126.965616958644247, 37.528423100162357 ], [ 126.965696967484931, 37.528396733698308 ], [ 126.965730132361273, 37.528333032882038 ], [ 126.965697025834572, 37.528269312825678 ] ] ], [ [ [ 126.965902490830416, 37.528802925392405 ], [ 126.965822505709227, 37.528776512544248 ], [ 126.965742496506905, 37.528802879091458 ], [ 126.965709331432748, 37.528866579906023 ], [ 126.965742438233463, 37.528930299952606 ], [ 126.965822423490579, 37.52895671285436 ], [ 126.965902432829168, 37.528930346253766 ], [ 126.965935597767412, 37.528866645385591 ], [ 126.965902490830416, 37.528802925392405 ] ] ], [ [ [ 126.964294598941194, 37.531744219916035 ], [ 126.964214611247783, 37.53171780599078 ], [ 126.964134598337708, 37.53174417143363 ], [ 126.964101430592137, 37.531807871763498 ], [ 126.964134537322707, 37.531871592228967 ], [ 126.964214525152002, 37.531898006207832 ], [ 126.964294538198402, 37.531871640711593 ], [ 126.96432770580806, 37.531807940328122 ], [ 126.964294598941194, 37.531744219916035 ] ] ], [ [ [ 126.963132200755368, 37.532087062807086 ], [ 126.963049347159767, 37.532067018984733 ], [ 126.962972963697439, 37.532099502412244 ], [ 126.96294779468893, 37.532165484782773 ], [ 126.962988583911084, 37.532226314548339 ], [ 126.963071437666585, 37.532246358412877 ], [ 126.963147821236078, 37.53221387492254 ], [ 126.963172990084729, 37.53214789250984 ], [ 126.963132200755368, 37.532087062807086 ] ] ], [ [ [ 126.963953808007773, 37.532520373612449 ], [ 126.963870953712572, 37.532500330367618 ], [ 126.963794570164097, 37.532532814324085 ], [ 126.963769401733302, 37.532598796865173 ], [ 126.963810191858684, 37.532659626342976 ], [ 126.963893046313771, 37.532679669629992 ], [ 126.963969429969424, 37.532647185610678 ], [ 126.963994598240333, 37.532581203027434 ], [ 126.963953808007773, 37.532520373612449 ] ] ], [ [ [ 126.963748213303575, 37.532771194798229 ], [ 126.963668224706694, 37.532744780507038 ], [ 126.963588210507183, 37.532771145574422 ], [ 126.963555041841516, 37.532834845739252 ], [ 126.963588148560362, 37.532898566346773 ], [ 126.963668137293141, 37.532924980691583 ], [ 126.963748151628948, 37.532898615570808 ], [ 126.963781320158716, 37.53283491535236 ], [ 126.963748213303575, 37.532771194798229 ] ] ], [ [ [ 126.962249008315453, 37.532993722817437 ], [ 126.962169020010592, 37.532967307511974 ], [ 126.96208900504638, 37.532993671562188 ], [ 126.962055835007277, 37.533057371302803 ], [ 126.962088940548469, 37.533121092327562 ], [ 126.962168928989229, 37.53314750768665 ], [ 126.962248944089751, 37.533121143583038 ], [ 126.962282113992913, 37.533057443788813 ], [ 126.962249008315453, 37.532993722817437 ] ] ], [ [ [ 126.962044086519597, 37.533208819858842 ], [ 126.961964098057464, 37.533182404415463 ], [ 126.961884082791371, 37.533208768325721 ], [ 126.961850912482646, 37.533272468006295 ], [ 126.961884017944314, 37.533336189086135 ], [ 126.961964006542374, 37.533362604583139 ], [ 126.962044021944763, 37.533336240619498 ], [ 126.962077192117604, 37.533272540885299 ], [ 126.962044086519597, 37.533208819858842 ] ] ], [ [ [ 126.965779011097993, 37.533443866013172 ], [ 126.965696155291894, 37.533423824051248 ], [ 126.965619771591946, 37.533456309183066 ], [ 126.965594604457849, 37.533522292103441 ], [ 126.965635396568487, 37.533583120942296 ], [ 126.965718252534501, 37.533603162946385 ], [ 126.965794636341585, 37.533570677751726 ], [ 126.965819803315796, 37.53350469478918 ], [ 126.965779011097993, 37.533443866013172 ] ] ], [ [ [ 126.966098907355715, 37.533709631221768 ], [ 126.966016051169902, 37.533689589485 ], [ 126.965939667337409, 37.533722074822208 ], [ 126.965914500395584, 37.533788057807868 ], [ 126.965955292910735, 37.533848886533683 ], [ 126.966038149256462, 37.5338689283126 ], [ 126.966114533196119, 37.533836442912566 ], [ 126.966139699978015, 37.533770459884757 ], [ 126.966098907355715, 37.533709631221768 ] ] ], [ [ [ 126.962302550487635, 37.53450648299836 ], [ 126.962222560548639, 37.534480067735061 ], [ 126.962142543986587, 37.534506431813917 ], [ 126.962109373321908, 37.534570131552854 ], [ 126.962142479576229, 37.534633852546648 ], [ 126.962222469651138, 37.534660267863572 ], [ 126.962302486349515, 37.534633903731326 ], [ 126.962335656878267, 37.534570203938756 ], [ 126.962302550487635, 37.53450648299836 ] ] ], [ [ [ 126.96202474482098, 37.534597432487793 ], [ 126.961944754883021, 37.53457101703674 ], [ 126.961864738126138, 37.534597380926854 ], [ 126.961831567184888, 37.534661080586623 ], [ 126.9618646732429, 37.534724801657198 ], [ 126.961944663316785, 37.53475121716189 ], [ 126.962024680209993, 37.534724853218378 ], [ 126.962057851015331, 37.534661153504985 ], [ 126.96202474482098, 37.534597432487793 ] ] ], [ [ [ 126.961150458455563, 37.534870152883855 ], [ 126.961070468535297, 37.534843736841843 ], [ 126.960990451179683, 37.534870100138015 ], [ 126.960957279374057, 37.534933799548782 ], [ 126.960990384808326, 37.534997520861154 ], [ 126.961070374864491, 37.53502393695679 ], [ 126.961150392356416, 37.534997573607228 ], [ 126.961183564026172, 37.53493387414283 ], [ 126.961150458455563, 37.534870152883855 ] ] ], [ [ [ 126.961431370703906, 37.535909579889356 ], [ 126.961348513336517, 37.535889534884646 ], [ 126.961272125237372, 37.535922017188433 ], [ 126.961246953443123, 37.535987999152113 ], [ 126.961287743362533, 37.536048829466075 ], [ 126.961370600889822, 37.536068874512964 ], [ 126.961446989096174, 37.536036392146343 ], [ 126.961472160730509, 37.535970410140486 ], [ 126.961431370703906, 37.535909579889356 ] ] ], [ [ [ 126.963062948435663, 37.536167815199548 ], [ 126.962980090344942, 37.53614777134009 ], [ 126.962903702689076, 37.536180254698067 ], [ 126.962878532245085, 37.536246237007347 ], [ 126.962919323630757, 37.536307066755874 ], [ 126.963002181881393, 37.536327110657517 ], [ 126.963078569644466, 37.5362946272367 ], [ 126.963103739928542, 37.536228644885234 ], [ 126.963062948435663, 37.536167815199548 ] ] ], [ [ [ 126.963743280433249, 37.536255062741184 ], [ 126.963663288118127, 37.53622864846033 ], [ 126.963583270193624, 37.536255013506846 ], [ 126.96355009997832, 37.536318713631779 ], [ 126.963583208230617, 37.536382434203809 ], [ 126.963663200681694, 37.536408848538287 ], [ 126.963743218742508, 37.536382483438395 ], [ 126.963776388821856, 37.53631878325983 ], [ 126.963743280433249, 37.536255062741184 ] ] ], [ [ [ 126.961048019154987, 37.536284238169465 ], [ 126.960968027760956, 37.536257822063575 ], [ 126.960888008857964, 37.536284185283137 ], [ 126.960854836337774, 37.536347884649437 ], [ 126.960887942308901, 37.53641160597553 ], [ 126.960967933838873, 37.536438022135044 ], [ 126.961047952878189, 37.5364116588621 ], [ 126.961081125262453, 37.536347959442161 ], [ 126.961048019154987, 37.536284238169465 ] ] ], [ [ [ 126.959714365358309, 37.53728461208545 ], [ 126.959634373367265, 37.537258195080334 ], [ 126.959554352926361, 37.537284557390855 ], [ 126.959521178828169, 37.537348256370798 ], [ 126.959554284105593, 37.537411978059552 ], [ 126.959634276232535, 37.537438395118301 ], [ 126.959714296809821, 37.537412032754389 ], [ 126.959747470772101, 37.5373483337208 ], [ 126.959714365358309, 37.53728461208545 ] ] ], [ [ [ 126.965547824522304, 37.537398372130376 ], [ 126.965467830348715, 37.537371959076062 ], [ 126.965387811836607, 37.537398325339879 ], [ 126.965354642648691, 37.53746202595984 ], [ 126.965387752941581, 37.537525746014623 ], [ 126.965467747251097, 37.537552159122562 ], [ 126.965547765899572, 37.537525792805333 ], [ 126.965580934951504, 37.537462092131747 ], [ 126.965547824522304, 37.537398372130376 ] ] ], [ [ [ 126.959924266699829, 37.537890636646679 ], [ 126.959858896201595, 37.537885487234902 ], [ 126.959793489640063, 37.537916674912395 ], [ 126.959768325360656, 37.537964993846856 ], [ 126.959786817595173, 37.538023888384544 ], [ 126.95984803165247, 37.538060072669957 ], [ 126.959932183730672, 37.538054107762875 ], [ 126.960000758510375, 37.538100669511984 ], [ 126.960096470572623, 37.538089396977028 ], [ 126.960144612936219, 37.538032075444853 ], [ 126.960127754328269, 37.537964435218562 ], [ 126.960066540213802, 37.537928251077538 ], [ 126.959982388287656, 37.537934216080579 ], [ 126.959924266699829, 37.537890636646679 ] ] ], [ [ [ 126.964728037309897, 37.538231313595787 ], [ 126.964648042536354, 37.538204899989587 ], [ 126.964568022845711, 37.538231265693589 ], [ 126.964534852591115, 37.538294966073749 ], [ 126.964567962553971, 37.538358686349213 ], [ 126.96464795746347, 37.53838510000903 ], [ 126.964727977290423, 37.538358734251624 ], [ 126.964761147409078, 37.538295033817839 ], [ 126.964728037309897, 37.538231313595787 ] ] ], [ [ [ 126.965071579270287, 37.538357190804092 ], [ 126.964988718218763, 37.538337148359908 ], [ 126.964912329199009, 37.538369633004386 ], [ 126.964887159787054, 37.538435615717809 ], [ 126.96492795399611, 37.538496444751338 ], [ 126.96501081520762, 37.538516487237708 ], [ 126.965087204334537, 37.538484002530382 ], [ 126.96511237358655, 37.538418019774781 ], [ 126.965071579270287, 37.538357190804092 ] ] ], [ [ [ 126.961109682396881, 37.538716391319845 ], [ 126.961026822010794, 37.538696346097289 ], [ 126.960950430907985, 37.538728828175813 ], [ 126.960925257884654, 37.538794810038794 ], [ 126.96096604906954, 37.5388556404356 ], [ 126.96104890961557, 37.53887568570034 ], [ 126.9611253008256, 37.538843203558969 ], [ 126.961150473689003, 37.538777221653802 ], [ 126.961109682396881, 37.538716391319845 ] ] ], [ [ [ 126.962777895337979, 37.53876479942447 ], [ 126.962697900683693, 37.538738384499709 ], [ 126.962617879737266, 37.538764748879217 ], [ 126.962584707587467, 37.53882844870482 ], [ 126.962617816125885, 37.538892169520523 ], [ 126.962697810916154, 37.53891858449893 ], [ 126.962777831998892, 37.53889222006601 ], [ 126.96281100401275, 37.538828520186783 ], [ 126.962777895337979, 37.53876479942447 ] ] ], [ [ [ 126.961977147092909, 37.539208286872629 ], [ 126.9618971522479, 37.539181871407315 ], [ 126.961817130545938, 37.539208235241816 ], [ 126.961783957518364, 37.53927193483721 ], [ 126.961817065570926, 37.53933565587235 ], [ 126.961897060551891, 37.539362071391309 ], [ 126.961977082390177, 37.539335707503405 ], [ 126.962010255281825, 37.539272007854372 ], [ 126.961977147092909, 37.539208286872629 ] ] ], [ [ [ 126.961512380014781, 37.539607338092409 ], [ 126.961432384907809, 37.539580922313903 ], [ 126.961352362615926, 37.539607285831359 ], [ 126.961319189015981, 37.539670985291544 ], [ 126.961352296849071, 37.539734706452563 ], [ 126.961432292091999, 37.539761122284709 ], [ 126.961512314520235, 37.539734758713863 ], [ 126.961545487984225, 37.539671059200018 ], [ 126.961512380014781, 37.539607338092409 ] ] ], [ [ [ 126.962072558414633, 37.541229629464794 ], [ 126.961989694989541, 37.541209584924744 ], [ 126.961913301738832, 37.541242067611115 ], [ 126.96188812871695, 37.541308049651199 ], [ 126.961928922051769, 37.54136887969063 ], [ 126.962011785636832, 37.541388924272866 ], [ 126.962088178994719, 37.541356441523661 ], [ 126.962113351856672, 37.54129045944137 ], [ 126.962072558414633, 37.541229629464794 ] ] ], [ [ [ 126.962305485809878, 37.541554331927017 ], [ 126.962222621962994, 37.541534287551301 ], [ 126.962146228481814, 37.541566770386432 ], [ 126.962121055555727, 37.541632752472587 ], [ 126.962161849256532, 37.541693582428394 ], [ 126.96224471326336, 37.54171362684631 ], [ 126.962321106851761, 37.541681143948331 ], [ 126.962346279617904, 37.541615161819983 ], [ 126.962305485809878, 37.541554331927017 ] ] ], [ [ [ 126.961847175445797, 37.542145835194269 ], [ 126.961767177509159, 37.542119419652387 ], [ 126.961687152621124, 37.542145783383916 ], [ 126.961653978179328, 37.542209482910245 ], [ 126.961687087418028, 37.542273203950707 ], [ 126.961767085490621, 37.542299619546242 ], [ 126.961847110515023, 37.542273255761302 ], [ 126.96188028482085, 37.542209556181334 ], [ 126.961847175445797, 37.542145835194269 ] ] ], [ [ [ 126.963916941551432, 37.544543401117636 ], [ 126.96383694032221, 37.544516986986942 ], [ 126.963756913598388, 37.544543352109422 ], [ 126.963723739853023, 37.544607052191672 ], [ 126.963756851912393, 37.544670772627356 ], [ 126.963836853277627, 37.544697186811689 ], [ 126.963916880137802, 37.544670821635791 ], [ 126.963950053747183, 37.544607121499908 ], [ 126.963916941551432, 37.544543401117636 ] ] ], [ [ [ 126.96418950959675, 37.544895812536751 ], [ 126.964109507894719, 37.544869398592056 ], [ 126.964029480889934, 37.544895763897543 ], [ 126.963996307220015, 37.544959464052582 ], [ 126.964029419667057, 37.545023184408223 ], [ 126.9641094215051, 37.545049598406564 ], [ 126.96418944864628, 37.545023233047665 ], [ 126.964222622180202, 37.54495953283898 ], [ 126.96418950959675, 37.544895812536751 ] ] ], [ [ [ 126.964381512546964, 37.545061140906611 ], [ 126.964298644262456, 37.545041097997327 ], [ 126.964222248101294, 37.545073582154771 ], [ 126.96419707582281, 37.545139564644543 ], [ 126.96423787311943, 37.545200393848823 ], [ 126.964320741563924, 37.545220436800314 ], [ 126.964397137832307, 37.545187952579994 ], [ 126.96442230995082, 37.545121970048044 ], [ 126.964381512546964, 37.545061140906611 ] ] ], [ [ [ 126.963371463901055, 37.546014346433168 ], [ 126.963288594832619, 37.545994302817896 ], [ 126.963212197260646, 37.546026786315863 ], [ 126.963187023770871, 37.546092768578994 ], [ 126.963227820765312, 37.546153598122253 ], [ 126.963310689993762, 37.546173641779738 ], [ 126.963387087672956, 37.546141158218894 ], [ 126.963412261002745, 37.546075175913572 ], [ 126.963371463901055, 37.546014346433168 ] ] ], [ [ [ 126.962657947258478, 37.546727344996491 ], [ 126.962577944140946, 37.546700930021622 ], [ 126.962497914639144, 37.546727294279592 ], [ 126.962464738853456, 37.546790993983436 ], [ 126.962497850805292, 37.54685471474847 ], [ 126.96257785405885, 37.546881129776992 ], [ 126.962657883697034, 37.546854765465604 ], [ 126.962691059346724, 37.546791065708121 ], [ 126.962657947258478, 37.546727344996491 ] ] ], [ [ [ 126.960972139188954, 37.547005158943286 ], [ 126.960892136370433, 37.546978742827648 ], [ 126.960812105978874, 37.547005105941324 ], [ 126.960778928635719, 37.547068805167648 ], [ 126.960812039274856, 37.547132526401676 ], [ 126.960892042229347, 37.547158942570967 ], [ 126.960972072757343, 37.547132579403879 ], [ 126.961005249964501, 37.547068880123902 ], [ 126.960972139188954, 37.547005158943286 ] ] ], [ [ [ 126.963585741466289, 37.54840629608622 ], [ 126.963505736226921, 37.548379881746349 ], [ 126.963425705255887, 37.54840624662485 ], [ 126.963397415054914, 37.548443793475016 ], [ 126.963397059700782, 37.548495052730715 ], [ 126.96332218018631, 37.548504001667141 ], [ 126.963270953878293, 37.54854896700575 ], [ 126.963264488710848, 37.548601022331759 ], [ 126.963295436365357, 37.548647164569132 ], [ 126.963375441815998, 37.548673579050401 ], [ 126.963455473090576, 37.548647214207328 ], [ 126.963483763339426, 37.548609667344572 ], [ 126.963484118634767, 37.548558408089583 ], [ 126.963558998184411, 37.548549459050584 ], [ 126.963610224319837, 37.548504493586911 ], [ 126.963616689238478, 37.548452438240986 ], [ 126.963585741466289, 37.54840629608622 ] ] ], [ [ [ 126.963627944947007, 37.55028526834797 ], [ 126.96356350195579, 37.550295453499444 ], [ 126.963517026694859, 37.550332427342532 ], [ 126.963504184151603, 37.550383727471711 ], [ 126.963529303106355, 37.550432062635942 ], [ 126.963605673426272, 37.550464593449618 ], [ 126.963665746605187, 37.55045605219248 ], [ 126.963739900737963, 37.550470942374751 ], [ 126.963800609860783, 37.550450943136461 ], [ 126.963841468485953, 37.550390138868167 ], [ 126.963816357882081, 37.550324141115574 ], [ 126.963761744005126, 37.550295062929912 ], [ 126.963679914575252, 37.550300151732635 ], [ 126.963627944947007, 37.55028526834797 ] ] ], [ [ [ 126.963121331076422, 37.551504116536528 ], [ 126.963041322690884, 37.551477701894235 ], [ 126.962961288243335, 37.551504066442227 ], [ 126.962928110731212, 37.551567766223677 ], [ 126.962961225187343, 37.551631486808446 ], [ 126.963041233708921, 37.551657901504406 ], [ 126.96312126829288, 37.551631536902974 ], [ 126.963154445668991, 37.551567837067864 ], [ 126.963121331076422, 37.551504116536528 ] ] ], [ [ [ 126.962901652572612, 37.551606328986729 ], [ 126.962821644155497, 37.551579914196012 ], [ 126.962741609521359, 37.551606278594562 ], [ 126.962708431776946, 37.551669978313051 ], [ 126.962741546091152, 37.551733698958238 ], [ 126.962821554644307, 37.551760113802615 ], [ 126.962901589414884, 37.551733749350646 ], [ 126.962934767023242, 37.551670049578505 ], [ 126.962901652572612, 37.551606328986729 ] ] ], [ [ [ 126.963217127810651, 37.551706361397301 ], [ 126.963134252483101, 37.551686317689757 ], [ 126.963057849032523, 37.551718801053354 ], [ 126.9630326734882, 37.551784783218729 ], [ 126.963073473455694, 37.551845612758108 ], [ 126.963156348943286, 37.551865656507857 ], [ 126.963232752501142, 37.551833173081384 ], [ 126.963257927885422, 37.551767190873811 ], [ 126.963217127810651, 37.551706361397301 ] ] ], [ [ [ 126.971956061228056, 37.520586667597897 ], [ 126.971873217983457, 37.520566629931089 ], [ 126.971796850071726, 37.520599119135554 ], [ 126.971771692704166, 37.520665103520372 ], [ 126.971812482838487, 37.520725930357614 ], [ 126.97189532624293, 37.520745968066542 ], [ 126.971971694261697, 37.520713478799259 ], [ 126.971996851469441, 37.520647494372312 ], [ 126.971956061228056, 37.520586667597897 ] ] ], [ [ [ 126.968560860867072, 37.521219458004374 ], [ 126.968480882901332, 37.521193046925859 ], [ 126.968400882733619, 37.521219415312089 ], [ 126.968367723280906, 37.521283116957761 ], [ 126.96840082899692, 37.521346836340669 ], [ 126.96848080709853, 37.521373247472752 ], [ 126.968560807402426, 37.521346879033146 ], [ 126.968593966719283, 37.521283177333899 ], [ 126.968560860867072, 37.521219458004374 ] ] ], [ [ [ 126.96760829718653, 37.521509792353356 ], [ 126.967528319247165, 37.521483380631139 ], [ 126.967448318434663, 37.521509748370562 ], [ 126.967415158043636, 37.521573449745219 ], [ 126.967448263077472, 37.521637169391674 ], [ 126.967528241152664, 37.521663581167473 ], [ 126.967608242101377, 37.521637213374682 ], [ 126.967641402356548, 37.521573511946443 ], [ 126.96760829718653, 37.521509792353356 ] ] ], [ [ [ 126.970234440943756, 37.523557701896301 ], [ 126.970154459891916, 37.523531291960204 ], [ 126.970074457815173, 37.523557661468722 ], [ 126.970041298748782, 37.523621363559151 ], [ 126.970074406920219, 37.523685082448743 ], [ 126.970154388107957, 37.523711492438402 ], [ 126.970234390320897, 37.523685122876486 ], [ 126.970267549251389, 37.523621420732503 ], [ 126.970234440943756, 37.523557701896301 ] ] ], [ [ [ 126.969315817729466, 37.523662211741382 ], [ 126.969232971792181, 37.523642172231952 ], [ 126.96915659960105, 37.523674659710437 ], [ 126.969131438874172, 37.523740643496957 ], [ 126.969172228537104, 37.523801471214092 ], [ 126.969255074634233, 37.52382151076565 ], [ 126.969331446932429, 37.523789023224346 ], [ 126.969356607499492, 37.523723039395684 ], [ 126.969315817729466, 37.523662211741382 ] ] ], [ [ [ 126.967191200512502, 37.525236142253135 ], [ 126.967108353404441, 37.525216101258188 ], [ 126.967031978688055, 37.525248587352948 ], [ 126.967006815560666, 37.525314570668108 ], [ 126.967047604354065, 37.52537539910233 ], [ 126.967130451621955, 37.52539544013942 ], [ 126.967206826445434, 37.525362953981841 ], [ 126.967231989412966, 37.525296970624545 ], [ 126.967191200512502, 37.525236142253135 ] ] ], [ [ [ 126.966287024221614, 37.527229312413851 ], [ 126.966207040644392, 37.527202899819834 ], [ 126.966127033258374, 37.527229266635487 ], [ 126.966093869208834, 37.527292967575555 ], [ 126.966126975642311, 37.527356687531174 ], [ 126.966206959355446, 37.52738310017881 ], [ 126.966286966877718, 37.52735673330978 ], [ 126.966320130791345, 37.527293032316102 ], [ 126.966287024221614, 37.527229312413851 ] ] ], [ [ [ 126.966699260342082, 37.527856801141482 ], [ 126.966619275949483, 37.527830388829045 ], [ 126.966539268037977, 37.527856755920901 ], [ 126.966506104060713, 37.527920456969966 ], [ 126.966539211121855, 37.527984176803564 ], [ 126.966619195650324, 37.528010589169597 ], [ 126.966699203698084, 37.527984222024344 ], [ 126.96673236753945, 37.527920520921676 ], [ 126.966699260342082, 37.527856801141482 ] ] ], [ [ [ 126.967429777457227, 37.528825881457145 ], [ 126.967349791772207, 37.528799469643197 ], [ 126.967269783082187, 37.528825837225227 ], [ 126.967236619296315, 37.528889538469052 ], [ 126.967269727406673, 37.528953258087874 ], [ 126.967349713227591, 37.528979669955419 ], [ 126.967429722053907, 37.528953302319991 ], [ 126.967462885703853, 37.52888960102257 ], [ 126.967429777457227, 37.528825881457145 ] ] ], [ [ [ 126.967526302023742, 37.529847026105841 ], [ 126.967443449727256, 37.529826985359222 ], [ 126.967367070453449, 37.529859471643107 ], [ 126.967341906069279, 37.529925454977416 ], [ 126.967382697642762, 37.52998628324962 ], [ 126.967465550099107, 37.530006324038403 ], [ 126.967541929480049, 37.529973837691692 ], [ 126.967567093704318, 37.529907854315219 ], [ 126.967526302023742, 37.529847026105841 ] ] ], [ [ [ 126.967750281728058, 37.529964230171011 ], [ 126.967667429241942, 37.529944189581826 ], [ 126.967591049945625, 37.529976676009909 ], [ 126.967565885719267, 37.530042659390702 ], [ 126.967606677538441, 37.530103487584455 ], [ 126.967689530184458, 37.530123528215782 ], [ 126.967765909587882, 37.530091041724887 ], [ 126.967791073654382, 37.530025058301923 ], [ 126.967750281728058, 37.529964230171011 ] ] ], [ [ [ 126.97039542499526, 37.531312595674564 ], [ 126.970304346088056, 37.53128661694754 ], [ 126.970221349854725, 37.531326205372466 ], [ 126.970202811235893, 37.531367426289627 ], [ 126.970210169487132, 37.531409198256888 ], [ 126.970155041643608, 37.531433282304846 ], [ 126.970124060064691, 37.531479407220047 ], [ 126.970130477457076, 37.531531466332289 ], [ 126.970172130836019, 37.531571912551684 ], [ 126.970257053170798, 37.531585387330395 ], [ 126.970329066568794, 37.531547093515293 ], [ 126.970347605162701, 37.531505872579551 ], [ 126.970340246825373, 37.531464100621513 ], [ 126.970395374632091, 37.531440016487203 ], [ 126.970426356027644, 37.531393891500464 ], [ 126.970423675551118, 37.531350158478809 ], [ 126.97039542499526, 37.531312595674564 ] ] ], [ [ [ 126.970644088004519, 37.531986678913569 ], [ 126.970564097810026, 37.531960269288795 ], [ 126.970484086872929, 37.531986639033285 ], [ 126.970450924418714, 37.532050341146125 ], [ 126.970484036659371, 37.532114059831471 ], [ 126.970564026989805, 37.532140469509834 ], [ 126.970644038063142, 37.532114099711926 ], [ 126.970677200381431, 37.53205039754549 ], [ 126.970644088004519, 37.531986678913569 ] ] ], [ [ [ 126.967293007201405, 37.534392571103567 ], [ 126.967210149940001, 37.534372530206383 ], [ 126.967133765928097, 37.534405016312078 ], [ 126.967108599808185, 37.534470999544943 ], [ 126.967149393665053, 37.534531827851872 ], [ 126.967232251086386, 37.534551868791205 ], [ 126.967308635205427, 37.53451938262269 ], [ 126.967333801165424, 37.534453399347662 ], [ 126.967293007201405, 37.534392571103567 ] ] ], [ [ [ 126.969624818385839, 37.535801034902008 ], [ 126.969541958941235, 37.535780995644707 ], [ 126.969465574502763, 37.535813483250642 ], [ 126.9694404099628, 37.535879466965355 ], [ 126.969481206480623, 37.535940294453447 ], [ 126.969564066085155, 37.535960333752925 ], [ 126.969640450630749, 37.5359278460841 ], [ 126.969665615010797, 37.535861862327231 ], [ 126.969624818385839, 37.535801034902008 ] ] ], [ [ [ 126.969805156643631, 37.536874704737478 ], [ 126.969725161525631, 37.536848294564244 ], [ 126.969645145070118, 37.53687466371607 ], [ 126.96961197973512, 37.536938365539214 ], [ 126.969645093420226, 37.537002084407526 ], [ 126.969725088674167, 37.537028494634363 ], [ 126.969805105265991, 37.537002125429112 ], [ 126.969838270465019, 37.536938423552371 ], [ 126.969805156643631, 37.536874704737478 ] ] ], [ [ [ 126.969670069077409, 37.537079435131389 ], [ 126.969590073788481, 37.537053024867504 ], [ 126.969510057066643, 37.537079393926767 ], [ 126.969476891525943, 37.537143095709659 ], [ 126.969510005186507, 37.537206814613626 ], [ 126.969590000611404, 37.537233224931128 ], [ 126.969670017469525, 37.537206855818454 ], [ 126.969703182874241, 37.537143153981944 ], [ 126.969670069077409, 37.537079435131389 ] ] ], [ [ [ 126.967072380538937, 37.537597027198743 ], [ 126.966992385614674, 37.537570615177664 ], [ 126.966912367426218, 37.537596982473794 ], [ 126.966879199446751, 37.5376606835204 ], [ 126.966912311124929, 37.537724403146257 ], [ 126.966992306185162, 37.537750815220939 ], [ 126.967072324509928, 37.537724447871405 ], [ 126.96710549235344, 37.537660746771181 ], [ 126.967072380538937, 37.537597027198743 ] ] ], [ [ [ 126.970871257220253, 37.538294867674118 ], [ 126.970788394682543, 37.538274829298537 ], [ 126.970712008239786, 37.538307317696102 ], [ 126.970686843958362, 37.538373301648591 ], [ 126.9707276428462, 37.538434128681345 ], [ 126.970810505543881, 37.538454167099083 ], [ 126.970886892093787, 37.538421678638656 ], [ 126.970912056215241, 37.538355694644004 ], [ 126.970871257220253, 37.538294867674118 ] ] ], [ [ [ 126.967312108945748, 37.538417304641342 ], [ 126.967229247226811, 37.538397263769163 ], [ 126.967152859116595, 37.53842974986307 ], [ 126.967127691658291, 37.53849573305429 ], [ 126.967168487720727, 37.538556561314117 ], [ 126.967251349599607, 37.53857660222846 ], [ 126.967327737816987, 37.538544116071712 ], [ 126.967352905115362, 37.538478132838321 ], [ 126.967312108945748, 37.538417304641342 ] ] ], [ [ [ 126.967009089112111, 37.538550212952465 ], [ 126.966929093192192, 37.538523800892321 ], [ 126.966849073962649, 37.538550168140787 ], [ 126.96681590550655, 37.538613869159086 ], [ 126.966849017551752, 37.538677588792552 ], [ 126.966929013607626, 37.5387040009063 ], [ 126.967009032973465, 37.538677633604422 ], [ 126.967042201293609, 37.538613932532513 ], [ 126.967009089112111, 37.538550212952465 ] ] ], [ [ [ 126.971140450474067, 37.538806305153805 ], [ 126.971060452821504, 37.538779895892709 ], [ 126.970980434771079, 37.538806265939982 ], [ 126.970947269715154, 37.538869968117353 ], [ 126.970980385389794, 37.5389336865912 ], [ 126.971060383178354, 37.538960095905907 ], [ 126.971140401365048, 37.538933725805208 ], [ 126.971173566285017, 37.538870023574219 ], [ 126.971140450474067, 37.538806305153805 ] ] ], [ [ [ 126.967433880728947, 37.538903577768401 ], [ 126.967353884281565, 37.538877165997341 ], [ 126.96727386482371, 37.538903533531965 ], [ 126.967240696572134, 37.538967234665854 ], [ 126.967273809134909, 37.539030954176617 ], [ 126.967353805718275, 37.539057366001288 ], [ 126.967433825312455, 37.539030998413253 ], [ 126.967466993428062, 37.538967297225739 ], [ 126.967433880728947, 37.538903577768401 ] ] ], [ [ [ 126.969133353104567, 37.539929834851613 ], [ 126.96905048922379, 37.539909795261536 ], [ 126.968974100359404, 37.539942282524848 ], [ 126.968948933996344, 37.540008266087767 ], [ 126.968989732361919, 37.540069093703849 ], [ 126.96907259640264, 37.540089133336082 ], [ 126.969148985374218, 37.540056646009894 ], [ 126.969174151577306, 37.539990662404819 ], [ 126.969133353104567, 37.539929834851613 ] ] ], [ [ [ 126.969257624172485, 37.540433580282155 ], [ 126.969174759701019, 37.540413540780747 ], [ 126.969098370376386, 37.540446028121458 ], [ 126.969073203953215, 37.540512011705196 ], [ 126.969114002693956, 37.54057283927331 ], [ 126.969196867325422, 37.540592878816881 ], [ 126.969273256757191, 37.540560391413294 ], [ 126.969298423020405, 37.540494407787399 ], [ 126.969257624172485, 37.540433580282155 ] ] ], [ [ [ 126.970756173819041, 37.540506579933549 ], [ 126.97067617448603, 37.540480170419031 ], [ 126.97059615448309, 37.540506540197477 ], [ 126.970562988346217, 37.540570242248087 ], [ 126.970596104444795, 37.540633960811476 ], [ 126.970676103913803, 37.540660370379605 ], [ 126.970756124053082, 37.540634000547719 ], [ 126.970789290053915, 37.540570298443498 ], [ 126.970756173819041, 37.540506579933549 ] ] ], [ [ [ 126.971112034576095, 37.540749309294974 ], [ 126.97103203485814, 37.540722900022459 ], [ 126.970952014720865, 37.540749270040905 ], [ 126.970918848779064, 37.540812972188924 ], [ 126.970951965287739, 37.540876690650059 ], [ 126.971031965141705, 37.540903099976177 ], [ 126.971111985415291, 37.540876729904298 ], [ 126.971145151221108, 37.540813027702669 ], [ 126.971112034576095, 37.540749309294974 ] ] ], [ [ [ 126.969885770843533, 37.540959612628889 ], [ 126.969805771334009, 37.540933202526674 ], [ 126.969725750540618, 37.540959571712939 ], [ 126.969692583462489, 37.54102327351378 ], [ 126.969725699020302, 37.541086992316124 ], [ 126.969805698665809, 37.541113402471957 ], [ 126.96988571959551, 37.541087033232252 ], [ 126.969918886537656, 37.541023331377808 ], [ 126.969885770843533, 37.540959612628889 ] ] ], [ [ [ 126.972140809258988, 37.54175336874389 ], [ 126.97205794255413, 37.541733331269221 ], [ 126.971981553132409, 37.541765820467702 ], [ 126.971956388805296, 37.54183180465197 ], [ 126.971997190607439, 37.541892631211574 ], [ 126.972080057472283, 37.541912668728393 ], [ 126.972156447001183, 37.541880179467036 ], [ 126.972181611168281, 37.541814195240626 ], [ 126.972140809258988, 37.54175336874389 ] ] ], [ [ [ 126.971998989967318, 37.541937290832422 ], [ 126.971916123096946, 37.541917253258795 ], [ 126.971839733426066, 37.54194974236443 ], [ 126.971814568912066, 37.542015726516333 ], [ 126.971855370699089, 37.542076553123032 ], [ 126.971938237729461, 37.542096590738815 ], [ 126.972014627507505, 37.542064101570325 ], [ 126.972039791861519, 37.541998117376266 ], [ 126.971998989967318, 37.541937290832422 ] ] ], [ [ [ 126.971004492672563, 37.542156548483732 ], [ 126.970924491489342, 37.542130139144064 ], [ 126.970844469809933, 37.542156509082687 ], [ 126.970811303152473, 37.542220211184976 ], [ 126.97084442019127, 37.542283929661274 ], [ 126.970924421510517, 37.542310339054559 ], [ 126.971004443326265, 37.542283969062503 ], [ 126.971037609847684, 37.542220266906597 ], [ 126.971004492672563, 37.542156548483732 ] ] ], [ [ [ 126.972376800148652, 37.543412088967258 ], [ 126.972296797139421, 37.543385680562196 ], [ 126.972216774600525, 37.543412051424809 ], [ 126.972183608553564, 37.543475753899195 ], [ 126.972216727315228, 37.543539471977752 ], [ 126.972296730460442, 37.543565880436425 ], [ 126.972376753135677, 37.543539509520379 ], [ 126.972409919046612, 37.543475806992369 ], [ 126.972376800148652, 37.543412088967258 ] ] ], [ [ [ 126.972312113603351, 37.543692330114276 ], [ 126.972232110317606, 37.543665921666538 ], [ 126.972152087456351, 37.543692292483925 ], [ 126.972118921230049, 37.543755994937044 ], [ 126.972152040060465, 37.543819713030736 ], [ 126.972232043482265, 37.543846121532091 ], [ 126.97231206647983, 37.543819750661257 ], [ 126.972345232570078, 37.54375604815452 ], [ 126.972312113603351, 37.543692330114276 ] ] ], [ [ [ 126.972583308173512, 37.543968498501656 ], [ 126.972500438898635, 37.543948461344023 ], [ 126.972424047408026, 37.54398095081573 ], [ 126.972398882725074, 37.544046935069325 ], [ 126.972439686092883, 37.544107761453787 ], [ 126.972522555527775, 37.54412779865357 ], [ 126.972598947125562, 37.544095309119001 ], [ 126.9726241116485, 37.544029324823249 ], [ 126.972583308173512, 37.543968498501656 ] ] ], [ [ [ 126.97087081298875, 37.544409369549143 ], [ 126.970787943685053, 37.544389331191212 ], [ 126.97071155100204, 37.544421819552127 ], [ 126.970686384661533, 37.544487803435153 ], [ 126.970727186877653, 37.544548630406325 ], [ 126.97081005634135, 37.544568668806427 ], [ 126.970886449131555, 37.544536180382643 ], [ 126.970911615312048, 37.544470196457439 ], [ 126.97087081298875, 37.544409369549143 ] ] ], [ [ [ 126.970602980885076, 37.544466859482036 ], [ 126.970522977375438, 37.544440449879723 ], [ 126.970442953084898, 37.544466819534819 ], [ 126.970409785061094, 37.544530521498764 ], [ 126.970442902778728, 37.544594240062956 ], [ 126.970522906424364, 37.544620649718894 ], [ 126.970602930851257, 37.544594280010372 ], [ 126.970636098739064, 37.544530577992802 ], [ 126.970602980885076, 37.544466859482036 ] ] ], [ [ [ 126.966526508083405, 37.544777553550276 ], [ 126.966446505681915, 37.544751141188023 ], [ 126.966366479625378, 37.544777508078298 ], [ 126.966333307995924, 37.54484120889218 ], [ 126.966366422380403, 37.544904928594718 ], [ 126.966446424917891, 37.54493134101061 ], [ 126.966526451110781, 37.544904974066895 ], [ 126.966559622604237, 37.544841273199395 ], [ 126.966526508083405, 37.544777553550276 ] ] ], [ [ [ 126.967301713930368, 37.544783177324554 ], [ 126.967221711248996, 37.544756765487399 ], [ 126.967141685459055, 37.544783132903149 ], [ 126.967108514486554, 37.544846833935033 ], [ 126.967141629533486, 37.544910553420443 ], [ 126.967221632350885, 37.544936965311237 ], [ 126.967301658277137, 37.544910597842062 ], [ 126.967334829113639, 37.544846896756539 ], [ 126.967301713930368, 37.544783177324554 ] ] ], [ [ [ 126.969715291852182, 37.544814827957289 ], [ 126.969632422409603, 37.544794788789751 ], [ 126.969556028811795, 37.54482727640049 ], [ 126.969530861316457, 37.544893260032211 ], [ 126.969571662814204, 37.544954087398153 ], [ 126.969654532416783, 37.544974126607862 ], [ 126.969730926121798, 37.544941638934262 ], [ 126.969756093457107, 37.54487565526037 ], [ 126.969715291852182, 37.544814827957289 ] ] ], [ [ [ 126.970849053375019, 37.545311616973414 ], [ 126.970766183078595, 37.545291578602857 ], [ 126.970689789465212, 37.545324066944332 ], [ 126.970664622801706, 37.545390050812472 ], [ 126.970705425491374, 37.545450877782038 ], [ 126.970788295947813, 37.545470916194773 ], [ 126.970864689668389, 37.545438427790423 ], [ 126.97088985617188, 37.545372443880105 ], [ 126.970849053375019, 37.545311616973414 ] ] ], [ [ [ 126.970498897895808, 37.545422466963387 ], [ 126.970418893401941, 37.545396057294433 ], [ 126.970338868053062, 37.545422426874261 ], [ 126.970305699516771, 37.545486128798416 ], [ 126.970338817567992, 37.545549847381608 ], [ 126.970418822197871, 37.545576257104194 ], [ 126.970498847683118, 37.545549887470933 ], [ 126.970532016083354, 37.545486185493154 ], [ 126.970498897895808, 37.545422466963387 ] ] ], [ [ [ 126.97217309476855, 37.546260420437406 ], [ 126.972093088788, 37.546234011905916 ], [ 126.972013063132195, 37.546260382616467 ], [ 126.971979895648502, 37.546324085002261 ], [ 126.972013015495264, 37.546387803107578 ], [ 126.97209302161184, 37.546414211692685 ], [ 126.972173047404013, 37.546387840928695 ], [ 126.972206214751651, 37.546324138489268 ], [ 126.97217309476855, 37.546260420437406 ] ] ], [ [ [ 126.971739203903581, 37.546322165632361 ], [ 126.9716591980103, 37.546295756807211 ], [ 126.97157917213579, 37.546322127223341 ], [ 126.971546004255572, 37.546385829486432 ], [ 126.971579123760236, 37.546449547712641 ], [ 126.971659129789543, 37.546475956591415 ], [ 126.971739155800378, 37.546449586121838 ], [ 126.97177232354457, 37.546385883805122 ], [ 126.971739203903581, 37.546322165632361 ] ] ], [ [ [ 126.969934447691202, 37.548609397170353 ], [ 126.969851573989828, 37.548589358167682 ], [ 126.969775176613439, 37.548621845897628 ], [ 126.969750008033216, 37.548687829533073 ], [ 126.969790811775212, 37.548748656785087 ], [ 126.9698736856366, 37.548768695829935 ], [ 126.969950083120182, 37.54873620803712 ], [ 126.96997525154039, 37.548670224359498 ], [ 126.969934447691202, 37.548609397170353 ] ] ], [ [ [ 126.970193799450144, 37.548921986816353 ], [ 126.970110925333188, 37.548901947996576 ], [ 126.970034527750144, 37.548934435892505 ], [ 126.970009359293186, 37.549000419579784 ], [ 126.970050163416218, 37.549061246739114 ], [ 126.970133037693216, 37.549081285601048 ], [ 126.970209435383481, 37.549048797642243 ], [ 126.970234603680396, 37.548982813912794 ], [ 126.970193799450144, 37.548921986816353 ] ] ], [ [ [ 126.972118871779884, 37.549032177005358 ], [ 126.972038862856635, 37.54900576844836 ], [ 126.971958834217915, 37.549032139108554 ], [ 126.971925665458443, 37.549095841448633 ], [ 126.971958786483924, 37.549159559539639 ], [ 126.972038795543213, 37.549185968150248 ], [ 126.972118824318315, 37.549159597436613 ], [ 126.972151992941718, 37.549095895042917 ], [ 126.972118871779884, 37.549032177005358 ] ] ], [ [ [ 126.971788234229521, 37.549470030734533 ], [ 126.971708224955165, 37.549443621955319 ], [ 126.971628195731853, 37.54946999238922 ], [ 126.9715950264968, 37.549533694631499 ], [ 126.971628147434245, 37.549597412810471 ], [ 126.971708156844684, 37.549623821643301 ], [ 126.971788186204364, 37.549597451155954 ], [ 126.971821355303334, 37.549533748860071 ], [ 126.971788234229521, 37.549470030734533 ] ] ], [ [ [ 126.97231736552223, 37.550911907891866 ], [ 126.972237354519976, 37.550885499476962 ], [ 126.972157323940891, 37.550911870262503 ], [ 126.972124154516294, 37.550975572637732 ], [ 126.972157276541537, 37.551039290653122 ], [ 126.972237287679874, 37.551065699121651 ], [ 126.972317318395341, 37.55103932828267 ], [ 126.972350487683855, 37.550975625853809 ], [ 126.97231736552223, 37.550911907891866 ] ] ], [ [ [ 126.969293782359202, 37.551600867696919 ], [ 126.969210905518011, 37.551580828253371 ], [ 126.969134504809546, 37.551613315550824 ], [ 126.969109334656878, 37.551679299015504 ], [ 126.969150139507178, 37.551740126458512 ], [ 126.96923301650844, 37.551760165944238 ], [ 126.969309417324098, 37.551727678583894 ], [ 126.969334587316723, 37.55166169507703 ], [ 126.969293782359202, 37.551600867696919 ] ] ], [ [ [ 126.969412292220852, 37.552404674934628 ], [ 126.969329414457931, 37.552384635576608 ], [ 126.969253012980133, 37.552417122945961 ], [ 126.969227842661084, 37.55248310642682 ], [ 126.969268648045514, 37.5525439338208 ], [ 126.969351525968477, 37.552563973221012 ], [ 126.969427927553525, 37.552531485788755 ], [ 126.969453097712503, 37.552465502265726 ], [ 126.969412292220852, 37.552404674934628 ] ] ], [ [ [ 126.968926800455577, 37.553014219415338 ], [ 126.968846788404321, 37.552987808711883 ], [ 126.96876675438368, 37.553014177188402 ], [ 126.968733581140995, 37.553077878586762 ], [ 126.96876670120821, 37.55314159752966 ], [ 126.96884671339555, 37.553168008286747 ], [ 126.968926747552601, 37.553141639756774 ], [ 126.968959920659174, 37.553077938304774 ], [ 126.968926800455577, 37.553014219415338 ] ] ], [ [ [ 126.966503074334256, 37.554151639072373 ], [ 126.96642306192382, 37.554125226731443 ], [ 126.966343025833794, 37.554151593559013 ], [ 126.966309850023777, 37.554215294262882 ], [ 126.966342968529517, 37.554279013872588 ], [ 126.966422981076022, 37.554305426267177 ], [ 126.966503017302472, 37.554279059386161 ], [ 126.96653619297642, 37.554215358628646 ], [ 126.966503074334256, 37.554151639072373 ] ] ], [ [ [ 126.985451432459783, 37.517422266515837 ], [ 126.985371452588225, 37.517395866857065 ], [ 126.985291462413812, 37.517422246703333 ], [ 126.985258318999598, 37.517485953136237 ], [ 126.985291437404257, 37.517549667829257 ], [ 126.985371417411699, 37.517576067541548 ], [ 126.985451407722223, 37.517549687641853 ], [ 126.985484551000511, 37.517485981155424 ], [ 126.985451432459783, 37.517422266515837 ] ] ], [ [ [ 126.981203429702745, 37.517640634196333 ], [ 126.981123451095883, 37.517614231662371 ], [ 126.981043459194126, 37.51764060863033 ], [ 126.981010312072456, 37.517704313867895 ], [ 126.981043426961236, 37.517768029748758 ], [ 126.981123405704025, 37.51779443233626 ], [ 126.981203397741893, 37.517768055314875 ], [ 126.981236544727665, 37.51770435002377 ], [ 126.981203429702745, 37.517640634196333 ] ] ], [ [ [ 126.985185358767467, 37.517873252501076 ], [ 126.98510537850845, 37.517846852664078 ], [ 126.985025387758967, 37.517873232328007 ], [ 126.984992243918981, 37.517936938681281 ], [ 126.985025362296568, 37.51800065344402 ], [ 126.985105342691512, 37.518027053334542 ], [ 126.985185333577064, 37.518000673617188 ], [ 126.985218477281123, 37.517936967210382 ], [ 126.985185358767467, 37.517873252501076 ] ] ], [ [ [ 126.978520885106676, 37.518319102721549 ], [ 126.978440906721801, 37.518292698374232 ], [ 126.978360913152358, 37.518319073521909 ], [ 126.978327763450181, 37.518382777998525 ], [ 126.978360876357286, 37.518446494623539 ], [ 126.978440854878073, 37.518472899024395 ], [ 126.978520848583628, 37.518446523823307 ], [ 126.978553998149934, 37.518382819293144 ], [ 126.978520885106676, 37.518319102721549 ] ] ], [ [ [ 126.978792004937489, 37.518469987239506 ], [ 126.978712026295966, 37.518443583076383 ], [ 126.978632032660784, 37.518469958406975 ], [ 126.978598883122217, 37.518533662958106 ], [ 126.978631996326541, 37.518597379505565 ], [ 126.97871197510392, 37.518623783722241 ], [ 126.978791968875271, 37.518597408338231 ], [ 126.978825118277911, 37.51853370373356 ], [ 126.978792004937489, 37.518469987239506 ] ] ], [ [ [ 126.977595202823309, 37.51884821224747 ], [ 126.977512359990314, 37.518828178530178 ], [ 126.977435996293792, 37.518860671391813 ], [ 126.977410844475813, 37.518926656999128 ], [ 126.977451638243267, 37.518987481908049 ], [ 126.977534481236106, 37.519007515667433 ], [ 126.977610845039621, 37.518975022742985 ], [ 126.977635996697771, 37.518909037093565 ], [ 126.977595202823309, 37.51884821224747 ] ] ], [ [ [ 126.976319746261197, 37.51900789152495 ], [ 126.976236903593161, 37.518987856913668 ], [ 126.976160539181265, 37.519020348949539 ], [ 126.976135386186613, 37.519086334283067 ], [ 126.976176179005364, 37.519147159630542 ], [ 126.976259021833243, 37.519167194283931 ], [ 126.976335386352162, 37.51913470218522 ], [ 126.97636053918697, 37.519068716809599 ], [ 126.976319746261197, 37.51900789152495 ] ] ], [ [ [ 126.974588513814751, 37.519786079802785 ], [ 126.974508535251559, 37.519759672799225 ], [ 126.974428538733179, 37.519786045276 ], [ 126.974395385038875, 37.519849748631657 ], [ 126.974428495249199, 37.519913466342295 ], [ 126.974508473948305, 37.519939873399416 ], [ 126.974588470602825, 37.519913500869215 ], [ 126.974621624161259, 37.519849797460012 ], [ 126.974588513814751, 37.519786079802785 ] ] ], [ [ [ 126.972789794096258, 37.520116797725542 ], [ 126.972709815814781, 37.520090389505583 ], [ 126.972629818310949, 37.520116760762235 ], [ 126.972596662941285, 37.520180463608753 ], [ 126.972629771767728, 37.520244181819514 ], [ 126.972709750185075, 37.520270590093048 ], [ 126.97278974782509, 37.520244218782999 ], [ 126.972822903058884, 37.520180515882913 ], [ 126.972789794096258, 37.520116797725542 ] ] ], [ [ [ 126.980036208381506, 37.520811790522473 ], [ 126.979956226802017, 37.52078538721149 ], [ 126.979876231103972, 37.520811763373658 ], [ 126.979843081586097, 37.520875468248683 ], [ 126.979876196882472, 37.520939184422609 ], [ 126.979956178597888, 37.520965587787138 ], [ 126.980036174432058, 37.520939211571537 ], [ 126.980069323814007, 37.520875506642987 ], [ 126.980036208381506, 37.520811790522473 ] ] ], [ [ [ 126.978722993273465, 37.520828375085721 ], [ 126.978640147949562, 37.520808342165417 ], [ 126.97856378272327, 37.520840835744799 ], [ 126.978538631232794, 37.520906821570208 ], [ 126.978579426993122, 37.520967646069799 ], [ 126.978662272476868, 37.520987679032196 ], [ 126.978738637810181, 37.520955185389973 ], [ 126.978763789140814, 37.520889199522458 ], [ 126.978722993273465, 37.520828375085721 ] ] ], [ [ [ 126.974098663874344, 37.522293833515612 ], [ 126.974015818168567, 37.522273797356526 ], [ 126.973939449444615, 37.522306287936637 ], [ 126.973914293389527, 37.522372272759213 ], [ 126.973955086192248, 37.52243309883989 ], [ 126.974037932057854, 37.522453135041097 ], [ 126.974114300888871, 37.522420644398153 ], [ 126.974139456784087, 37.522354659533455 ], [ 126.974098663874344, 37.522293833515612 ] ] ], [ [ [ 126.973988658536229, 37.52260522544092 ], [ 126.973908677176041, 37.522578818042753 ], [ 126.973828677436302, 37.522605190099419 ], [ 126.973795521983249, 37.522668893255549 ], [ 126.973828632927749, 37.522732611104125 ], [ 126.97390861442382, 37.522759018555867 ], [ 126.973988614299742, 37.522732646445803 ], [ 126.974021769616868, 37.522668943236091 ], [ 126.973988658536229, 37.52260522544092 ] ] ], [ [ [ 126.97335312652767, 37.534442856904533 ], [ 126.973273132754045, 37.534416449124272 ], [ 126.973193120145112, 37.534442820692497 ], [ 126.973159958905697, 37.534506523539982 ], [ 126.97319307453624, 37.534570241440505 ], [ 126.97327306844582, 37.534596649274356 ], [ 126.973353081191007, 37.534570277652705 ], [ 126.973386242294467, 37.534506574751646 ], [ 126.97335312652767, 37.534442856904533 ] ] ], [ [ [ 126.975463170088574, 37.534587474275654 ], [ 126.975383175415658, 37.534561067924997 ], [ 126.9753031633944, 37.534587440922394 ], [ 126.975270003885328, 37.534651144361433 ], [ 126.975303121375305, 37.534714861669386 ], [ 126.975383116184162, 37.534741268073631 ], [ 126.975463128341701, 37.534714895022802 ], [ 126.975496287714776, 37.534651191530173 ], [ 126.975463170088574, 37.534587474275654 ] ] ], [ [ [ 126.985376485677449, 37.5346885789072 ], [ 126.985293623244175, 37.534668550697283 ], [ 126.985217246769494, 37.534701048499741 ], [ 126.985192096480731, 37.534767035587116 ], [ 126.985232905189065, 37.534827857648331 ], [ 126.985315767782296, 37.534847885900341 ], [ 126.985392144364013, 37.534815388034993 ], [ 126.985417294492805, 37.534749400905511 ], [ 126.985376485677449, 37.5346885789072 ] ] ], [ [ [ 126.976929550529903, 37.534689033144517 ], [ 126.976846690357974, 37.534668999008431 ], [ 126.976770310220147, 37.534701491346823 ], [ 126.976745152489499, 37.534767476632965 ], [ 126.976785954336577, 37.534828301610965 ], [ 126.976868814668464, 37.534848335789157 ], [ 126.976945194913398, 37.534815843387918 ], [ 126.976970352484074, 37.534749858059634 ], [ 126.976929550529903, 37.534689033144517 ] ] ], [ [ [ 126.985198365898682, 37.535043254981851 ], [ 126.985118367303912, 37.535016855226672 ], [ 126.985038358221303, 37.535043234818559 ], [ 126.985005206790078, 37.535106940988172 ], [ 126.985038332765214, 37.535170655563206 ], [ 126.985118331496025, 37.535197055371945 ], [ 126.985198340714817, 37.53517067572659 ], [ 126.985231492010016, 37.535106969503431 ], [ 126.985198365898682, 37.535043254981851 ] ] ], [ [ [ 126.973765857396955, 37.535116447332271 ], [ 126.973685862758288, 37.53509003983428 ], [ 126.973605849574724, 37.535116411678899 ], [ 126.973572688387691, 37.535180114635004 ], [ 126.973605804666946, 37.535243832412768 ], [ 126.973685799441611, 37.535270239964355 ], [ 126.973765812761428, 37.535243868066303 ], [ 126.97379897381245, 37.535180165056595 ], [ 126.973765857396955, 37.535116447332271 ] ] ], [ [ [ 126.974240897553059, 37.535920808619231 ], [ 126.974160901887657, 37.535894401446235 ], [ 126.974080888011628, 37.535920773608865 ], [ 126.974047726872016, 37.535984476689677 ], [ 126.974080843910812, 37.536048194325815 ], [ 126.974160839712212, 37.536074601552386 ], [ 126.974240853724496, 37.536048229336338 ], [ 126.974274014728124, 37.535984526201929 ], [ 126.974240897553059, 37.535920808619231 ] ] ], [ [ [ 126.974619801563222, 37.536134367167143 ], [ 126.974536940411156, 37.536114331415 ], [ 126.974460557797556, 37.536146822250629 ], [ 126.974435397545818, 37.536212807027638 ], [ 126.974476198303265, 37.53627363278833 ], [ 126.974559059615302, 37.536293668582616 ], [ 126.974635442335995, 37.536261177684125 ], [ 126.97466060242779, 37.536195192864994 ], [ 126.974619801563222, 37.536134367167143 ] ] ], [ [ [ 126.972609608436443, 37.543226001476604 ], [ 126.97252673997626, 37.543205964335215 ], [ 126.972450349254856, 37.543238453828337 ], [ 126.972425184845051, 37.543304438095966 ], [ 126.972465987829949, 37.543365264478858 ], [ 126.97254885645016, 37.54338530166239 ], [ 126.972625247278728, 37.543352812106413 ], [ 126.972650411528519, 37.543286827796614 ], [ 126.972609608436443, 37.543226001476604 ] ] ], [ [ [ 126.981970611678335, 37.544408376862826 ], [ 126.981907748873894, 37.544393182671541 ], [ 126.981844878730342, 37.544408357598726 ], [ 126.981803192250553, 37.544448786786454 ], [ 126.981796740324938, 37.544500843167569 ], [ 126.981820241848553, 37.544540427954459 ], [ 126.981889252526017, 37.544572076334148 ], [ 126.981926443624303, 37.544617812519377 ], [ 126.982020300988424, 37.544636547344709 ], [ 126.982092320929453, 37.544598246442995 ], [ 126.982109233198017, 37.544530614543191 ], [ 126.982085731524663, 37.544491029813699 ], [ 126.9820167208388, 37.5444593815484 ], [ 126.981970611678335, 37.544408376862826 ] ] ], [ [ [ 126.983467970143224, 37.544559470859994 ], [ 126.983420808833955, 37.544536954262057 ], [ 126.983365885801007, 37.544534798110163 ], [ 126.983307942130594, 37.544559448347336 ], [ 126.983279663354139, 37.54459699998884 ], [ 126.983276955364218, 37.544640731858436 ], [ 126.983304575951124, 37.544683935565317 ], [ 126.983275804135687, 37.544728125510431 ], [ 126.983278492593726, 37.54477185814325 ], [ 126.983306754688556, 37.544809417782915 ], [ 126.983353916135101, 37.544831934425403 ], [ 126.983440107446157, 37.544825187331391 ], [ 126.983495061998397, 37.544771888612352 ], [ 126.983497769865735, 37.544728156738692 ], [ 126.983470149150989, 37.544684953077287 ], [ 126.98350055605377, 37.544614354351403 ], [ 126.983467970143224, 37.544559470859994 ] ] ], [ [ [ 126.973307195342812, 37.545054484874427 ], [ 126.973224324671946, 37.545034448227973 ], [ 126.973147932386794, 37.545066938161654 ], [ 126.973122767976122, 37.545132922557464 ], [ 126.973163572523589, 37.545193748681037 ], [ 126.973246443354469, 37.545213785369668 ], [ 126.973322835746814, 37.545181295373077 ], [ 126.973347999997458, 37.545115310935124 ], [ 126.973307195342812, 37.545054484874427 ] ] ], [ [ [ 126.974042037000373, 37.545345307359739 ], [ 126.973962031337578, 37.54531890009055 ], [ 126.973882007317769, 37.54534527207241 ], [ 126.973848841830019, 37.545408974993819 ], [ 126.973881962863459, 37.545472692585285 ], [ 126.973961968662309, 37.545499099908078 ], [ 126.974041992818456, 37.545472727872763 ], [ 126.974075158170152, 37.545409024897744 ], [ 126.974042037000373, 37.545345307359739 ] ] ], [ [ [ 126.975812035597784, 37.545441306160569 ], [ 126.975732029207393, 37.545414900090783 ], [ 126.975652005707801, 37.545441273271919 ], [ 126.975618841683328, 37.545504976689941 ], [ 126.975651964265978, 37.545568693784446 ], [ 126.975731970792438, 37.545595099907842 ], [ 126.975811994428369, 37.545568726673253 ], [ 126.975845158316758, 37.545505023201628 ], [ 126.975812035597784, 37.545441306160569 ] ] ], [ [ [ 126.985476506289288, 37.545639247710312 ], [ 126.985396496275996, 37.54561284818864 ], [ 126.985316475966968, 37.545639227919139 ], [ 126.985283320077627, 37.545702934051285 ], [ 126.985316450974508, 37.545766648434736 ], [ 126.985396461123926, 37.545793048009976 ], [ 126.985476481569222, 37.545766668225987 ], [ 126.985509637322437, 37.545702962040281 ], [ 126.985476506289288, 37.545639247710312 ] ] ], [ [ [ 126.985219299147232, 37.545660310834748 ], [ 126.985136424614325, 37.545640282549265 ], [ 126.985060036877556, 37.545672780187111 ], [ 126.985034882761425, 37.545738767117271 ], [ 126.985075697319189, 37.545799589120762 ], [ 126.985158572012182, 37.545819617448366 ], [ 126.985234959856029, 37.545787119747608 ], [ 126.985260113812103, 37.545721132775334 ], [ 126.985219299147232, 37.545660310834748 ] ] ], [ [ [ 126.97763480791005, 37.545670365448757 ], [ 126.977551935397642, 37.545650331840882 ], [ 126.977475544360544, 37.54568282457128 ], [ 126.977450383556459, 37.545748809883648 ], [ 126.977491191956346, 37.545809634506725 ], [ 126.977574064628783, 37.545829668156742 ], [ 126.977650455773059, 37.545797175363454 ], [ 126.977675616417102, 37.545731190008937 ], [ 126.97763480791005, 37.545670365448757 ] ] ], [ [ [ 126.97665203516901, 37.545708305593962 ], [ 126.976572028196713, 37.545681900094316 ], [ 126.976492004707254, 37.545708273843516 ], [ 126.976458841279054, 37.545771977494773 ], [ 126.976491964694816, 37.545835694351055 ], [ 126.976571971803153, 37.545862099904305 ], [ 126.976651995428909, 37.54583572610165 ], [ 126.97668515872104, 37.545772022396783 ], [ 126.97665203516901, 37.545708305593962 ] ] ], [ [ [ 126.979032526090208, 37.545844630281401 ], [ 126.978952518131791, 37.54581822639495 ], [ 126.978872495334457, 37.545844601756983 ], [ 126.978839333871178, 37.545908306075937 ], [ 126.978872459373605, 37.545972022263634 ], [ 126.978952467468076, 37.545998426203681 ], [ 126.979032490401721, 37.54597205078818 ], [ 126.979065651728945, 37.545908346415636 ], [ 126.979032526090208, 37.545844630281401 ] ] ], [ [ [ 126.979589263860618, 37.546072705006452 ], [ 126.979509255461949, 37.546046301498116 ], [ 126.979429232616752, 37.54607267723641 ], [ 126.979396071526011, 37.546136381709353 ], [ 126.979429197603224, 37.546200097738584 ], [ 126.979509206137962, 37.546226501300502 ], [ 126.979589229119469, 37.54620012550874 ], [ 126.979622390074113, 37.546136420982208 ], [ 126.979589263860618, 37.546072705006452 ] ] ], [ [ [ 126.985703567405253, 37.546190214646536 ], [ 126.985620692156076, 37.546170186702589 ], [ 126.985544304088663, 37.546202684650716 ], [ 126.985519150221137, 37.546268671678142 ], [ 126.985559965461178, 37.546329493508935 ], [ 126.985642840870426, 37.54634952149501 ], [ 126.98571922904496, 37.546317023483965 ], [ 126.985744382752387, 37.546251036414418 ], [ 126.985703567405253, 37.546190214646536 ] ] ], [ [ [ 126.981431293310521, 37.546432014848257 ], [ 126.981348418937912, 37.546411983906893 ], [ 126.981272028770164, 37.546444479089388 ], [ 126.981246871055788, 37.546510465203042 ], [ 126.981287682955866, 37.546571288507202 ], [ 126.981370557488546, 37.546591319490702 ], [ 126.981446947763416, 37.546558824245309 ], [ 126.981472105317721, 37.546492838089506 ], [ 126.981431293310521, 37.546432014848257 ] ] ], [ [ [ 126.978265601946234, 37.546596099409761 ], [ 126.978185593455564, 37.546569695006887 ], [ 126.978105569584855, 37.546596069845492 ], [ 126.978072407135826, 37.546659773940625 ], [ 126.978105532317613, 37.546723490335246 ], [ 126.978185540944324, 37.546749894791731 ], [ 126.978265564951371, 37.546723519899658 ], [ 126.978298727264317, 37.546659815750921 ], [ 126.978265601946234, 37.546596099409761 ] ] ], [ [ [ 126.981038842629232, 37.546635230329876 ], [ 126.980958833117768, 37.54660882780594 ], [ 126.980878810181451, 37.546635204524044 ], [ 126.980845650074713, 37.546698909398266 ], [ 126.980878777634572, 37.54676262501517 ], [ 126.980958787282148, 37.546789027592688 ], [ 126.981038810354775, 37.546762650821108 ], [ 126.981071970325402, 37.546698945893297 ], [ 126.981038842629232, 37.546635230329876 ] ] ], [ [ [ 126.981446260984697, 37.546637097253658 ], [ 126.981366251327401, 37.546610695005747 ], [ 126.981286228532539, 37.546637071999989 ], [ 126.981253068771608, 37.5467007769887 ], [ 126.981286196679122, 37.546764492491363 ], [ 126.981366206472529, 37.546790894792863 ], [ 126.981446229403701, 37.546764517745153 ], [ 126.981479389028507, 37.546700812702852 ], [ 126.981446260984697, 37.546637097253658 ] ] ], [ [ [ 126.97830503529579, 37.547141304489116 ], [ 126.978225026208605, 37.547114900115218 ], [ 126.978145001768823, 37.547141274977918 ], [ 126.978111839111619, 37.547204979078167 ], [ 126.978144964567988, 37.547268695455919 ], [ 126.978224973791257, 37.547295099883414 ], [ 126.978304998367335, 37.547268724967239 ], [ 126.978338160888498, 37.547205020813401 ], [ 126.97830503529579, 37.547141304489116 ] ] ], [ [ [ 126.977785787677689, 37.548300788654124 ], [ 126.977705777534709, 37.548274383933261 ], [ 126.977625751672434, 37.548300758438415 ], [ 126.977592588059196, 37.548364462379993 ], [ 126.977625713586136, 37.548428178890887 ], [ 126.977705723865185, 37.548454583665354 ], [ 126.977785749863784, 37.548428209106739 ], [ 126.977818913340926, 37.548364505111564 ], [ 126.977785787677689, 37.548300788654124 ] ] ], [ [ [ 126.984246909214434, 37.54833156347366 ], [ 126.984166896757742, 37.548305163130344 ], [ 126.984086873137358, 37.548331542014779 ], [ 126.984053715008429, 37.548395247772028 ], [ 126.984086846049394, 37.548458962471393 ], [ 126.984166858642212, 37.548485362868291 ], [ 126.984246882398878, 37.54845898393036 ], [ 126.98428004039171, 37.548395278119521 ], [ 126.984246909214434, 37.54833156347366 ] ] ], [ [ [ 126.984400031699352, 37.548626300373087 ], [ 126.984320018873618, 37.548599900134782 ], [ 126.984239994992038, 37.548626279121606 ], [ 126.984206836862739, 37.548689984918667 ], [ 126.984239968164445, 37.54875369957194 ], [ 126.984319981126305, 37.548780099863833 ], [ 126.984400005144181, 37.548753720823512 ], [ 126.984433163137354, 37.548690014972877 ], [ 126.984400031699352, 37.548626300373087 ] ] ], [ [ [ 126.977616439972692, 37.549677098708536 ], [ 126.977533563029866, 37.54965706509995 ], [ 126.977457167894926, 37.549689557795041 ], [ 126.97743200572603, 37.549755543058168 ], [ 126.977472816293684, 37.549816367646912 ], [ 126.97755569339661, 37.54983640129764 ], [ 126.977632088638714, 37.549803908539658 ], [ 126.977657250647511, 37.549737923234389 ], [ 126.977616439972692, 37.549677098708536 ] ] ], [ [ [ 126.976876166868053, 37.549996844862861 ], [ 126.97679328976966, 37.549976810735743 ], [ 126.976716893987188, 37.55000930294991 ], [ 126.976691731058168, 37.550075288051438 ], [ 126.976732541198317, 37.550136112892595 ], [ 126.976815418456823, 37.550156147061877 ], [ 126.976891814346459, 37.550123654784805 ], [ 126.976916977115394, 37.550057669641127 ], [ 126.976876166868053, 37.549996844862861 ] ] ], [ [ [ 126.974275588119653, 37.550223013156049 ], [ 126.974195577161964, 37.550196606064993 ], [ 126.974115548008712, 37.550222978181395 ], [ 126.974082380556069, 37.550286681114905 ], [ 126.974115503944162, 37.550350398588968 ], [ 126.97419551503792, 37.550376805733634 ], [ 126.974275544327526, 37.550350433563786 ], [ 126.974308711644099, 37.550286730576659 ], [ 126.974275588119653, 37.550223013156049 ] ] ], [ [ [ 126.977144510609932, 37.550625491614937 ], [ 126.97706449820889, 37.550599086469219 ], [ 126.976984469635028, 37.550625460528458 ], [ 126.976951304445109, 37.550689164264263 ], [ 126.976984430453825, 37.550752880930062 ], [ 126.977064442990979, 37.550779286129391 ], [ 126.977144471701195, 37.550752912016684 ], [ 126.977177636755002, 37.550689208227269 ], [ 126.977144510609932, 37.550625491614937 ] ] ], [ [ [ 126.981214049197618, 37.551980554670436 ], [ 126.981134033911246, 37.551954152287614 ], [ 126.981054005321027, 37.551980529098977 ], [ 126.981020842993303, 37.552044233963969 ], [ 126.981053973066153, 37.552107949474596 ], [ 126.981133988488651, 37.552134351911008 ], [ 126.981214017215208, 37.552107975046162 ], [ 126.981247179406807, 37.552044270127567 ], [ 126.981214049197618, 37.551980554670436 ] ] ], [ [ [ 126.980906811145928, 37.552212363537215 ], [ 126.98082393051439, 37.552192332245674 ], [ 126.980747534218679, 37.552224827055277 ], [ 126.980722374096914, 37.552290812991771 ], [ 126.980763188720431, 37.552351636418258 ], [ 126.980846069512097, 37.552371667751935 ], [ 126.980922465914972, 37.552339172879414 ], [ 126.980947625876624, 37.552273186900798 ], [ 126.980906811145928, 37.552212363537215 ] ] ], [ [ [ 126.981918003064564, 37.552274029922735 ], [ 126.981835122093798, 37.552253999341097 ], [ 126.981758726173879, 37.552286494804711 ], [ 126.981733566922799, 37.552352480956202 ], [ 126.981774382401838, 37.552413304032747 ], [ 126.981857263532731, 37.552433334656527 ], [ 126.981933659559786, 37.552400839129987 ], [ 126.981958818650753, 37.552334852936362 ], [ 126.981918003064564, 37.552274029922735 ] ] ], [ [ [ 126.976657267905424, 37.552477146066046 ], [ 126.976577253697315, 37.552450740597862 ], [ 126.976497222971673, 37.552477114317838 ], [ 126.97646405654578, 37.552540817896343 ], [ 126.97649718295834, 37.552604534678949 ], [ 126.976577197302547, 37.552630940200757 ], [ 126.976657228164541, 37.552604566427298 ], [ 126.976690394454337, 37.55254086279519 ], [ 126.976657267905424, 37.552477146066046 ] ] ], [ [ [ 126.973974420038985, 37.553553192097645 ], [ 126.973894405628272, 37.553526784816157 ], [ 126.973814372807396, 37.55355315671212 ], [ 126.973781203621002, 37.553616859524368 ], [ 126.973814328224805, 37.553680577047352 ], [ 126.973894342771601, 37.553706984382472 ], [ 126.973974375728858, 37.55368061243302 ], [ 126.974007544779184, 37.553616909567154 ], [ 126.973974420038985, 37.553553192097645 ] ] ], [ [ [ 126.993065993513071, 37.519787294183594 ], [ 126.992986008433803, 37.519760899690972 ], [ 126.992906018414189, 37.519787284683531 ], [ 126.992872880426617, 37.51985099322826 ], [ 126.992906006350964, 37.519914705761529 ], [ 126.992985991566172, 37.519941100307648 ], [ 126.993065981721855, 37.519914715261642 ], [ 126.993099119573444, 37.519851006663409 ], [ 126.993065993513071, 37.519787294183594 ] ] ], [ [ [ 126.989557281979216, 37.51996486698885 ], [ 126.989474434711184, 37.51994484166466 ], [ 126.989398075061274, 37.519977342254819 ], [ 126.989372933401143, 37.520043330398877 ], [ 126.989413737487382, 37.520104151166713 ], [ 126.989496584915315, 37.520124176532953 ], [ 126.989572944672148, 37.520091675879925 ], [ 126.989598086172379, 37.520025687693824 ], [ 126.989557281979216, 37.51996486698885 ] ] ], [ [ [ 126.990022011458748, 37.519976776706521 ], [ 126.989939164053297, 37.519956751708328 ], [ 126.989862804592761, 37.519989252598918 ], [ 126.989837663337866, 37.520055240841813 ], [ 126.989878467807827, 37.520116061449016 ], [ 126.989961315373179, 37.520136086489266 ], [ 126.99003767494068, 37.520103585535814 ], [ 126.99006281603566, 37.52003759725087 ], [ 126.990022011458748, 37.519976776706521 ] ] ], [ [ [ 126.994961295370899, 37.520320297805632 ], [ 126.994881309054961, 37.520293904598809 ], [ 126.994801319133543, 37.520320290872569 ], [ 126.994768182521568, 37.520383999943398 ], [ 126.99480131029307, 37.520447711939504 ], [ 126.994881296745021, 37.520474105199831 ], [ 126.994961286802479, 37.520447718872603 ], [ 126.994994423278456, 37.520384009748263 ], [ 126.994961295370899, 37.520320297805632 ] ] ], [ [ [ 126.989979996751288, 37.520363296280323 ], [ 126.98990001214473, 37.520336899700503 ], [ 126.989820020423991, 37.520363282600272 ], [ 126.989786879557983, 37.520426990272547 ], [ 126.989820003112683, 37.520490703664777 ], [ 126.989899987855225, 37.520517100298115 ], [ 126.989979979712047, 37.520490717344906 ], [ 126.990013120442072, 37.520427009619098 ], [ 126.989979996751288, 37.520363296280323 ] ] ], [ [ [ 126.990689962790199, 37.520777589903922 ], [ 126.990609977491204, 37.520751193806639 ], [ 126.990529985578021, 37.52077757718537 ], [ 126.99049684513227, 37.520841285052434 ], [ 126.990529969473798, 37.520904998241193 ], [ 126.990609954908749, 37.520931394391965 ], [ 126.990689946958014, 37.520905010959794 ], [ 126.990723087267781, 37.520841303039219 ], [ 126.990689962790199, 37.520777589903922 ] ] ], [ [ [ 126.990961136463554, 37.521101475449157 ], [ 126.99087828756349, 37.521081451113339 ], [ 126.99080192736389, 37.521113952604765 ], [ 126.990776786558428, 37.52117994103503 ], [ 126.990817592403062, 37.521240761306387 ], [ 126.990900441463012, 37.521260785684255 ], [ 126.990976801769548, 37.521228284129968 ], [ 126.991001942415096, 37.521162295657639 ], [ 126.990961136463554, 37.521101475449157 ] ] ], [ [ [ 126.991062784351286, 37.52254414320462 ], [ 126.99097993382891, 37.52252411894478 ], [ 126.990903572202981, 37.522556620493781 ], [ 126.990878431002685, 37.522622608929474 ], [ 126.990919237715275, 37.522683429150916 ], [ 126.991002088397565, 37.522703453452799 ], [ 126.991078450130445, 37.522670951840936 ], [ 126.991103591170813, 37.522604963363193 ], [ 126.991062784351286, 37.52254414320462 ] ] ], [ [ [ 126.990798192314955, 37.522572553950269 ], [ 126.990718205061782, 37.522546157934073 ], [ 126.990638211270252, 37.522572541377805 ], [ 126.990605070122257, 37.522636249255733 ], [ 126.990638195349021, 37.522699962394832 ], [ 126.990718182738163, 37.522726358464553 ], [ 126.990798176665805, 37.522699974967367 ], [ 126.990831317677788, 37.522636267035914 ], [ 126.990798192314955, 37.522572553950269 ] ] ], [ [ [ 126.99250877275378, 37.524438885411868 ], [ 126.992428782905336, 37.524412490562227 ], [ 126.992348787723159, 37.524438875156008 ], [ 126.992315647203753, 37.524502583493806 ], [ 126.992348774710152, 37.524566296133251 ], [ 126.992428764694594, 37.524592691036403 ], [ 126.992508760012882, 37.524566306389161 ], [ 126.992541900396262, 37.524502597997838 ], [ 126.99250877275378, 37.524438885411868 ] ] ], [ [ [ 126.99144271431318, 37.525050359240772 ], [ 126.991362724187653, 37.525023963671813 ], [ 126.991282727977207, 37.525050347540677 ], [ 126.991249586280745, 37.525114055572587 ], [ 126.991282713150781, 37.525177768504342 ], [ 126.991362703412321, 37.525204164126819 ], [ 126.991442699758863, 37.525177780204501 ], [ 126.9914758413193, 37.525114072119074 ], [ 126.99144271431318, 37.525050359240772 ] ] ], [ [ [ 126.992243314480049, 37.525389109921036 ], [ 126.992160460496009, 37.5253690864986 ], [ 126.992084096482088, 37.525401588794885 ], [ 126.992058955366346, 37.52546757745003 ], [ 126.992099764586541, 37.525528397234517 ], [ 126.992182618730524, 37.525548420699003 ], [ 126.992258982851382, 37.525515918339828 ], [ 126.992284123807153, 37.52544992964264 ], [ 126.992243314480049, 37.525389109921036 ] ] ], [ [ [ 126.992660777498372, 37.528526356104713 ], [ 126.992577919932955, 37.528506332985408 ], [ 126.9925015529018, 37.528538835533993 ], [ 126.992476411100384, 37.528604824242763 ], [ 126.992517222368164, 37.52866564385085 ], [ 126.992600080093553, 37.528685667012198 ], [ 126.992676447231673, 37.528653164400737 ], [ 126.992701588873089, 37.528587175649889 ], [ 126.992660777498372, 37.528526356104713 ] ] ], [ [ [ 126.991249895965268, 37.52934587191843 ], [ 126.991169901321186, 37.529319476237553 ], [ 126.991089900455378, 37.529345859955967 ], [ 126.991056756693794, 37.529409567887058 ], [ 126.991089885298635, 37.529473280826664 ], [ 126.991169880078743, 37.529499676561066 ], [ 126.991249881080691, 37.529473292789177 ], [ 126.991283024706249, 37.529409584804561 ], [ 126.991249895965268, 37.52934587191843 ] ] ], [ [ [ 126.991243006225559, 37.53023929553288 ], [ 126.991163010629833, 37.530212899851215 ], [ 126.991083008807337, 37.530239283560839 ], [ 126.991049864644395, 37.530302991480283 ], [ 126.991082993638372, 37.530366704412209 ], [ 126.991162989370139, 37.530393100147393 ], [ 126.991242991328789, 37.530366716384307 ], [ 126.991276135355648, 37.530303008411337 ], [ 126.991243006225559, 37.53023929553288 ] ] ], [ [ [ 126.991557006246978, 37.530509295323078 ], [ 126.991477010252225, 37.530482899855272 ], [ 126.99139700825188, 37.530509283776368 ], [ 126.99136386423649, 37.530572991781021 ], [ 126.991396993616945, 37.530636704621998 ], [ 126.991476989747753, 37.530663100143343 ], [ 126.99155699188421, 37.530636716168772 ], [ 126.991590135763573, 37.530573008110579 ], [ 126.991557006246978, 37.530509295323078 ] ] ], [ [ [ 126.992313780922487, 37.531762356354221 ], [ 126.992230919870337, 37.5317423330021 ], [ 126.992154549389127, 37.531774835308056 ], [ 126.992129406195346, 37.531840823906556 ], [ 126.99217021894404, 37.531901643601309 ], [ 126.992253080156175, 37.531921666995494 ], [ 126.99232945074435, 37.531889164626648 ], [ 126.992354593778145, 37.531823175986084 ], [ 126.992313780922487, 37.531762356354221 ] ] ], [ [ [ 126.994284780592878, 37.533330355174755 ], [ 126.994201917278957, 37.533310333210665 ], [ 126.994125546053922, 37.533342836782502 ], [ 126.994100404070053, 37.533408825783184 ], [ 126.994141219273629, 37.533469644780808 ], [ 126.994224082747593, 37.533489666786942 ], [ 126.994300454079564, 37.533457163152214 ], [ 126.994325595903419, 37.533391174109475 ], [ 126.994284780592878, 37.533330355174755 ] ] ], [ [ [ 126.99430700457971, 37.533758712695317 ], [ 126.994227004145088, 37.533732319104431 ], [ 126.994146999642155, 37.533758704873648 ], [ 126.994113856527392, 37.533822413615042 ], [ 126.994146989684168, 37.533886125649772 ], [ 126.994226990254887, 37.533912519294184 ], [ 126.994306994893989, 37.533886133471469 ], [ 126.994340137872641, 37.533822424676565 ], [ 126.99430700457971, 37.533758712695317 ] ] ], [ [ [ 126.990089651076673, 37.534049006956138 ], [ 126.990009651818823, 37.534022610509794 ], [ 126.989929645520533, 37.534048993420406 ], [ 126.989896498689987, 37.534112700974575 ], [ 126.989929628387216, 37.534176414188948 ], [ 126.99000962778112, 37.534202810688825 ], [ 126.990089634215565, 37.534176427724738 ], [ 126.990122780910056, 37.534112720117029 ], [ 126.990089651076673, 37.534049006956138 ] ] ], [ [ [ 126.993509317426103, 37.534290262141603 ], [ 126.993429316704891, 37.534263868012701 ], [ 126.993349311353143, 37.534290253239057 ], [ 126.993316167324551, 37.534353961750732 ], [ 126.993349300037806, 37.534417674003485 ], [ 126.993429300895087, 37.534444068185913 ], [ 126.993509306383004, 37.534417682906067 ], [ 126.993542450275498, 37.534353974340853 ], [ 126.993509317426103, 37.534290262141603 ] ] ], [ [ [ 126.99054244051483, 37.534313406361576 ], [ 126.990459577114265, 37.534293381774987 ], [ 126.990383203263065, 37.534325882920918 ], [ 126.990358057651804, 37.534391871113392 ], [ 126.990398870351655, 37.534452691393945 ], [ 126.990481733912205, 37.534472716022627 ], [ 126.990558107870427, 37.534440214813785 ], [ 126.990583253321688, 37.534374226579232 ], [ 126.99054244051483, 37.534313406361576 ] ] ], [ [ [ 126.993114782785071, 37.534482355899719 ], [ 126.993031918509502, 37.534462333118519 ], [ 126.992955545602015, 37.534494835927205 ], [ 126.9929304022004, 37.534560824665746 ], [ 126.992971217081433, 37.534621644055825 ], [ 126.993054081517059, 37.534641666879082 ], [ 126.99313045453151, 37.534609164007499 ], [ 126.993155597773111, 37.534543175226887 ], [ 126.993114782785071, 37.534482355899719 ] ] ], [ [ [ 126.985951349955883, 37.534947335470477 ], [ 126.985871351197943, 37.534920936224914 ], [ 126.985791342482898, 37.534947316327461 ], [ 126.985758191734632, 37.535011022709632 ], [ 126.985791318308046, 37.535074737074609 ], [ 126.985871317202012, 37.535101136373726 ], [ 126.985951326053254, 37.535074756217711 ], [ 126.985984476665465, 37.535011049781993 ], [ 126.985951349955883, 37.534947335470477 ] ] ], [ [ [ 126.987263779677164, 37.535075876882438 ], [ 126.987183780319043, 37.535049478526396 ], [ 126.987103771928702, 37.535075859517583 ], [ 126.987070622239784, 37.535139566266984 ], [ 126.987103749986716, 37.53520328026265 ], [ 126.987183749480891, 37.535229678672245 ], [ 126.987263758007401, 37.535203297627575 ], [ 126.98729690756025, 37.535139590824635 ], [ 126.987263779677164, 37.535075876882438 ] ] ], [ [ [ 126.986929628889172, 37.537254009332877 ], [ 126.9868496273223, 37.537227610759814 ], [ 126.986769616486981, 37.537253991514405 ], [ 126.986736465549114, 37.537317698146197 ], [ 126.986769593974699, 37.537381412212177 ], [ 126.98684959567764, 37.537407810838793 ], [ 126.986929606649156, 37.537381430030727 ], [ 126.986962757450968, 37.537317723345382 ], [ 126.986929628889172, 37.537254009332877 ] ] ], [ [ [ 126.986689105128178, 37.537754037701418 ], [ 126.986609103112002, 37.537727638967567 ], [ 126.986529091657687, 37.537754019556829 ], [ 126.986495940293707, 37.537817726115605 ], [ 126.986529068735706, 37.537881440243659 ], [ 126.986609070887965, 37.537907839031078 ], [ 126.986689082478478, 37.537881458388327 ], [ 126.986722233706374, 37.537817751775982 ], [ 126.986689105128178, 37.537754037701418 ] ] ], [ [ [ 126.98853204820368, 37.538636264062063 ], [ 126.988452044594993, 37.538609866580416 ], [ 126.988372032846854, 37.538636248414342 ], [ 126.98833888265986, 37.538699955481164 ], [ 126.988372013060186, 37.538763669083004 ], [ 126.988452016804956, 37.538790066618198 ], [ 126.988532028689306, 37.538763684730789 ], [ 126.988565178740217, 37.538699977610428 ], [ 126.98853204820368, 37.538636264062063 ] ] ], [ [ [ 126.988631595056887, 37.538858844597065 ], [ 126.988551591175309, 37.538832447183808 ], [ 126.988471579224367, 37.538858829084155 ], [ 126.988438429023461, 37.538922536176493 ], [ 126.988471559606936, 37.538986249748028 ], [ 126.988551563624597, 37.53901264721484 ], [ 126.988631575711764, 37.538986265261009 ], [ 126.988664725776573, 37.538922558115118 ], [ 126.988631595056887, 37.538858844597065 ] ] ], [ [ [ 126.986775757899679, 37.53891902485551 ], [ 126.986706845007191, 37.538893061290494 ], [ 126.986622328012331, 37.538914254860231 ], [ 126.98656878857328, 37.53889845220359 ], [ 126.986514396944742, 37.538904870603929 ], [ 126.98645315267791, 37.538953625371718 ], [ 126.986453140202173, 37.539022584936788 ], [ 126.986485888797617, 37.539057757159433 ], [ 126.986535591937766, 37.539076483351863 ], [ 126.986631092600959, 37.539056588479092 ], [ 126.986684632166217, 37.539072391107091 ], [ 126.986739023901862, 37.539065972628528 ], [ 126.986783193458677, 37.539039894865077 ], [ 126.986806709853624, 37.53900031629113 ], [ 126.986804019540912, 37.538956583695409 ], [ 126.986775757899679, 37.53891902485551 ] ] ], [ [ [ 126.989502573074915, 37.539208019352401 ], [ 126.989419704536715, 37.539187994052021 ], [ 126.989343325241833, 37.53922049449762 ], [ 126.989318177069691, 37.539286482413459 ], [ 126.989358991591573, 37.539347303003133 ], [ 126.98944186028983, 37.539367328345598 ], [ 126.989518239691733, 37.539334827837088 ], [ 126.989543387703847, 37.539268839879178 ], [ 126.989502573074915, 37.539208019352401 ] ] ], [ [ [ 126.989634120968674, 37.539386979523407 ], [ 126.989554116169288, 37.539360582791574 ], [ 126.989474104007002, 37.539386965368784 ], [ 126.989440954425064, 37.539450672736933 ], [ 126.9894740860952, 37.539514386021665 ], [ 126.989554091030683, 37.539540782807052 ], [ 126.989634103329166, 37.539514400176351 ], [ 126.989667252775007, 37.539450692754642 ], [ 126.989634120968674, 37.539386979523407 ] ] ], [ [ [ 126.991936917991296, 37.539650279365674 ], [ 126.991856912098484, 37.539623884195009 ], [ 126.991776900465879, 37.539650268331371 ], [ 126.991743752726435, 37.539713976343336 ], [ 126.991776886472564, 37.539777688979392 ], [ 126.991856892501502, 37.53980408420361 ], [ 126.991936904270275, 37.539777700013751 ], [ 126.991970051873622, 37.539713991948233 ], [ 126.991936917991296, 37.539650279365674 ] ] ], [ [ [ 126.991706058882968, 37.539739472023093 ], [ 126.991626052976272, 37.539713076696422 ], [ 126.991546041167055, 37.539739460675946 ], [ 126.991512893191697, 37.539803168622122 ], [ 126.991546026780853, 37.539866881321963 ], [ 126.99162603282366, 37.539893276702195 ], [ 126.991706044769074, 37.539866892669174 ], [ 126.991739192608335, 37.539803184669459 ], [ 126.991706058882968, 37.539739472023093 ] ] ], [ [ [ 126.987180425540444, 37.539735832770816 ], [ 126.987097557039604, 37.539715805842683 ], [ 126.987021176198823, 37.539748304783153 ], [ 126.986996025802966, 37.539814292198166 ], [ 126.987036838726027, 37.539875113584692 ], [ 126.987119707386881, 37.539895140554925 ], [ 126.987196088334741, 37.539862641551537 ], [ 126.987221238570555, 37.539796654094445 ], [ 126.987180425540444, 37.539735832770816 ] ] ], [ [ [ 126.987551765861213, 37.539804726745814 ], [ 126.987468897184755, 37.539784700078471 ], [ 126.987392516434767, 37.539817199258778 ], [ 126.987367366342994, 37.539883186752157 ], [ 126.987408179605254, 37.539944008009684 ], [ 126.987491048441754, 37.539964034719119 ], [ 126.987567429298792, 37.539931535475922 ], [ 126.987592579230522, 37.539865547940451 ], [ 126.987551765861213, 37.539804726745814 ] ] ], [ [ [ 126.993832339679628, 37.540025249785302 ], [ 126.993774407044711, 37.540000588312431 ], [ 126.993709031509496, 37.540005712055688 ], [ 126.993652539285364, 37.540046477732695 ], [ 126.993642657274179, 37.540110691839779 ], [ 126.993582006945701, 37.540106907450578 ], [ 126.993524070064794, 37.540131562720035 ], [ 126.993490923598671, 37.540195271217364 ], [ 126.993524059044489, 37.540258983358157 ], [ 126.993581991796816, 37.540283644952787 ], [ 126.993647367583378, 37.540278521280122 ], [ 126.993703859985416, 37.540237755607208 ], [ 126.993713741960903, 37.540173541496387 ], [ 126.993774392350019, 37.540177325817893 ], [ 126.993832329183931, 37.540152670425805 ], [ 126.993865475340726, 37.540088961832147 ], [ 126.993832339679628, 37.540025249785302 ] ] ], [ [ [ 126.986998403335434, 37.540532913522391 ], [ 126.986918398241386, 37.540506515009945 ], [ 126.986838383926312, 37.540532895795785 ], [ 126.98680523159446, 37.540596602411163 ], [ 126.986838361528385, 37.540660316422674 ], [ 126.986918366758502, 37.540686714988674 ], [ 126.986998381209816, 37.540660334149344 ], [ 126.987031533405585, 37.540596627480419 ], [ 126.986998403335434, 37.540532913522391 ] ] ], [ [ [ 126.987031960118671, 37.541028890076632 ], [ 126.986949090226616, 37.541008863048447 ], [ 126.986872708002196, 37.541041361885505 ], [ 126.986847557040832, 37.541107349254283 ], [ 126.986888370547803, 37.54116817067888 ], [ 126.9869712405999, 37.541188197749157 ], [ 126.987047622931399, 37.541155698849209 ], [ 126.987072773732692, 37.541089711438318 ], [ 126.987031960118671, 37.541028890076632 ] ] ], [ [ [ 126.987507083215533, 37.542007531899429 ], [ 126.987424212113183, 37.541987505207786 ], [ 126.987347829096393, 37.542020004346611 ], [ 126.987322678224771, 37.542085991805649 ], [ 126.987363492650942, 37.5421468130561 ], [ 126.987446363913335, 37.542166839789836 ], [ 126.98752274703719, 37.542134340588106 ], [ 126.987547897748769, 37.542068353086968 ], [ 126.987507083215533, 37.542007531899429 ] ] ], [ [ [ 126.987493756729123, 37.542324346606364 ], [ 126.98741374954632, 37.542297948437174 ], [ 126.987333733491027, 37.542324329550304 ], [ 126.987300580786936, 37.54238803628531 ], [ 126.987333711934681, 37.542451750138689 ], [ 126.987413719253595, 37.542478148361432 ], [ 126.987493735445099, 37.542451767194812 ], [ 126.987526888013107, 37.542388060406246 ], [ 126.987493756729123, 37.542324346606364 ] ] ], [ [ [ 126.992996978772325, 37.542441042577785 ], [ 126.99291696952379, 37.542414648137473 ], [ 126.992836955282144, 37.542441032979312 ], [ 126.992803807208702, 37.542504741258625 ], [ 126.992836943091518, 37.542568453567284 ], [ 126.992916952476193, 37.542594848061135 ], [ 126.992996966854022, 37.5425684631658 ], [ 126.993030114791367, 37.542504754832947 ], [ 126.992996978772325, 37.542441042577785 ] ] ], [ [ [ 126.992870214393037, 37.542640177265888 ], [ 126.992790204976401, 37.54261378274056 ], [ 126.992710190477311, 37.542640167495577 ], [ 126.992677042207788, 37.542703875737132 ], [ 126.992710178070823, 37.542767588079208 ], [ 126.992790187623598, 37.542793982658083 ], [ 126.992870202258914, 37.542767597849554 ], [ 126.992903350392282, 37.542703889554453 ], [ 126.992870214393037, 37.542640177265888 ] ] ], [ [ [ 126.987866760588247, 37.543161873594528 ], [ 126.987794979287997, 37.543141414449956 ], [ 126.987718107258331, 37.543165526871192 ], [ 126.987659177551436, 37.543152213450171 ], [ 126.987605835001773, 37.543162846751848 ], [ 126.98755088455691, 37.543216147399328 ], [ 126.987559361926216, 37.543284775750493 ], [ 126.987596284792005, 37.543317222182658 ], [ 126.987648056786597, 37.543331978332958 ], [ 126.98773602006851, 37.543308300966324 ], [ 126.98779494991193, 37.54332161434867 ], [ 126.987848292547881, 37.54331098096187 ], [ 126.987889041353554, 37.543281580936558 ], [ 126.987907573189929, 37.543240357324763 ], [ 126.987899511657787, 37.543197045400873 ], [ 126.987866760588247, 37.543161873594528 ] ] ], [ [ [ 126.988744598012332, 37.544052240577543 ], [ 126.988664588541894, 37.544025843263206 ], [ 126.988584571080281, 37.544052225215943 ], [ 126.988551418674902, 37.544115932283475 ], [ 126.988584551651471, 37.544179645767528 ], [ 126.988664561258005, 37.544206043135425 ], [ 126.988744578855872, 37.544179661129192 ], [ 126.98877773112514, 37.544115954008092 ], [ 126.988744598012332, 37.544052240577543 ] ] ], [ [ [ 126.986702346514363, 37.544486890666626 ], [ 126.986644412776968, 37.544462225714327 ], [ 126.98658948893582, 37.544464367917442 ], [ 126.986542318654486, 37.544486872537227 ], [ 126.986511341763617, 37.544533001650592 ], [ 126.986517771664168, 37.544585059759982 ], [ 126.986552862885546, 37.544621614283081 ], [ 126.986534586206957, 37.544662497375086 ], [ 126.986542647106987, 37.54470580938127 ], [ 126.986575398229547, 37.544740981545644 ], [ 126.986625105164563, 37.544759707683063 ], [ 126.986710050197331, 37.544746263943004 ], [ 126.986758176473458, 37.544688931621366 ], [ 126.986751746396791, 37.544636873525953 ], [ 126.986716655071149, 37.544600319062027 ], [ 126.986733306918381, 37.544533026796827 ], [ 126.986702346514363, 37.544486890666626 ] ] ], [ [ [ 126.990804794638393, 37.544603357425046 ], [ 126.990721919780228, 37.544583333055989 ], [ 126.990645535545809, 37.544615834313419 ], [ 126.990620386707974, 37.54468182244603 ], [ 126.990661205228065, 37.544742642530473 ], [ 126.990744080246316, 37.544762666941622 ], [ 126.990820464587799, 37.544730165621274 ], [ 126.990845613265549, 37.54466417744657 ], [ 126.990804794638393, 37.544603357425046 ] ] ], [ [ [ 126.991003851722681, 37.544780024206105 ], [ 126.990920976615683, 37.544759999977316 ], [ 126.990844592287388, 37.544792501362515 ], [ 126.990819443565627, 37.544858489535571 ], [ 126.99086026234373, 37.5449193095494 ], [ 126.990943137610827, 37.544939333820288 ], [ 126.991019522046187, 37.544906832372156 ], [ 126.991044670607863, 37.544840844157022 ], [ 126.991003851722681, 37.544780024206105 ] ] ], [ [ [ 126.985920003753989, 37.54633314511733 ], [ 126.985839992842656, 37.546306745899088 ], [ 126.985759971948013, 37.5463331259269 ], [ 126.985726816128505, 37.546396832176065 ], [ 126.985759947709809, 37.546460546427731 ], [ 126.985839958757268, 37.546486945699542 ], [ 126.985919979788193, 37.546460565618254 ], [ 126.985953135471576, 37.5463968593155 ], [ 126.985920003753989, 37.54633314511733 ] ] ], [ [ [ 126.99677066839638, 37.52075465208484 ], [ 126.996690680979356, 37.520728260105244 ], [ 126.996610691231268, 37.520754647602445 ], [ 126.996577555965558, 37.520818357176289 ], [ 126.996610685467587, 37.520882068660299 ], [ 126.996690673020638, 37.520908460693384 ], [ 126.996770662904765, 37.520882073142694 ], [ 126.996803798034463, 37.520818363515353 ], [ 126.99677066839638, 37.52075465208484 ] ] ], [ [ [ 126.997119030974432, 37.521198847953713 ], [ 126.997039042960495, 37.521172456212 ], [ 126.996959052860873, 37.521198843943132 ], [ 126.996925917694881, 37.521262553609915 ], [ 126.996959047689515, 37.521326264991409 ], [ 126.997039035839464, 37.521352656786618 ], [ 126.997119026075126, 37.521326269002003 ], [ 126.997152161105092, 37.521262559281737 ], [ 126.997119030974432, 37.521198847953713 ] ] ], [ [ [ 127.002101475525393, 37.524668353121534 ], [ 127.002018619703648, 37.524648336612387 ], [ 127.001942260701227, 37.524680845286703 ], [ 127.001917128510556, 37.524746836048422 ], [ 127.001957945341189, 37.524807652434042 ], [ 127.002040801322934, 37.52482766898521 ], [ 127.002117160432235, 37.524795160248004 ], [ 127.002142292462906, 37.52472916944425 ], [ 127.002101475525393, 37.524668353121534 ] ] ], [ [ [ 127.001586713052447, 37.525554141344763 ], [ 127.001503856388567, 37.525534124477524 ], [ 127.00142749625995, 37.525566632814161 ], [ 127.001402363318718, 37.525632623456438 ], [ 127.001443180214139, 37.525693440010819 ], [ 127.001526037038005, 37.525713456920087 ], [ 127.001602397273501, 37.525680948520552 ], [ 127.001627530054733, 37.52561495783624 ], [ 127.001586713052447, 37.525554141344763 ] ] ], [ [ [ 126.996397652750616, 37.525940353993846 ], [ 126.996317659928721, 37.525913961784582 ], [ 126.99623766451252, 37.52594034900563 ], [ 126.996204526635722, 37.5260040584186 ], [ 126.996237658113301, 37.526067769951254 ], [ 126.996317651071251, 37.526094162214036 ], [ 126.996397646623507, 37.526067774939506 ], [ 126.996430784364264, 37.526004065473025 ], [ 126.996397652750616, 37.525940353993846 ] ] ], [ [ [ 127.000177295389463, 37.526083628135261 ], [ 127.000097301082974, 37.526057238486594 ], [ 127.000017306845038, 37.526083628267067 ], [ 126.999984172119127, 37.526147338739015 ], [ 127.000017306874469, 37.52621104920987 ], [ 127.000097301317012, 37.526237438912034 ], [ 127.000177295691003, 37.526211049078064 ], [ 127.000210430280859, 37.526147338552612 ], [ 127.000177295389463, 37.526083628135261 ] ] ], [ [ [ 127.000584604875982, 37.526395406962756 ], [ 127.000504610093103, 37.526369017591364 ], [ 127.000424615665736, 37.526395407646326 ], [ 127.000391481148313, 37.526459118229177 ], [ 127.000424616387974, 37.52652282858238 ], [ 127.000504611306908, 37.526549218007261 ], [ 127.00058460587033, 37.526522827898809 ], [ 127.000617740251698, 37.526459117262462 ], [ 127.000584604875982, 37.526395406962756 ] ] ], [ [ [ 127.005619191129782, 37.527774325320756 ], [ 127.00553633093304, 37.527754311290323 ], [ 127.005459970291582, 37.527786822221948 ], [ 127.005434840157974, 37.527852813697294 ], [ 127.005475661536778, 37.527913628834817 ], [ 127.005558521893533, 37.527933642907264 ], [ 127.005634882641885, 37.527901131912728 ], [ 127.005660012615479, 37.527835140395368 ], [ 127.005619191129782, 37.527774325320756 ] ] ], [ [ [ 126.998968617237381, 37.528112366265965 ], [ 126.998885758443549, 37.528092347570642 ], [ 126.998809394571154, 37.528124854200385 ], [ 126.998784258465349, 37.528190844256834 ], [ 126.998825074629138, 37.52825166168963 ], [ 126.99890793358297, 37.528271680426975 ], [ 126.998984297562274, 37.528239173734327 ], [ 126.999009433508093, 37.528173183635843 ], [ 126.998968617237381, 37.528112366265965 ] ] ], [ [ [ 126.999105997444175, 37.528278290184645 ], [ 126.999026001171515, 37.52825189982017 ], [ 126.998946004212627, 37.528278288865167 ], [ 126.998912867604815, 37.528341999012795 ], [ 126.998946002419757, 37.528405709760484 ], [ 126.999025998828486, 37.52843210017847 ], [ 126.999105995923458, 37.528405711079969 ], [ 126.999139132395186, 37.528342000878837 ], [ 126.999105997444175, 37.528278290184645 ] ] ], [ [ [ 126.996872618523724, 37.530132278517662 ], [ 126.996792621058063, 37.530105886648663 ], [ 126.996712621332421, 37.530132274172438 ], [ 126.996679482004836, 37.530195983673273 ], [ 126.996712615740179, 37.530259695027453 ], [ 126.99679261334191, 37.530286086949978 ], [ 126.996872613203649, 37.530259699372706 ], [ 126.996905752395165, 37.530195989818367 ], [ 126.996872618523724, 37.530132278517662 ] ] ], [ [ [ 126.996654818565048, 37.530465643168839 ], [ 126.996574820820129, 37.530439251153773 ], [ 126.996494820661695, 37.530465638528511 ], [ 126.99646168100135, 37.530529347964595 ], [ 126.996494814698892, 37.530593059376287 ], [ 126.996574812579894, 37.530619451444856 ], [ 126.996654812874397, 37.530593064016635 ], [ 126.996687952398673, 37.530529354527026 ], [ 126.996654818565048, 37.530465643168839 ] ] ], [ [ [ 127.007841623369004, 37.530599141603631 ], [ 127.007758759453765, 37.530579129142446 ], [ 127.007682396897636, 37.530611641495618 ], [ 127.007657267774704, 37.530677633412125 ], [ 127.007698092497577, 37.530738447751958 ], [ 127.007780956572844, 37.53075846025515 ], [ 127.007857319235868, 37.530725947839031 ], [ 127.007882448198743, 37.530659955880516 ], [ 127.007841623369004, 37.530599141603631 ] ] ], [ [ [ 126.996882775639349, 37.530682353564089 ], [ 126.996799914560228, 37.530662333414007 ], [ 126.996723547162617, 37.530694838680724 ], [ 126.996698408356693, 37.530760828264334 ], [ 126.99673922422717, 37.530821646391452 ], [ 126.996822085466306, 37.530841666583576 ], [ 126.996898452970868, 37.530809161253956 ], [ 126.996923591616792, 37.530743171628309 ], [ 126.996882775639349, 37.530682353564089 ] ] ], [ [ [ 126.995467003545684, 37.531093292680367 ], [ 126.995387005549048, 37.531066899863504 ], [ 126.99530700430185, 37.531093286430732 ], [ 126.995273863353475, 37.531156995526636 ], [ 126.99530699631822, 37.531220707264737 ], [ 126.995386994450911, 37.531247100135118 ], [ 126.995466995834235, 37.531220713514408 ], [ 126.995500136646527, 37.531157004364985 ], [ 126.995467003545684, 37.531093292680367 ] ] ], [ [ [ 127.006875699912712, 37.531160216053124 ], [ 127.006795697825339, 37.531133830964876 ], [ 127.006715700526527, 37.531160225259882 ], [ 127.006682569252774, 37.531223937555986 ], [ 127.006715711951188, 37.531287646092004 ], [ 127.006795714174714, 37.531314031233755 ], [ 127.006875711609567, 37.531287636885203 ], [ 127.006908842747166, 37.531223924535624 ], [ 127.006875699912712, 37.531160216053124 ] ] ], [ [ [ 126.996810002634206, 37.531309291772871 ], [ 126.996730003933564, 37.53128289986666 ], [ 126.996650002928703, 37.531309287342687 ], [ 126.996616863027043, 37.53137299681319 ], [ 126.99664999722971, 37.531436708172237 ], [ 126.996729996066421, 37.531463100131958 ], [ 126.996809997207393, 37.531436712602435 ], [ 126.996843136972998, 37.531373003078421 ], [ 126.996810002634206, 37.531309291772871 ] ] ], [ [ [ 127.006822341596319, 37.532560894845915 ], [ 127.006739475782908, 37.532540881676418 ], [ 127.00666311078426, 37.532573393359947 ], [ 127.006637980105324, 37.53263938503774 ], [ 127.006678805070194, 37.532700199709652 ], [ 127.006761671043691, 37.532720212921163 ], [ 127.006838036149219, 37.532687701174709 ], [ 127.006863166668083, 37.532621709454901 ], [ 127.006822341596319, 37.532560894845915 ] ] ], [ [ [ 127.007067884429247, 37.532624858397476 ], [ 127.006985018479455, 37.532604845400506 ], [ 127.006908653522203, 37.532637357242436 ], [ 127.006883523038169, 37.532703348971751 ], [ 127.006924348237263, 37.532764163558099 ], [ 127.007007214347126, 37.532784176597083 ], [ 127.007083579411272, 37.532751664692213 ], [ 127.007108709735235, 37.532685672920891 ], [ 127.007067884429247, 37.532624858397476 ] ] ], [ [ [ 127.008392636956245, 37.532784105643145 ], [ 127.00831263260001, 37.532757721590023 ], [ 127.008232634101603, 37.532784116905447 ], [ 127.008199503400249, 37.532847829609473 ], [ 127.008232648107679, 37.532911537701999 ], [ 127.008312652600054, 37.532937921808603 ], [ 127.008392651234516, 37.532911526439648 ], [ 127.008425781799744, 37.532847813682139 ], [ 127.008392636956245, 37.532784105643145 ] ] ], [ [ [ 127.006736695123919, 37.533026397567269 ], [ 127.006656691092005, 37.533000012393387 ], [ 127.006576691751093, 37.533026406586082 ], [ 127.006543559533796, 37.533090118823083 ], [ 127.006576702939995, 37.533153827377873 ], [ 127.006656707108036, 37.533180212605238 ], [ 127.006736706585059, 37.533153818359025 ], [ 127.006769838666173, 37.533090106068535 ], [ 127.006736695123919, 37.533026397567269 ] ] ], [ [ [ 126.995715005476626, 37.533098292534163 ], [ 126.995635005251103, 37.533071899894139 ], [ 126.995555001949597, 37.533098286620238 ], [ 126.995521860324786, 37.533161995764019 ], [ 126.995554994387277, 37.533225707410921 ], [ 126.995634994748883, 37.533252100104477 ], [ 126.995714998186543, 37.533225713324882 ], [ 126.995748139675229, 37.533162004127583 ], [ 126.995715005476626, 37.533098292534163 ] ] ], [ [ [ 127.004887505988208, 37.533179143828853 ], [ 127.004804640007578, 37.53315912930384 ], [ 127.004728273538547, 37.533191639732941 ], [ 127.004703140947413, 37.533257630992225 ], [ 127.004743964678326, 37.533318446326703 ], [ 127.004826830819042, 37.533338460893731 ], [ 127.004903197394952, 37.533305950401711 ], [ 127.004928329826043, 37.533239959100399 ], [ 127.004887505988208, 37.533179143828853 ] ] ], [ [ [ 127.008772058760186, 37.533685335974447 ], [ 127.008689191181858, 37.533665324177051 ], [ 127.00861282588339, 37.533697837115163 ], [ 127.008587696545348, 37.533763829195081 ], [ 127.008628523706321, 37.533824643181141 ], [ 127.008711391444734, 37.533844655020545 ], [ 127.008787756850083, 37.533812142019485 ], [ 127.008812886028053, 37.533746149897546 ], [ 127.008772058760186, 37.533685335974447 ] ] ], [ [ [ 127.008524579881154, 37.533848984065173 ], [ 127.008444574340871, 37.533822600106348 ], [ 127.008364574751639, 37.53384899550651 ], [ 127.008331443691603, 37.533912708236073 ], [ 127.008364588982701, 37.533976416279991 ], [ 127.008444594659139, 37.534002800292285 ], [ 127.008524594384454, 37.53397640483859 ], [ 127.008557725308322, 37.533912692055551 ], [ 127.008524579881154, 37.533848984065173 ] ] ], [ [ [ 127.000683002254902, 37.534038289178682 ], [ 127.000602999274562, 37.534011899908258 ], [ 127.000522996719184, 37.534038289995685 ], [ 127.000489858904459, 37.534102000523497 ], [ 127.000522997609011, 37.534165710766416 ], [ 127.000603000725448, 37.534192100090365 ], [ 127.000683003416924, 37.53416570994942 ], [ 127.000716141095552, 37.534101999368083 ], [ 127.000683002254902, 37.534038289178682 ] ] ], [ [ [ 126.995780006678757, 37.534275292502933 ], [ 126.995700005173148, 37.53424889991215 ], [ 126.995620000637174, 37.53427528667693 ], [ 126.99558685854673, 37.534338995826182 ], [ 126.99561999318513, 37.534402707442169 ], [ 126.995699994826879, 37.534429100086484 ], [ 126.995779999498964, 37.534402713268207 ], [ 126.995813141453311, 37.534339004065423 ], [ 126.995780006678757, 37.534275292502933 ] ] ], [ [ [ 126.997251717988192, 37.534534498385554 ], [ 126.997168852548654, 37.534514478507241 ], [ 126.997092481383206, 37.534546983991113 ], [ 126.997067341609096, 37.534612973610052 ], [ 126.997108159878294, 37.534673791569993 ], [ 126.997191025477875, 37.534693811490357 ], [ 126.997267396750303, 37.534661305943573 ], [ 126.997292536364355, 37.534595316282569 ], [ 126.997251717988192, 37.534534498385554 ] ] ], [ [ [ 126.996458779903719, 37.534720353869744 ], [ 126.996375914470548, 37.53470033343568 ], [ 126.996299542771411, 37.534732838405716 ], [ 126.996274402236267, 37.534798827853734 ], [ 126.996315219962781, 37.534859646085799 ], [ 126.996398085555995, 37.534879666561928 ], [ 126.996474457362069, 37.534847161528994 ], [ 126.996499597737198, 37.534781172038905 ], [ 126.996458779903719, 37.534720353869744 ] ] ], [ [ [ 126.998498005019499, 37.534886290668112 ], [ 126.998418001903261, 37.534859899921265 ], [ 126.998337997672124, 37.534886288524653 ], [ 126.998304857623395, 37.53494999843015 ], [ 126.998337994844377, 37.53501370927701 ], [ 126.998417998096727, 37.53504010007736 ], [ 126.99849800246399, 37.535013711420476 ], [ 126.998531142376621, 37.534950001461468 ], [ 126.998498005019499, 37.534886290668112 ] ] ], [ [ [ 127.005809040277072, 37.535426970421327 ], [ 127.005729034007373, 37.53540058462994 ], [ 127.005649031775249, 37.535426978183729 ], [ 127.005615897707031, 37.535490690134658 ], [ 127.005649041386789, 37.5355543989238 ], [ 127.005729047792641, 37.535580784768669 ], [ 127.005809050160863, 37.535554391161369 ], [ 127.005842184092927, 37.535490679156943 ], [ 127.005809040277072, 37.535426970421327 ] ] ], [ [ [ 127.006379351620751, 37.535547688036324 ], [ 127.006299345021191, 37.535521302631892 ], [ 127.006219342861172, 37.53554769657147 ], [ 127.006186209224765, 37.535611408681078 ], [ 127.0062193534431, 37.53567511730882 ], [ 127.006299360178815, 37.535701502766742 ], [ 127.006379362474931, 37.535675108773624 ], [ 127.006412495975184, 37.535611396610527 ], [ 127.006379351620751, 37.535547688036324 ] ] ], [ [ [ 127.005571130790699, 37.535723812643354 ], [ 127.00548826181172, 37.53570379860691 ], [ 127.005411893044837, 37.535736309464198 ], [ 127.00538676020237, 37.53580230084048 ], [ 127.005427585875779, 37.535863115912214 ], [ 127.005510455014857, 37.535883129990673 ], [ 127.005586823888635, 37.535850619070452 ], [ 127.005611956571016, 37.535784627652149 ], [ 127.005571130790699, 37.535723812643354 ] ] ], [ [ [ 127.005802018097668, 37.536372591410668 ], [ 127.00571914833904, 37.536352577538516 ], [ 127.005642779010842, 37.536385088541579 ], [ 127.005617646154192, 37.536451079959726 ], [ 127.005658472368822, 37.536511894944908 ], [ 127.00574134228755, 37.536531908859082 ], [ 127.005817711722656, 37.536499397793087 ], [ 127.005842844419206, 37.536433406332911 ], [ 127.005802018097668, 37.536372591410668 ] ] ], [ [ [ 127.000684262936986, 37.536643592505989 ], [ 127.000604257172967, 37.536617203248113 ], [ 127.000524251834847, 37.53664359332474 ], [ 127.00049111286836, 37.536707303824741 ], [ 127.000524252726876, 37.536771014039118 ], [ 127.000604258627021, 37.536797403350505 ], [ 127.000684264101267, 37.53677101322036 ], [ 127.000717402931627, 37.536707302666862 ], [ 127.000684262936986, 37.536643592505989 ] ] ], [ [ [ 127.00054673091573, 37.536982178702829 ], [ 127.000466724838432, 37.536955789353279 ], [ 127.000386719090116, 37.536982179335219 ], [ 127.000353579856778, 37.537045889792971 ], [ 127.000386719748136, 37.537109600042292 ], [ 127.000466725961559, 37.537135989445339 ], [ 127.000546731846001, 37.537109599409881 ], [ 127.000579870943213, 37.537045888898625 ], [ 127.00054673091573, 37.536982178702829 ] ] ], [ [ [ 127.012751474533346, 37.537640420442841 ], [ 127.012671463453728, 37.537614039365558 ], [ 127.012591461305107, 37.537640437612566 ], [ 127.012558332164971, 37.537704151486636 ], [ 127.012591482730542, 37.537767858302288 ], [ 127.012671493946371, 37.537794239433055 ], [ 127.012751496231033, 37.537767841132506 ], [ 127.012784625235, 37.53770412720494 ], [ 127.012751474533346, 37.537640420442841 ] ] ], [ [ [ 127.012332520960584, 37.537873317660114 ], [ 127.012249647796907, 37.537853308376278 ], [ 127.012173279774601, 37.537885823594081 ], [ 127.012148152169857, 37.537951816384435 ], [ 127.012188984505926, 37.538012629095483 ], [ 127.012271857829759, 37.538032638421321 ], [ 127.012348225958931, 37.538000123140563 ], [ 127.012373353403547, 37.537934130308194 ], [ 127.012332520960584, 37.537873317660114 ] ] ], [ [ [ 126.995231816186191, 37.54050056218432 ], [ 126.995137960698884, 37.540481837846826 ], [ 126.995060242245287, 37.540527730525589 ], [ 126.995046878731813, 37.540570202808205 ], [ 126.995060956696037, 37.540613632927688 ], [ 126.995005791857011, 37.54064280020453 ], [ 126.994980649381034, 37.540691126624019 ], [ 126.99499346183039, 37.540742431352442 ], [ 126.995039910693677, 37.540779421568033 ], [ 126.995126095407812, 37.540786184374099 ], [ 126.995193042602963, 37.540742439645307 ], [ 126.995206406064312, 37.540699967347386 ], [ 126.995192327999476, 37.540656537245873 ], [ 126.995247492775974, 37.540627369881953 ], [ 126.995272635058299, 37.540579043405117 ], [ 126.995264569551892, 37.540535731964084 ], [ 126.995231816186191, 37.54050056218432 ] ] ], [ [ [ 126.997073274633024, 37.540596669795377 ], [ 126.996993265918093, 37.540570278108696 ], [ 126.996913255083712, 37.540596665721019 ], [ 126.996880111295283, 37.540660375164762 ], [ 126.996913249830783, 37.540724086349705 ], [ 126.996993258681897, 37.540750478089912 ], [ 126.997073269652432, 37.540724090424092 ], [ 126.997106413304735, 37.540660380926809 ], [ 126.997073274633024, 37.540596669795377 ] ] ], [ [ [ 127.00177500848703, 37.540741288511285 ], [ 127.001694997960342, 37.540714900010826 ], [ 127.001614988628461, 37.540741290808135 ], [ 127.001581848776624, 37.540805001569922 ], [ 127.001614991376812, 37.540868711433831 ], [ 127.001695002039654, 37.5408950999878 ], [ 127.001775011507689, 37.540868709136959 ], [ 127.001808151223372, 37.540804998321661 ], [ 127.00177500848703, 37.540741288511285 ] ] ], [ [ [ 126.997497592362478, 37.540796456310353 ], [ 126.997414719927576, 37.540776436625606 ], [ 126.997338342482053, 37.540808942233674 ], [ 126.997313200821949, 37.540874931834736 ], [ 126.997354022703973, 37.540935749645186 ], [ 126.997436895298947, 37.540955769371998 ], [ 126.997513272851464, 37.540923263700996 ], [ 126.997538414351496, 37.540857274057885 ], [ 126.997497592362478, 37.540796456310353 ] ] ], [ [ [ 127.002097190844466, 37.540859534215116 ], [ 127.002014317110039, 37.540839517758506 ], [ 127.001937941597063, 37.540872026341141 ], [ 127.00191280396956, 37.54093801692072 ], [ 127.001953629622022, 37.540998833140421 ], [ 127.002036503516564, 37.541018849639066 ], [ 127.002112879136504, 37.540986340993499 ], [ 127.002138016603894, 37.540920350371877 ], [ 127.002097190844466, 37.540859534215116 ] ] ], [ [ [ 127.003230820947962, 37.541115440829003 ], [ 127.003150809508469, 37.541089053316654 ], [ 127.003070800289962, 37.541115445098654 ], [ 127.003037661511286, 37.541179156264896 ], [ 127.003070805515847, 37.541242865716121 ], [ 127.003150817091552, 37.541269253281989 ], [ 127.003230826446185, 37.541242861446449 ], [ 127.003263965088678, 37.541179150226689 ], [ 127.003230820947962, 37.541115440829003 ] ] ], [ [ [ 127.003465190696389, 37.541628151275738 ], [ 127.003385178626374, 37.541601763924504 ], [ 127.003305168942646, 37.541628155863037 ], [ 127.0032720301365, 37.541691867089511 ], [ 127.003305174567473, 37.54175557646937 ], [ 127.003385186773656, 37.541781963874122 ], [ 127.003465196593538, 37.541755571882049 ], [ 127.003498335263487, 37.541691860602072 ], [ 127.003465190696389, 37.541628151275738 ] ] ], [ [ [ 126.996215851030826, 37.541689844988269 ], [ 126.996135841450013, 37.541663452725508 ], [ 126.99605582914532, 37.541689839751903 ], [ 126.996022684143355, 37.541753548943106 ], [ 126.996055822433007, 37.541817260356815 ], [ 126.996135832149946, 37.54184365267313 ], [ 126.996215844590836, 37.541817265593217 ], [ 126.99624898945666, 37.541753556348475 ], [ 126.996215851030826, 37.541689844988269 ] ] ], [ [ [ 127.002111783893852, 37.544367350547624 ], [ 127.002028906272614, 37.544347334113297 ], [ 127.001952527187598, 37.544379842686112 ], [ 127.001927388395316, 37.544445833229517 ], [ 127.001968215972553, 37.544506649407914 ], [ 127.002051093753948, 37.544526665884291 ], [ 127.002127472945944, 37.544494157248543 ], [ 127.002152611578069, 37.544428166663074 ], [ 127.002111783893852, 37.544367350547624 ] ] ], [ [ [ 127.002273785045219, 37.545725350465162 ], [ 127.002190905877256, 37.545705334149211 ], [ 127.002114525477154, 37.545737842819342 ], [ 127.002089386371694, 37.545803833382045 ], [ 127.002130214821193, 37.545864649490383 ], [ 127.002213094149312, 37.545884665848384 ], [ 127.002289474656422, 37.545852157115299 ], [ 127.002314613601726, 37.54578616651056 ], [ 127.002273785045219, 37.545725350465162 ] ] ] ] } },
{ "type": "Feature", "properties": { "dataset_id": "11", "type": "polygon", "radius_m": 30, "label": "11 polygon 30m" }, "geometry": { "type": "MultiPolygon", "coordinates": [ [ [ [ 126.977130357276067, 37.519545221440744 ], [ 126.977056820707858, 37.519457515243836 ], [ 126.976946743428044, 37.519398899931417 ], [ 126.976816883627066, 37.519378299079634 ], [ 126.976687011094867, 37.519398848950779 ], [ 126.97657689755944, 37.519457421043711 ], [ 126.976503306730535, 37.519545098361974 ], [ 126.976477442222262, 37.519648532902472 ], [ 126.97650324185912, 37.519751977724724 ], [ 126.976576778067979, 37.519839684261797 ], [ 126.976686855705552, 37.51989829991475 ], [ 126.976816716371815, 37.519918900907967 ], [ 126.97694658976998, 37.519898350896305 ], [ 126.977056703664701, 37.519839778463222 ], [ 126.977130294135861, 37.519752100804411 ], [ 126.977156157778865, 37.519648666122478 ], [ 126.977130357276067, 37.519545221440744 ] ] ], [ [ [ 126.973279935631922, 37.520362969138922 ], [ 126.973195963451388, 37.520281423653778 ], [ 126.97307920439799, 37.520231680685896 ], [ 126.972947433866494, 37.520221313084782 ], [ 126.972820712526712, 37.520251899207999 ], [ 126.972718332384829, 37.520318782639812 ], [ 126.972655879849597, 37.52041178106235 ], [ 126.972642862865996, 37.520516736375271 ], [ 126.972681263350921, 37.520617670099284 ], [ 126.972765235347694, 37.520699215945655 ], [ 126.972881994920812, 37.520748959220157 ], [ 126.973013766371054, 37.52075932689371 ], [ 126.973140488490472, 37.520728740566298 ], [ 126.973242868816101, 37.520661856773273 ], [ 126.973305320831614, 37.520568858044115 ], [ 126.973318336896469, 37.520463902658761 ], [ 126.973279935631922, 37.520362969138922 ] ] ], [ [ [ 126.968069044609535, 37.520395642349996 ], [ 126.967985078065894, 37.520314093163066 ], [ 126.967868322424493, 37.520264345045739 ], [ 126.967736552560666, 37.520253971631433 ], [ 126.967609829042573, 37.520284552162728 ], [ 126.967507444208053, 37.520351431075177 ], [ 126.967444985180151, 37.520444426738926 ], [ 126.967431960892327, 37.520549381473643 ], [ 126.967470354373475, 37.52065031688813 ], [ 126.967554320733157, 37.520731866436236 ], [ 126.967671076894106, 37.520781614860269 ], [ 126.967802847676651, 37.520791988347106 ], [ 126.967929571974466, 37.520761407611715 ], [ 126.968031956992945, 37.520694528338076 ], [ 126.968094415501255, 37.520601532367643 ], [ 126.968107438870376, 37.520496577560372 ], [ 126.968069044609535, 37.520395642349996 ] ] ], [ [ [ 126.975666132135203, 37.520501963093153 ], [ 126.975582157201174, 37.520420419305431 ], [ 126.975465396345811, 37.520370678696978 ], [ 126.975333625238235, 37.520360313758054 ], [ 126.975206904635868, 37.520390902440973 ], [ 126.975104526432759, 37.520457787940316 ], [ 126.975042076742383, 37.520550787623414 ], [ 126.975029063076732, 37.520655743198063 ], [ 126.975067466847563, 37.520756676145098 ], [ 126.975151441597902, 37.520838220294031 ], [ 126.975268202973055, 37.520887961209112 ], [ 126.975399974999434, 37.520898326220419 ], [ 126.975526696381337, 37.520867737333255 ], [ 126.97562907476815, 37.5208008514727 ], [ 126.975691523938721, 37.520707851482982 ], [ 126.975704536685598, 37.520602895835957 ], [ 126.975666132135203, 37.520501963093153 ] ] ], [ [ [ 126.965398767940059, 37.525098839230985 ], [ 126.965314799037273, 37.525017288209625 ], [ 126.965198037844075, 37.524967537489566 ], [ 126.965066260081059, 37.524957161100481 ], [ 126.964939527518837, 37.524987738737785 ], [ 126.964837133872123, 37.525054615277639 ], [ 126.964774667605539, 37.525147609451381 ], [ 126.964761638754524, 37.525252563805566 ], [ 126.964800031042742, 37.525353500006908 ], [ 126.964883999761426, 37.525435051389522 ], [ 126.965000761474215, 37.525484802416365 ], [ 126.965132540156176, 37.525495178878053 ], [ 126.965259273498333, 37.525464601036667 ], [ 126.965361667329148, 37.52539772413558 ], [ 126.965424133076127, 37.525304729655062 ], [ 126.965437161008211, 37.525199775228259 ], [ 126.965398767940059, 37.525098839230985 ] ] ], [ [ [ 126.954820992819933, 37.526831676096215 ], [ 126.954737033498773, 37.526750117584285 ], [ 126.954620276640767, 37.526700356424101 ], [ 126.954488497306599, 37.52668996823472 ], [ 126.954361757506106, 37.526720534507994 ], [ 126.954259352055871, 37.526787401850122 ], [ 126.954196871217405, 37.526880390392684 ], [ 126.954183827244549, 37.526985343539586 ], [ 126.954222206163109, 37.527086283141387 ], [ 126.954306165299784, 37.527167842014535 ], [ 126.954422922677097, 37.527217603481624 ], [ 126.954554702930196, 37.527227991743857 ], [ 126.954681443510921, 37.527197425266671 ], [ 126.954783849145656, 37.527130557563346 ], [ 126.9548463294648, 37.527037568713858 ], [ 126.954859372518726, 37.526932615494118 ], [ 126.954820992819933, 37.526831676096215 ] ] ], [ [ [ 126.950482030070731, 37.534305367283643 ], [ 126.950398067108722, 37.534223805787953 ], [ 126.950281301493206, 37.534174040395101 ], [ 126.950149509618058, 37.534163647368494 ], [ 126.950022755402273, 37.53419420893637 ], [ 126.949920335857016, 37.534261072421273 ], [ 126.949857843389523, 37.534354058542057 ], [ 126.949844792024081, 37.534459011071334 ], [ 126.949883168912038, 37.53455995195371 ], [ 126.949967131689306, 37.534641513810683 ], [ 126.950083897824214, 37.534691279510589 ], [ 126.95021569061862, 37.534701672610147 ], [ 126.950342445614993, 37.534671110838389 ], [ 126.950444865344977, 37.534604246992181 ], [ 126.950507357293091, 37.534511260564337 ], [ 126.95052040773929, 37.534406307962115 ], [ 126.950482030070731, 37.534305367283643 ] ] ], [ [ [ 126.972849996815256, 37.535486090579617 ], [ 126.9727660081588, 37.535404544991671 ], [ 126.972649225823389, 37.535354801717283 ], [ 126.972517428748176, 37.535344433652568 ], [ 126.97239068164383, 37.535375019225668 ], [ 126.972288280438903, 37.535441902104637 ], [ 126.972225814748711, 37.535534900055772 ], [ 126.972212794521042, 37.535639855050555 ], [ 126.972251202166859, 37.535740788658167 ], [ 126.972335190639384, 37.535822334607516 ], [ 126.972451973494898, 37.535872078188703 ], [ 126.972583771489568, 37.535882446325907 ], [ 126.97271051937409, 37.535851860548505 ], [ 126.972812920762934, 37.535784977308133 ], [ 126.972875385933037, 37.535691979050199 ], [ 126.972888405241278, 37.53558702398292 ], [ 126.972849996815256, 37.535486090579617 ] ] ], [ [ [ 126.965102710214339, 37.535546050228646 ], [ 126.965018729930691, 37.535464499135657 ], [ 126.964901952653506, 37.535414748203003 ], [ 126.964770156551992, 37.535404371492653 ], [ 126.964643406188515, 37.535434948748929 ], [ 126.964540997987783, 37.535501824906035 ], [ 126.964478522630131, 37.535594818753587 ], [ 126.964465491535037, 37.535699772887831 ], [ 126.96450388876795, 37.535800709008974 ], [ 126.964587868867397, 37.535882260463318 ], [ 126.964704646664416, 37.535932011702883 ], [ 126.964836443685343, 37.535942388485886 ], [ 126.964963194829167, 37.535911811025436 ], [ 126.9650656032141, 37.535844934506954 ], [ 126.965128078051919, 37.535751940352512 ], [ 126.965141108227598, 37.535646986145622 ], [ 126.965102710214339, 37.535546050228646 ] ] ], [ [ [ 126.953080931371815, 37.535733160725819 ], [ 126.95299696397835, 37.535651601094635 ], [ 126.952880194407953, 37.535601838280797 ], [ 126.952748399656556, 37.535591448155046 ], [ 126.952621644081077, 37.535622012504028 ], [ 126.952519224899618, 37.535688878226907 ], [ 126.952456734464107, 37.535781865701836 ], [ 126.95244368648946, 37.535886818495221 ], [ 126.952482067610845, 37.535987758511517 ], [ 126.952566034819625, 37.536069318504026 ], [ 126.952682804909529, 37.536119081624904 ], [ 126.95281460058024, 37.536129471823564 ], [ 126.952941356936336, 37.53609890727062 ], [ 126.953043776302422, 37.536032041186424 ], [ 126.95310626621847, 37.535939053404455 ], [ 126.953119313273774, 37.535834100538153 ], [ 126.953080931371815, 37.535733160725819 ] ] ], [ [ [ 126.951846534674615, 37.536035133864495 ], [ 126.95176256828826, 37.535953573360509 ], [ 126.9516457990688, 37.535903809328893 ], [ 126.951514003958792, 37.535893417825825 ], [ 126.951387247369738, 37.535923980847606 ], [ 126.951284826674026, 37.535990845495448 ], [ 126.951222334454116, 37.536083832311164 ], [ 126.951209284696574, 37.536188784961553 ], [ 126.951247664307985, 37.536289725372775 ], [ 126.951331630509685, 37.536371286238108 ], [ 126.951448400248594, 37.536421050576777 ], [ 126.951580196277916, 37.536431442152768 ], [ 126.951706953647644, 37.536400878927061 ], [ 126.951809374528011, 37.536334013917902 ], [ 126.951871866228473, 37.536241026795125 ], [ 126.951884915066685, 37.53613607407182 ], [ 126.951846534674615, 37.536035133864495 ] ] ], [ [ [ 126.970650112487732, 37.538470406228022 ], [ 126.970566122882829, 37.538388859116409 ], [ 126.970449337357394, 37.538339113690419 ], [ 126.970317535336278, 37.538328743173693 ], [ 126.970190782283055, 37.538359326367683 ], [ 126.970088375031906, 37.538426207302606 ], [ 126.970025904118614, 37.538519204040739 ], [ 126.97001288028612, 37.538624158738287 ], [ 126.970051286494282, 37.538725093009624 ], [ 126.97013527591514, 37.538806640482676 ], [ 126.970252061960679, 37.538856386215542 ], [ 126.970383864901393, 37.538866756804808 ], [ 126.970510618734977, 37.538836173406537 ], [ 126.970613026170156, 37.538769292110175 ], [ 126.970675496563345, 37.538676295065166 ], [ 126.970688519476241, 37.538571340295093 ], [ 126.970650112487732, 37.538470406228022 ] ] ], [ [ [ 126.958162734415339, 37.538650357905453 ], [ 126.958078758215663, 37.538568801922551 ], [ 126.957961980716377, 37.538519044153304 ], [ 126.957830180120496, 37.538508659700497 ], [ 126.957703421674651, 37.538539229487142 ], [ 126.957601003033943, 37.53860609958457 ], [ 126.957538516467991, 37.53869908970497 ], [ 126.957525475102685, 37.538804043012036 ], [ 126.957563864566993, 37.538904981331918 ], [ 126.957647840582183, 37.538986537676216 ], [ 126.957764618601203, 37.539036295752481 ], [ 126.957896420116555, 37.539046680278105 ], [ 126.958023179343044, 37.539016110287392 ], [ 126.958125598168223, 37.538949239828575 ], [ 126.958188084214441, 37.538856249401157 ], [ 126.958201124660292, 37.53875129602131 ], [ 126.958162734415339, 37.538650357905453 ] ] ], [ [ [ 126.962131236333178, 37.540814177890532 ], [ 126.962047253383901, 37.540732624755897 ], [ 126.961930469870637, 37.540682870925963 ], [ 126.961798664911925, 37.540672490903773 ], [ 126.961671904418566, 37.540703064937844 ], [ 126.961569486357376, 37.54076993845289 ], [ 126.961507002909798, 37.540862930640806 ], [ 126.961493966726991, 37.540967884350522 ], [ 126.961532362648953, 37.541068821346862 ], [ 126.961616345413887, 37.541150374842921 ], [ 126.96173312944704, 37.541200128979845 ], [ 126.961864935325366, 37.541210509074773 ], [ 126.961991696599341, 37.541179934836549 ], [ 126.962094114844888, 37.541113060960079 ], [ 126.962156597772577, 37.541020068465173 ], [ 126.962169633035771, 37.540915114682747 ], [ 126.962131236333178, 37.540814177890532 ] ] ], [ [ [ 126.963843458878898, 37.547175773698171 ], [ 126.9637594669327, 37.547094221864626 ], [ 126.96364267235991, 37.547044469775919 ], [ 126.96351085596271, 37.547034091670014 ], [ 126.963384085393301, 37.547064667503683 ], [ 126.963281660152376, 37.547131542427685 ], [ 126.963219173514474, 37.547224535419446 ], [ 126.963206138616485, 37.547329489205516 ], [ 126.963244540102863, 37.547430425539105 ], [ 126.963328531864718, 37.547511977734167 ], [ 126.96344532695764, 37.547561730129907 ], [ 126.963577144274737, 37.547572108308522 ], [ 126.963703915624976, 37.547541532270621 ], [ 126.963806341050244, 37.547474656985102 ], [ 126.963868827168042, 37.547381663686302 ], [ 126.96388186114612, 37.547276709827536 ], [ 126.963843458878898, 37.547175773698171 ] ] ], [ [ [ 126.976893038503377, 37.547625940605954 ], [ 126.976809031830342, 37.547544398055415 ], [ 126.976692227874693, 37.547494658874363 ], [ 126.976560408867016, 37.547484295335728 ], [ 126.976433642856875, 37.547514885178607 ], [ 126.97633122865092, 37.547581771421058 ], [ 126.976268757843812, 37.547674771317325 ], [ 126.976255741162404, 37.547779726542835 ], [ 126.976294160477963, 37.547880658631577 ], [ 126.976378166967109, 37.547962201543712 ], [ 126.976494971443302, 37.548011941031646 ], [ 126.97662679137099, 37.548022304642707 ], [ 126.976753558161747, 37.547991714595376 ], [ 126.97685597255159, 37.547924827991352 ], [ 126.976918442838155, 37.547831827788187 ], [ 126.976931458599509, 37.547726872490244 ], [ 126.976893038503377, 37.547625940605954 ] ] ], [ [ [ 126.977716619496263, 37.518210217842864 ], [ 126.977632644897071, 37.518128675481393 ], [ 126.977515886249662, 37.518078936881324 ], [ 126.977384118887073, 37.51806857422725 ], [ 126.977257402996585, 37.51809916512358 ], [ 126.977155029754911, 37.518166052427958 ], [ 126.977092584520264, 37.51825905323291 ], [ 126.977079574126236, 37.51836400907542 ], [ 126.977117979486565, 37.518464941395528 ], [ 126.977201953902181, 37.518546484118204 ], [ 126.977318713069366, 37.518596223024801 ], [ 126.977450481350672, 37.518606585751236 ], [ 126.977577198020569, 37.518575994650639 ], [ 126.977679571445861, 37.518509106985064 ], [ 126.97774201616069, 37.518416105873548 ], [ 126.977755025636, 37.51831114995872 ], [ 126.977716619496263, 37.518210217842864 ] ] ], [ [ [ 126.981562317689708, 37.519392998122164 ], [ 126.981478337579603, 37.519311458509719 ], [ 126.981361574535356, 37.519261723720035 ], [ 126.981229804559263, 37.519251365357576 ], [ 126.981103088236495, 37.519281960373469 ], [ 126.981000716809618, 37.519348850998163 ], [ 126.980938275360572, 37.519441853818712 ], [ 126.980925270146656, 37.519546810065243 ], [ 126.980963681292963, 37.51964774111628 ], [ 126.981047661219591, 37.519729281089958 ], [ 126.981164424783799, 37.519779016186156 ], [ 126.981296195678667, 37.519789374620878 ], [ 126.981422912780815, 37.519758779400668 ], [ 126.98152528439114, 37.519691888414748 ], [ 126.981587725320253, 37.519598885287657 ], [ 126.981600729615408, 37.519493928968878 ], [ 126.981562317689708, 37.519392998122164 ] ] ], [ [ [ 126.978154828241628, 37.520585346786483 ], [ 126.978070850504949, 37.520503804768445 ], [ 126.977954087866379, 37.52045406662036 ], [ 126.977822316266469, 37.520443704457961 ], [ 126.977695596537643, 37.520474295810835 ], [ 126.977593220440895, 37.520541183467131 ], [ 126.977530773769146, 37.520634184465791 ], [ 126.977517763574767, 37.520739140314312 ], [ 126.977556170741082, 37.520840072451833 ], [ 126.977640148294142, 37.520921614831103 ], [ 126.977756911452602, 37.520971353285773 ], [ 126.977888683971301, 37.520981715520513 ], [ 126.978015404479663, 37.52095112396335 ], [ 126.978117780759987, 37.520884235945829 ], [ 126.978180226911888, 37.520791234640583 ], [ 126.978193236187451, 37.52068627871973 ], [ 126.978154828241628, 37.520585346786483 ] ] ], [ [ [ 126.992599709118181, 37.521942240204858 ], [ 126.992515714138776, 37.521860708473504 ], [ 126.992398939793887, 37.521810984615207 ], [ 126.992267163806147, 37.521800638570213 ], [ 126.992140447675922, 37.521831245414454 ], [ 126.99203808261646, 37.521898145577715 ], [ 126.991975652740436, 37.521991154194879 ], [ 126.991962662543315, 37.522096111613536 ], [ 126.99200108986409, 37.522197039033777 ], [ 126.992085084660403, 37.522278571126421 ], [ 126.99220185952565, 37.522328295291153 ], [ 126.992333636432377, 37.522338641408176 ], [ 126.992460353341855, 37.522308034359384 ], [ 126.992562718584395, 37.522241133834825 ], [ 126.992625147940075, 37.522148124911233 ], [ 126.992638137218222, 37.522043167420534 ], [ 126.992599709118181, 37.521942240204858 ] ] ], [ [ [ 126.99430821233338, 37.523474035908578 ], [ 126.994224213777599, 37.523392505413163 ], [ 126.994107435911346, 37.523342783256673 ], [ 126.993975656993314, 37.52333243912031 ], [ 126.993848938969975, 37.523363047789438 ], [ 126.99374657334279, 37.523429949415998 ], [ 126.993684144310805, 37.523522958912132 ], [ 126.993671156241092, 37.523627916491627 ], [ 126.993709586648734, 37.523728843330041 ], [ 126.99379358502145, 37.523810374186795 ], [ 126.993910363408176, 37.523860096649692 ], [ 126.994042143245252, 37.523870440858069 ], [ 126.994168862047871, 37.523839831984361 ], [ 126.994271227858121, 37.523772929996454 ], [ 126.994333656369648, 37.523679920193906 ], [ 126.994346643520302, 37.523574962542412 ], [ 126.99430821233338, 37.523474035908578 ] ] ], [ [ [ 127.000792645116093, 37.53443755971211 ], [ 127.000708627207658, 37.534356033980252 ], [ 127.000591827944291, 37.534306318327836 ], [ 127.000460028842085, 37.534295981445815 ], [ 127.000333294920253, 37.534326597015209 ], [ 127.000230920100535, 37.534393504137498 ], [ 127.000168489981618, 37.53448651688818 ], [ 127.000155509096032, 37.534591474985568 ], [ 127.000193953865306, 37.534692399526364 ], [ 127.000277971590819, 37.534773925619731 ], [ 127.000394771375142, 37.534823641578619 ], [ 127.000526571396932, 37.534833978532518 ], [ 127.000653306098357, 37.534803362758346 ], [ 127.000755681100941, 37.534736455274555 ], [ 127.000818110698972, 37.534643442217416 ], [ 127.00083109066496, 37.53453848404812 ], [ 127.000792645116093, 37.53443755971211 ] ] ], [ [ [ 126.995696656911193, 37.535219552646851 ], [ 126.99561264367324, 37.53513802330054 ], [ 126.99549584657359, 37.535088302614753 ], [ 126.995364046799011, 37.535077960046742 ], [ 126.995237309471108, 37.535108570143137 ], [ 126.995134929030115, 37.535175472838588 ], [ 126.995072491930401, 37.535268482882579 ], [ 126.995059503767308, 37.535373440405472 ], [ 126.995097942070288, 37.535474366591465 ], [ 126.995181955125162, 37.535555896299293 ], [ 126.995298752745583, 37.535605617291615 ], [ 126.995430553439761, 37.535615959931619 ], [ 126.995557291547399, 37.535585349630537 ], [ 126.995659672171499, 37.535518446573576 ], [ 126.995722108750414, 37.535425436223072 ], [ 126.995735095993894, 37.535320478628165 ], [ 126.995696656911193, 37.535219552646851 ] ] ], [ [ [ 126.987971174571769, 37.536350682257428 ], [ 126.987887168476959, 37.536269147431852 ], [ 126.987770374744358, 37.53621941911549 ], [ 126.987638574048148, 37.536209067927253 ], [ 126.987511831650238, 37.536239669726058 ], [ 126.987409442762726, 37.536306565709822 ], [ 126.98734699512579, 37.536399571649739 ], [ 126.987333995938954, 37.536504528301066 ], [ 126.987372424409855, 37.536605456980709 ], [ 126.987456430321288, 37.536686992167745 ], [ 126.987573224574504, 37.536736720790742 ], [ 126.987705026190284, 37.536747072051156 ], [ 126.987831769368128, 37.536716470047772 ], [ 126.987934158439046, 37.536649573702547 ], [ 126.987996605555381, 37.536556567455996 ], [ 126.988009603822633, 37.536451610732492 ], [ 126.987971174571769, 37.536350682257428 ] ] ], [ [ [ 127.012460338233439, 37.537684110207884 ], [ 127.012376303981867, 37.5376025928243 ], [ 127.012259491911266, 37.53755288874089 ], [ 127.012127685487471, 37.53754256488736 ], [ 127.012000950844254, 37.53757319296129 ], [ 127.011898582013245, 37.53764011016051 ], [ 127.011836163681437, 37.537733129026435 ], [ 127.011823198587038, 37.537838088346341 ], [ 127.011861660747499, 37.537939009030787 ], [ 127.011945694816561, 37.538020526775952 ], [ 127.012062507408515, 37.538070231165733 ], [ 127.012194314752151, 37.538080555090929 ], [ 127.012321050174833, 37.538049926811979 ], [ 127.012423419188352, 37.53798300925115 ], [ 127.012485836998806, 37.537889990078874 ], [ 127.012498801173365, 37.537785030687296 ], [ 127.012460338233439, 37.537684110207884 ] ] ], [ [ [ 127.005897954968177, 37.539075766870702 ], [ 127.005813926297719, 37.538994244835983 ], [ 127.005697116410872, 37.53894453427278 ], [ 127.005565308441035, 37.53893420309732 ], [ 127.005438568757413, 37.538964824121805 ], [ 127.005336192158879, 37.539031735617279 ], [ 127.005273764514939, 37.539124750993487 ], [ 127.005260789981406, 37.539229709569035 ], [ 127.005299244012846, 37.539330632367779 ], [ 127.005383272500538, 37.539412154764079 ], [ 127.005500082908597, 37.539461865633733 ], [ 127.005631891798259, 37.539472196881007 ], [ 127.005758632261561, 37.539441575651601 ], [ 127.00586100904286, 37.53937466379454 ], [ 127.005923436165588, 37.539281648111881 ], [ 127.005936409779252, 37.539176689464533 ], [ 127.005897954968177, 37.539075766870702 ] ] ], [ [ [ 127.001435369854804, 37.540899528222312 ], [ 127.001351343995978, 37.540818003037309 ], [ 127.001234534226398, 37.540768288075284 ], [ 127.001102723661646, 37.540757951922082 ], [ 127.000975979065927, 37.540788568147747 ], [ 127.000873595985922, 37.540855475753872 ], [ 127.000811161277852, 37.540948488742309 ], [ 127.000798180172993, 37.54105344679521 ], [ 127.00083662912624, 37.541154371016027 ], [ 127.00092065480213, 37.541235896562618 ], [ 127.001037465092807, 37.541285611831185 ], [ 127.001169276577471, 37.541295948056288 ], [ 127.001296021953024, 37.541265331625766 ], [ 127.001398405215937, 37.541198423658052 ], [ 127.001460839402924, 37.541105410363073 ], [ 127.001473819587886, 37.541000452238286 ], [ 127.001435369854804, 37.540899528222312 ] ] ], [ [ [ 127.00359448221883, 37.544910732834815 ], [ 127.003510449506905, 37.544829209241982 ], [ 127.00339363204526, 37.544779496449898 ], [ 127.003261814120535, 37.544769162714076 ], [ 127.003135063617322, 37.54479978123652 ], [ 127.003032676981718, 37.544866690669181 ], [ 127.002970241611223, 37.544959704735852 ], [ 127.002957262837967, 37.545064662954537 ], [ 127.002995716761987, 37.545165586403442 ], [ 127.003079749291032, 37.545247110357934 ], [ 127.003196567273946, 37.54529682345656 ], [ 127.003328386118767, 37.545307157264261 ], [ 127.0034551374019, 37.545276538536882 ], [ 127.003557524220398, 37.545209628742569 ], [ 127.003619959069653, 37.545116614369348 ], [ 127.003632936922813, 37.545011656078799 ], [ 127.00359448221883, 37.544910732834815 ] ] ], [ [ [ 126.989735006868358, 37.545177037981745 ], [ 126.989650988951595, 37.54509550453129 ], [ 126.989534180280074, 37.5450457780316 ], [ 126.98940236380227, 37.545035428825003 ], [ 126.989275607182549, 37.545066032468739 ], [ 126.989173207798075, 37.545132929879841 ], [ 126.989110754987152, 37.545225936612269 ], [ 126.989097756736996, 37.545330893300623 ], [ 126.989136192112809, 37.545431821256173 ], [ 126.989220209846167, 37.545513355068238 ], [ 126.98933701903853, 37.545563081874626 ], [ 126.989468836436359, 37.545573431153393 ], [ 126.989595593836313, 37.545542827304992 ], [ 126.989697993404178, 37.545475929532287 ], [ 126.989760445694245, 37.54538292249314 ], [ 126.989773443024376, 37.545277965732616 ], [ 126.989735006868358, 37.545177037981745 ] ] ], [ [ [ 126.982025244229661, 37.551238037670821 ], [ 126.981941227911832, 37.551156498818905 ], [ 126.98182441490799, 37.551106764742627 ], [ 126.981692588826178, 37.551096406937759 ], [ 126.981565818792831, 37.551127002270491 ], [ 126.981463404227199, 37.551193892923123 ], [ 126.981400936778627, 37.55128689547854 ], [ 126.981387926662805, 37.551391851207306 ], [ 126.981426354751392, 37.551492781566779 ], [ 126.981510370885474, 37.551574320780325 ], [ 126.981627184410129, 37.551624055163472 ], [ 126.981759011412166, 37.551634413040681 ], [ 126.981885782226115, 37.551603817503363 ], [ 126.981988196975479, 37.551536926489085 ], [ 126.982050663903266, 37.551443923626792 ], [ 126.982063673098878, 37.551338967825714 ], [ 126.982025244229661, 37.551238037670821 ] ] ], [ [ [ 126.97848065282227, 37.551878956676411 ], [ 126.978396639648054, 37.551797415312201 ], [ 126.978279828001106, 37.551747677735094 ], [ 126.978148001282932, 37.551737315973824 ], [ 126.978021228716813, 37.55176790749691 ], [ 126.977918810107582, 37.551834795066611 ], [ 126.977856337720183, 37.551927795735153 ], [ 126.977843322522119, 37.552032751060359 ], [ 126.977881746158843, 37.552133682561085 ], [ 126.977965759149171, 37.55221522428694 ], [ 126.978082571316818, 37.552264962170945 ], [ 126.978214398955245, 37.552275324004633 ], [ 126.978341172302038, 37.552244732277025 ], [ 126.978443591095157, 37.552177844345692 ], [ 126.978506062961884, 37.552084843370217 ], [ 126.978519077239682, 37.551979887972614 ], [ 126.97848065282227, 37.551878956676411 ] ] ] ] } }
]
}
