{
"type": "FeatureCollection",
"name": "흡연_exclusion",
"crs": { "type": "name", "properties": { "name": "urn:ogc:def:crs:OGC:1.3:CRS84" } },
"features": [
{ "type": "Feature", "properties": { "dataset_id": "01", "type": "mixed", "type_source": "jimok_lift", "type_llm": "polygon", "radius_m": 10, "label": "01 mixed 10m" }, "geometry": { "type": "MultiPolygon", "coordinates": [ [ [ [ 126.965626184024401, 37.521088971431361 ], [ 126.965710163291561, 37.521271076355752 ], [ 126.965792869499396, 37.521311619584978 ], [ 126.965847542908406, 37.521305552432921 ], [ 126.966109763846191, 37.521220475199208 ], [ 126.966150680892284, 37.521191469419186 ], [ 126.966169691736582, 37.521150552836964 ], [ 126.966092174318121, 37.520968241579673 ], [ 126.966055749141503, 37.520935376775306 ], [ 126.966004162593251, 37.520920094015402 ], [ 126.965949626893135, 37.520926011226692 ], [ 126.965687145593236, 37.521010254267047 ], [ 126.965640223195962, 37.521046719895303 ], [ 126.965626184024401, 37.521088971431361 ] ] ], [ [ [ 126.968048937641726, 37.521719234600099 ], [ 126.968059162178164, 37.521676136305331 ], [ 126.968026921451667, 37.521511629760568 ], [ 126.967981915618481, 37.52145299674612 ], [ 126.967898096380267, 37.521436694110257 ], [ 126.967725041451203, 37.521458201140341 ], [ 126.967662490047971, 37.521491339941313 ], [ 126.967639978709286, 37.521539671567695 ], [ 126.967644753277796, 37.521656727013465 ], [ 126.967694579058758, 37.521725588020402 ], [ 126.967751252438617, 37.521749962524417 ], [ 126.96795260741456, 37.521771416847429 ], [ 126.968005179947454, 37.521758362441332 ], [ 126.968048937641726, 37.521719234600099 ] ] ], [ [ [ 126.963644336645118, 37.523878593968007 ], [ 126.963308024198113, 37.524070939772521 ], [ 126.963273170690911, 37.52410524826589 ], [ 126.963274390228491, 37.524182869757077 ], [ 126.963397237015357, 37.524297655173037 ], [ 126.963507427611134, 37.524314136287799 ], [ 126.963561629969917, 37.52430542880294 ], [ 126.963841072745197, 37.524140700693657 ], [ 126.963875974120697, 37.524106267811746 ], [ 126.963874455013809, 37.524028447465192 ], [ 126.963762171508236, 37.523910495091599 ], [ 126.963709257139783, 37.523880478522557 ], [ 126.963644336645118, 37.523878593968007 ] ] ], [ [ [ 126.968382989380288, 37.524349305372972 ], [ 126.968398778066643, 37.524298093460878 ], [ 126.968375877193978, 37.524248615092873 ], [ 126.967607143083072, 37.523448133230282 ], [ 126.967546368629272, 37.523415783575231 ], [ 126.967434189539887, 37.523407809810443 ], [ 126.966968151453827, 37.523683223884653 ], [ 126.966939418108751, 37.523748089729452 ], [ 126.966969780414274, 37.523805869361155 ], [ 126.966286607043983, 37.524221643356817 ], [ 126.966266255468526, 37.524270045172976 ], [ 126.966282188068533, 37.524319486513214 ], [ 126.966574157889681, 37.524623843875482 ], [ 126.966443810674988, 37.524698816824703 ], [ 126.966386811687372, 37.524715488886464 ], [ 126.966022538177015, 37.524948564302996 ], [ 126.965993659334657, 37.52498740177704 ], [ 126.965995169457798, 37.525041297759621 ], [ 126.966074818232713, 37.525149820831295 ], [ 126.966362879036822, 37.525442646794794 ], [ 126.966419115378343, 37.525468109101617 ], [ 126.966483675661365, 37.525464866514774 ], [ 126.967942190422505, 37.52461973889902 ], [ 126.968382989380288, 37.524349305372972 ] ] ], [ [ [ 126.964990675992723, 37.525684596997365 ], [ 126.965640580415027, 37.525261494962479 ], [ 126.965678970642927, 37.525210831539141 ], [ 126.965658214495818, 37.5251375209996 ], [ 126.965323754336708, 37.52478948831952 ], [ 126.965259677229426, 37.524756449343379 ], [ 126.965164974943065, 37.524772686907859 ], [ 126.964525553060056, 37.525160749892038 ], [ 126.964479688274039, 37.525215505242613 ], [ 126.964493577957924, 37.525283753094861 ], [ 126.964864761565821, 37.525663483366742 ], [ 126.964923582636416, 37.525689686646523 ], [ 126.964990675992723, 37.525684596997365 ] ] ], [ [ [ 126.954250476309014, 37.527054441004516 ], [ 126.954518536576714, 37.527157959396838 ], [ 126.954602886738002, 37.527142476535509 ], [ 126.954754955435348, 37.526962659995554 ], [ 126.954771655043615, 37.526904496726765 ], [ 126.954722216091298, 37.526839776181191 ], [ 126.954383236679362, 37.526694972876882 ], [ 126.954327676089591, 37.526687854215012 ], [ 126.954265596488867, 37.526708378951547 ], [ 126.954229094870058, 37.526753330765672 ], [ 126.954207368189387, 37.526994406689042 ], [ 126.954250476309014, 37.527054441004516 ] ] ], [ [ [ 126.968269264800966, 37.529536113105792 ], [ 126.968183095468888, 37.529529330692633 ], [ 126.968116142532864, 37.529573060190707 ], [ 126.968107626088084, 37.529641685505545 ], [ 126.96816253508581, 37.529695006869005 ], [ 126.968248704606609, 37.52970178929705 ], [ 126.968315657580419, 37.529658059724795 ], [ 126.968324173836507, 37.529589434395049 ], [ 126.968269264800966, 37.529536113105792 ] ] ], [ [ [ 126.964794868596215, 37.529692354679717 ], [ 126.964708699400973, 37.529685569731804 ], [ 126.964641744298447, 37.52972929725793 ], [ 126.964633224652871, 37.529797922318835 ], [ 126.964688131290529, 37.529851245295056 ], [ 126.964774300674463, 37.529858030257884 ], [ 126.964841255814804, 37.529814302657556 ], [ 126.964849775271688, 37.529745677581772 ], [ 126.964794868596215, 37.529692354679717 ] ] ], [ [ [ 126.954904762823972, 37.533823351529101 ], [ 126.954913806110667, 37.533434029920279 ], [ 126.954851195614424, 37.533374871060474 ], [ 126.954251086119328, 37.533207053155834 ], [ 126.953862893435385, 37.533163998424854 ], [ 126.953776784925822, 37.533195552136796 ], [ 126.953750613537764, 37.53324232838041 ], [ 126.953757602867356, 37.533330875620798 ], [ 126.953785132601041, 37.533369845616363 ], [ 126.953835224774878, 37.533394087998531 ], [ 126.953829555701446, 37.533522296252649 ], [ 126.953768167659916, 37.533566938958394 ], [ 126.953764270589545, 37.533638394238274 ], [ 126.95363663733491, 37.533673429294012 ], [ 126.953522632434897, 37.533631991829353 ], [ 126.953399624493457, 37.533646725161873 ], [ 126.953326044757034, 37.533678280314724 ], [ 126.953292519977339, 37.533723153940393 ], [ 126.953312888717576, 37.533966235546245 ], [ 126.953452606024698, 37.534155198482765 ], [ 126.953373852021684, 37.534245191093056 ], [ 126.953322783422294, 37.534270539096077 ], [ 126.953293654771514, 37.534307995751284 ], [ 126.953292921801932, 37.534360624599131 ], [ 126.953334126028807, 37.534430011625112 ], [ 126.953295001710188, 37.534563955124391 ], [ 126.953179929269197, 37.534634395258294 ], [ 126.953055846614888, 37.534687388368134 ], [ 126.952931212576573, 37.534716687209851 ], [ 126.952728651842989, 37.534837435187342 ], [ 126.95269499816041, 37.534880179397661 ], [ 126.952683541248234, 37.534937372556797 ], [ 126.952698021187629, 37.53498001331333 ], [ 126.952946627138303, 37.535242083636923 ], [ 126.95303236080828, 37.535299324165422 ], [ 126.953084536197323, 37.535314867628472 ], [ 126.95317666691993, 37.535293588695382 ], [ 126.953258299821201, 37.535325183023232 ], [ 126.953549558288998, 37.535297363758737 ], [ 126.953619250762998, 37.535247357409027 ], [ 126.953645279785206, 37.535111512606136 ], [ 126.953812477708752, 37.535064340352505 ], [ 126.954766533630135, 37.534974152927013 ], [ 126.954827047560428, 37.534937056416034 ], [ 126.954843452805477, 37.534874363386521 ], [ 126.955023679669324, 37.534789488331306 ], [ 126.955093813896866, 37.53471900333615 ], [ 126.955171423121584, 37.534720882345738 ], [ 126.955228324428973, 37.534696088948266 ], [ 126.95532183261389, 37.534554745958715 ], [ 126.955330233700693, 37.534443123611624 ], [ 126.955304651355945, 37.534382279507007 ], [ 126.955241945406243, 37.534347387710724 ], [ 126.954876915569031, 37.534284023058795 ], [ 126.954868689385492, 37.53423051518844 ], [ 126.954818086695241, 37.534187050795765 ], [ 126.95481354007164, 37.534116484484066 ], [ 126.954888077226386, 37.533964695862856 ], [ 126.954869594667201, 37.533887447471884 ], [ 126.954904762823972, 37.533823351529101 ] ] ], [ [ [ 126.957157351280301, 37.534973631203215 ], [ 126.957129932133114, 37.534644925068505 ], [ 126.95707218612597, 37.534581127489723 ], [ 126.957006334172419, 37.534570849333846 ], [ 126.95646008262564, 37.534610140944224 ], [ 126.956407892297037, 37.534624769080999 ], [ 126.956370652520519, 37.534657355625711 ], [ 126.956357850748475, 37.534708994542278 ], [ 126.956397455085991, 37.535005449230219 ], [ 126.956454001877049, 37.535066192590712 ], [ 126.956516991016287, 37.535076945514241 ], [ 126.957066438552076, 37.53504294192048 ], [ 126.957125113944741, 37.535019282251142 ], [ 126.957157351280301, 37.534973631203215 ] ] ], [ [ [ 126.965009589443923, 37.535137756432633 ], [ 126.964898176878151, 37.535156570186039 ], [ 126.964841555694321, 37.535196847241444 ], [ 126.964784488404092, 37.535303670858482 ], [ 126.964593136484069, 37.535848102234326 ], [ 126.964510886115164, 37.535857767580914 ], [ 126.964458299226109, 37.535910852278455 ], [ 126.96444629801816, 37.535999049850808 ], [ 126.964416253211354, 37.536062269485591 ], [ 126.964453968327192, 37.536605054397022 ], [ 126.964484977310732, 37.536650279272102 ], [ 126.9645389818685, 37.536673956664046 ], [ 126.964545772016493, 37.536912169233425 ], [ 126.964591838526403, 37.536973030030346 ], [ 126.965387003413881, 37.537186454493423 ], [ 126.965440725468113, 37.537190295079711 ], [ 126.965499038238363, 37.537168437153888 ], [ 126.965532902895106, 37.537124770171424 ], [ 126.965530587716714, 37.537055404181771 ], [ 126.965591261924772, 37.536696274644825 ], [ 126.965702157953416, 37.536509159617204 ], [ 126.965702396601088, 37.536362134531878 ], [ 126.965761782157244, 37.536270225620413 ], [ 126.965762859219751, 37.536117372345721 ], [ 126.965705803752272, 37.536044333158941 ], [ 126.965719295584378, 37.536018807481554 ], [ 126.967247907522136, 37.536002546262132 ], [ 126.967300854329807, 37.535991430729432 ], [ 126.967341046458984, 37.535961818406427 ], [ 126.967359536545942, 37.535911847841007 ], [ 126.967349019927212, 37.534924028812327 ], [ 126.967309509869921, 37.534872223542095 ], [ 126.967248800869243, 37.534852468870675 ], [ 126.966123180653014, 37.53485620152712 ], [ 126.965537618019567, 37.535055814040675 ], [ 126.965490690643605, 37.535116472011353 ], [ 126.965508338290633, 37.535234184592674 ], [ 126.965412157122927, 37.535239026619138 ], [ 126.965009589443923, 37.535137756432633 ] ] ], [ [ [ 126.951391050965455, 37.535756088710961 ], [ 126.951133937179847, 37.535984574539825 ], [ 126.950960569402994, 37.536011118545446 ], [ 126.950912879823107, 37.536033516331003 ], [ 126.95087986156733, 37.536088693016957 ], [ 126.950892869997176, 37.53614033404628 ], [ 126.950930274665637, 37.53617284031403 ], [ 126.95195573003781, 37.536711557071683 ], [ 126.952007835303618, 37.536725765449567 ], [ 126.952072173443241, 37.536714793729907 ], [ 126.952611000599759, 37.53618190693804 ], [ 126.952588081156023, 37.536012063258227 ], [ 126.952524668602564, 37.535845212218241 ], [ 126.952528325325105, 37.535799034677034 ], [ 126.952505867083801, 37.535745177497745 ], [ 126.952459810749644, 37.535708493753148 ], [ 126.952406987193115, 37.53569774496917 ], [ 126.952353983859581, 37.53570791706413 ], [ 126.952234433889359, 37.535776240342813 ], [ 126.952165233653858, 37.535790152905335 ], [ 126.951572272776531, 37.53572526067164 ], [ 126.951443831961271, 37.53573498596527 ], [ 126.951391050965455, 37.535756088710961 ] ] ], [ [ [ 126.954163484772295, 37.536563559586945 ], [ 126.954077308642681, 37.536556766885383 ], [ 126.954010341192145, 37.536600488325256 ], [ 126.954001811018145, 37.536669112532493 ], [ 126.954056715114419, 37.536722440387777 ], [ 126.954142891432738, 37.536729233104303 ], [ 126.954209858921203, 37.536685511590242 ], [ 126.954218388906455, 37.536616887368048 ], [ 126.954163484772295, 37.536563559586945 ] ] ], [ [ [ 126.95455495865501, 37.536864401514023 ], [ 126.954501316461247, 37.536866299953871 ], [ 126.95444734895483, 37.536893934816973 ], [ 126.954284352094874, 37.537045055662382 ], [ 126.954265549681153, 37.537112871485235 ], [ 126.954304003147541, 37.537165795409827 ], [ 126.954697126035683, 37.537428925576499 ], [ 126.954761328068045, 37.537444643951737 ], [ 126.955015346498655, 37.537440142743556 ], [ 126.955289221793834, 37.537263788316508 ], [ 126.95530776407908, 37.537212665713952 ], [ 126.955286764508045, 37.537139048520302 ], [ 126.955076325842271, 37.537003574349988 ], [ 126.955023952921394, 37.536989800333878 ], [ 126.954969625117172, 37.536997380082212 ], [ 126.954888010329157, 37.537063855683797 ], [ 126.95455495865501, 37.536864401514023 ] ] ], [ [ [ 126.960543312732952, 37.54031873540027 ], [ 126.960562188093348, 37.540439226742023 ], [ 126.960515528265518, 37.54058859801755 ], [ 126.960500672711774, 37.540718574480096 ], [ 126.960536789450671, 37.540764204564297 ], [ 126.960658331742721, 37.540807645582603 ], [ 126.960707981416391, 37.540857655034387 ], [ 126.960704754897804, 37.54088455790653 ], [ 126.960584044729728, 37.541009136638927 ], [ 126.960533063817948, 37.54112842063541 ], [ 126.960542116048316, 37.541222352100995 ], [ 126.960599865539635, 37.541402105271082 ], [ 126.960643401000411, 37.541451218561839 ], [ 126.960694096113755, 37.541467019271487 ], [ 126.960748190509037, 37.541462139881354 ], [ 126.961947128802706, 37.541103915423243 ], [ 126.96200132355041, 37.541070924515815 ], [ 126.962021269804566, 37.541028303151371 ], [ 126.962017018391677, 37.540945969719189 ], [ 126.961494639437333, 37.539548728505558 ], [ 126.961445618452501, 37.539501298286744 ], [ 126.961369813674565, 37.539489910181622 ], [ 126.961295532595912, 37.539526906935748 ], [ 126.961207668568093, 37.539631415972991 ], [ 126.961102552407837, 37.5398062263477 ], [ 126.960928407746394, 37.540011277959643 ], [ 126.960911696050218, 37.540059885972703 ], [ 126.960755345740083, 37.540042094501707 ], [ 126.960678894311698, 37.540074842640166 ], [ 126.960628457621723, 37.540235777729286 ], [ 126.960565752653665, 37.540269047202045 ], [ 126.960543312732952, 37.54031873540027 ] ] ], [ [ [ 126.958457047673818, 37.541414753737179 ], [ 126.958370444794326, 37.541414723238759 ], [ 126.958309180159688, 37.54146346337901 ], [ 126.958309141761774, 37.541532422898321 ], [ 126.958370352229721, 37.541581206245667 ], [ 126.958456955301784, 37.541581236744285 ], [ 126.958518219936707, 37.54153249652834 ], [ 126.958518258142064, 37.541463537008852 ], [ 126.958457047673818, 37.541414753737179 ] ] ], [ [ [ 126.958835891304034, 37.542681731363587 ], [ 126.958777485311643, 37.54264138193939 ], [ 126.958588063931515, 37.542583006697434 ], [ 126.958523777458069, 37.5425825027435 ], [ 126.958295205083459, 37.54274143332313 ], [ 126.958270545538042, 37.542779413979289 ], [ 126.958273744578904, 37.542830441198248 ], [ 126.958531371994141, 37.543074256226134 ], [ 126.958580850781729, 37.543094745022586 ], [ 126.958647314271914, 37.543091128364061 ], [ 126.95869970354893, 37.543058361842903 ], [ 126.958736023364111, 37.542989372307247 ], [ 126.958726968549854, 37.542895919253645 ], [ 126.958841688655824, 37.542759704707457 ], [ 126.958835891304034, 37.542681731363587 ] ] ], [ [ [ 126.969056624277542, 37.542893295374775 ], [ 126.968941184535879, 37.542691952893307 ], [ 126.968881142977068, 37.542667622698353 ], [ 126.968713804640203, 37.542670201842697 ], [ 126.968662479265717, 37.542575064149638 ], [ 126.968576086714521, 37.542540425932714 ], [ 126.968522448812109, 37.542549999497169 ], [ 126.96820536191467, 37.542679772742595 ], [ 126.96810346405465, 37.542759693462997 ], [ 126.968049191794321, 37.542846528677508 ], [ 126.968057944220774, 37.542889221431473 ], [ 126.968136634906955, 37.543018629634687 ], [ 126.968259648379401, 37.543183128497212 ], [ 126.968368838844256, 37.543301076347831 ], [ 126.96846969126004, 37.543340327502584 ], [ 126.968523345251242, 37.543330480236982 ], [ 126.96860206029119, 37.543283147245369 ], [ 126.969021539922991, 37.54297035244857 ], [ 126.969050723647712, 37.542935184516296 ], [ 126.969056624277542, 37.542893295374775 ] ] ], [ [ [ 126.96498947780664, 37.542889274774403 ], [ 126.964903293408241, 37.542882489975987 ], [ 126.964836326612996, 37.54292621750858 ], [ 126.96482780563457, 37.542994842429081 ], [ 126.964882722080063, 37.543048165200354 ], [ 126.964968906667281, 37.543054950013676 ], [ 126.965035873500369, 37.543011222406875 ], [ 126.965044394289961, 37.542942597471459 ], [ 126.96498947780664, 37.542889274774403 ] ] ], [ [ [ 126.962344282032248, 37.544877965999191 ], [ 126.962258095586009, 37.544871179271368 ], [ 126.962191125467214, 37.5449149052873 ], [ 126.962182601836361, 37.544983529992329 ], [ 126.962237517854376, 37.545036853975546 ], [ 126.962323704489464, 37.545043640718283 ], [ 126.96239067464613, 37.544999914628143 ], [ 126.962399198088136, 37.544931289908178 ], [ 126.962344282032248, 37.544877965999191 ] ] ], [ [ [ 126.964440350311094, 37.548304039352438 ], [ 126.965116037602769, 37.548192831701535 ], [ 126.965160726503967, 37.548166404146265 ], [ 126.965195358260019, 37.548110312049857 ], [ 126.965059161315011, 37.54689908788238 ], [ 126.965035617693744, 37.54685139080545 ], [ 126.964951262814878, 37.546816817895291 ], [ 126.964290503884925, 37.546840537538941 ], [ 126.964237859010623, 37.546854699776134 ], [ 126.964203147655283, 37.54688306084352 ], [ 126.964104218073345, 37.546851706391926 ], [ 126.963722145790527, 37.546832934566069 ], [ 126.963484255500219, 37.546832867635267 ], [ 126.963432461562704, 37.546847534074352 ], [ 126.963395459371668, 37.546879903445124 ], [ 126.963381981086187, 37.546922336909049 ], [ 126.963379166865579, 37.548338483064505 ], [ 126.963397966745489, 37.548387892107712 ], [ 126.963485686860309, 37.548437497667692 ], [ 126.963550769232526, 37.548445456707739 ], [ 126.96384644861844, 37.548340068129136 ], [ 126.964440350311094, 37.548304039352438 ] ] ], [ [ [ 126.963671776697694, 37.550582698359939 ], [ 126.9637431577748, 37.55063914384457 ], [ 126.963916358991071, 37.550830109385778 ], [ 126.963966635235266, 37.55084506505451 ], [ 126.964157595818534, 37.550854323387817 ], [ 126.964287964663114, 37.550816648402751 ], [ 126.964405687249624, 37.55080569608252 ], [ 126.964586989719209, 37.55068308274889 ], [ 126.964686513002761, 37.550680192936788 ], [ 126.964768946694832, 37.550643663363587 ], [ 126.965222663885598, 37.550557837979959 ], [ 126.965375325982933, 37.550447352530647 ], [ 126.965395689252261, 37.550282605567183 ], [ 126.96528597402785, 37.550128613356172 ], [ 126.96518411327375, 37.55003791383551 ], [ 126.965106325419782, 37.549986742805636 ], [ 126.964980197208192, 37.549934946469634 ], [ 126.964726769898959, 37.549778697412421 ], [ 126.964653782964803, 37.549677746642423 ], [ 126.964326090421082, 37.549494722212849 ], [ 126.964118209289907, 37.549455396828222 ], [ 126.964025058085682, 37.549492406984264 ], [ 126.963882738704029, 37.549602426556085 ], [ 126.963824509616714, 37.549704211128585 ], [ 126.963708378748564, 37.549734461567716 ], [ 126.963525569442481, 37.549885877996061 ], [ 126.963533045251452, 37.550061045536957 ], [ 126.963623107236202, 37.550415558515084 ], [ 126.963652786468018, 37.550461126949251 ], [ 126.963645254150677, 37.550509691572124 ], [ 126.963671776697694, 37.550582698359939 ] ] ], [ [ [ 126.964281346872085, 37.551193121736837 ], [ 126.964194732673676, 37.551193095504047 ], [ 126.964133463820204, 37.551241838582932 ], [ 126.964133430774908, 37.551310797992528 ], [ 126.96419465303147, 37.551359578246036 ], [ 126.964281267422535, 37.551359604478989 ], [ 126.964342536276263, 37.551310861324374 ], [ 126.964342569128902, 37.551241901914622 ], [ 126.964281346872085, 37.551193121736837 ] ] ], [ [ [ 126.968135245643467, 37.55329167506008 ], [ 126.968007721037694, 37.553286015674288 ], [ 126.967932307420384, 37.55333230801579 ], [ 126.967919532990081, 37.553374141488838 ], [ 126.967927641573311, 37.553588702788453 ], [ 126.967649496429758, 37.553579835474181 ], [ 126.967566228423735, 37.553615634992305 ], [ 126.967543810907472, 37.553663526169899 ], [ 126.967559846792085, 37.553777330301941 ], [ 126.967623867868554, 37.553851295918868 ], [ 126.96769909679756, 37.553870821205145 ], [ 126.968282773141354, 37.55384250263068 ], [ 126.968329576754996, 37.553816346854468 ], [ 126.968358193296055, 37.553778463755691 ], [ 126.9686032542578, 37.553636107757406 ], [ 126.968693901423663, 37.553537373592768 ], [ 126.968705303374463, 37.553468694175756 ], [ 126.968644801771191, 37.553398598362001 ], [ 126.968182919562125, 37.55332665220061 ], [ 126.968135245643467, 37.55329167506008 ] ] ], [ [ [ 126.974275799139164, 37.517045412738675 ], [ 126.97427669230683, 37.517097652015622 ], [ 126.974322816013427, 37.517145886501929 ], [ 126.974385804582781, 37.517160452360905 ], [ 126.974479967036757, 37.517146411333528 ], [ 126.974975415124007, 37.518144437689024 ], [ 126.975036175203456, 37.518193309114707 ], [ 126.97512252318576, 37.518193793324372 ], [ 126.976092682164008, 37.517890475681313 ], [ 126.976478543957597, 37.517765743370489 ], [ 126.976530166873005, 37.517721197536794 ], [ 126.976531047080186, 37.517652336718022 ], [ 126.976163444435912, 37.516935928245218 ], [ 126.976078390596243, 37.516895386846564 ], [ 126.975912527504136, 37.516908923274094 ], [ 126.975825112507948, 37.516731144565838 ], [ 126.975762449071425, 37.516686660435575 ], [ 126.975698948982327, 37.51668348300975 ], [ 126.975163476042695, 37.516783693893892 ], [ 126.974350009025869, 37.51698454661323 ], [ 126.974303346623927, 37.517007586359973 ], [ 126.974275799139164, 37.517045412738675 ] ] ], [ [ [ 126.977830890090303, 37.517739004265827 ], [ 126.977768960172909, 37.517606003923028 ], [ 126.977714200839486, 37.517576136352332 ], [ 126.977658725959557, 37.517573722541734 ], [ 126.976978063012155, 37.517796430500937 ], [ 126.976926748660389, 37.51784162105637 ], [ 126.976920517068962, 37.517893891473392 ], [ 126.976989432470162, 37.518011493797282 ], [ 126.977036242182677, 37.518033816020278 ], [ 126.977090724991896, 37.518036089594979 ], [ 126.977770376041462, 37.51781742239158 ], [ 126.977811153539406, 37.517788516678173 ], [ 126.977830890090303, 37.517739004265827 ] ] ], [ [ [ 126.976377967428775, 37.519156848065677 ], [ 126.974830625945074, 37.519646763853586 ], [ 126.974769046308026, 37.519695185697309 ], [ 126.974768452081861, 37.519764107514824 ], [ 126.97531603960006, 37.520813248238042 ], [ 126.975073308030616, 37.520893388889228 ], [ 126.975019695736094, 37.520943090896999 ], [ 126.974949330707858, 37.52094122283598 ], [ 126.974726068273412, 37.521012818494022 ], [ 126.974667647045223, 37.521074409220695 ], [ 126.974673613676089, 37.521126606269817 ], [ 126.975003143053826, 37.521772536644114 ], [ 126.975063613946148, 37.521821496272437 ], [ 126.975149836117993, 37.521822290168792 ], [ 126.975362071283499, 37.521754436393991 ], [ 126.975413290206319, 37.521711632613439 ], [ 126.975500191556293, 37.521712584445574 ], [ 126.976678966830235, 37.521337746970566 ], [ 126.977374237096441, 37.52111408825283 ], [ 126.977436213625907, 37.521063363569532 ], [ 126.977440622052058, 37.521009753655925 ], [ 126.97740231885534, 37.520921645054599 ], [ 126.977338827864088, 37.520868392873624 ], [ 126.97706901342606, 37.520341437345181 ], [ 126.977033883678232, 37.52030455398144 ], [ 126.977026397953409, 37.520259348959719 ], [ 126.976492303407326, 37.51921291569839 ], [ 126.976451343914121, 37.519172308220647 ], [ 126.976377967428775, 37.519156848065677 ] ] ], [ [ [ 126.970425681674072, 37.520634623407418 ], [ 126.970544154290465, 37.52087726442673 ], [ 126.970584183048317, 37.520907049049875 ], [ 126.970637087971824, 37.520918361880696 ], [ 126.971357706779287, 37.520700013612405 ], [ 126.971405829539322, 37.520662322806565 ], [ 126.971419175625883, 37.520618588181698 ], [ 126.971291950504849, 37.520374955796008 ], [ 126.971245937818281, 37.520339553052551 ], [ 126.97119396742977, 37.520329312765767 ], [ 126.970486478723743, 37.520546962416923 ], [ 126.97043938075231, 37.520583445288636 ], [ 126.970425681674072, 37.520634623407418 ] ] ], [ [ [ 126.971755354802823, 37.520696551407227 ], [ 126.971669195319436, 37.520689771531465 ], [ 126.97160225231967, 37.520733503075547 ], [ 126.971593740078205, 37.52080212874651 ], [ 126.971648645084016, 37.520855448567545 ], [ 126.971734804756011, 37.520862228458185 ], [ 126.971801747793506, 37.520818496839929 ], [ 126.97181025984635, 37.520749871154088 ], [ 126.971755354802823, 37.520696551407227 ] ] ], [ [ [ 126.971239424152387, 37.522620045899941 ], [ 126.971295011952591, 37.522616069098888 ], [ 126.971572477884649, 37.522537747049782 ], [ 126.971647796080944, 37.522485427902062 ], [ 126.971678510440995, 37.522438732189514 ], [ 126.971681047546724, 37.522389634596607 ], [ 126.971566951419376, 37.522120621547572 ], [ 126.971501884383912, 37.522065930200569 ], [ 126.97142746879301, 37.52206323644306 ], [ 126.971171056558731, 37.522145774729609 ], [ 126.971108796527645, 37.522195413471721 ], [ 126.971101264881042, 37.522239584485206 ], [ 126.971146883931127, 37.52255028697293 ], [ 126.971179650266336, 37.522596530416109 ], [ 126.971239424152387, 37.522620045899941 ] ] ], [ [ [ 126.969140230992636, 37.525863414859309 ], [ 126.969103959157721, 37.525917432511065 ], [ 126.969125754841727, 37.525984808029143 ], [ 126.969320131583487, 37.526182748630774 ], [ 126.969381085959739, 37.526200005951416 ], [ 126.969443947796208, 37.526187840135286 ], [ 126.970174408238464, 37.525768622564797 ], [ 126.970571950873165, 37.525505330982391 ], [ 126.970604634529806, 37.525441683507296 ], [ 126.970572959140327, 37.525346075213584 ], [ 126.970668716609666, 37.525341151212103 ], [ 126.97090501363418, 37.525268505991754 ], [ 126.971448226513161, 37.525021561703127 ], [ 126.972132774732657, 37.524620819994695 ], [ 126.97238505451611, 37.524491004182536 ], [ 126.972421314423656, 37.524436644662856 ], [ 126.972405288924264, 37.524376427825786 ], [ 126.972088012132971, 37.524048447658892 ], [ 126.972028156718906, 37.524026556678244 ], [ 126.971953391998539, 37.524039219540477 ], [ 126.970008261237979, 37.525218389492082 ], [ 126.969966793988362, 37.525269209963263 ], [ 126.96997017398418, 37.52537710896793 ], [ 126.969140230992636, 37.525863414859309 ] ] ], [ [ [ 126.970073862047087, 37.528357552273256 ], [ 126.969987693906361, 37.528350771175951 ], [ 126.969920743076983, 37.528394501706728 ], [ 126.969912228420128, 37.528463127166226 ], [ 126.969967137839703, 37.528516447701506 ], [ 126.97005330616912, 37.528523228813718 ], [ 126.970120257036257, 37.528479498208746 ], [ 126.97012877150442, 37.528410872734355 ], [ 126.970073862047087, 37.528357552273256 ] ] ], [ [ [ 126.969151363546501, 37.529088552700586 ], [ 126.969065194648906, 37.529081770930716 ], [ 126.968998242627691, 37.529125500932594 ], [ 126.968989727042199, 37.529194126316661 ], [ 126.9690446363403, 37.529247447274166 ], [ 126.969130805426573, 37.529254229058928 ], [ 126.96919775748556, 37.52921049898287 ], [ 126.96920627288236, 37.529141873583924 ], [ 126.969151363546501, 37.529088552700586 ] ] ], [ [ [ 126.97549842462756, 37.534322767372309 ], [ 126.975411829934686, 37.534322749374532 ], [ 126.97535058219124, 37.534371498421201 ], [ 126.97535055949453, 37.534440458035448 ], [ 126.975411775276115, 37.534489232610582 ], [ 126.975498370161475, 37.534489250608473 ], [ 126.975559617905091, 37.534440501486131 ], [ 126.975559640409301, 37.534371541871764 ], [ 126.97549842462756, 37.534322767372309 ] ] ], [ [ [ 126.972591621860246, 37.534846618706794 ], [ 126.971959217430808, 37.53420140530779 ], [ 126.971905321294898, 37.534187191323859 ], [ 126.971849540731085, 37.534195615540412 ], [ 126.971280260259078, 37.534533117878738 ], [ 126.971250144355494, 37.534560280982625 ], [ 126.971235154613396, 37.534603793205982 ], [ 126.97193591751261, 37.535974445322459 ], [ 126.971981450047053, 37.536012853560521 ], [ 126.972034981186454, 37.536024595644705 ], [ 126.973229349431136, 37.535661702352478 ], [ 126.97328151843513, 37.535629195347639 ], [ 126.973301894214003, 37.535579002440585 ], [ 126.973276911602767, 37.535521111642133 ], [ 126.972591621860246, 37.534846618706794 ] ] ], [ [ [ 126.969495882018094, 37.536525640313791 ], [ 126.969635147931641, 37.536837860463059 ], [ 126.96968482417013, 37.536885182841381 ], [ 126.969782796352305, 37.536891126040956 ], [ 126.970031975678467, 37.53681268566006 ], [ 126.970077718304353, 37.536777725925376 ], [ 126.970111044586943, 37.536700768004593 ], [ 126.970105709058046, 37.53665814588522 ], [ 126.969955366590398, 37.536404163620119 ], [ 126.969909979268479, 37.536364930178955 ], [ 126.96982240100327, 37.536356157212325 ], [ 126.969557251433983, 37.536439421950327 ], [ 126.969510343326334, 37.536475208349174 ], [ 126.969495882018094, 37.536525640313791 ] ] ], [ [ [ 126.973534700859616, 37.536454148813142 ], [ 126.973429623293512, 37.536843478038342 ], [ 126.973460630135463, 37.53690595057995 ], [ 126.973538480597568, 37.536935895376523 ], [ 126.97341290914359, 37.537470176552588 ], [ 126.973429102740752, 37.537514602766123 ], [ 126.973489959346836, 37.537576870804862 ], [ 126.973593784711227, 37.537600617472592 ], [ 126.973657384242728, 37.537581754904792 ], [ 126.973756516925818, 37.537519765365701 ], [ 126.97378634854492, 37.537481585824928 ], [ 126.97401694688071, 37.536599426370145 ], [ 126.974025550112273, 37.536451331488912 ], [ 126.973993988338663, 37.536365803344921 ], [ 126.97390876957337, 37.536331838298743 ], [ 126.973588275988902, 37.536420910983807 ], [ 126.973534700859616, 37.536454148813142 ] ] ], [ [ [ 126.968868399325956, 37.53802995912141 ], [ 126.968821673527344, 37.538052719523698 ], [ 126.968614473267181, 37.538238241539517 ], [ 126.968592896591844, 37.538288542750031 ], [ 126.968605081145711, 37.538331971411985 ], [ 126.968703155030084, 37.538412807072419 ], [ 126.968789896690154, 37.538420384154769 ], [ 126.968837600354377, 37.53839792099464 ], [ 126.968985890051258, 37.538255649867509 ], [ 126.969289383820183, 37.538416352144907 ], [ 126.969319569035221, 37.538435450345105 ], [ 126.969296923222544, 37.538746831099189 ], [ 126.969321255907104, 37.53878698015852 ], [ 126.969366781444023, 37.538812925724812 ], [ 126.969433483949771, 37.538816714545291 ], [ 126.969483173380851, 37.538796177357824 ], [ 126.969721171848533, 37.538620997795327 ], [ 126.970028649767912, 37.538356030105867 ], [ 126.970025836603085, 37.538295650785678 ], [ 126.969985132215712, 37.538254912785092 ], [ 126.969642933996724, 37.538162324767832 ], [ 126.969652319823737, 37.538047189573398 ], [ 126.969626308442599, 37.538008030303516 ], [ 126.969580004583136, 37.537983475848584 ], [ 126.969513605651883, 37.537981304032385 ], [ 126.969389405254944, 37.538017646494488 ], [ 126.96933812232021, 37.537944913310014 ], [ 126.969254918655835, 37.5379270272092 ], [ 126.969195235519834, 37.53794825490877 ], [ 126.969136005440518, 37.538016880580336 ], [ 126.969094670348838, 37.538035616811577 ], [ 126.968945088198197, 37.538019875811273 ], [ 126.968868399325956, 37.53802995912141 ] ] ], [ [ [ 126.970430769218453, 37.538942552257822 ], [ 126.970344588866723, 37.53893577142788 ], [ 126.970277628778447, 37.538979502078455 ], [ 126.970269113238544, 37.53904812743999 ], [ 126.970324030668252, 37.539101447716959 ], [ 126.970410211208787, 37.539108228561801 ], [ 126.970477171334821, 37.539064497837025 ], [ 126.970485686685947, 37.538995872460582 ], [ 126.970430769218453, 37.538942552257822 ] ] ], [ [ [ 126.969771870897546, 37.540316352574855 ], [ 126.969685689024715, 37.54030957126497 ], [ 126.969618727322839, 37.540353301531034 ], [ 126.969610211021973, 37.540421926828714 ], [ 126.969665128989163, 37.540475247399904 ], [ 126.969751311050814, 37.540482028724675 ], [ 126.969818272790491, 37.540438298384416 ], [ 126.969826788902552, 37.540369673071837 ], [ 126.969771870897546, 37.540316352574855 ] ] ], [ [ [ 126.969500872963351, 37.542808552731856 ], [ 126.969404231719892, 37.542804747293893 ], [ 126.969342973125705, 37.542853493149948 ], [ 126.969342944872096, 37.542934332661311 ], [ 126.969404163678973, 37.542983110281611 ], [ 126.969490768383139, 37.54298313268896 ], [ 126.969552026987287, 37.542934386757317 ], [ 126.96955579260208, 37.542861873333024 ], [ 126.969500872963351, 37.542808552731856 ] ] ], [ [ [ 126.975861910959495, 37.547375115223112 ], [ 126.975864478882215, 37.547547816177023 ], [ 126.975915839329829, 37.547709403950464 ], [ 126.976051946928678, 37.547860291867273 ], [ 126.976440367325097, 37.5479007665324 ], [ 126.976464506650501, 37.547972021350603 ], [ 126.976540880087768, 37.548004543812908 ], [ 126.976623767437687, 37.547984542376469 ], [ 126.976664856985153, 37.547919820267353 ], [ 126.976969021974185, 37.547939054229651 ], [ 126.97729058824612, 37.547726458764792 ], [ 126.977415153629394, 37.547614565040917 ], [ 126.97747499862443, 37.547293029179507 ], [ 126.977551784082806, 37.547272976310104 ], [ 126.977591116099688, 37.547221350207693 ], [ 126.977605356274296, 37.547115838813824 ], [ 126.97758710949914, 37.547022496993684 ], [ 126.977373403838172, 37.546806130860965 ], [ 126.977242922284731, 37.54663737456255 ], [ 126.977194931972249, 37.546605531251231 ], [ 126.976340487074751, 37.546506046094294 ], [ 126.976286910635721, 37.546510031135078 ], [ 126.976075635599443, 37.546647962534664 ], [ 126.976026657198886, 37.546703018490867 ], [ 126.975952149278527, 37.546939351933631 ], [ 126.975952776402238, 37.546995401787676 ], [ 126.975909189088469, 37.547148105468736 ], [ 126.975903377416884, 37.547322621330537 ], [ 126.975861910959495, 37.547375115223112 ] ] ], [ [ [ 126.973988535389012, 37.550000768151797 ], [ 126.973901922562447, 37.550000749040109 ], [ 126.97384066100382, 37.550049497168757 ], [ 126.973840636903176, 37.550118456598646 ], [ 126.973901864514573, 37.55016723183109 ], [ 126.973988477533808, 37.550167250942877 ], [ 126.974049739092635, 37.550118502738528 ], [ 126.974049763000608, 37.550049543308525 ], [ 126.973988535389012, 37.550000768151797 ] ] ], [ [ [ 126.973787336809707, 37.552065768255353 ], [ 126.97370072159363, 37.55206574899519 ], [ 126.973639458213029, 37.552114497001661 ], [ 126.973639433925214, 37.552183456407263 ], [ 126.973700663093908, 37.552232231727515 ], [ 126.973787278502627, 37.552232250987799 ], [ 126.973848541883427, 37.552183502905599 ], [ 126.973848565978571, 37.55211454349989 ], [ 126.973787336809707, 37.552065768255353 ] ] ], [ [ [ 126.971106339977155, 37.5523877692452 ], [ 126.97101972439043, 37.552387748018226 ], [ 126.970958459000798, 37.552436494630186 ], [ 126.970958432242483, 37.552505454030452 ], [ 126.97101965992637, 37.552554230737691 ], [ 126.971106275705779, 37.552554251964793 ], [ 126.971167541095625, 37.552505505277111 ], [ 126.971167567661283, 37.552436545876724 ], [ 126.971106339977155, 37.5523877692452 ] ] ], [ [ [ 126.974500336248042, 37.552464437999085 ], [ 126.974413720570112, 37.552464419261781 ], [ 126.9743524573272, 37.552513167634935 ], [ 126.974352433695984, 37.55258212703626 ], [ 126.97441366365554, 37.552630901983783 ], [ 126.974500279526126, 37.552630920721199 ], [ 126.974561542769251, 37.552582172272317 ], [ 126.974561566207797, 37.552513212870878 ], [ 126.974500336248042, 37.552464437999085 ] ] ], [ [ [ 126.973641376118337, 37.553384551004221 ], [ 126.973555178847775, 37.553377772527512 ], [ 126.973488207709622, 37.55342150488714 ], [ 126.973479693461584, 37.553490130312454 ], [ 126.973534623768288, 37.553543448970551 ], [ 126.973620821227797, 37.553550227462146 ], [ 126.973687792403766, 37.553506495028273 ], [ 126.973696306462855, 37.553437869588073 ], [ 126.973641376118337, 37.553384551004221 ] ] ], [ [ [ 126.981000772032544, 37.516348613150868 ], [ 126.980948096764635, 37.516336416800897 ], [ 126.980118153826808, 37.51632014071383 ], [ 126.979145846651107, 37.516343418759725 ], [ 126.978640786928722, 37.516375250061913 ], [ 126.978579287650604, 37.516411070444398 ], [ 126.97856025773352, 37.516469832974742 ], [ 126.978777661188076, 37.516905786970462 ], [ 126.978814310486158, 37.516938455320791 ], [ 126.978865971323543, 37.51695349270878 ], [ 126.978991096673738, 37.51692257215543 ], [ 126.97903964790045, 37.516865460124635 ], [ 126.979037281516852, 37.51682170639436 ], [ 126.978947987997557, 37.516645905244623 ], [ 126.97995050761125, 37.516611217442374 ], [ 126.980539204935127, 37.51661513453891 ], [ 126.981114471325327, 37.517802254229458 ], [ 126.98115579380169, 37.517832904909554 ], [ 126.981210568575719, 37.517843826760505 ], [ 126.981605299122791, 37.517813657268491 ], [ 126.981672412290536, 37.517770888565522 ], [ 126.981682412799884, 37.51770289290225 ], [ 126.981049777295524, 37.516394946911227 ], [ 126.981000772032544, 37.516348613150868 ] ] ], [ [ [ 126.984011339389895, 37.517298545820879 ], [ 126.983925182700645, 37.517291774882352 ], [ 126.983858249886921, 37.517335513400802 ], [ 126.983849749256564, 37.517404139997758 ], [ 126.983904660496961, 37.517457454153934 ], [ 126.983990817374803, 37.517464225107275 ], [ 126.984057750226214, 37.517420486514659 ], [ 126.984066250667922, 37.517351859902895 ], [ 126.984011339389895, 37.517298545820879 ] ] ], [ [ [ 126.980267807137508, 37.518784552070365 ], [ 126.980219846612272, 37.518716261436666 ], [ 126.979714934926719, 37.51845429268856 ], [ 126.979658970371958, 37.518455298970331 ], [ 126.979370891401018, 37.518543985773981 ], [ 126.97931148685673, 37.518603757242701 ], [ 126.979315277465531, 37.518655405588149 ], [ 126.979486030790227, 37.519028467857837 ], [ 126.979516498243996, 37.519064479932482 ], [ 126.979564575710768, 37.519084957627562 ], [ 126.979639852047427, 37.51907936173702 ], [ 126.980212436206983, 37.51886760409387 ], [ 126.980257325842857, 37.518828265599353 ], [ 126.980267807137508, 37.518784552070365 ] ] ], [ [ [ 126.99173877015528, 37.522019033954244 ], [ 126.991807373053064, 37.52212105647034 ], [ 126.991915011920014, 37.522183265628875 ], [ 126.992053150923084, 37.522373624552813 ], [ 126.99209088574986, 37.522400708946989 ], [ 126.992168915625371, 37.522431730729323 ], [ 126.992656275487619, 37.522518997719487 ], [ 126.992803671692002, 37.522574226413347 ], [ 126.99285961170672, 37.522570628783811 ], [ 126.992913696848262, 37.522539084670562 ], [ 126.992934891568922, 37.522497694966923 ], [ 126.99293881374021, 37.52241146049095 ], [ 126.992893083679533, 37.522191657931565 ], [ 126.992885433987141, 37.521996501998316 ], [ 126.992971118891504, 37.521940050035539 ], [ 126.992977801900437, 37.521867390882115 ], [ 126.993011784725184, 37.521835790256702 ], [ 126.993024171524226, 37.521792638382685 ], [ 126.992978950763401, 37.521551024978436 ], [ 126.992971756981746, 37.521350663112031 ], [ 126.992913437575808, 37.521165716039889 ], [ 126.992914411810261, 37.520871960928751 ], [ 126.992867457170462, 37.520806843469607 ], [ 126.992796223236212, 37.520790201351097 ], [ 126.991721754774559, 37.520832175340196 ], [ 126.990857205168041, 37.520876816889363 ], [ 126.990774149824659, 37.52091253683836 ], [ 126.99075169056853, 37.520960291659577 ], [ 126.990758606262176, 37.521205532029221 ], [ 126.990805144866016, 37.521707928482044 ], [ 126.990822296512661, 37.521749368439579 ], [ 126.990882053345672, 37.521786720108963 ], [ 126.990976566692467, 37.521792796056367 ], [ 126.991038374395728, 37.52177986612196 ], [ 126.991084136303385, 37.521737494889443 ], [ 126.991688855447535, 37.52175968210679 ], [ 126.99174085950149, 37.52180229565414 ], [ 126.99173877015528, 37.522019033954244 ] ] ], [ [ [ 127.000928213692077, 37.523116628226504 ], [ 127.000800091679821, 37.52298200528606 ], [ 127.000647172444076, 37.522943685629798 ], [ 127.000596083484581, 37.522870146059482 ], [ 127.000409229207165, 37.522748203889684 ], [ 127.000264815121682, 37.52261017185424 ], [ 127.00017494963349, 37.522543275650577 ], [ 127.000113321280395, 37.522528714908042 ], [ 126.999988067621132, 37.522564284021868 ], [ 126.999713969082563, 37.522768977438098 ], [ 126.999659334502894, 37.522867195293365 ], [ 126.999597223141663, 37.522917425065238 ], [ 126.999600063968145, 37.522988727217843 ], [ 126.999332811808941, 37.522965153235653 ], [ 126.999298693666873, 37.522932374390152 ], [ 126.999205046776396, 37.522895755726232 ], [ 126.999117584544635, 37.522889038657887 ], [ 126.999052375817527, 37.522840224440962 ], [ 126.998854624838245, 37.522818534391718 ], [ 126.998786804443498, 37.522847666534439 ], [ 126.998736828424825, 37.52292477693419 ], [ 126.998572444870987, 37.52305635471609 ], [ 126.998442105571016, 37.523125622278904 ], [ 126.998276242559726, 37.523064262506203 ], [ 126.998212689271739, 37.523074877050121 ], [ 126.998172569233802, 37.523104077262403 ], [ 126.998024942681411, 37.52341073697022 ], [ 126.99805998037435, 37.523473259636894 ], [ 126.998253027963869, 37.523569910880433 ], [ 126.998235900943499, 37.523623596596735 ], [ 126.998248371198443, 37.523666849357419 ], [ 126.998200854386852, 37.523712864811394 ], [ 126.998186074789302, 37.523756310578712 ], [ 126.998199526920729, 37.52380002909036 ], [ 126.99825468351311, 37.523848802481517 ], [ 126.998306401492371, 37.524027678844021 ], [ 126.998215253123021, 37.524327010805209 ], [ 126.998247081884401, 37.524426114822198 ], [ 126.99825057501198, 37.524506643489467 ], [ 126.998426129153899, 37.524736470142095 ], [ 126.99847097227007, 37.524762540515383 ], [ 126.998533014823636, 37.524767560116139 ], [ 126.998527421270438, 37.524819742334152 ], [ 126.998463247585278, 37.524846825886058 ], [ 126.998433887779242, 37.52489271435725 ], [ 126.998466003240537, 37.525048347898817 ], [ 126.998541879107975, 37.52527811222884 ], [ 126.998600283735954, 37.525322069165206 ], [ 126.998695057418516, 37.525487392020885 ], [ 126.998731911705192, 37.525521512951869 ], [ 126.998784890539042, 37.525537178523969 ], [ 126.998830052412359, 37.52553360940756 ], [ 126.998957591576669, 37.525489106726589 ], [ 126.99899638094476, 37.525452800028155 ], [ 126.99937020764807, 37.525443394446093 ], [ 126.999634919748488, 37.525370257750204 ], [ 126.999793021557124, 37.525360033502643 ], [ 127.000018531441285, 37.525495388638205 ], [ 127.000064496049191, 37.525613476283809 ], [ 127.000010247272201, 37.525805020479666 ], [ 127.000039843847816, 37.525849706104651 ], [ 127.00012734766679, 37.525907145009135 ], [ 127.000335915166048, 37.525935310256124 ], [ 127.000417139673232, 37.525896721623049 ], [ 127.000451073661708, 37.525850450466031 ], [ 127.000684350170332, 37.525858426011382 ], [ 127.000767348741704, 37.5258175130623 ], [ 127.000784948999865, 37.525775595263696 ], [ 127.0007719495825, 37.525680783684074 ], [ 127.000689933542716, 37.525586565436413 ], [ 127.000705691730602, 37.525510060968131 ], [ 127.000638538602786, 37.525390305937151 ], [ 127.000658078994647, 37.525320526109319 ], [ 127.000595179926293, 37.52524824684847 ], [ 127.000612607651576, 37.52519233426959 ], [ 127.000574147034953, 37.52511736413598 ], [ 127.000666206518687, 37.525082934158895 ], [ 127.00070641900173, 37.525042264824599 ], [ 127.000699085385179, 37.524884512060488 ], [ 127.000776973735242, 37.524773983277875 ], [ 127.000778979417674, 37.524721267459014 ], [ 127.00074359480179, 37.524676688604615 ], [ 127.000682943840346, 37.524655520858929 ], [ 127.000617807483025, 37.524665016961684 ], [ 127.000567329568071, 37.524702200874955 ], [ 127.00053873780665, 37.524650991630082 ], [ 127.000352830173966, 37.524517019335356 ], [ 127.000257957863468, 37.52436805612497 ], [ 127.000291978404817, 37.524252293464812 ], [ 127.000422711666218, 37.524197972579685 ], [ 127.000503240117425, 37.524186277277842 ], [ 127.000718249827941, 37.524219826075154 ], [ 127.000791073070616, 37.524198995497194 ], [ 127.00082385592755, 37.524163006885061 ], [ 127.000866706043396, 37.5240487441962 ], [ 127.000833767979913, 37.523994460953865 ], [ 127.000743513612477, 37.523957638462434 ], [ 127.000795060542018, 37.523927574259652 ], [ 127.000961297234184, 37.524010915740185 ], [ 127.001058312077546, 37.524005595576632 ], [ 127.001111877507157, 37.523950948363712 ], [ 127.001105682044539, 37.523889646342703 ], [ 127.0011585763243, 37.523887215544427 ], [ 127.00120535950748, 37.523865499382708 ], [ 127.001282872613331, 37.523740745693125 ], [ 127.001276968000113, 37.523672874315785 ], [ 127.001160893126496, 37.523551308003128 ], [ 127.001062629070731, 37.523266631426054 ], [ 127.001007295641088, 37.523197644327162 ], [ 127.000929174880326, 37.523173378569808 ], [ 127.000928213692077, 37.523116628226504 ] ] ], [ [ [ 126.990893351855817, 37.523542088743532 ], [ 126.990894739579048, 37.523601635278467 ], [ 126.99164795789433, 37.525339110037436 ], [ 126.991719993169468, 37.525389509544993 ], [ 126.991818015333152, 37.525404183934 ], [ 126.991872424258915, 37.525397258525167 ], [ 126.99192837738272, 37.525355836579834 ], [ 126.992017214579178, 37.525179414065505 ], [ 126.992260230323495, 37.524836234286347 ], [ 126.992942125214483, 37.523994907128397 ], [ 126.993151089467759, 37.523588776635236 ], [ 126.993137817215484, 37.523390813015233 ], [ 126.993082334478643, 37.523347510937249 ], [ 126.992818739908685, 37.523297719933311 ], [ 126.992614348177128, 37.52321420521762 ], [ 126.992562822413973, 37.523207972528937 ], [ 126.992400533909162, 37.523236395957959 ], [ 126.992354150471826, 37.523267919816 ], [ 126.992331735821722, 37.523316157651877 ], [ 126.991629898631501, 37.523404396339529 ], [ 126.99155979524393, 37.523436134758683 ], [ 126.990978998597654, 37.523481871881764 ], [ 126.99092193749452, 37.523505683062091 ], [ 126.990893351855817, 37.523542088743532 ] ] ], [ [ [ 126.995591298277091, 37.533030167820229 ], [ 126.995664398298516, 37.533089421127926 ], [ 126.995713133964614, 37.533106623495904 ], [ 126.995863535262913, 37.533091519105156 ], [ 126.996285528679053, 37.533154914935437 ], [ 126.996346400998036, 37.533136753071304 ], [ 126.996387713951805, 37.533088030163299 ], [ 126.996628699003182, 37.533118492884881 ], [ 126.996699940465376, 37.533113108377307 ], [ 126.996943424141634, 37.532998306600213 ], [ 126.997040253825304, 37.532869748611688 ], [ 126.997073909072029, 37.532755514144036 ], [ 126.997070517861758, 37.532675968547267 ], [ 126.997005709482693, 37.532480170867849 ], [ 126.997028621731488, 37.532162683858068 ], [ 126.997064173088461, 37.532054064173757 ], [ 126.996979191395482, 37.531852603096233 ], [ 126.996800276476534, 37.531717135916644 ], [ 126.996695948951668, 37.53168584090394 ], [ 126.996479015314463, 37.531698648085708 ], [ 126.996407225819411, 37.531735445173148 ], [ 126.99595256962165, 37.53239400889823 ], [ 126.995940512587978, 37.532447097720691 ], [ 126.995721927466889, 37.532731902034605 ], [ 126.995639233774781, 37.532809637406928 ], [ 126.995578326579619, 37.532968919596328 ], [ 126.995591298277091, 37.533030167820229 ] ] ], [ [ [ 127.012502321366313, 37.534428833186311 ], [ 127.012416142402003, 37.53442208305357 ], [ 127.012349210919496, 37.53446583759122 ], [ 127.012340734446951, 37.534534466037002 ], [ 127.012395678520548, 37.534587766788555 ], [ 127.012481857673663, 37.534594516936011 ], [ 127.012548789193659, 37.53455076232413 ], [ 127.012557265477383, 37.534482133863634 ], [ 127.012502321366313, 37.534428833186311 ] ] ], [ [ [ 126.9871227804623, 37.535762408382659 ], [ 126.987199155470023, 37.535812729131436 ], [ 126.987316827799134, 37.535817951446305 ], [ 126.98737712486367, 37.535837447133986 ], [ 126.987507824744654, 37.535824208178575 ], [ 126.987545885816033, 37.53597429395915 ], [ 126.987526574176911, 37.536185613138464 ], [ 126.987461142109623, 37.536349507833243 ], [ 126.987418992789188, 37.536385233901321 ], [ 126.987403176473023, 37.53642799550024 ], [ 126.987439533264919, 37.536497363316663 ], [ 126.987454328101492, 37.536600057660991 ], [ 126.987493888825568, 37.536640833133461 ], [ 126.987576849752458, 37.536656743569459 ], [ 126.987649330313403, 37.536633227696498 ], [ 126.987689129294139, 37.536601032113481 ], [ 126.987936881061728, 37.53657332857135 ], [ 126.988047718702106, 37.536600435677094 ], [ 126.988130584031822, 37.53658106907492 ], [ 126.98817474967656, 37.536623459476097 ], [ 126.988250862304568, 37.536636778263976 ], [ 126.988393204643913, 37.536599089722479 ], [ 126.988449461477813, 37.536608262390644 ], [ 126.98853983589197, 37.536596997635833 ], [ 126.988603955932206, 37.53656141198271 ], [ 126.988622150087338, 37.536492238697747 ], [ 126.988556435091894, 37.536363090854394 ], [ 126.988547953458763, 37.536296881128131 ], [ 126.988455122473709, 37.536191515199114 ], [ 126.988463696755986, 37.536029151515834 ], [ 126.988723156555096, 37.535917908490283 ], [ 126.988761112850611, 37.535873384059805 ], [ 126.988763398575486, 37.535828363591655 ], [ 126.988508737392465, 37.535465627555475 ], [ 126.988394123270965, 37.535395900379029 ], [ 126.988308271225151, 37.535391188742182 ], [ 126.988349680629639, 37.535324850007427 ], [ 126.988352573588571, 37.535282348245033 ], [ 126.98833064400057, 37.535243531531009 ], [ 126.988267644634377, 37.535192244016109 ], [ 126.988184492853321, 37.535176513335571 ], [ 126.98779473252398, 37.535256601316014 ], [ 126.987779507555373, 37.535120190933362 ], [ 126.987744868183157, 37.535076015018497 ], [ 126.987624820736698, 37.535047866163673 ], [ 126.987560524539205, 37.534996871026699 ], [ 126.987490475664842, 37.534985845462494 ], [ 126.987425840370847, 37.534949528594517 ], [ 126.987330183532805, 37.534960909219443 ], [ 126.987254571681007, 37.535020896873704 ], [ 126.987162833674617, 37.535218543441069 ], [ 126.987113002570297, 37.535718172818129 ], [ 126.9871227804623, 37.535762408382659 ] ] ], [ [ [ 126.990176981648247, 37.53561621039433 ], [ 126.990174091168853, 37.535563296572938 ], [ 126.990124974854055, 37.535515890402309 ], [ 126.98995142120431, 37.535500036127203 ], [ 126.989813875376143, 37.535541480791522 ], [ 126.989732070677192, 37.535594091207557 ], [ 126.989660262158466, 37.53561889426792 ], [ 126.989529577657891, 37.53584707932928 ], [ 126.989389729871618, 37.536012418235799 ], [ 126.989318163732065, 37.536138357903226 ], [ 126.989318377147029, 37.536197134780338 ], [ 126.989386895320266, 37.536275536448983 ], [ 126.989506573564938, 37.536339001847153 ], [ 126.989648102711399, 37.536374069270984 ], [ 126.989851477844056, 37.536330130293038 ], [ 126.989958293551737, 37.536343992310144 ], [ 126.990015749802737, 37.53631914618353 ], [ 126.990046352458634, 37.536273136689289 ], [ 126.990126073092071, 37.535946680771282 ], [ 126.990110535303828, 37.535896355643558 ], [ 126.990035730147653, 37.535835695459369 ], [ 126.990100237569834, 37.535781498054483 ], [ 126.990176981648247, 37.53561621039433 ] ] ], [ [ [ 127.013771092568078, 37.537454949545584 ], [ 127.014082904288585, 37.537395565370012 ], [ 127.014131413951162, 37.537359700052718 ], [ 127.014146425069939, 37.537308361619459 ], [ 127.014103505704483, 37.537183955307491 ], [ 127.014022049343069, 37.537114918638466 ], [ 127.013823752008079, 37.537061210117777 ], [ 127.013762993905345, 37.537024215566213 ], [ 127.013708877866463, 37.537018554784851 ], [ 127.013633534197524, 37.537051546029971 ], [ 127.013609068371963, 37.537117185731674 ], [ 127.013680925677392, 37.537399438052411 ], [ 127.01372096400263, 37.537439455853828 ], [ 127.013771092568078, 37.537454949545584 ] ] ], [ [ [ 126.989065349010644, 37.538326073823583 ], [ 126.988979167676348, 37.538319306591887 ], [ 126.98891221901853, 37.538363047815714 ], [ 126.988903720626311, 37.538431674531864 ], [ 126.988958650876128, 37.538484986151239 ], [ 126.98904483239923, 37.538491753397736 ], [ 126.989111781094707, 37.5384480120997 ], [ 126.98912027929812, 37.538379385368742 ], [ 126.989065349010644, 37.538326073823583 ] ] ], [ [ [ 126.990734310336819, 37.53888618184466 ], [ 126.990647710360065, 37.53888617501805 ], [ 126.99058646879925, 37.538934931930008 ], [ 126.990586460130018, 37.5390038914963 ], [ 126.990647689566885, 37.539052658138274 ], [ 126.990734289736153, 37.539052664964927 ], [ 126.990795531297053, 37.539003907977282 ], [ 126.990795539773742, 37.538934948410947 ], [ 126.990734310336819, 37.53888618184466 ] ] ], [ [ [ 127.004260852609988, 37.539559244306773 ], [ 127.005888690792645, 37.539798805998082 ], [ 127.005973391722861, 37.539784577431135 ], [ 127.006009840531448, 37.539751819128753 ], [ 127.006027815066957, 37.53969636969434 ], [ 127.006257573108215, 37.538572249723366 ], [ 127.006238500435288, 37.53850621860299 ], [ 127.006177635457718, 37.538471474363838 ], [ 127.005752644180376, 37.538406166816706 ], [ 127.005659013138185, 37.538418548946062 ], [ 127.005395514412271, 37.538408597942862 ], [ 127.004903764131555, 37.538276829030991 ], [ 127.00466050075164, 37.538238733148205 ], [ 127.004583774510323, 37.538252060243437 ], [ 127.00454027853489, 37.538293360480033 ], [ 127.00446626900677, 37.538457688100515 ], [ 127.004207190440681, 37.539255398802922 ], [ 127.004172321022139, 37.53948512563651 ], [ 127.00420209720896, 37.539533159171228 ], [ 127.004260852609988, 37.539559244306773 ] ] ], [ [ [ 126.99154034876392, 37.541664542750446 ], [ 126.991454163363102, 37.541657777328318 ], [ 126.991387213165353, 37.541701519930292 ], [ 126.991378716661941, 37.541770146785915 ], [ 126.991433651122861, 37.541823457224353 ], [ 126.991519836712527, 37.541830222661304 ], [ 126.991586786947906, 37.541786479985085 ], [ 126.99159528326247, 37.541717853114662 ], [ 126.99154034876392, 37.541664542750446 ] ] ], [ [ [ 126.984246927773796, 37.542968332425488 ], [ 126.98416392595648, 37.543007930569345 ], [ 126.984149712239002, 37.543084140150313 ], [ 126.984221318850928, 37.543156446986913 ], [ 126.984317029003108, 37.543167764643073 ], [ 126.984383984641653, 37.543124026061577 ], [ 126.984392487710352, 37.543055399726356 ], [ 126.984329799111066, 37.54298836134361 ], [ 126.984246927773796, 37.542968332425488 ] ] ], [ [ [ 126.989280352448048, 37.543468543796351 ], [ 126.989194165175192, 37.543461776726552 ], [ 126.98912721204394, 37.543505518033378 ], [ 126.989118713263906, 37.543574144705019 ], [ 126.989173647438719, 37.543627456178456 ], [ 126.989259834900423, 37.543634223263076 ], [ 126.989326788069334, 37.543590481882006 ], [ 126.989335286660491, 37.54352185519555 ], [ 126.989280352448048, 37.543468543796351 ] ] ], [ [ [ 126.988998853467322, 37.54447926393734 ], [ 126.988912665056418, 37.544472496663047 ], [ 126.988845710856694, 37.54451623780259 ], [ 126.98883721170364, 37.544584864442136 ], [ 126.988892146419445, 37.544638176037473 ], [ 126.988978335019198, 37.544644943326567 ], [ 126.989045289256566, 37.544601202112787 ], [ 126.989053788220744, 37.544532575458433 ], [ 126.988998853467322, 37.54447926393734 ] ] ], [ [ [ 126.981784650145542, 37.544723315114688 ], [ 126.98180654843425, 37.544650991165817 ], [ 126.98179663503781, 37.54459617895165 ], [ 126.981740240408456, 37.544533607077696 ], [ 126.980812452676886, 37.544288015162522 ], [ 126.980687496052042, 37.544229411155385 ], [ 126.980591394301698, 37.544117425929649 ], [ 126.980406371530222, 37.544060750046334 ], [ 126.980278767963298, 37.544057783461874 ], [ 126.979340686464823, 37.544366564746014 ], [ 126.979247852102063, 37.544423187698925 ], [ 126.979165530190144, 37.544526897844136 ], [ 126.979077524374944, 37.544517206486802 ], [ 126.979010132961449, 37.544547118969675 ], [ 126.978511656123914, 37.545716008445538 ], [ 126.978513379198262, 37.545776486898369 ], [ 126.978662441337676, 37.545965159906217 ], [ 126.978713034814902, 37.545994637253571 ], [ 126.980084716588806, 37.546172777853606 ], [ 126.980345783566065, 37.54623698144708 ], [ 126.980523826664637, 37.546312237173986 ], [ 126.980689564507756, 37.546414199204349 ], [ 126.980910358558333, 37.546612729296569 ], [ 126.981016681629185, 37.546666833706709 ], [ 126.981124585316749, 37.546682277134643 ], [ 126.981238437397863, 37.546677743298495 ], [ 126.981462327903628, 37.546618378891182 ], [ 126.981548995650556, 37.546584977595039 ], [ 126.98158885651759, 37.546537017338842 ], [ 126.981742673716113, 37.545844568349239 ], [ 126.981768998615891, 37.545542947538152 ], [ 126.981774323161332, 37.544885863102692 ], [ 126.981825074670326, 37.544852701353769 ], [ 126.981844157259502, 37.544802647452542 ], [ 126.9818308061013, 37.544760172587658 ], [ 126.981784650145542, 37.544723315114688 ] ] ], [ [ [ 127.004829636957041, 37.544888536790445 ], [ 127.004743446644369, 37.544881781071403 ], [ 127.004676501328348, 37.544925531183843 ], [ 127.004668016640608, 37.544994158957756 ], [ 127.004722962929762, 37.545047463184375 ], [ 127.004809153431353, 37.545054218918189 ], [ 127.004876098784905, 37.545010468731483 ], [ 127.004884583283712, 37.544941840942826 ], [ 127.004829636957041, 37.544888536790445 ] ] ], [ [ [ 126.983951422599901, 37.547044764450305 ], [ 126.983864813188063, 37.547044752647381 ], [ 126.98380356053552, 37.547093505971723 ], [ 126.983803545615316, 37.547162465440664 ], [ 126.983864777303694, 37.547211235532622 ], [ 126.98395138690816, 37.547211247335611 ], [ 126.984012639560817, 37.547162493935559 ], [ 126.984012654288421, 37.547093534466548 ], [ 126.983951422599901, 37.547044764450305 ] ] ], [ [ [ 126.982474412880961, 37.550414802634485 ], [ 126.982218869387168, 37.550294460315286 ], [ 126.982156316125881, 37.550283509413553 ], [ 126.982080353734517, 37.550312948320439 ], [ 126.98195649428142, 37.55046372195347 ], [ 126.981827062978965, 37.550411363968351 ], [ 126.981756404623084, 37.550412851346088 ], [ 126.981666474454343, 37.550393028130287 ], [ 126.981681536073509, 37.550302735372775 ], [ 126.981625947231578, 37.550240660209155 ], [ 126.981540938000919, 37.550232067464833 ], [ 126.981478760988139, 37.550266063956713 ], [ 126.981415435462608, 37.550443984282936 ], [ 126.981391125251335, 37.550624266251987 ], [ 126.981499642164238, 37.5510577580134 ], [ 126.981476666334885, 37.551307180438322 ], [ 126.981451743227154, 37.551407813068373 ], [ 126.981393795272965, 37.551503428302468 ], [ 126.981278962752256, 37.551610219635947 ], [ 126.981186399751877, 37.551655516760611 ], [ 126.981155409651393, 37.551691830492437 ], [ 126.981154940985348, 37.551752696854436 ], [ 126.981219031583933, 37.551821720267142 ], [ 126.981320382574609, 37.551853261582991 ], [ 126.981423883859449, 37.551822475011519 ], [ 126.981744833701683, 37.551964810400747 ], [ 126.981828106158559, 37.551966750766709 ], [ 126.982224832548027, 37.551815966307053 ], [ 126.982305590447552, 37.551802786139127 ], [ 126.982368570701553, 37.55172363076526 ], [ 126.982450134016744, 37.551656088183059 ], [ 126.982649339898657, 37.551577361744201 ], [ 126.982736041298296, 37.551459251045983 ], [ 126.982845705276318, 37.55140562219421 ], [ 126.982941181673397, 37.551248830917338 ], [ 126.983042538472006, 37.551145820581525 ], [ 126.983049950096799, 37.551076700900012 ], [ 126.982993839234808, 37.551022225727685 ], [ 126.98269068443193, 37.550878154094065 ], [ 126.982652798683247, 37.550805821556722 ], [ 126.982545174837384, 37.550694121961961 ], [ 126.982557386727123, 37.550651042976199 ], [ 126.982541689083391, 37.550607614309655 ], [ 126.98245705841731, 37.550539635614982 ], [ 126.982492799294562, 37.550475463529743 ], [ 126.982474412880961, 37.550414802634485 ] ] ] ] } },
{ "type": "Feature", "properties": { "dataset_id": "05", "type": "point", "type_source": "jimok_lift", "type_llm": "radius", "radius_m": 30, "label": "05 point 30m" }, "geometry": { "type": "MultiPolygon", "coordinates": [ [ [ [ 126.956793982397315, 37.523387216614246 ], [ 126.956664121245396, 37.523366593617958 ], [ 126.956534236291773, 37.523387121308289 ], [ 126.956424101155434, 37.523445674560847 ], [ 126.956350482834395, 37.523533339247436 ], [ 126.95632458912813, 37.523636769288061 ], [ 126.956350362306225, 37.523740218427385 ], [ 126.956423878823784, 37.523827937441332 ], [ 126.956533946535458, 37.52388657183149 ], [ 126.956663808552548, 37.523907194969638 ], [ 126.95679369437255, 37.523886667139166 ], [ 126.956903829868992, 37.523828113546564 ], [ 126.956977447832884, 37.523740448519234 ], [ 126.957003340673992, 37.523637018336757 ], [ 126.956977566629504, 37.52353356933758 ], [ 126.956904049751856, 37.523445850663656 ], [ 126.956793982397315, 37.523387216614246 ] ] ], [ [ [ 126.963658301849421, 37.523593154758423 ], [ 126.963528438444669, 37.523572539309079 ], [ 126.963398555008183, 37.523593074548366 ], [ 126.963288424927995, 37.52365163420265 ], [ 126.963214814432476, 37.52373930316913 ], [ 126.96318893012976, 37.523842734716261 ], [ 126.963214712857848, 37.523946182359296 ], [ 126.963288237617903, 37.524033897101937 ], [ 126.96339831100974, 37.524092525096023 ], [ 126.963528175279748, 37.524113140687085 ], [ 126.963658059582556, 37.524092605307523 ], [ 126.963768190022606, 37.524034045313137 ], [ 126.963841800160722, 37.523946376005952 ], [ 126.963867683598181, 37.52384294431711 ], [ 126.963841900003786, 37.523739496814358 ], [ 126.96376837488387, 37.523651782411825 ], [ 126.963658301849421, 37.523593154758423 ] ] ], [ [ [ 126.958397752573518, 37.524001375030274 ], [ 126.958267889914126, 37.523980753798611 ], [ 126.958138004333321, 37.524001283250115 ], [ 126.958027869545631, 37.524059837992304 ], [ 126.957954252496009, 37.524147503670193 ], [ 126.95792836079039, 37.524250934052866 ], [ 126.957954136393724, 37.524354382832897 ], [ 126.958027655391945, 37.524442100840943 ], [ 126.958137725262034, 37.524500733731699 ], [ 126.958267588786654, 37.524521355105172 ], [ 126.958397475233838, 37.524500825513499 ], [ 126.958507610381588, 37.524442270431237 ], [ 126.958581227074006, 37.524354604412622 ], [ 126.95860711791444, 37.524251173888118 ], [ 126.958581341444685, 37.524147725248248 ], [ 126.958507822086403, 37.524060007580275 ], [ 126.958397752573518, 37.524001375030274 ] ] ], [ [ [ 126.955266471885665, 37.524788575797224 ], [ 126.955134695823702, 37.524778188327595 ], [ 126.955007959521183, 37.524808755306523 ], [ 126.954905557262165, 37.52487562323271 ], [ 126.954843078822321, 37.524968612148875 ], [ 126.954830036090314, 37.525073565402025 ], [ 126.954868414903061, 37.525174504826509 ], [ 126.954952372603287, 37.525256063265807 ], [ 126.955069127432267, 37.525305824108557 ], [ 126.955200904413061, 37.525316211650996 ], [ 126.955327641495728, 37.525285644468184 ], [ 126.955430043939202, 37.525218776180786 ], [ 126.955492521859767, 37.52512578695773 ], [ 126.955505563672915, 37.525020833631764 ], [ 126.955467184080021, 37.524919894411177 ], [ 126.955383226195323, 37.524838336333069 ], [ 126.955266471885665, 37.524788575797224 ] ] ], [ [ [ 126.959846256635203, 37.525209631980438 ], [ 126.95971447919294, 37.52519924962062 ], [ 126.959587744041897, 37.525229821512504 ], [ 126.959485345290929, 37.525296693406879 ], [ 126.959422872181648, 37.525389684742322 ], [ 126.959409835791249, 37.52549463849752 ], [ 126.959448220991121, 37.525595576430412 ], [ 126.959532184151698, 37.525677131611467 ], [ 126.959648942682875, 37.525726887925401 ], [ 126.959780721044041, 37.525737270357936 ], [ 126.959907456975159, 37.52570669826207 ], [ 126.9600098559104, 37.525639826006483 ], [ 126.960072328500246, 37.525546834364185 ], [ 126.960085363971785, 37.525441880536256 ], [ 126.960046977991809, 37.525340942807375 ], [ 126.959963014646931, 37.525259387987525 ], [ 126.959846256635203, 37.525209631980438 ] ] ], [ [ [ 126.954606326576638, 37.526824620461191 ], [ 126.954476460071902, 37.526803995068036 ], [ 126.954346568560808, 37.52682452033627 ], [ 126.9542364266606, 37.52688307151022 ], [ 126.954162802399054, 37.526970734778132 ], [ 126.954136904480023, 37.527074164276023 ], [ 126.954162675814416, 37.527177613831192 ], [ 126.954236193138115, 37.52726533415624 ], [ 126.954346264183087, 37.527323970553191 ], [ 126.954476131553093, 37.527344596088241 ], [ 126.954606023930765, 37.527324070679896 ], [ 126.95471616619119, 37.527265519165887 ], [ 126.954789790095603, 37.527177855557156 ], [ 126.954815687149392, 37.52707442591737 ], [ 126.954789914948407, 37.526970976502319 ], [ 126.954716397264477, 37.526883256517316 ], [ 126.954606326576638, 37.526824620461191 ] ] ], [ [ [ 126.954724193905179, 37.533960596830092 ], [ 126.954594314997038, 37.533939971583436 ], [ 126.954464411140876, 37.533960496948325 ], [ 126.954354258833263, 37.534019048154406 ], [ 126.954280627686401, 37.53410671138505 ], [ 126.954254727452366, 37.534210140781973 ], [ 126.954280501394649, 37.534313590187828 ], [ 126.954354025852084, 37.534401310337991 ], [ 126.95446410747067, 37.534459946561036 ], [ 126.954593987244394, 37.534480571949636 ], [ 126.954723891967419, 37.534460046444593 ], [ 126.95483404463539, 37.534401494898361 ], [ 126.954907675424991, 37.53431383132682 ], [ 126.954933574793429, 37.534210401787945 ], [ 126.954907799984284, 37.534106952522237 ], [ 126.954834275166505, 37.534019232712232 ], [ 126.954724193905179, 37.533960596830092 ] ] ], [ [ [ 126.956741979675073, 37.534542254997518 ], [ 126.956610186248113, 37.534531869180533 ], [ 126.956483434038347, 37.53456243768219 ], [ 126.956381019751475, 37.534629306769432 ], [ 126.956318534994352, 37.53472229630821 ], [ 126.956305492617403, 37.534827249550759 ], [ 126.956343878403558, 37.534928188333076 ], [ 126.956427848634107, 37.535009745596341 ], [ 126.956544619642571, 37.535059504908254 ], [ 126.956676413988831, 37.535069890798056 ], [ 126.956803166979086, 37.535039322092402 ], [ 126.956905581450457, 37.534972452643842 ], [ 126.956968065687988, 37.534879462798074 ], [ 126.956981107145651, 37.534774509482709 ], [ 126.956942720578979, 37.534673570904403 ], [ 126.95685875016396, 37.534592014002442 ], [ 126.956741979675073, 37.534542254997518 ] ] ], [ [ [ 126.950869092777893, 37.534613801165158 ], [ 126.950736655525219, 37.534613745993248 ], [ 126.950614272844007, 37.534654054936254 ], [ 126.95052057624406, 37.534728591379334 ], [ 126.950469830182954, 37.534826007904627 ], [ 126.950469760431886, 37.534931473785868 ], [ 126.950520377813135, 37.535028932798951 ], [ 126.950613976433218, 37.535103547636226 ], [ 126.950736306751097, 37.535143958785241 ], [ 126.95086874494136, 37.53514401395821 ], [ 126.950991128286873, 37.535103704755315 ], [ 126.951084824888639, 37.535029167943634 ], [ 126.951135570288031, 37.534931751156982 ], [ 126.951135639101466, 37.534826285274683 ], [ 126.951085021055945, 37.534728826521494 ], [ 126.950991422434043, 37.534654212052793 ], [ 126.950869092777893, 37.534613801165158 ] ] ], [ [ [ 126.955321452599179, 37.534644458661539 ], [ 126.955191572340141, 37.534623834073244 ], [ 126.955061667460598, 37.534644360092067 ], [ 126.954951514612958, 37.534702911848086 ], [ 126.954877883491662, 37.534790575440958 ], [ 126.954851983844861, 37.534894004957231 ], [ 126.954877758846649, 37.534997454221433 ], [ 126.954951284674607, 37.535085173990446 ], [ 126.955061367766021, 37.535143809650911 ], [ 126.955191248890671, 37.53516443438113 ], [ 126.955321154637105, 37.535143908222139 ], [ 126.95543130784506, 37.535085356125954 ], [ 126.955504938609096, 37.534997692192185 ], [ 126.955530837390285, 37.534894262533967 ], [ 126.955505061521606, 37.534790813409948 ], [ 126.95543153533329, 37.534703093981094 ], [ 126.955321452599179, 37.534644458661539 ] ] ], [ [ [ 126.965824777209846, 37.535712272353379 ], [ 126.965694892196993, 37.535691659317898 ], [ 126.965564988334123, 37.535712196887282 ], [ 126.965454842118831, 37.535770758433181 ], [ 126.965381222235905, 37.535858428564886 ], [ 126.965355336722666, 37.53596186037344 ], [ 126.965381126601571, 37.536065307334319 ], [ 126.965454665785188, 37.536153020555055 ], [ 126.965564758677516, 37.536211646419162 ], [ 126.96569464455618, 37.536232259596389 ], [ 126.965824549285855, 37.536211721886623 ], [ 126.965934695861137, 37.536153160000453 ], [ 126.966008315386404, 37.536065489527921 ], [ 126.966034200033818, 37.535962057577642 ], [ 126.966008409288165, 37.535858610757138 ], [ 126.96593486974453, 37.535770897876667 ], [ 126.965824777209846, 37.535712272353379 ] ] ], [ [ [ 126.95925113153352, 37.536166620159115 ], [ 126.95912124754868, 37.536145999895794 ], [ 126.95899134110131, 37.536166530231057 ], [ 126.95888118908249, 37.536225085637867 ], [ 126.958807561060482, 37.536312751660105 ], [ 126.958781666311708, 37.536416182014449 ], [ 126.958807447264562, 37.536519630397834 ], [ 126.958880979190596, 37.536607347701214 ], [ 126.958991067598774, 37.536665979686603 ], [ 126.959120952449354, 37.536686600091798 ], [ 126.959250859763628, 37.536666069616274 ], [ 126.959361012142679, 37.536607513869235 ], [ 126.959434639807213, 37.536519847506135 ], [ 126.959460533690276, 37.53641641700991 ], [ 126.959434751870518, 37.536312968766786 ], [ 126.959361219584238, 37.536225251803614 ], [ 126.95925113153352, 37.536166620159115 ] ] ], [ [ [ 126.963956948849116, 37.537301823903512 ], [ 126.963824506820117, 37.537301783406448 ], [ 126.963702126777335, 37.537342105895746 ], [ 126.96360843982896, 37.53741665269429 ], [ 126.963557708963307, 37.537514074807689 ], [ 126.963557657638333, 37.53761954065893 ], [ 126.963608293871076, 37.537716994028386 ], [ 126.963701908898074, 37.537791598467592 ], [ 126.963824250680375, 37.537831996047032 ], [ 126.963956693647134, 37.537832036544856 ], [ 126.964079074353947, 37.537791713795457 ], [ 126.964172761303644, 37.537717166628283 ], [ 126.96422349150717, 37.537619744253675 ], [ 126.964223541894384, 37.537514278401673 ], [ 126.964172904997596, 37.537416825292325 ], [ 126.964079289969277, 37.537342221221763 ], [ 126.963956948849116, 37.537301823903512 ] ] ], [ [ [ 126.958637168291389, 37.537991176934696 ], [ 126.95850472505154, 37.537991130470708 ], [ 126.958382341022357, 37.538031447439998 ], [ 126.95828864791892, 37.538105990005825 ], [ 126.958237909666593, 37.538203409818166 ], [ 126.958237850847809, 37.538308875650365 ], [ 126.958288480620482, 37.538406331285714 ], [ 126.958382091204697, 37.538480939930793 ], [ 126.958504431237898, 37.538521343015788 ], [ 126.95863687541555, 37.538521389480657 ], [ 126.958759260108906, 37.538481072251344 ], [ 126.958852953213878, 37.53840652931688 ], [ 126.958903690804192, 37.538309109243251 ], [ 126.958903748685202, 37.538203643410149 ], [ 126.958853118248328, 37.538106188034853 ], [ 126.958759507662577, 37.53803157975841 ], [ 126.958637168291389, 37.537991176934696 ] ] ], [ [ [ 126.955389347694904, 37.538057524501717 ], [ 126.955259461498486, 37.538036899996222 ], [ 126.955129550715853, 37.538057426074019 ], [ 126.955019392898052, 37.538115977856215 ], [ 126.954945758496166, 37.5382036414385 ], [ 126.954919857757844, 37.538307070909028 ], [ 126.954945634023346, 37.538410520099291 ], [ 126.955019163277882, 37.538498239777454 ], [ 126.955129251437143, 37.538556875343943 ], [ 126.955259138499343, 37.538577499991376 ], [ 126.955389050149009, 37.538556973773396 ], [ 126.955499208327197, 37.538498421650999 ], [ 126.955572842371751, 37.538410757727775 ], [ 126.955598742244305, 37.538307328115295 ], [ 126.95557296511177, 37.538203879065215 ], [ 126.955499435496819, 37.538116159727267 ], [ 126.955389347694904, 37.538057524501717 ] ] ], [ [ [ 126.955614538586531, 37.538857872464305 ], [ 126.955484650939795, 37.538837248208374 ], [ 126.955354738829897, 37.538857774530257 ], [ 126.955244580009932, 37.538916326513913 ], [ 126.955170945083552, 37.539003990224344 ], [ 126.955145044378227, 37.53910741973025 ], [ 126.955170821229274, 37.539210868857673 ], [ 126.955244351532727, 37.539298588384376 ], [ 126.955354441044562, 37.539357223733845 ], [ 126.955484329557095, 37.539377848131728 ], [ 126.955614242534068, 37.539357321669655 ], [ 126.955724401714448, 37.539298769345777 ], [ 126.955798036283454, 37.539211105294399 ], [ 126.955823936122954, 37.539107675646548 ], [ 126.955798158404846, 37.539004226659301 ], [ 126.955724627740992, 37.538916507472827 ], [ 126.955614538586531, 37.538857872464305 ] ] ], [ [ [ 126.963172250021202, 37.539558819987128 ], [ 126.963040446867652, 37.539548441349943 ], [ 126.96291368878353, 37.539579016724097 ], [ 126.962811273368814, 37.539645891330338 ], [ 126.962748792402067, 37.539738884194392 ], [ 126.962735758156796, 37.539843838062254 ], [ 126.96277415517801, 37.539944774674709 ], [ 126.962858138036495, 37.540026327303231 ], [ 126.962974921143342, 37.540076080221077 ], [ 126.96310672521642, 37.540086458930965 ], [ 126.96323348408113, 37.540055883352643 ], [ 126.963335899680146, 37.539989008385 ], [ 126.963398380126961, 37.539896015213984 ], [ 126.96341141345269, 37.539791061273419 ], [ 126.963373015650916, 37.539690124865125 ], [ 126.963289032608103, 37.539608572598027 ], [ 126.963172250021202, 37.539558819987128 ] ] ], [ [ [ 126.965650144862451, 37.539559353051793 ], [ 126.965517698838141, 37.539559314451715 ], [ 126.965395316015176, 37.539599638678844 ], [ 126.965301627925044, 37.539674186791537 ], [ 126.96525089772986, 37.53977160959532 ], [ 126.965250848785587, 37.539877075408086 ], [ 126.965301488746789, 37.539974528016039 ], [ 126.965395108282422, 37.540049131086654 ], [ 126.965517454667108, 37.540089526898782 ], [ 126.965649901629305, 37.540089565499592 ], [ 126.965772285116316, 37.540049241012305 ], [ 126.965865973207727, 37.539974692530961 ], [ 126.965916702740628, 37.539877269465968 ], [ 126.965916750747056, 37.539771803652471 ], [ 126.96586611012178, 37.539674351304676 ], [ 126.965772490584882, 37.539599748602711 ], [ 126.965650144862451, 37.539559353051793 ] ] ], [ [ [ 126.958431058735499, 37.539980716202152 ], [ 126.958299255501444, 37.53997033227386 ], [ 126.958172494771659, 37.54000090255505 ], [ 126.958070074548942, 37.540067773041756 ], [ 126.958007587343772, 37.540160763386908 ], [ 126.957994546379339, 37.540265716719965 ], [ 126.958032937223635, 37.540366654863156 ], [ 126.958116915387834, 37.540448210854954 ], [ 126.958233695997677, 37.540497968456556 ], [ 126.958365500151302, 37.54050835245765 ], [ 126.958492261661746, 37.540477781972378 ], [ 126.958594682068934, 37.540410911124269 ], [ 126.958657168754328, 37.540317920472106 ], [ 126.958670208799219, 37.540212967066239 ], [ 126.958631817174265, 37.54011202912713 ], [ 126.958547838825595, 37.540030473496742 ], [ 126.958431058735499, 37.539980716202152 ] ] ], [ [ [ 126.958433542158289, 37.540707341258191 ], [ 126.9583036505244, 37.540686720106962 ], [ 126.958173735974924, 37.540707249522129 ], [ 126.958063576634473, 37.540765804116766 ], [ 126.957989943185865, 37.540853469558378 ], [ 126.957964045731643, 37.540956899652095 ], [ 126.9579898271122, 37.541060348134486 ], [ 126.958063362533991, 37.54114806588148 ], [ 126.958173456973796, 37.541206698587494 ], [ 126.958303349473624, 37.54122731988064 ], [ 126.958433264890189, 37.541206790325205 ], [ 126.958543424590999, 37.541148235390295 ], [ 126.958617057682119, 37.541060569607737 ], [ 126.958642954270388, 37.540957139372118 ], [ 126.958617172022741, 37.540853691029987 ], [ 126.958543636240606, 37.540765973623266 ], [ 126.958433542158289, 37.540707341258191 ] ] ], [ [ [ 126.963112127043729, 37.540984586109474 ], [ 126.962982233635969, 37.540963970104464 ], [ 126.962852319883723, 37.540984504666241 ], [ 126.962742163790168, 37.54104306362435 ], [ 126.962668535543884, 37.541130731982037 ], [ 126.962642644455471, 37.541234163100441 ], [ 126.962668432396129, 37.541337610560127 ], [ 126.962741973573657, 37.541425325392709 ], [ 126.962852072088495, 37.541483953736289 ], [ 126.96298196636225, 37.541504569883102 ], [ 126.963111880981543, 37.541484035180979 ], [ 126.963222037435287, 37.541425475882548 ], [ 126.963295665323884, 37.541337807183972 ], [ 126.963321555546315, 37.54123437592375 ], [ 126.963295766738597, 37.541130928604403 ], [ 126.96322222520088, 37.541043214112136 ], [ 126.963112127043729, 37.540984586109474 ] ] ], [ [ [ 126.960789541613224, 37.541305992653506 ], [ 126.960657735716964, 37.541295611358422 ], [ 126.960530973703683, 37.54132618416368 ], [ 126.960428553771521, 37.541393056681052 ], [ 126.960366068386776, 37.541486048254342 ], [ 126.960353030495497, 37.541591001826021 ], [ 126.960391425197855, 37.54169193918198 ], [ 126.960475407417647, 37.54177349348052 ], [ 126.960592191663167, 37.541823248740656 ], [ 126.960723998479068, 37.541833630108478 ], [ 126.960850761273036, 37.541803057099102 ], [ 126.960953181389598, 37.541736184220284 ], [ 126.961015666254468, 37.541643192339997 ], [ 126.961028703226091, 37.541538238695559 ], [ 126.960990307743074, 37.541437301543731 ], [ 126.960906325338897, 37.541355747606609 ], [ 126.960789541613224, 37.541305992653506 ] ] ], [ [ [ 126.963423756053302, 37.543281844475977 ], [ 126.963291303447178, 37.543281803375393 ], [ 126.963168913340752, 37.543322125265846 ], [ 126.963075218374271, 37.543396671561439 ], [ 126.963024482756708, 37.54349409334435 ], [ 126.963024430669506, 37.543599559087887 ], [ 126.963075070245822, 37.543697012588829 ], [ 126.963168692213173, 37.543771617378674 ], [ 126.963291043476048, 37.543812015474543 ], [ 126.963423497020173, 37.543812056575909 ], [ 126.963545887790858, 37.543771734425277 ], [ 126.963639582758717, 37.543697187760984 ], [ 126.963690317713926, 37.54359976571682 ], [ 126.963690368863098, 37.543494299972501 ], [ 126.963639728622567, 37.54339684673171 ], [ 126.963546106653837, 37.543322242310573 ], [ 126.963423756053302, 37.543281844475977 ] ] ], [ [ [ 126.962761470532698, 37.543356980349373 ], [ 126.962629660750721, 37.543346601256829 ], [ 126.962502896067576, 37.543377176166778 ], [ 126.962400475087918, 37.543444050370617 ], [ 126.962337990437518, 37.54353704295535 ], [ 126.962324954950674, 37.543641996709525 ], [ 126.962363353361454, 37.543742933391215 ], [ 126.962447340029158, 37.543824486261371 ], [ 126.962564128784905, 37.543874239556445 ], [ 126.96269593948665, 37.543884618721712 ], [ 126.962822704950511, 37.543854043607581 ], [ 126.962925126114513, 37.54378716904229 ], [ 126.962987610244937, 37.543694176150538 ], [ 126.963000644812041, 37.543589222323639 ], [ 126.962962245620545, 37.543488285846138 ], [ 126.96287825876847, 37.543406733337449 ], [ 126.962761470532698, 37.543356980349373 ] ] ], [ [ [ 126.965204857043545, 37.54522304620496 ], [ 126.965074955704935, 37.545202432512738 ], [ 126.964945035169023, 37.545222969358605 ], [ 126.96483487447172, 37.545281530224401 ], [ 126.964761244502483, 37.54536919982295 ], [ 126.964735354834247, 37.545472631326497 ], [ 126.964761147122061, 37.545576078256978 ], [ 126.9648346949119, 37.545663791726533 ], [ 126.964944801297577, 37.545722418080771 ], [ 126.96507470350241, 37.545743031914789 ], [ 126.965204624905525, 37.545722494928491 ], [ 126.965314785963017, 37.545663933722324 ], [ 126.965388415574424, 37.545576263782834 ], [ 126.965414304376466, 37.545472832137477 ], [ 126.965388511221448, 37.545369385347421 ], [ 126.965314963071407, 37.545281672218252 ], [ 126.965204857043545, 37.54522304620496 ] ] ], [ [ [ 126.963035735984178, 37.547280268841241 ], [ 126.962905831675457, 37.547259652768403 ], [ 126.962775906975651, 37.547280187218341 ], [ 126.962665741554517, 37.547338746037568 ], [ 126.962592107020669, 37.547426414250495 ], [ 126.962566213641935, 37.547529845240355 ], [ 126.962592003638264, 37.547633292607294 ], [ 126.962665550904561, 37.547721007396994 ], [ 126.962775658614305, 37.54777963575409 ], [ 126.962905563789292, 37.547800251968752 ], [ 126.963035489356415, 37.547779717378447 ], [ 126.963145655137836, 37.547721158218835 ], [ 126.96321928931394, 37.547633489664911 ], [ 126.963245181826409, 37.547530058533198 ], [ 126.963219390962735, 37.547426611306662 ], [ 126.96314584333615, 37.547338896857347 ], [ 126.963035735984178, 37.547280268841241 ] ] ], [ [ [ 126.970254052581851, 37.521091171787489 ], [ 126.970122280931946, 37.521080801035517 ], [ 126.969995556987158, 37.521111384122037 ], [ 126.969893173150268, 37.521178265093646 ], [ 126.969830716392522, 37.521271262006948 ], [ 126.9698176953017, 37.521376216991435 ], [ 126.969856092420059, 37.521477151617837 ], [ 126.969940062303408, 37.521558699460009 ], [ 126.970056821338034, 37.521608445519895 ], [ 126.970188593906698, 37.521618816344379 ], [ 126.970315318631208, 37.521588233053706 ], [ 126.970417702651972, 37.521521351720907 ], [ 126.970480158890084, 37.521428354500912 ], [ 126.970493179062103, 37.521323399443922 ], [ 126.970454781164023, 37.52122246502168 ], [ 126.970370811096814, 37.52114091754072 ], [ 126.970254052581851, 37.521091171787489 ] ] ], [ [ [ 126.968459975126265, 37.521328448340824 ], [ 126.968327561330611, 37.521328412906762 ], [ 126.968205209808872, 37.521368740185046 ], [ 126.968111547327311, 37.521443290769497 ], [ 126.968060833149408, 37.521540715089294 ], [ 126.968060788192489, 37.521646181231489 ], [ 126.96811141950397, 37.521743632932093 ], [ 126.968205019069458, 37.521818233996768 ], [ 126.968327337203817, 37.521858627009799 ], [ 126.968459751936493, 37.521858662444544 ], [ 126.968582104121623, 37.521818334906214 ], [ 126.968675766604349, 37.521743783953347 ], [ 126.968726480120495, 37.521646359372582 ], [ 126.968726524140394, 37.521540893229719 ], [ 126.968675892165535, 37.521443441789131 ], [ 126.968582292598896, 37.521368841092865 ], [ 126.968459975126265, 37.521328448340824 ] ] ], [ [ [ 126.970760502620678, 37.52189499276124 ], [ 126.970661993866329, 37.521883329270217 ], [ 126.970563475997395, 37.521894943820243 ], [ 126.970421993282542, 37.521962438688725 ], [ 126.970362641597291, 37.522026136428472 ], [ 126.970329060685842, 37.522100813846571 ], [ 126.970337100977162, 37.522232013122277 ], [ 126.970379653561082, 37.522303730701417 ], [ 126.970446512129584, 37.522362521716239 ], [ 126.970599165953402, 37.522419145634302 ], [ 126.970624214864117, 37.522534570460614 ], [ 126.970722416825865, 37.522640100547541 ], [ 126.970871481813987, 37.522696299104503 ], [ 126.971036206779218, 37.522689894307774 ], [ 126.971153006587741, 37.522640206500647 ], [ 126.971237041780626, 37.522558700569213 ], [ 126.971275518801008, 37.522457785131039 ], [ 126.971262580040033, 37.522352823691236 ], [ 126.971220026582927, 37.522281106430434 ], [ 126.971153167479812, 37.522222315852446 ], [ 126.971000513637748, 37.522165692648521 ], [ 126.970986674398929, 37.522075246107853 ], [ 126.970924290438518, 37.521982217928837 ], [ 126.970850518837977, 37.521928929851548 ], [ 126.970760502620678, 37.52189499276124 ] ] ], [ [ [ 126.972093488521949, 37.522061942591868 ], [ 126.971963625443649, 37.52204133641208 ], [ 126.97183374696742, 37.522061880935027 ], [ 126.971723625726227, 37.522120448473778 ], [ 126.971650026602802, 37.52220812272521 ], [ 126.971624154474014, 37.522311556153156 ], [ 126.971649948324568, 37.522415001986495 ], [ 126.971723481462249, 37.522502711504416 ], [ 126.97183355921139, 37.522561331654174 ], [ 126.971963423155003, 37.522581937975517 ], [ 126.972093302497342, 37.522561393312131 ], [ 126.972203424098083, 37.522502825433229 ], [ 126.972277022863906, 37.522415150841184 ], [ 126.972302894127338, 37.522311717271705 ], [ 126.97227709941069, 37.522208271578798 ], [ 126.972203565913446, 37.522120562401021 ], [ 126.972093488521949, 37.522061942591868 ] ] ], [ [ [ 126.968841674920895, 37.524414621814827 ], [ 126.96870989762273, 37.524404249490395 ], [ 126.968583167480261, 37.524434831041482 ], [ 126.968480777839801, 37.524501710748368 ], [ 126.968418316556054, 37.524594706860292 ], [ 126.968405292905899, 37.524699661628702 ], [ 126.968443689821257, 37.524800596657258 ], [ 126.968527661888871, 37.524882145458555 ], [ 126.968644425162495, 37.524931892888581 ], [ 126.968776203379591, 37.524942265285546 ], [ 126.968902934301909, 37.524911683530313 ], [ 126.969005324126357, 37.524844803462166 ], [ 126.969067784890399, 37.524751807043522 ], [ 126.969080807621623, 37.524646852202565 ], [ 126.969042409926416, 37.524545917378177 ], [ 126.968958437674843, 37.524464368938105 ], [ 126.968841674920895, 37.524414621814827 ] ] ], [ [ [ 126.967994391901129, 37.524996667992255 ], [ 126.967862613697221, 37.524986294723078 ], [ 126.967735882224815, 37.525016875361366 ], [ 126.967633491032657, 37.525083754326403 ], [ 126.967571028211708, 37.525176749980325 ], [ 126.96755800327287, 37.525281704644335 ], [ 126.967596399344245, 37.52538263993798 ], [ 126.967680371141043, 37.525464189333512 ], [ 126.9677971347583, 37.525513937596436 ], [ 126.967928913881138, 37.525524310938167 ], [ 126.968055646133465, 37.525493730095754 ], [ 126.96815803750961, 37.525426850769456 ], [ 126.968220499810883, 37.525333854808792 ], [ 126.968233523830762, 37.525228900072236 ], [ 126.968195126979523, 37.525127964982737 ], [ 126.968111154998709, 37.525046415948431 ], [ 126.967994391901129, 37.524996667992255 ] ] ], [ [ [ 126.969326698386396, 37.527883606835175 ], [ 126.969194914918859, 37.527873235055281 ], [ 126.969068179104553, 37.52790381710625 ], [ 126.968965785153244, 37.527970697192323 ], [ 126.968903321575937, 37.528063693504961 ], [ 126.968890297998712, 37.528168648265094 ], [ 126.96892869734242, 37.528269583077602 ], [ 126.969012673824068, 37.528351131488023 ], [ 126.969129442825533, 37.528400878411802 ], [ 126.969261227212129, 37.528411250264227 ], [ 126.969387963806426, 37.528380668009071 ], [ 126.969490357941723, 37.528313787561707 ], [ 126.969552820999198, 37.528220790942321 ], [ 126.96956584365735, 37.528115836109656 ], [ 126.969527443533693, 37.528014901501322 ], [ 126.969443466868057, 37.527933353452184 ], [ 126.969326698386396, 37.527883606835175 ] ] ], [ [ [ 126.968742039217943, 37.528525729508743 ], [ 126.968609612700561, 37.528525694385195 ], [ 126.968487249572973, 37.528566021901121 ], [ 126.968393578368264, 37.528640572614179 ], [ 126.968342859678003, 37.528737996934005 ], [ 126.968342815106496, 37.528843462947613 ], [ 126.968393451642555, 37.528940914410661 ], [ 126.968487060476434, 37.529015515164907 ], [ 126.968609390511972, 37.52905590784188 ], [ 126.96874181796673, 37.529055942966096 ], [ 126.968864181757937, 37.529015615190069 ], [ 126.968957852963783, 37.528941064108487 ], [ 126.969008570992074, 37.528843639527629 ], [ 126.969008614626219, 37.528738173513339 ], [ 126.968957977426555, 37.528640722310392 ], [ 126.968864368591539, 37.528566121924669 ], [ 126.968742039217943, 37.528525729508743 ] ] ], [ [ [ 126.967493355143461, 37.52928867913122 ], [ 126.967361569459499, 37.529278305307038 ], [ 126.967234830520511, 37.52930888538188 ], [ 126.96713243301194, 37.529375763860827 ], [ 126.96706996598634, 37.529468759179998 ], [ 126.967056939594784, 37.529573713711592 ], [ 126.967095337186507, 37.529674649095327 ], [ 126.967179313245381, 37.52975619878972 ], [ 126.967296083217576, 37.52980594751476 ], [ 126.967427869820654, 37.529816321411502 ], [ 126.967554609539732, 37.529785741132507 ], [ 126.967657007232333, 37.52971886229227 ], [ 126.967719473738157, 37.529625866666301 ], [ 126.967732499210584, 37.529520912062111 ], [ 126.967694100838784, 37.529419976882551 ], [ 126.967610124595836, 37.529338427549455 ], [ 126.967493355143461, 37.52928867913122 ] ] ], [ [ [ 126.971708947827153, 37.53383974696203 ], [ 126.971579064437549, 37.533819140392318 ], [ 126.971449165432219, 37.53383968444286 ], [ 126.971339026569296, 37.533898251498684 ], [ 126.971265415414294, 37.533985925330192 ], [ 126.971239538675789, 37.534089358465181 ], [ 126.971265336040361, 37.534192804177167 ], [ 126.971338880280982, 37.534280513763782 ], [ 126.971448975031677, 37.534339134161804 ], [ 126.971578859287092, 37.534359740873128 ], [ 126.971708759159071, 37.534339196682083 ], [ 126.971818898381741, 37.534280629285981 ], [ 126.971892509178929, 37.53419295511371 ], [ 126.971918385051609, 37.53408952183711 ], [ 126.971892586820388, 37.533986076265606 ], [ 126.971819042220019, 37.53389836701929 ], [ 126.971708947827153, 37.53383974696203 ] ] ], [ [ [ 126.971744819077443, 37.535565245728051 ], [ 126.971613021757747, 37.535554876654274 ], [ 126.971486273928434, 37.535585461255302 ], [ 126.971383871628447, 37.535652343347209 ], [ 126.971321404639752, 37.535745340816099 ], [ 126.971308383107854, 37.535850295706894 ], [ 126.971346789642283, 37.535951229604571 ], [ 126.971430777365441, 37.536032776193935 ], [ 126.971547559947751, 37.536082520667605 ], [ 126.971679358186876, 37.536092889813894 ], [ 126.971806106796393, 37.536062305008571 ], [ 126.971908509280368, 37.535995422555274 ], [ 126.971970975748974, 37.535902424779572 ], [ 126.971983996361416, 37.535797469816281 ], [ 126.971945589046769, 37.535696536122863 ], [ 126.971861601139636, 37.535614989894924 ], [ 126.971744819077443, 37.535565245728051 ] ] ], [ [ [ 126.968642831510536, 37.536454411224568 ], [ 126.968510390973833, 37.536454375983475 ], [ 126.968388014835796, 37.536494703336416 ], [ 126.968294333610103, 37.536569253865856 ], [ 126.96824360941396, 37.536666678009404 ], [ 126.968243564689914, 37.53677214388096 ], [ 126.968294206450125, 37.536869595257798 ], [ 126.968387825089522, 37.536944195994764 ], [ 126.968510168019208, 37.536984588726007 ], [ 126.9686426094936, 37.536984623967776 ], [ 126.968764986295568, 37.536944296354676 ], [ 126.968858667522397, 37.536869745456613 ], [ 126.9689093910563, 37.536772321051942 ], [ 126.968909434842615, 37.536666855179696 ], [ 126.96885879241853, 37.536569404063052 ], [ 126.968765173777967, 37.536494803694701 ], [ 126.968642831510536, 37.536454411224568 ] ] ], [ [ [ 126.966625815586156, 37.536464009606775 ], [ 126.966494017397807, 37.536453634821143 ], [ 126.9663672659605, 37.536484213921675 ], [ 126.966264857862498, 37.536551091561819 ], [ 126.966202383768362, 37.536644086305394 ], [ 126.966189354905381, 37.536749040612257 ], [ 126.966227754999139, 37.536849976156326 ], [ 126.966311738152584, 37.536931526371752 ], [ 126.966428518731846, 37.53698127589913 ], [ 126.966560317839679, 37.536991650757393 ], [ 126.966687070057333, 37.536961071452652 ], [ 126.966789478339507, 37.536894193451118 ], [ 126.966851951913682, 37.53680119840066 ], [ 126.966864979857206, 37.536696244021172 ], [ 126.966826578983088, 37.536595308681292 ], [ 126.966742595645513, 37.536513758827269 ], [ 126.966625815586156, 37.536464009606775 ] ] ], [ [ [ 126.96592266975334, 37.538147254321778 ], [ 126.965792780490602, 37.538126641400382 ], [ 126.965662872429931, 37.538147179066883 ], [ 126.965552722708068, 37.538205740678137 ], [ 126.965479100543575, 37.538293410833482 ], [ 126.965453214321172, 37.538396842620379 ], [ 126.965479005171233, 37.538500289517614 ], [ 126.965552546858603, 37.538588002642385 ], [ 126.965662643406048, 37.538646628392812 ], [ 126.96579253353471, 37.538667241455961 ], [ 126.965922442462272, 37.538646703649071 ], [ 126.966032592544181, 37.53858814169751 ], [ 126.966106214350972, 37.53850047120131 ], [ 126.966132099707451, 37.538397039272674 ], [ 126.966106307990472, 37.538293592515828 ], [ 126.966032765943083, 37.53820587973135 ], [ 126.96592266975334, 37.538147254321778 ] ] ], [ [ [ 126.969846375490022, 37.540146289127911 ], [ 126.969716481676855, 37.540125680527225 ], [ 126.969586571220759, 37.540146222502038 ], [ 126.969476421623114, 37.540204787753353 ], [ 126.96940280208365, 37.54029246032632 ], [ 126.969376920587422, 37.540395892940367 ], [ 126.969402717545393, 37.540499338948308 ], [ 126.969476265792466, 37.540587049602749 ], [ 126.969586368352765, 37.540645671677858 ], [ 126.969716263032012, 37.540666280420218 ], [ 126.969846174355027, 37.540645738304924 ], [ 126.969956324312605, 37.540587172713252 ], [ 126.970029943494197, 37.540499499799438 ], [ 126.970055824124344, 37.540396067043716 ], [ 126.970030026299455, 37.540292621176256 ], [ 126.969956477692435, 37.54020491086218 ], [ 126.969846375490022, 37.540146289127911 ] ] ], [ [ [ 126.969479656324751, 37.5412004384334 ], [ 126.969347849402268, 37.541190066837288 ], [ 126.969221091109191, 37.541220648973287 ], [ 126.969118679077312, 37.541287529032687 ], [ 126.969056204570293, 37.541380525211096 ], [ 126.969043178878181, 37.541485479749873 ], [ 126.969081585243941, 37.541586414287643 ], [ 126.969165576815669, 37.541667962411715 ], [ 126.969282366677902, 37.541717709081084 ], [ 126.969414174520082, 37.54172808074977 ], [ 126.969540933593663, 37.541697498409491 ], [ 126.969643345809601, 37.541630617988609 ], [ 126.969705819796488, 37.541537621503309 ], [ 126.969718844568916, 37.541432666891943 ], [ 126.969680437422682, 37.541331732558476 ], [ 126.969596445666852, 37.541250184795878 ], [ 126.969479656324751, 37.5412004384334 ] ] ], [ [ [ 126.969137750710331, 37.545023875085377 ], [ 126.969005937104541, 37.545013503111399 ], [ 126.968879172197433, 37.545044084857565 ], [ 126.968776754627783, 37.545110964574548 ], [ 126.968714276502226, 37.545203960510058 ], [ 126.968701249661777, 37.545308914942474 ], [ 126.968739657524253, 37.5454098495266 ], [ 126.968823653009935, 37.54549139784271 ], [ 126.968940448607469, 37.545541144820518 ], [ 126.969072263133128, 37.545551516867093 ], [ 126.969199028820896, 37.545520934916617 ], [ 126.96930144657469, 37.545454054838132 ], [ 126.969363924180001, 37.545361058595667 ], [ 126.969376950100553, 37.545256104090662 ], [ 126.969338541457475, 37.545155169710831 ], [ 126.969254545787649, 37.545073621756259 ], [ 126.969137750710331, 37.545023875085377 ] ] ], [ [ [ 126.975845979445978, 37.545986145577437 ], [ 126.975716073846243, 37.545965543592381 ], [ 126.975586154897968, 37.545986092144055 ], [ 126.975476001395336, 37.546044662932225 ], [ 126.975402383132618, 37.546132339159129 ], [ 126.975376507900563, 37.54623577298792 ], [ 126.975402315156529, 37.546339217586464 ], [ 126.975475876167692, 37.546426924421894 ], [ 126.975585992014942, 37.54648554084978 ], [ 126.975715898481099, 37.546506142976419 ], [ 126.975845818296463, 37.546485594284114 ], [ 126.975955972158928, 37.546427023155474 ], [ 126.976029590063462, 37.5463393465877 ], [ 126.976055464429109, 37.54623591261732 ], [ 126.976029656306068, 37.546132468159399 ], [ 126.975956094935057, 37.546044761664447 ], [ 126.975845979445978, 37.545986145577437 ] ] ], [ [ [ 126.975966095342812, 37.547402232215347 ], [ 126.975836187252753, 37.547381630366537 ], [ 126.975706265879495, 37.547402179044575 ], [ 126.975596110386391, 37.547460749930003 ], [ 126.975522490870773, 37.54754842621027 ], [ 126.9754966153141, 37.547651860040389 ], [ 126.975522423223154, 37.547755304588051 ], [ 126.975595985765693, 37.547843011328112 ], [ 126.975706103789548, 37.547901627630658 ], [ 126.975836012746072, 37.547922229621072 ], [ 126.975965934986448, 37.54790168080239 ], [ 126.976076090839413, 37.547843109576469 ], [ 126.976149709996832, 37.54775543295532 ], [ 126.976175584687041, 37.547651998983589 ], [ 126.976149775910841, 37.547548554576572 ], [ 126.976076213008412, 37.547460848177003 ], [ 126.975966095342812, 37.547402232215347 ] ] ], [ [ [ 126.966826326591914, 37.547844312310197 ], [ 126.966696420257335, 37.547823700408493 ], [ 126.966566495614998, 37.547844239027263 ], [ 126.966456332325947, 37.547902801378427 ], [ 126.966382701674235, 37.54799047194868 ], [ 126.966356813336688, 37.54809390376235 ], [ 126.966382608765841, 37.548197350294153 ], [ 126.966456161029399, 37.548285062716928 ], [ 126.966566272540121, 37.548343687535613 ], [ 126.966696179741064, 37.548364299579092 ], [ 126.966826105250689, 37.548343760819854 ], [ 126.966936268899929, 37.548285198128276 ], [ 126.967009899193712, 37.548197527217056 ], [ 126.967035786664937, 37.548094095261611 ], [ 126.967009990368496, 37.547990648870261 ], [ 126.966936437744721, 37.547902936787914 ], [ 126.966826326591914, 37.547844312310197 ] ] ], [ [ [ 126.967038548480659, 37.549159452705496 ], [ 126.966906085469645, 37.549159415654593 ], [ 126.96678368769517, 37.549199741247712 ], [ 126.966689988964831, 37.549274290335298 ], [ 126.966639254060709, 37.54937171357448 ], [ 126.966639207055664, 37.549477179216865 ], [ 126.96668985530917, 37.549574631074627 ], [ 126.966783488227776, 37.549649232929376 ], [ 126.966905851048722, 37.549689627245066 ], [ 126.967038314998021, 37.549689664296686 ], [ 126.96716071343684, 37.549649338443281 ], [ 126.967254412168387, 37.549574788986924 ], [ 126.967305146409913, 37.549477365486482 ], [ 126.967305192476658, 37.549371899843379 ], [ 126.967254543558809, 37.549274448245917 ], [ 126.967160910638967, 37.549199846759926 ], [ 126.967038548480659, 37.549159452705496 ] ] ], [ [ [ 126.974223424366926, 37.550655638726177 ], [ 126.97409095869952, 37.550655609734385 ], [ 126.973968562344083, 37.550695942765522 ], [ 126.973874868892239, 37.55077049753767 ], [ 126.973824142322471, 37.550867923842539 ], [ 126.973824105438865, 37.550973389465035 ], [ 126.973874764060056, 37.551070838220262 ], [ 126.973968406014166, 37.551145434362198 ], [ 126.97409077516275, 37.551185821224486 ], [ 126.974223241768541, 37.551185850216839 ], [ 126.974345638788165, 37.551145516925295 ], [ 126.974439332240976, 37.551070961784347 ], [ 126.974490058147907, 37.550973535218297 ], [ 126.974490094093099, 37.550868069595261 ], [ 126.974439434807707, 37.550770621100412 ], [ 126.97434579285266, 37.550696025327291 ], [ 126.974223424366926, 37.550655638726177 ] ] ], [ [ [ 126.973487311840316, 37.552135485151162 ], [ 126.973357396219825, 37.552114880588952 ], [ 126.973227465950984, 37.552135426519726 ], [ 126.973117301551412, 37.552193995042224 ], [ 126.973043674474283, 37.552281669703675 ], [ 126.973017793852264, 37.552385102905554 ], [ 126.973043599963333, 37.552488547911175 ], [ 126.973117164249032, 37.552576256125718 ], [ 126.973227287291778, 37.55263487469476 ], [ 126.973357203778903, 37.552655479398638 ], [ 126.973487134915118, 37.552634933327255 ], [ 126.973597299674708, 37.552576364464223 ], [ 126.973670926393652, 37.552488689461804 ], [ 126.973696806149007, 37.552385256118264 ], [ 126.973670999170565, 37.552281811253252 ], [ 126.973597434524848, 37.552194103379236 ], [ 126.973487311840316, 37.552135485151162 ] ] ], [ [ [ 126.973693418168125, 37.553211693741332 ], [ 126.973563500622745, 37.553191089408934 ], [ 126.973433568541836, 37.553211635562043 ], [ 126.973323402718833, 37.553270204265608 ], [ 126.973249774823543, 37.553357879039233 ], [ 126.973223894113275, 37.553461312267345 ], [ 126.973249700879407, 37.553564757209273 ], [ 126.973323266463794, 37.553652465279882 ], [ 126.97343339125112, 37.553711083646661 ], [ 126.973563309663135, 37.553731688120742 ], [ 126.973693242611475, 37.553711141827002 ], [ 126.973803408794566, 37.553652572782902 ], [ 126.973877036331601, 37.553564897668295 ], [ 126.973902916175192, 37.553461464298515 ], [ 126.973877108541615, 37.553358019497203 ], [ 126.973803542597196, 37.553270311767136 ], [ 126.973693418168125, 37.553211693741332 ] ] ], [ [ [ 126.968397164154197, 37.553267316072208 ], [ 126.968265336135119, 37.553256943279457 ], [ 126.968138556962302, 37.55328752418125 ], [ 126.968036127446283, 37.553354403156781 ], [ 126.967973641512401, 37.553447398566668 ], [ 126.967960612190453, 37.553552352769344 ], [ 126.967999023276079, 37.553653287454601 ], [ 126.968083027198972, 37.553734836187274 ], [ 126.968199835163347, 37.553784583833689 ], [ 126.968331664102649, 37.553794956699043 ], [ 126.968458444056424, 37.553764375592927 ], [ 126.968560873756687, 37.553697496255765 ], [ 126.968623359170152, 37.553604500538817 ], [ 126.968636387571877, 37.553499546263517 ], [ 126.968597975705265, 37.553398611782612 ], [ 126.968513971598128, 37.553317063411555 ], [ 126.968397164154197, 37.553267316072208 ] ] ], [ [ [ 126.966093755892501, 37.553732053445792 ], [ 126.965961284789913, 37.553732015331072 ], [ 126.965838879027373, 37.553772339909607 ], [ 126.965745173628505, 37.5538468881863 ], [ 126.965694434390599, 37.553944310941745 ], [ 126.965694386046323, 37.55404977650123 ], [ 126.96574503615912, 37.554147228689509 ], [ 126.965838673852488, 37.554221831237918 ], [ 126.965961043636725, 37.554262226504768 ], [ 126.966093515677827, 37.554262264620206 ], [ 126.966215922104894, 37.554221939781378 ], [ 126.966309627504998, 37.554147391135821 ], [ 126.966360366080167, 37.55404996811906 ], [ 126.96636041348593, 37.553944502558863 ], [ 126.966309762708619, 37.553847050630871 ], [ 126.966216125013986, 37.553772448451312 ], [ 126.966093755892501, 37.553732053445792 ] ] ], [ [ [ 126.989736904394093, 37.518779810303805 ], [ 126.989605134105091, 37.518769461284258 ], [ 126.9894784220144, 37.51880006528885 ], [ 126.989376058720254, 37.518866963179626 ], [ 126.989313628066569, 37.518959970437464 ], [ 126.989300634667188, 37.519064927616888 ], [ 126.989339056848564, 37.519165855954398 ], [ 126.98942304535079, 37.519247389981203 ], [ 126.989539813725443, 37.51929711680252 ], [ 126.989671584933248, 37.519307465894151 ], [ 126.989798297803176, 37.519276861685078 ], [ 126.989900661280473, 37.519209963433028 ], [ 126.989963091413941, 37.519116955868796 ], [ 126.989976083894533, 37.519011998617287 ], [ 126.989937660933933, 37.518911070484258 ], [ 126.989853672248572, 37.518829536818693 ], [ 126.989736904394093, 37.518779810303805 ] ] ], [ [ [ 126.978804437856624, 37.519754947900964 ], [ 126.978674576926906, 37.519734349092552 ], [ 126.978544704286008, 37.519754901005093 ], [ 126.978434591678464, 37.519813474826684 ], [ 126.978361002672727, 37.519901153297681 ], [ 126.978335140605424, 37.520004588239523 ], [ 126.978360942929427, 37.520108032650583 ], [ 126.978434481662489, 37.520195738026537 ], [ 126.978544561277047, 37.520254351945233 ], [ 126.978674423072079, 37.52027495089505 ], [ 126.9788042965789, 37.520254398841942 ], [ 126.978914409545723, 37.520195824680172 ], [ 126.978987998193602, 37.52010814586864 ], [ 126.979013859395593, 37.520004710785422 ], [ 126.978988056205708, 37.5199012665149 ], [ 126.978914517113353, 37.51981356147914 ], [ 126.978804437856624, 37.519754947900964 ] ] ], [ [ [ 126.97769982755463, 37.523236313322712 ], [ 126.97756805109708, 37.523225950879969 ], [ 126.977441326558406, 37.523256541944036 ], [ 126.977338946431928, 37.523323429347037 ], [ 126.977276497123967, 37.523416430166485 ], [ 126.977263486088276, 37.52352138593713 ], [ 126.977301894336307, 37.523622318110036 ], [ 126.977385874729435, 37.523703860632523 ], [ 126.977502642053921, 37.523753599316422 ], [ 126.97763441943043, 37.52376396183152 ], [ 126.977761144748683, 37.52373337056315 ], [ 126.977863525058808, 37.523666482798888 ], [ 126.977925973846837, 37.523573481672841 ], [ 126.977938983963597, 37.523468525829827 ], [ 126.977900574935944, 37.523367593861224 ], [ 126.977816594359183, 37.523286051699998 ], [ 126.97769982755463, 37.523236313322712 ] ] ], [ [ [ 126.994087435952025, 37.523321213272425 ], [ 126.993955657074693, 37.523310869113708 ], [ 126.993828939079691, 37.523341477761491 ], [ 126.993726573464102, 37.523408379370963 ], [ 126.993664144425296, 37.523501388856864 ], [ 126.99365115633131, 37.523606346434541 ], [ 126.993689586700938, 37.52370727327984 ], [ 126.993773585027711, 37.523788804151117 ], [ 126.993890363367541, 37.523838526633959 ], [ 126.994022143163903, 37.52384887086469 ], [ 126.994148861938214, 37.523818262012313 ], [ 126.994251227736854, 37.523751360041501 ], [ 126.994313656255216, 37.523658350249185 ], [ 126.994326643430156, 37.523553392599503 ], [ 126.994288212281205, 37.523452465958783 ], [ 126.994204213771383, 37.523370935448867 ], [ 126.994087435952025, 37.523321213272425 ] ] ], [ [ [ 126.994829335521018, 37.524940402724518 ], [ 126.994697553693129, 37.524930059396191 ], [ 126.994570833262372, 37.524960668831355 ], [ 126.99446846609662, 37.525027571065337 ], [ 126.994406036629286, 37.525120580917793 ], [ 126.99439304929362, 37.525225538548277 ], [ 126.99443148149301, 37.525326465124579 ], [ 126.994515482442438, 37.525407995445995 ], [ 126.994632263798493, 37.52545771718188 ], [ 126.994764046545512, 37.525468060582192 ], [ 126.994890767755606, 37.525437450942405 ], [ 126.99499313510438, 37.525370548347084 ], [ 126.995055564051228, 37.525277538188192 ], [ 126.995068550467735, 37.525172580485716 ], [ 126.995030117489009, 37.525071654114036 ], [ 126.994946116356545, 37.524990124153959 ], [ 126.994829335521018, 37.524940402724518 ] ] ], [ [ [ 127.001837412041951, 37.525485506901695 ], [ 127.001705628287723, 37.525475171393943 ], [ 127.001578909798269, 37.525505788345548 ], [ 127.001476548145973, 37.525572696647536 ], [ 127.001414126924928, 37.52566571019581 ], [ 127.001401149312997, 37.525770668587235 ], [ 127.001439591233265, 37.525871592873699 ], [ 127.00152360042074, 37.52595311820312 ], [ 127.001640387277803, 37.526002833004796 ], [ 127.001772171951245, 37.526013168584406 ], [ 127.001898891219938, 37.525982551428065 ], [ 127.002001253054971, 37.525915642764666 ], [ 127.002063673755302, 37.525822628910049 ], [ 127.002076650448018, 37.525717670446781 ], [ 127.002038207748527, 37.525616746365046 ], [ 127.001954198378272, 37.525535221397021 ], [ 127.001837412041951, 37.525485506901695 ] ] ], [ [ [ 126.995712217368876, 37.525621418421224 ], [ 126.995582341619411, 37.525600838221898 ], [ 126.995452463443371, 37.525621408705248 ], [ 126.995342355428079, 37.525679998232214 ], [ 126.995268780442856, 37.525767687152189 ], [ 126.99524293969003, 37.525871125695858 ], [ 126.995268767377624, 37.525974566313174 ], [ 126.995342331662044, 37.526062261077286 ], [ 126.995452433125635, 37.526120859181553 ], [ 126.995582309740939, 37.526141439521979 ], [ 126.995712188782903, 37.526120868897706 ], [ 126.995822297157019, 37.526062279030349 ], [ 126.995895871783716, 37.525974589769916 ], [ 126.995921711670732, 37.525871151085155 ], [ 126.9958958831172, 37.525767710608761 ], [ 126.995822318473955, 37.525680016185035 ], [ 126.995712217368876, 37.525621418421224 ] ] ], [ [ [ 127.000243818275308, 37.526041488255288 ], [ 127.000112033762861, 37.526031150970354 ], [ 126.999985313681705, 37.526061766209239 ], [ 126.999882949846508, 37.526128673123758 ], [ 126.999820526183598, 37.526221685820992 ], [ 126.999807546242693, 37.526326644027407 ], [ 126.999845986301395, 37.52642756882306 ], [ 126.999929994378121, 37.526509095278364 ], [ 127.000046781044375, 37.526558811651157 ], [ 127.000178566476023, 37.526569149007983 ], [ 127.000305287336474, 37.52653853356437 ], [ 127.000407651354521, 37.526471626288455 ], [ 127.00047007449669, 37.526378613284841 ], [ 127.000483053518394, 37.526273655006555 ], [ 127.000444612680411, 37.526172730415617 ], [ 127.000360604420862, 37.526091204321723 ], [ 127.000243818275308, 37.526041488255288 ] ] ], [ [ [ 126.993772116055908, 37.528849695736774 ], [ 126.99364032749709, 37.528839351235057 ], [ 126.993513600021274, 37.528869959514914 ], [ 126.993411226568867, 37.528936860787553 ], [ 126.993348792530313, 37.529029870019002 ], [ 126.99333580303481, 37.529134827463373 ], [ 126.993374235814642, 37.529235754316794 ], [ 126.993458239996414, 37.529317285336383 ], [ 126.993575026744651, 37.529367008085153 ], [ 126.993706816222755, 37.529377352658891 ], [ 126.993833544478093, 37.529346744174404 ], [ 126.993935918113593, 37.529279842540362 ], [ 126.993998351631618, 37.52918683300242 ], [ 126.994011340207777, 37.529081875486035 ], [ 126.993972906648452, 37.528980948837237 ], [ 126.993888902283587, 37.528899418179051 ], [ 126.993772116055908, 37.528849695736774 ] ] ], [ [ [ 127.004911309224411, 37.531415634598225 ], [ 127.004779514613276, 37.531405302531525 ], [ 127.004652787348689, 37.53143592275098 ], [ 127.004550420338944, 37.531502833650116 ], [ 127.004487997993706, 37.531595848729481 ], [ 127.00447502366211, 37.531700807352834 ], [ 127.00451347276784, 37.53180173053677 ], [ 127.004597491952083, 37.531883253597016 ], [ 127.004714290095265, 37.531932965308293 ], [ 127.004846085625886, 37.531943297446787 ], [ 127.00497281366988, 37.531912677022504 ], [ 127.005075180862349, 37.531845765761858 ], [ 127.005137602686617, 37.531752750376128 ], [ 127.0051505760987, 37.531647791680982 ], [ 127.005112126213547, 37.531546868701881 ], [ 127.005028106846609, 37.531465346003124 ], [ 127.004911309224411, 37.531415634598225 ] ] ], [ [ [ 126.990445160191854, 37.532183426703476 ], [ 126.990313366227696, 37.532173078494338 ], [ 126.990186631752394, 37.532203683185934 ], [ 126.990084250771972, 37.532270581535762 ], [ 126.990021809822849, 37.53236358895483 ], [ 126.99000881508637, 37.532468545973181 ], [ 126.990047245092654, 37.532569473851801 ], [ 126.990131249390643, 37.53265100719176 ], [ 126.990248039127209, 37.532700733202802 ], [ 126.99037983401081, 37.532711081484052 ], [ 126.990506569265804, 37.532680476587871 ], [ 126.990608950429504, 37.532613577876596 ], [ 126.990671390858054, 37.532520570150965 ], [ 126.990684384675106, 37.532415613060522 ], [ 126.9906459538891, 37.532314685386496 ], [ 126.990561949407862, 37.532233152407954 ], [ 126.990445160191854, 37.532183426703476 ] ] ], [ [ [ 126.977801364775672, 37.533333079588644 ], [ 126.977671480584831, 37.533312479717374 ], [ 126.977541584125902, 37.533333030471866 ], [ 126.977431450769416, 37.533391603216522 ], [ 126.977357847242615, 37.533479280855715 ], [ 126.97733197909281, 37.533582715337509 ], [ 126.977357784699038, 37.533686159730372 ], [ 126.977431335579524, 37.53377386553273 ], [ 126.977541434357377, 37.533832480257459 ], [ 126.977671319414114, 37.533853080270212 ], [ 126.97780121673955, 37.533832529375118 ], [ 126.977911350455599, 37.533773956290119 ], [ 126.977984953624372, 37.533686278310256 ], [ 126.978010820908267, 37.533582843686958 ], [ 126.977985014435532, 37.533479399434711 ], [ 126.977911463195497, 37.533391693972675 ], [ 126.977801364775672, 37.533333079588644 ] ] ], [ [ [ 127.000570727975159, 37.53427437834403 ], [ 127.00043892893207, 37.534264041438405 ], [ 127.000312195055656, 37.534294656985324 ], [ 127.000209820260778, 37.534361564089693 ], [ 127.00014739014226, 37.534454576829717 ], [ 127.000134409232643, 37.534559534925357 ], [ 127.000172853957082, 37.534660459473571 ], [ 127.00025687162379, 37.534741985582393 ], [ 127.000373671344292, 37.534791701562412 ], [ 127.00050547130698, 37.534802038539922 ], [ 127.000632205962972, 37.534771422788218 ], [ 127.000734580940772, 37.534704515322375 ], [ 127.000797010538363, 37.534611502275872 ], [ 127.000809990528367, 37.534506544108332 ], [ 127.000771545024335, 37.534405619764911 ], [ 127.000687527174733, 37.534324094017599 ], [ 127.000570727975159, 37.53427437834403 ] ] ], [ [ [ 127.007155002847824, 37.534808312198855 ], [ 127.007023201957253, 37.534797982642644 ], [ 127.00689646986983, 37.534828605252549 ], [ 127.006794100228092, 37.534895518058249 ], [ 127.006731677842367, 37.534988534269985 ], [ 127.006718706068057, 37.535093493079145 ], [ 127.006757159939525, 37.535194415474038 ], [ 127.006841185372409, 37.535275936890493 ], [ 127.006957990295845, 37.535325646353478 ], [ 127.0070897921061, 37.535335975981447 ], [ 127.007216524972989, 37.535305353166635 ], [ 127.007318894797407, 37.535238439999397 ], [ 127.007381316661963, 37.535145423481289 ], [ 127.007394287516604, 37.535040464600357 ], [ 127.007355832865656, 37.534939542410363 ], [ 127.007271807250106, 37.534858021355447 ], [ 127.007155002847824, 37.534808312198855 ] ] ], [ [ [ 126.995484346584576, 37.535066482623378 ], [ 126.99535254685, 37.535056140042514 ], [ 126.995225809554299, 37.535086750126659 ], [ 126.995123429132875, 37.535153652812411 ], [ 126.995060992037082, 37.53524666285066 ], [ 126.995048003861683, 37.535351620372687 ], [ 126.995086442137961, 37.535452546562794 ], [ 126.995170455155815, 37.535534076279099 ], [ 126.995287252734585, 37.535583797282968 ], [ 126.995419053388758, 37.53559413993586 ], [ 126.995545791464167, 37.535563529646986 ], [ 126.995648172068698, 37.535496626599766 ], [ 126.995710608643719, 37.535403616254975 ], [ 126.995723595899506, 37.535298658660949 ], [ 126.995685156843535, 37.535197732675528 ], [ 126.995601143642546, 37.535116203320733 ], [ 126.995484346584576, 37.535066482623378 ] ] ], [ [ [ 126.988934870460795, 37.536020658134028 ], [ 126.988803069953107, 37.536010308245139 ], [ 126.98867632836712, 37.536040911294897 ], [ 126.988573940791355, 37.536107808290758 ], [ 126.988511494766328, 37.536200814849877 ], [ 126.988498497246084, 37.536305771633216 ], [ 126.98853692718464, 37.536406699937558 ], [ 126.988620934141281, 37.536488234299163 ], [ 126.988737728858112, 37.536537961772218 ], [ 126.988869530285399, 37.536548311733263 ], [ 126.988996272651278, 37.536517708478911 ], [ 126.989098660410377, 37.536450811121568 ], [ 126.989161105914818, 37.536357804255829 ], [ 126.989174102515435, 37.536252847400348 ], [ 126.989135671796987, 37.536151919300593 ], [ 126.989051664657026, 37.536070385300476 ], [ 126.988934870460795, 37.536020658134028 ] ] ], [ [ [ 126.999423499423926, 37.537215235952857 ], [ 126.999293602549798, 37.537194659874956 ], [ 126.999163705287458, 37.537215234398829 ], [ 126.999053583129822, 37.537273827270276 ], [ 126.998980001099326, 37.537361518329583 ], [ 126.998954161470863, 37.537464957481731 ], [ 126.998979998281428, 37.537568397084051 ], [ 126.999053578298643, 37.537656089364212 ], [ 126.999163699709669, 37.537714683893668 ], [ 126.99929359745019, 37.537735260112633 ], [ 126.999423495578881, 37.537714685447725 ], [ 126.999533618095413, 37.537656092235714 ], [ 126.99960719976707, 37.537568400835852 ], [ 126.999633038529183, 37.537464961542611 ], [ 126.999607200852239, 37.537361522081333 ], [ 126.999533620476143, 37.537273830141729 ], [ 126.999423499423926, 37.537215235952857 ] ] ], [ [ [ 126.991024051715684, 37.53878936134047 ], [ 126.990892246045675, 37.538779013787426 ], [ 126.990765500626651, 37.538809619064473 ], [ 126.990663111130601, 37.538876517839967 ], [ 126.990600665390431, 37.538969525460146 ], [ 126.990587670316884, 37.539074482424432 ], [ 126.990626104491469, 37.539175410002059 ], [ 126.990710116828609, 37.53925694283992 ], [ 126.990826917251283, 37.539306668224157 ], [ 126.990958723841032, 37.539317015849306 ], [ 126.991085470040005, 37.539286410367616 ], [ 126.991187859719346, 37.539219511230591 ], [ 126.991250304938774, 37.539126503303791 ], [ 126.991263299092594, 37.539021546267399 ], [ 126.991224864138019, 37.538920618894416 ], [ 126.991140851617601, 37.538839086418086 ], [ 126.991024051715684, 37.53878936134047 ] ] ], [ [ [ 126.992295803104795, 37.539121019218236 ], [ 126.992163996675018, 37.53911067308514 ], [ 126.9920372512141, 37.539141279725413 ], [ 126.991934862400484, 37.539208179599882 ], [ 126.991872417963165, 37.539301187887482 ], [ 126.991859424614518, 37.53940614498601 ], [ 126.991897860673504, 37.539507072144289 ], [ 126.991981874767632, 37.539588604072996 ], [ 126.992098676552359, 37.539638328196723 ], [ 126.992230483901935, 37.539648674401889 ], [ 126.992357230142773, 37.539618067556958 ], [ 126.992459619139638, 37.539551167320944 ], [ 126.992522063056157, 37.539458158726731 ], [ 126.99253505548505, 37.539353201556118 ], [ 126.992496618646115, 37.539252274602511 ], [ 126.992412604368752, 37.539170743035349 ], [ 126.992295803104795, 37.539121019218236 ] ] ], [ [ [ 126.985242993759911, 37.544025371571905 ], [ 126.985111179673424, 37.544015017573784 ], [ 126.984984423028806, 37.544045616616486 ], [ 126.984882021207056, 37.544112510317483 ], [ 126.984819563917441, 37.544205514795571 ], [ 126.984806559829011, 37.544310471028552 ], [ 126.984844988895759, 37.544411400397024 ], [ 126.984929000809785, 37.544492937275258 ], [ 126.985045805558542, 37.544542668334259 ], [ 126.985177620564968, 37.544553022404628 ], [ 126.985304377989863, 37.544522423157346 ], [ 126.985406779995145, 37.544455529094783 ], [ 126.985469236764061, 37.544362524309946 ], [ 126.985482239932566, 37.544257568004717 ], [ 126.985443810085528, 37.544156638840818 ], [ 126.985359797987968, 37.544075102324165 ], [ 126.985242993759911, 37.544025371571905 ] ] ], [ [ [ 127.003361365867008, 37.544773055590817 ], [ 127.003228910595652, 37.544773059286968 ], [ 127.003106539556242, 37.544813422562306 ], [ 127.003012882486416, 37.544888000530563 ], [ 127.002962197826065, 37.544985439452049 ], [ 127.002962201999139, 37.545090905190762 ], [ 127.003012894573615, 37.545188341544012 ], [ 127.003106558208373, 37.545262914653776 ], [ 127.003228933464044, 37.545303271360147 ], [ 127.003361389673515, 37.545303267663911 ], [ 127.003483761376188, 37.545262904127796 ], [ 127.0035774184459, 37.545188325790825 ], [ 127.003628102442804, 37.545090886608669 ], [ 127.003628097331642, 37.54498542087002 ], [ 127.003577404093903, 37.544887984777539 ], [ 127.003483740459288, 37.544813412036497 ], [ 127.003361365867008, 37.544773055590817 ] ] ], [ [ [ 126.985916093875773, 37.545877381091266 ], [ 126.985784276435126, 37.545867027847066 ], [ 126.985657516929336, 37.545897627602081 ], [ 126.985555113174996, 37.545964521865343 ], [ 126.985492655175591, 37.54605752667004 ], [ 126.985479651708204, 37.54616248294429 ], [ 126.985518082632339, 37.546263412062373 ], [ 126.985602097357344, 37.546344948436669 ], [ 126.985718905442681, 37.54639467881492 ], [ 126.985850723803352, 37.546405032131361 ], [ 126.98597748408946, 37.546374432171731 ], [ 126.986079888027334, 37.546307537546873 ], [ 126.986142345505996, 37.546214532435407 ], [ 126.986155348053344, 37.546109576088931 ], [ 126.986116916348877, 37.546008647175455 ], [ 126.986032901440339, 37.545927111162754 ], [ 126.985916093875773, 37.545877381091266 ] ] ], [ [ [ 126.978946504359712, 37.546103868968011 ], [ 126.978816597700714, 37.546083270394 ], [ 126.978686679397484, 37.546103822356777 ], [ 126.97857652814595, 37.546162396036813 ], [ 126.978502913397719, 37.546250074196109 ], [ 126.978477042408528, 37.546353508703596 ], [ 126.978502853989767, 37.546456952623821 ], [ 126.978576418750151, 37.546544657527164 ], [ 126.978686537199764, 37.546603271063326 ], [ 126.978816444725197, 37.546623869778877 ], [ 126.978946363895474, 37.546603317675398 ], [ 126.979056515506741, 37.546544743654863 ], [ 126.979130129896689, 37.546457065154733 ], [ 126.979156000019429, 37.546353630505713 ], [ 126.97913018757113, 37.546250186726169 ], [ 126.979056622451012, 37.546162482163332 ], [ 126.978946504359712, 37.546103868968011 ] ] ], [ [ [ 126.981788409842721, 37.547171794598555 ], [ 126.981656590695536, 37.547161436748411 ], [ 126.981529827312244, 37.547192032064693 ], [ 126.981427418099699, 37.547258922732233 ], [ 126.98136495389231, 37.547351925331618 ], [ 126.981351944412296, 37.547456881126706 ], [ 126.981390370434482, 37.547557811564758 ], [ 126.981474382114527, 37.547639350857203 ], [ 126.981591189475537, 37.547689085307546 ], [ 126.981723009542762, 37.547699443230037 ], [ 126.981849773706514, 37.547668847709197 ], [ 126.981952183102777, 37.547601956680062 ], [ 126.982014646789494, 37.54750895377385 ], [ 126.982027655349469, 37.547403997906436 ], [ 126.981989228546794, 37.547303067672935 ], [ 126.981905216683032, 37.547221528742078 ], [ 126.981788409842721, 37.547171794598555 ] ] ], [ [ [ 126.978375096699494, 37.548771558689715 ], [ 126.97824263436236, 37.548771534356504 ], [ 126.978120243323133, 37.548811871705759 ], [ 126.978026556364128, 37.548886429798188 ], [ 126.977975836475423, 37.54898385792 ], [ 126.977975805443947, 37.549089323579452 ], [ 126.978026468197413, 37.549186770586026 ], [ 126.978120111934771, 37.549261363459905 ], [ 126.978242480246081, 37.549301746032249 ], [ 126.978374943521487, 37.549301770365908 ], [ 126.978497335224759, 37.549261432756218 ], [ 126.97859102218456, 37.54918687429501 ], [ 126.978641741410357, 37.549089445912102 ], [ 126.978641771503547, 37.548983980252196 ], [ 126.97859110808605, 37.548886533506057 ], [ 126.978497464347882, 37.548811941000963 ], [ 126.978375096699494, 37.548771558689715 ] ] ], [ [ [ 126.977393593057357, 37.551139170134469 ], [ 126.977261767534074, 37.55112880738308 ], [ 126.97713499563703, 37.551159397958045 ], [ 126.977032577069139, 37.551226284765953 ], [ 126.976970104089091, 37.551319284975023 ], [ 126.976957087754599, 37.551424240213009 ], [ 126.976995509884077, 37.551525172012056 ], [ 126.977079521225861, 37.551606714376348 ], [ 126.9771963318546, 37.551656453141767 ], [ 126.977328158298079, 37.551666815965568 ], [ 126.97745493097581, 37.551636225186122 ], [ 126.97755734972759, 37.55156933801657 ], [ 126.977619822187009, 37.551476337500588 ], [ 126.977632837601305, 37.551371382190169 ], [ 126.977594414691112, 37.551270450595631 ], [ 126.977510403165425, 37.551188908592955 ], [ 126.977393593057357, 37.551139170134469 ] ] ] ] } },
{ "type": "Feature", "properties": { "dataset_id": "06", "type": "point", "type_source": "jimok_lift", "type_llm": "radius", "radius_m": 10, "label": "06 point 10m" }, "geometry": { "type": "MultiPolygon", "coordinates": [ [ [ [ 126.967974024794557, 37.529106311291322 ], [ 126.96789403861797, 37.529079899846998 ], [ 126.967814029819664, 37.529106267796429 ], [ 126.967780866372166, 37.529169969190207 ], [ 126.96781397506939, 37.529233688653697 ], [ 126.967893961381861, 37.529260100151625 ], [ 126.967973970316436, 37.529233732148789 ], [ 126.968007133628021, 37.529170030701408 ], [ 126.967974024794557, 37.529106311291322 ] ] ], [ [ [ 126.964641028352503, 37.529785313558875 ], [ 126.964561042628048, 37.529758899860482 ], [ 126.964481031932792, 37.529785265547943 ], [ 126.96444786535055, 37.529848965996869 ], [ 126.964480971511435, 37.529912686386133 ], [ 126.964560957371773, 37.52993910013813 ], [ 126.964640968203298, 37.529912734397278 ], [ 126.96467413464967, 37.529849033894735 ], [ 126.964641028352503, 37.529785313558875 ] ] ], [ [ [ 126.972680026038446, 37.534011308156011 ], [ 126.972600032963285, 37.533984899918167 ], [ 126.972520020578784, 37.534011271032362 ], [ 126.972486858958248, 37.534074973695361 ], [ 126.972519973825413, 37.534138691788996 ], [ 126.972599967036544, 37.534165100080443 ], [ 126.972679979557299, 37.534138728912822 ], [ 126.972713141041879, 37.534075026196248 ], [ 126.972680026038446, 37.534011308156011 ] ] ], [ [ [ 126.962290039685755, 37.538515315252511 ], [ 126.962210045470286, 37.538488899996374 ], [ 126.962130024619057, 37.538515264046474 ], [ 126.962096852165089, 37.538578963737578 ], [ 126.962129960178103, 37.538642684692462 ], [ 126.962209954529513, 37.538669100002231 ], [ 126.962289975517095, 37.538642735898733 ], [ 126.962323147835122, 37.538579036153997 ], [ 126.962290039685755, 37.538515315252511 ] ] ], [ [ [ 126.961464041087297, 37.53916931582021 ], [ 126.961384046465227, 37.539142900007256 ], [ 126.961304024624596, 37.539169263494159 ], [ 126.961270851177929, 37.539232962945611 ], [ 126.961303958776526, 37.539296684124771 ], [ 126.961383953534551, 37.539323099991364 ], [ 126.961463975511535, 37.53929673645105 ], [ 126.961497148822261, 37.539233036945973 ], [ 126.961464041087297, 37.53916931582021 ] ] ], [ [ [ 126.971380034570672, 37.540957309115576 ], [ 126.971300034535901, 37.54093090002543 ], [ 126.971220014270571, 37.540957270224496 ], [ 126.971186848464427, 37.541020972445587 ], [ 126.97121996529313, 37.541084690829443 ], [ 126.971299965463928, 37.541111099973207 ], [ 126.971379985865596, 37.541084729720708 ], [ 126.9714131515357, 37.541021027445993 ], [ 126.971380034570672, 37.540957309115576 ] ] ], [ [ [ 126.972186037670497, 37.544496308608799 ], [ 126.972106033570299, 37.54446990007893 ], [ 126.972026009805148, 37.54449627080691 ], [ 126.971992843115004, 37.54455997321574 ], [ 126.972025962193285, 37.544623691336199 ], [ 126.972105966429552, 37.544650099919693 ], [ 126.972185990331013, 37.544623729138259 ], [ 126.972219156885146, 37.544560026675811 ], [ 126.972186037670497, 37.544496308608799 ] ] ], [ [ [ 126.972636046114005, 37.552746308396337 ], [ 126.972556033038558, 37.552719900204792 ], [ 126.97247600060966, 37.552746271197357 ], [ 126.972442830642336, 37.552809973642063 ], [ 126.97247595374975, 37.552873691548655 ], [ 126.972555966961309, 37.552900099793831 ], [ 126.97263599952656, 37.552873728747798 ], [ 126.9726691693578, 37.552810026249468 ], [ 126.972636046114005, 37.552746308396337 ] ] ], [ [ [ 126.969849048952128, 37.553183310291644 ], [ 126.969769036394268, 37.553156900213693 ], [ 126.969689002517228, 37.553183269314637 ], [ 126.969655829984319, 37.553246970970577 ], [ 126.969688950911603, 37.55331068965333 ], [ 126.96976896360556, 37.553337099784919 ], [ 126.969848997618996, 37.553310730630521 ], [ 126.969882170015822, 37.55324702892095 ], [ 126.969849048952128, 37.553183310291644 ] ] ], [ [ [ 126.988616997020344, 37.519530297194535 ], [ 126.988537013783258, 37.519503899688175 ], [ 126.988457022472161, 37.519530281668636 ], [ 126.988423880816001, 37.519593988967351 ], [ 126.988457002843646, 37.519657702750585 ], [ 126.988536986216701, 37.51968410031045 ], [ 126.988616977663867, 37.519657718276555 ], [ 126.988650119184058, 37.519594010924322 ], [ 126.988616997020344, 37.519530297194535 ] ] ], [ [ [ 126.974813011636286, 37.522231306578021 ], [ 126.9747330303843, 37.522204899736451 ], [ 126.974653031333716, 37.522231272353416 ], [ 126.974619876747084, 37.522294975745325 ], [ 126.974652988227689, 37.522358693367046 ], [ 126.974732969615559, 37.52238510026217 ], [ 126.97481296880234, 37.522358727591801 ], [ 126.974846123253045, 37.522295024146331 ], [ 126.974813011636286, 37.522231306578021 ] ] ], [ [ [ 126.973486012904843, 37.522363307478905 ], [ 126.973406031980218, 37.522336899739429 ], [ 126.973326032322106, 37.522363271456747 ], [ 126.973292876548967, 37.522426974474264 ], [ 126.973325986959125, 37.522490692466164 ], [ 126.973405968019648, 37.522517100259208 ], [ 126.973485967813914, 37.522490728488492 ], [ 126.973519123451155, 37.522427025417407 ], [ 126.973486012904843, 37.522363307478905 ] ] ], [ [ [ 127.009248989978119, 37.529366283326695 ], [ 127.009168988971197, 37.529339899837957 ], [ 127.009088994424744, 37.529366295748268 ], [ 127.00905586596302, 37.529430008729214 ], [ 127.009089009885827, 37.529493716618454 ], [ 127.009169011028874, 37.529520100160667 ], [ 127.009249005711354, 37.529493704196831 ], [ 127.009282134036937, 37.529429991162417 ], [ 127.009248989978119, 37.529366283326695 ] ] ], [ [ [ 126.994382008027046, 37.534424293451757 ], [ 126.994302006855037, 37.534397899914609 ], [ 126.994222001667467, 37.534424285731589 ], [ 126.994188858321877, 37.534487994486803 ], [ 126.994221991836852, 37.534551706493332 ], [ 126.994301993144944, 37.534578100084012 ], [ 126.994381998468668, 37.534551714213535 ], [ 126.994415141678161, 37.534488005404789 ], [ 126.994382008027046, 37.534424293451757 ] ] ], [ [ [ 126.986775014696335, 37.534611298608553 ], [ 126.986695016006792, 37.534584899919452 ], [ 126.98661500794077, 37.53461128058165 ], [ 126.986581858041887, 37.534674987198834 ], [ 126.986614985167563, 37.534738701336522 ], [ 126.986694983993132, 37.53476510007917 ], [ 126.986774992195365, 37.534738719363496 ], [ 126.986808141958193, 37.534675012692759 ], [ 126.986775014696335, 37.534611298608553 ] ] ], [ [ [ 126.974094884934345, 37.535459098343125 ], [ 126.974009957515392, 37.535445626331082 ], [ 126.973937942248213, 37.535483922364683 ], [ 126.97392102464741, 37.535551553196221 ], [ 126.973969114939834, 37.535608901622389 ], [ 126.974054042536579, 37.535622373663507 ], [ 126.974126057877612, 37.535584077560024 ], [ 126.974142975300609, 37.535516446699432 ], [ 126.974094884934345, 37.535459098343125 ] ] ], [ [ [ 127.001787860677155, 37.539556083647106 ], [ 127.001702923627761, 37.539542631559648 ], [ 127.001630918580986, 37.539580944455025 ], [ 127.001614025064541, 37.53964857920819 ], [ 127.001662139197052, 37.539705916318496 ], [ 127.001747076424323, 37.539719368434916 ], [ 127.001819081544795, 37.5396810554696 ], [ 127.001835974883335, 37.539613420687488 ], [ 127.001787860677155, 37.539556083647106 ] ] ] ] } },
{ "type": "Feature", "properties": { "dataset_id": "07", "type": "point", "type_source": "jimok_lift", "type_llm": "radius", "radius_m": 10, "label": "07 point 10m" }, "geometry": { "type": "MultiPolygon", "coordinates": [ [ [ [ 126.959037714249632, 37.517273743375327 ], [ 126.95895771495006, 37.517300105383477 ], [ 126.958924549209257, 37.517363804416846 ], [ 126.958957645164418, 37.517427526483488 ], [ 126.959037615750148, 37.517453944023273 ], [ 126.959117615185932, 37.517427581961776 ], [ 126.959150780790921, 37.517363882874811 ], [ 126.959117684699564, 37.517300160861517 ], [ 126.959037714249632, 37.517273743375327 ] ] ], [ [ [ 126.958605232269875, 37.517426076478166 ], [ 126.958525232655774, 37.517452438192514 ], [ 126.958492066479963, 37.51751613710254 ], [ 126.958525162134379, 37.517579859288524 ], [ 126.958605132729886, 37.517606277120457 ], [ 126.958685132480213, 37.517579915352755 ], [ 126.958718298520253, 37.517516216389147 ], [ 126.958685202729612, 37.517452494256489 ], [ 126.958605232269875, 37.517426076478166 ] ] ], [ [ [ 126.95976993456047, 37.523356535348405 ], [ 126.95969355856262, 37.523389016707235 ], [ 126.959668389599528, 37.523454998476467 ], [ 126.959709171421423, 37.523515829460372 ], [ 126.959792014665879, 37.523535875649202 ], [ 126.959868390770865, 37.523503394227589 ], [ 126.959893559574141, 37.523437412416179 ], [ 126.959852777645125, 37.523376581495071 ], [ 126.95976993456047, 37.523356535348405 ] ] ], [ [ [ 126.959495416710752, 37.52377395067424 ], [ 126.959415410629575, 37.523800312959345 ], [ 126.959382242395378, 37.523864012049479 ], [ 126.959415341605961, 37.523927733919479 ], [ 126.959495319289047, 37.523954151124379 ], [ 126.959575325506478, 37.523927788785919 ], [ 126.959608493604847, 37.52386408964216 ], [ 126.959575394257982, 37.52380036782553 ], [ 126.959495416710752, 37.52377395067424 ] ] ], [ [ [ 126.956165924618915, 37.52593917041122 ], [ 126.95608591505534, 37.525965530429033 ], [ 126.956052743030725, 37.526029228558357 ], [ 126.956085840363286, 37.526092951336864 ], [ 126.956165819180853, 37.526119370787399 ], [ 126.956245828880739, 37.526093010716238 ], [ 126.956279000769499, 37.526029312533282 ], [ 126.956245903300641, 37.525965589808138 ], [ 126.956165924618915, 37.52593917041122 ] ] ], [ [ [ 126.956323104930149, 37.52608520661326 ], [ 126.956243095265748, 37.526111566736837 ], [ 126.95620992330997, 37.526175264908773 ], [ 126.956243020840674, 37.526238987641769 ], [ 126.956322999869627, 37.526265406985367 ], [ 126.956403009670325, 37.526239046808421 ], [ 126.956436181490261, 37.526175348582861 ], [ 126.956403083823275, 37.526111625903212 ], [ 126.956323104930149, 37.52608520661326 ] ] ], [ [ [ 126.954849525828138, 37.527613221356617 ], [ 126.954780603082014, 37.527639150862996 ], [ 126.95474961361127, 37.527685271769897 ], [ 126.954756019995116, 37.527737331744426 ], [ 126.954797662959422, 37.527777783406052 ], [ 126.954882578217195, 37.52779126924446 ], [ 126.954953184741896, 37.527754498546237 ], [ 126.954992176524485, 37.527806059236546 ], [ 126.955063934152307, 37.527826538359953 ], [ 126.955117270385159, 37.527815919726152 ], [ 126.955158023595033, 37.527786530919904 ], [ 126.955174956375004, 37.52771890269598 ], [ 126.955126885539713, 37.527661546551407 ], [ 126.955041970384812, 37.527648060888424 ], [ 126.954971364004024, 37.527684831640485 ], [ 126.954923458114791, 37.527628000359428 ], [ 126.954849525828138, 37.527613221356617 ] ] ], [ [ [ 126.954329073437421, 37.529659038585834 ], [ 126.954257053684998, 37.529697322653021 ], [ 126.954240119627386, 37.529764950721805 ], [ 126.954288191131496, 37.529822307207276 ], [ 126.954373108614476, 37.529835793408786 ], [ 126.954445128440852, 37.529797509271773 ], [ 126.954462062320786, 37.529729881173864 ], [ 126.954413990742722, 37.529672524758197 ], [ 126.954329073437421, 37.529659038585834 ] ] ], [ [ [ 126.952925461796397, 37.529991598830186 ], [ 126.952853441007576, 37.530029882038569 ], [ 126.952836505607422, 37.530097509901353 ], [ 126.952884576249275, 37.530154866954334 ], [ 126.952969493855434, 37.530168354164417 ], [ 126.953041514718223, 37.530130070886216 ], [ 126.953058449940698, 37.530062442994279 ], [ 126.953010379224878, 37.530005086011109 ], [ 126.952925461796397, 37.529991598830186 ] ] ], [ [ [ 126.954606599702473, 37.530080930476494 ], [ 126.954526585165908, 37.530107289416151 ], [ 126.95449340997807, 37.53017098706065 ], [ 126.954526507810129, 37.530234710231696 ], [ 126.954606490497312, 37.530261130722145 ], [ 126.954686505170187, 37.530234771729127 ], [ 126.954719680222169, 37.530171074030982 ], [ 126.954686582253814, 37.530107350913319 ], [ 126.954606599702473, 37.530080930476494 ] ] ], [ [ [ 126.956111034796265, 37.531895272702378 ], [ 126.956031018849259, 37.531921632652313 ], [ 126.955997844135226, 37.53198533070011 ], [ 126.956030944047811, 37.532049053431216 ], [ 126.956110929203504, 37.532075472896231 ], [ 126.956190945286821, 37.532049112892935 ], [ 126.956224119864999, 37.531985414791492 ], [ 126.956191019816089, 37.531921692113748 ], [ 126.956111034796265, 37.531895272702378 ] ] ], [ [ [ 126.953522587310331, 37.532038546107806 ], [ 126.953442570301078, 37.532064904302608 ], [ 126.953409393322872, 37.532128601620244 ], [ 126.953442491095643, 37.532192325073865 ], [ 126.953522475489407, 37.53221874629083 ], [ 126.953602492635028, 37.532192388042667 ], [ 126.953635669477379, 37.532128690671378 ], [ 126.953602571568254, 37.532064967271133 ], [ 126.953522587310331, 37.532038546107806 ] ] ], [ [ [ 126.955599219782499, 37.532048685493187 ], [ 126.955522833112497, 37.532081164100219 ], [ 126.955497657548477, 37.532147144879119 ], [ 126.955538440707457, 37.532207977214306 ], [ 126.955621292443809, 37.532228026304452 ], [ 126.955697679221032, 37.532195547634622 ], [ 126.955722854625222, 37.532129566813531 ], [ 126.955682071359021, 37.532068734541141 ], [ 126.955599219782499, 37.532048685493187 ] ] ], [ [ [ 126.950001636866887, 37.532170335976637 ], [ 126.94992524764946, 37.532202810960619 ], [ 126.949900067114669, 37.532268790541387 ], [ 126.949940845791247, 37.532329624805207 ], [ 126.950023696159406, 37.532349677820989 ], [ 126.950100085484081, 37.532317202774195 ], [ 126.950125265859057, 37.532251223151214 ], [ 126.950084487075202, 37.532190388950198 ], [ 126.950001636866887, 37.532170335976637 ] ] ], [ [ [ 126.954513616018659, 37.532278672310213 ], [ 126.954433599100838, 37.532305031175483 ], [ 126.954400422858569, 37.532368728769413 ], [ 126.954433521580725, 37.532432451943315 ], [ 126.954513506581137, 37.532458872488405 ], [ 126.954593523635282, 37.53243251356978 ], [ 126.954626699741681, 37.532368815922197 ], [ 126.9545936008832, 37.532305092801678 ], [ 126.954513616018659, 37.532278672310213 ] ] ], [ [ [ 126.955918255229619, 37.53265204191419 ], [ 126.955838238406159, 37.532678401729562 ], [ 126.9558050631924, 37.532742099714717 ], [ 126.955838163274692, 37.53280582249176 ], [ 126.955918149170159, 37.532832242084432 ], [ 126.955998166129959, 37.53280588221569 ], [ 126.956031341207861, 37.532742184176904 ], [ 126.955998240989217, 37.532678461453209 ], [ 126.955918255229619, 37.53265204191419 ] ] ], [ [ [ 126.958314174938153, 37.532689385754615 ], [ 126.958237788790044, 37.532721866114471 ], [ 126.958212615401294, 37.532787847466288 ], [ 126.958253401114646, 37.532848678858862 ], [ 126.95833625428817, 37.532868726042999 ], [ 126.958412640543486, 37.532836245620324 ], [ 126.958437813772363, 37.532770264226308 ], [ 126.958397027951818, 37.53270943289656 ], [ 126.958314174938153, 37.532689385754615 ] ] ], [ [ [ 126.950519541876076, 37.532929390227139 ], [ 126.9504475170326, 37.532967671946338 ], [ 126.950430578793288, 37.533035299428384 ], [ 126.950478649474633, 37.5330926574321 ], [ 126.950563569975813, 37.533106146367459 ], [ 126.950635594893271, 37.533067864578427 ], [ 126.950652532954905, 37.533000237067228 ], [ 126.950604462199536, 37.53294287913333 ], [ 126.950519541876076, 37.532929390227139 ] ] ], [ [ [ 126.958325334584288, 37.532966447559829 ], [ 126.958248948158314, 37.532998927925227 ], [ 126.958223774686033, 37.533064909276263 ], [ 126.958264560559115, 37.533125740662214 ], [ 126.95834741404208, 37.533145787837761 ], [ 126.958423800575247, 37.533113307409558 ], [ 126.958448973887656, 37.53304732601633 ], [ 126.958408187907352, 37.532986494693191 ], [ 126.958325334584288, 37.532966447559829 ] ] ], [ [ [ 126.950827828054088, 37.533018798526335 ], [ 126.950747809050867, 37.533045154889521 ], [ 126.950714629346578, 37.533108851437603 ], [ 126.95074772525804, 37.533172575634538 ], [ 126.95082770974561, 37.53319899867229 ], [ 126.950907728885213, 37.533172642255749 ], [ 126.950940908453688, 37.533108945654007 ], [ 126.950907812405845, 37.53304522151042 ], [ 126.950827828054088, 37.533018798526335 ] ] ], [ [ [ 126.950384983888213, 37.533656590336697 ], [ 126.950304964047803, 37.533682946396368 ], [ 126.95027178368386, 37.533746642812666 ], [ 126.950304879499626, 37.533810367126733 ], [ 126.950384864511506, 37.533836790461933 ], [ 126.950464884488284, 37.533810434348901 ], [ 126.950498064716399, 37.53374673787895 ], [ 126.950464968764251, 37.53368301361823 ], [ 126.950384983888213, 37.533656590336697 ] ] ], [ [ [ 126.958324852336418, 37.533705615027472 ], [ 126.958244835232435, 37.533731976468552 ], [ 126.958211661597247, 37.533795675119322 ], [ 126.958244764192528, 37.533859397211991 ], [ 126.958324752063334, 37.533885815171153 ], [ 126.958404769303669, 37.533859453676683 ], [ 126.958437942802959, 37.533795754972282 ], [ 126.958404840071324, 37.533732032932988 ], [ 126.958324852336418, 37.533705615027472 ] ] ], [ [ [ 126.950679715617426, 37.533798248064002 ], [ 126.950603325032347, 37.533830723476633 ], [ 126.950578144545787, 37.533896703183792 ], [ 126.950618924658301, 37.533957537197679 ], [ 126.950701777008888, 37.533977589733631 ], [ 126.950778167701202, 37.533945114258188 ], [ 126.950803348027904, 37.533879134508823 ], [ 126.950762567808141, 37.533818300557733 ], [ 126.950679715617426, 37.533798248064002 ] ] ], [ [ [ 126.949311970936648, 37.533925329039356 ], [ 126.949235579629828, 37.53395780356604 ], [ 126.949210397895811, 37.534023782979226 ], [ 126.949251176965859, 37.534084617463364 ], [ 126.949334029089655, 37.534104670958278 ], [ 126.949410420503753, 37.534072196368797 ], [ 126.949435602077926, 37.534006216913376 ], [ 126.949394822900629, 37.53394538249205 ], [ 126.949311970936648, 37.533925329039356 ] ] ], [ [ [ 126.958179880511295, 37.533950662331371 ], [ 126.958099863094461, 37.533977023672939 ], [ 126.958066689227266, 37.534040722280203 ], [ 126.958099791807285, 37.53410444441085 ], [ 126.958179779888482, 37.534130862467222 ], [ 126.958259797441642, 37.534104501072271 ], [ 126.958292971172966, 37.534040802411376 ], [ 126.958259868456594, 37.533977080334104 ], [ 126.958179880511295, 37.533950662331371 ] ] ], [ [ [ 126.951385135684262, 37.534404433138469 ], [ 126.95133335785043, 37.534419162556915 ], [ 126.951292401491045, 37.53445833502721 ], [ 126.951225240741422, 37.534414137494402 ], [ 126.951129532049265, 37.534425402848726 ], [ 126.951081385110612, 37.53448272073777 ], [ 126.951098234765851, 37.534550362289387 ], [ 126.951181193029143, 37.534590005911269 ], [ 126.951245624178867, 37.534579827482126 ], [ 126.951296107119276, 37.534536113260472 ], [ 126.95136326802006, 37.534580310752169 ], [ 126.951458976875259, 37.534569045208833 ], [ 126.951504420169783, 37.53452030307507 ], [ 126.951500718880823, 37.534459667076781 ], [ 126.951459073987166, 37.534419214297159 ], [ 126.951385135684262, 37.534404433138469 ] ] ], [ [ [ 126.948221468921219, 37.534526050724388 ], [ 126.948149441368301, 37.534564331029642 ], [ 126.948132500691472, 37.534631958161953 ], [ 126.948180570635145, 37.534689317085004 ], [ 126.948265492530595, 37.534702807670229 ], [ 126.948337520157565, 37.534664527295156 ], [ 126.948354460656674, 37.534596900133678 ], [ 126.948306390638962, 37.534539541280445 ], [ 126.948221468921219, 37.534526050724388 ] ] ], [ [ [ 126.948557277016022, 37.534777556182426 ], [ 126.948505498369386, 37.534792284359483 ], [ 126.94846379925896, 37.534832701836045 ], [ 126.94845570182666, 37.534876009457349 ], [ 126.948480805871483, 37.534924347939508 ], [ 126.948535402601436, 37.534953433256398 ], [ 126.948607944508851, 37.534951512011773 ], [ 126.948626653556786, 37.534996257214438 ], [ 126.948677407561348, 37.535029463975285 ], [ 126.948742774791015, 37.535034619576777 ], [ 126.948792491408824, 37.535015920619131 ], [ 126.94883335378077, 37.534955121387021 ], [ 126.948808261571301, 37.534889120282806 ], [ 126.948753664782103, 37.53486003509169 ], [ 126.948681122966903, 37.534861956425942 ], [ 126.94864012971982, 37.534797610162229 ], [ 126.948557277016022, 37.534777556182426 ] ] ], [ [ [ 126.953642567572416, 37.535230285456457 ], [ 126.953562547194011, 37.535256643716025 ], [ 126.953529368901016, 37.535320341031969 ], [ 126.953562468183577, 37.535384064418444 ], [ 126.95364245602731, 37.535410485542151 ], [ 126.953722476542097, 37.535384127229236 ], [ 126.953755654699222, 37.535320429859617 ], [ 126.953722555280265, 37.535256706526518 ], [ 126.953642567572416, 37.535230285456457 ] ] ], [ [ [ 126.953382284485755, 37.535318030558138 ], [ 126.95330226392214, 37.535344388640823 ], [ 126.953269085368902, 37.535408085882516 ], [ 126.953302184468598, 37.535471809340869 ], [ 126.953382172314008, 37.535498230640492 ], [ 126.953462193014019, 37.535471872504431 ], [ 126.953495371431373, 37.535408175209085 ], [ 126.953462272195296, 37.535344451804086 ], [ 126.953382284485755, 37.535318030558138 ] ] ], [ [ [ 126.954935544976451, 37.53561994748673 ], [ 126.954885829488575, 37.535638649029401 ], [ 126.954853054834132, 37.535673804992314 ], [ 126.95484496100471, 37.535717113047944 ], [ 126.954869374253306, 37.535764702957223 ], [ 126.954833964228953, 37.535830010481376 ], [ 126.954867064846809, 37.535893733497559 ], [ 126.954947053695889, 37.535920153736001 ], [ 126.955009922149614, 37.535904993106307 ], [ 126.955051618327275, 37.535864573323721 ], [ 126.955059712053213, 37.535821265254931 ], [ 126.955035298665237, 37.535773675385371 ], [ 126.955070708487398, 37.53570836780009 ], [ 126.955029384292018, 37.535638703782837 ], [ 126.954935544976451, 37.53561994748673 ] ] ], [ [ [ 126.957982733967469, 37.536569398582586 ], [ 126.957906343716701, 37.536601878704204 ], [ 126.957881168728505, 37.536667859940941 ], [ 126.957921956282632, 37.536728691409024 ], [ 126.958004813658846, 37.536748738815042 ], [ 126.95808120401685, 37.536716258630605 ], [ 126.958106378845144, 37.536650277351669 ], [ 126.958065591183797, 37.536589445946412 ], [ 126.957982733967469, 37.536569398582586 ] ] ], [ [ [ 126.957593267421998, 37.536664361073569 ], [ 126.9575132468986, 37.536690722003634 ], [ 126.957480071328291, 37.536754420415711 ], [ 126.957513174606319, 37.536818142681874 ], [ 126.957593165377759, 37.536844561125051 ], [ 126.957673186037511, 37.53681820014161 ], [ 126.957706361471921, 37.536754501675873 ], [ 126.95767325805754, 37.536690779463108 ], [ 126.957593267421998, 37.536664361073569 ] ] ], [ [ [ 126.959533812487777, 37.536981523876221 ], [ 126.959453792307258, 37.53700788611998 ], [ 126.959420618246313, 37.537071585074685 ], [ 126.959453723316059, 37.537135306794497 ], [ 126.959533715112016, 37.537161723922424 ], [ 126.959613735428889, 37.537135361625253 ], [ 126.959646909353907, 37.537071662616917 ], [ 126.959613804147821, 37.537007940950488 ], [ 126.959533812487777, 37.536981523876221 ] ] ], [ [ [ 126.959185791755118, 37.537059543801618 ], [ 126.959109401525211, 37.537092024698758 ], [ 126.959084227431632, 37.537158006186999 ], [ 126.959125016229976, 37.537218837235244 ], [ 126.959207874471261, 37.537238883795993 ], [ 126.95928426480836, 37.537206402836027 ], [ 126.959309438742054, 37.537140421305587 ], [ 126.959268649836474, 37.537079590320182 ], [ 126.959185791755118, 37.537059543801618 ] ] ], [ [ [ 126.959623282902101, 37.537258625145242 ], [ 126.959546892658523, 37.537291106324261 ], [ 126.959521718883224, 37.537357087903736 ], [ 126.95956250814541, 37.537417918799086 ], [ 126.959645366724303, 37.537437965052398 ], [ 126.959721757075073, 37.537405483810524 ], [ 126.959746930690457, 37.537339502188864 ], [ 126.959706141321078, 37.537278671356354 ], [ 126.959623282902101, 37.537258625145242 ] ] ], [ [ [ 126.959096994550066, 37.538059014295882 ], [ 126.959024969149993, 37.538097301212737 ], [ 126.959008037490463, 37.53816492987022 ], [ 126.959056118033658, 37.538222284338573 ], [ 126.959141045901816, 37.538235767098705 ], [ 126.959213071375885, 37.53819748011199 ], [ 126.959230002857637, 37.538129851425388 ], [ 126.959181922240461, 37.538072497026889 ], [ 126.959096994550066, 37.538059014295882 ] ] ], [ [ [ 126.955388188977849, 37.53810820389829 ], [ 126.955308166136334, 37.538134563326231 ], [ 126.95527498805005, 37.538198261101627 ], [ 126.955308090088081, 37.538261983969498 ], [ 126.955388081621905, 37.538288403900324 ], [ 126.955468104599831, 37.538262044419014 ], [ 126.955501282550188, 37.538198346589958 ], [ 126.955468180375775, 37.53813462377547 ], [ 126.955388188977849, 37.53810820389829 ] ] ], [ [ [ 126.959478687056745, 37.538478226899159 ], [ 126.959398665256955, 37.53850458909794 ], [ 126.959365490484913, 37.538568288020564 ], [ 126.959398596168256, 37.538632009739992 ], [ 126.959478589543068, 37.538658426899467 ], [ 126.959558611479196, 37.538632064647302 ], [ 126.959591786115311, 37.538568365671033 ], [ 126.959558680295629, 37.538504644004988 ], [ 126.959478687056745, 37.538478226899159 ] ] ], [ [ [ 126.956296615686384, 37.538932155909798 ], [ 126.956224823170373, 37.538952581079151 ], [ 126.956127565457294, 37.539034072036578 ], [ 126.956127525053617, 37.539103031582378 ], [ 126.956188732114683, 37.539151816078537 ], [ 126.956285372375859, 37.539148071452125 ], [ 126.956401078604259, 37.539056774313956 ], [ 126.956409171896752, 37.539013466175874 ], [ 126.956390671789137, 37.538972233807492 ], [ 126.956349947252491, 37.538942814530216 ], [ 126.956296615686384, 37.538932155909798 ] ] ], [ [ [ 126.957210365188004, 37.539535314217936 ], [ 126.957130341461081, 37.539561674873717 ], [ 126.957097164290857, 37.539625373146201 ], [ 126.957130268509744, 37.539689095489209 ], [ 126.957210262211746, 37.539715514180685 ], [ 126.957290286075036, 37.539689153471528 ], [ 126.957323463109361, 37.539625455145384 ], [ 126.957290358754108, 37.539561732855766 ], [ 126.957210365188004, 37.539535314217936 ] ] ], [ [ [ 126.95768599831581, 37.539597849718341 ], [ 126.957605974689159, 37.539624210696218 ], [ 126.957572797895637, 37.539687909101886 ], [ 126.95760590254703, 37.539751631311141 ], [ 126.957685896483966, 37.539778049680294 ], [ 126.95776592024697, 37.539751688649034 ], [ 126.957799096904566, 37.539687990189719 ], [ 126.957765992116791, 37.539624268033833 ], [ 126.95768599831581, 37.539597849718341 ] ] ], [ [ [ 126.957433917319321, 37.539686703019996 ], [ 126.957353893509108, 37.539713063826525 ], [ 126.95732071646178, 37.539776762160265 ], [ 126.957353820937783, 37.539840484439125 ], [ 126.957433814880488, 37.539866902978638 ], [ 126.957513838827083, 37.539840542118704 ], [ 126.957547015738484, 37.539776843731318 ], [ 126.9575139111261, 37.539713121505848 ], [ 126.957433917319321, 37.539686703019996 ] ] ], [ [ [ 126.958540992366252, 37.540210242889465 ], [ 126.958464598641513, 37.54024272335004 ], [ 126.958439422918005, 37.540308704664575 ], [ 126.95848021290621, 37.540369535903693 ], [ 126.958563074460073, 37.540389582908126 ], [ 126.958639468292048, 37.540357102384725 ], [ 126.958664643855641, 37.540291121027984 ], [ 126.958623853760173, 37.540230289851699 ], [ 126.958540992366252, 37.540210242889465 ] ] ], [ [ [ 126.958442685792917, 37.540548515811238 ], [ 126.958370657662797, 37.540586802311196 ], [ 126.958353724847342, 37.540654430845585 ], [ 126.958401806485881, 37.540711785556752 ], [ 126.958486737059005, 37.540725268783369 ], [ 126.958558765263092, 37.540686982213536 ], [ 126.958575697900798, 37.54061935365003 ], [ 126.958527616188263, 37.540561999008709 ], [ 126.958442685792917, 37.540548515811238 ] ] ], [ [ [ 126.958555262833528, 37.543050503333795 ], [ 126.958478866215799, 37.543082983786206 ], [ 126.95845368954744, 37.543148965071396 ], [ 126.958494481092444, 37.54320979627721 ], [ 126.958577345792818, 37.543229843263838 ], [ 126.958653742517797, 37.543197362748579 ], [ 126.958678919026184, 37.543131381421183 ], [ 126.958638127373931, 37.543070550278223 ], [ 126.958555262833528, 37.543050503333795 ] ] ], [ [ [ 126.957668492144435, 37.543698944981102 ], [ 126.957588464126914, 37.543725305926074 ], [ 126.957555285497847, 37.543789004281351 ], [ 126.957588391944299, 37.543852726452258 ], [ 126.957668390255392, 37.543879144817538 ], [ 126.957748418409281, 37.543852783819169 ], [ 126.957781596902407, 37.543789085410225 ], [ 126.957748490319545, 37.543725363292722 ], [ 126.957668492144435, 37.543698944981102 ] ] ], [ [ [ 126.957628747492691, 37.54394670548492 ], [ 126.957548719196282, 37.543973066401684 ], [ 126.957515540423429, 37.544036764743034 ], [ 126.957548646945398, 37.544100486922446 ], [ 126.957628645507086, 37.544126905313689 ], [ 126.957708673939905, 37.544100544343536 ], [ 126.957741852576802, 37.544036845948526 ], [ 126.957708745918424, 37.543973123822511 ], [ 126.957628747492691, 37.54394670548492 ] ] ], [ [ [ 126.958475858480483, 37.545429368562431 ], [ 126.958399459399843, 37.545461848948882 ], [ 126.958374281859534, 37.545527830189982 ], [ 126.958415074634345, 37.545588661399378 ], [ 126.958497941945879, 37.545608708435182 ], [ 126.958574341133797, 37.54557622798589 ], [ 126.95859951851412, 37.545510246702591 ], [ 126.958558725632045, 37.545449415556043 ], [ 126.958475858480483, 37.545429368562431 ] ] ], [ [ [ 126.959181842581842, 37.545790954033428 ], [ 126.959105443437934, 37.54582343487462 ], [ 126.959080266397834, 37.545889416262483 ], [ 126.959121059943286, 37.545950247224717 ], [ 126.959203927844484, 37.545970293764206 ], [ 126.959280327095698, 37.54593781286016 ], [ 126.959305503975827, 37.545871831430098 ], [ 126.959264710323083, 37.545811000530705 ], [ 126.959181842581842, 37.545790954033428 ] ] ], [ [ [ 126.961343546183784, 37.521145894832046 ], [ 126.9612635435588, 37.521172258382776 ], [ 126.961230378060776, 37.521235958021869 ], [ 126.961263477684625, 37.521299679402603 ], [ 126.961343453216017, 37.521326095366597 ], [ 126.96142345597724, 37.521299731762504 ], [ 126.961456621339451, 37.521236032069794 ], [ 126.961423521579363, 37.521172310742443 ], [ 126.961343546183784, 37.521145894832046 ] ] ], [ [ [ 126.960816199018083, 37.52124067223405 ], [ 126.960736196106637, 37.521267035426995 ], [ 126.960703030118367, 37.521330734916717 ], [ 126.960736129335444, 37.521394456443971 ], [ 126.960816104781699, 37.521420872764573 ], [ 126.96089610782937, 37.521394509518274 ], [ 126.960929273681813, 37.521330809974948 ], [ 126.960896174328511, 37.521267088501048 ], [ 126.960816199018083, 37.52124067223405 ] ] ], [ [ [ 126.966009662273351, 37.521469438332332 ], [ 126.965929660942081, 37.521495805042903 ], [ 126.965896499266449, 37.521559505990702 ], [ 126.965929603002309, 37.521623226062346 ], [ 126.966009580526503, 37.521649638866315 ], [ 126.96608958199397, 37.52162327210236 ], [ 126.966122743533788, 37.52155957110098 ], [ 126.966089639661703, 37.521495851082712 ], [ 126.966009662273351, 37.521469438332332 ] ] ], [ [ [ 126.96309892655843, 37.523961568230455 ], [ 126.963026916762871, 37.523999857688096 ], [ 126.963009991913594, 37.524067487084878 ], [ 126.963058066483356, 37.524124840057944 ], [ 126.963142979093448, 37.524138319964131 ], [ 126.963214988962889, 37.524100030436664 ], [ 126.96323191363453, 37.5240324010108 ], [ 126.963183838990872, 37.523975048107559 ], [ 126.96309892655843, 37.523961568230455 ] ] ], [ [ [ 126.963173796060445, 37.52421639307741 ], [ 126.963097420659523, 37.524248876632981 ], [ 126.96307225440404, 37.524314859119428 ], [ 126.963113039458094, 37.524375688920863 ], [ 126.963195884565948, 37.524395732720201 ], [ 126.963272260073964, 37.524363249101825 ], [ 126.963297426169646, 37.524297266573214 ], [ 126.963256641008442, 37.524236436834585 ], [ 126.963173796060445, 37.52421639307741 ] ] ], [ [ [ 126.96357075781151, 37.524878886186826 ], [ 126.963490751981695, 37.524905251227786 ], [ 126.963457586721546, 37.524968951452067 ], [ 126.963490689886683, 37.525032672170134 ], [ 126.963570670188332, 37.525059086611805 ], [ 126.963650676154373, 37.525032721517455 ], [ 126.963683841278666, 37.524969021239563 ], [ 126.963650737977275, 37.524905300574879 ], [ 126.96357075781151, 37.524878886186826 ] ] ], [ [ [ 126.966015012272848, 37.525507184394066 ], [ 126.965935006630787, 37.525533551088074 ], [ 126.965901843169789, 37.525597251992835 ], [ 126.96593494869164, 37.525660972020198 ], [ 126.966014930526981, 37.525687384804549 ], [ 126.966094936305296, 37.525661018057157 ], [ 126.966128099630396, 37.5255973170988 ], [ 126.966094993972277, 37.525533597124827 ], [ 126.966015012272848, 37.525507184394066 ] ] ], [ [ [ 126.964567726663503, 37.5271412583512 ], [ 126.964491348883371, 37.527173742790843 ], [ 126.964466182870694, 37.527239725541676 ], [ 126.964506970647392, 37.527300554832962 ], [ 126.964589819362857, 37.527320597646415 ], [ 126.964666197250125, 37.527288113143968 ], [ 126.964691363102972, 37.527222130350971 ], [ 126.964650575219125, 37.527161301122504 ], [ 126.964567726663503, 37.5271412583512 ] ] ], [ [ [ 126.966207040644392, 37.527202899819834 ], [ 126.966127033258374, 37.527229266635487 ], [ 126.966093869208834, 37.527292967575555 ], [ 126.966126975642311, 37.527356687531174 ], [ 126.966206959355446, 37.52738310017881 ], [ 126.966286966877718, 37.52735673330978 ], [ 126.966320130791345, 37.527293032316102 ], [ 126.966287024221614, 37.527229312413851 ], [ 126.966207040644392, 37.527202899819834 ] ] ], [ [ [ 126.96474857339652, 37.527485945673241 ], [ 126.964672195343169, 37.527518430227786 ], [ 126.964647029373694, 37.527584413013322 ], [ 126.964687817484759, 37.527645242238762 ], [ 126.96477066662986, 37.527665284924403 ], [ 126.964847044790346, 37.527632800307032 ], [ 126.964872210599964, 37.52756681747934 ], [ 126.964831422381764, 37.527505988316719 ], [ 126.96474857339652, 37.527485945673241 ] ] ], [ [ [ 126.965617041355543, 37.5282428998363 ], [ 126.965537032651113, 37.528269266246951 ], [ 126.965503867638901, 37.528332967009618 ], [ 126.96553697402932, 37.528396687119368 ], [ 126.965616958644247, 37.528423100162357 ], [ 126.965696967484931, 37.528396733698308 ], [ 126.965730132361273, 37.528333032882038 ], [ 126.965697025834572, 37.528269312825678 ], [ 126.965617041355543, 37.5282428998363 ] ] ], [ [ [ 126.965822505709227, 37.528776512544248 ], [ 126.965742496506905, 37.528802879091458 ], [ 126.965709331432748, 37.528866579906023 ], [ 126.965742438233463, 37.528930299952606 ], [ 126.965822423490579, 37.52895671285436 ], [ 126.965902432829168, 37.528930346253766 ], [ 126.965935597767412, 37.528866645385591 ], [ 126.965902490830416, 37.528802925392405 ], [ 126.965822505709227, 37.528776512544248 ] ] ], [ [ [ 126.964203521628974, 37.531718236486675 ], [ 126.964127139022423, 37.531750720663048 ], [ 126.964101971147912, 37.531816703284051 ], [ 126.964142761118097, 37.531877532654995 ], [ 126.964225614797385, 37.531897575710943 ], [ 126.9643019975111, 37.531865091471744 ], [ 126.964327165225697, 37.531799108808563 ], [ 126.964286375148376, 37.531738279500452 ], [ 126.964203521628974, 37.531718236486675 ] ] ], [ [ [ 126.963038363854096, 37.532068312939536 ], [ 126.962966346230814, 37.532106602303408 ], [ 126.962949419489007, 37.532174231597423 ], [ 126.962997499210076, 37.532231584518961 ], [ 126.963082420997793, 37.532245064455047 ], [ 126.963154438695, 37.532206775021336 ], [ 126.963171365259115, 37.532139145698203 ], [ 126.963123285464093, 37.532081792846519 ], [ 126.963038363854096, 37.532068312939536 ] ] ], [ [ [ 126.963870953712572, 37.532500330367618 ], [ 126.963794570164097, 37.532532814324085 ], [ 126.963769401733302, 37.532598796865173 ], [ 126.963810191858684, 37.532659626342976 ], [ 126.963893046313771, 37.532679669629992 ], [ 126.963969429969424, 37.532647185610678 ], [ 126.963994598240333, 37.532581203027434 ], [ 126.963953808007773, 37.532520373612449 ], [ 126.963870953712572, 37.532500330367618 ] ] ], [ [ [ 126.963668224706694, 37.532744780507038 ], [ 126.963588210507183, 37.532771145574422 ], [ 126.963555041841516, 37.532834845739252 ], [ 126.963588148560362, 37.532898566346773 ], [ 126.963668137293141, 37.532924980691583 ], [ 126.963748151628948, 37.532898615570808 ], [ 126.963781320158716, 37.53283491535236 ], [ 126.963748213303575, 37.532771194798229 ], [ 126.963668224706694, 37.532744780507038 ] ] ], [ [ [ 126.962169020010592, 37.532967307511974 ], [ 126.96208900504638, 37.532993671562188 ], [ 126.962055835007277, 37.533057371302803 ], [ 126.962088940548469, 37.533121092327562 ], [ 126.962168928989229, 37.53314750768665 ], [ 126.962248944089751, 37.533121143583038 ], [ 126.962282113992913, 37.533057443788813 ], [ 126.962249008315453, 37.532993722817437 ], [ 126.962169020010592, 37.532967307511974 ] ] ], [ [ [ 126.961953008209036, 37.533182834699794 ], [ 126.961876623133463, 37.533215317411177 ], [ 126.961851452783492, 37.533281299534821 ], [ 126.961892241721813, 37.533342129667396 ], [ 126.961975096417362, 37.533362174297807 ], [ 126.962051481600113, 37.533329691523591 ], [ 126.962076651790213, 37.533263709357783 ], [ 126.962035862744685, 37.533202879288041 ], [ 126.961953008209036, 37.533182834699794 ] ] ], [ [ [ 126.965685171832774, 37.533425118251856 ], [ 126.965613154256133, 37.533463409220978 ], [ 126.965596229596358, 37.533531038879829 ], [ 126.965644312215304, 37.533588390712069 ], [ 126.965729236019158, 37.533601868742757 ], [ 126.965801253669696, 37.533563577703767 ], [ 126.965818178151721, 37.533495948015826 ], [ 126.965770095458879, 37.533438596253447 ], [ 126.965685171832774, 37.533425118251856 ] ] ], [ [ [ 126.966016051169902, 37.533689589485 ], [ 126.965939667337409, 37.533722074822208 ], [ 126.965914500395584, 37.533788057807868 ], [ 126.965955292910735, 37.533848886533683 ], [ 126.966038149256462, 37.5338689283126 ], [ 126.966114533196119, 37.533836442912566 ], [ 126.966139699978015, 37.533770459884757 ], [ 126.966098907355715, 37.533709631221768 ], [ 126.966016051169902, 37.533689589485 ] ] ], [ [ [ 126.962222560548639, 37.534480067735061 ], [ 126.962142543986587, 37.534506431813917 ], [ 126.962109373321908, 37.534570131552854 ], [ 126.962142479576229, 37.534633852546648 ], [ 126.962222469651138, 37.534660267863572 ], [ 126.962302486349515, 37.534633903731326 ], [ 126.962335656878267, 37.534570203938756 ], [ 126.962302550487635, 37.53450648299836 ], [ 126.962222560548639, 37.534480067735061 ] ] ], [ [ [ 126.961944754883021, 37.53457101703674 ], [ 126.961864738126138, 37.534597380926854 ], [ 126.961831567184888, 37.534661080586623 ], [ 126.9618646732429, 37.534724801657198 ], [ 126.961944663316785, 37.53475121716189 ], [ 126.962024680209993, 37.534724853218378 ], [ 126.962057851015331, 37.534661153504985 ], [ 126.96202474482098, 37.534597432487793 ], [ 126.961944754883021, 37.53457101703674 ] ] ], [ [ [ 126.961059378435792, 37.534844167041989 ], [ 126.960982991278058, 37.534876649165035 ], [ 126.960957819581324, 37.534942631078856 ], [ 126.960998608697167, 37.535003461503024 ], [ 126.961081464990542, 37.535023506755643 ], [ 126.961157852255468, 37.534991024569763 ], [ 126.961183023792316, 37.534925042613757 ], [ 126.961142234569294, 37.534864212252423 ], [ 126.961059378435792, 37.534844167041989 ] ] ], [ [ [ 126.961337529440968, 37.535890828680117 ], [ 126.961265507271506, 37.535929116979418 ], [ 126.961248578127069, 37.535996745984441 ], [ 126.961296658996531, 37.536054099561866 ], [ 126.961381584810937, 37.536067580714473 ], [ 126.96145360705431, 37.536029292345333 ], [ 126.961470536021025, 37.535961663311184 ], [ 126.961422455077624, 37.53590430980362 ], [ 126.961337529440968, 37.535890828680117 ] ] ], [ [ [ 126.962980090344942, 37.53614777134009 ], [ 126.962903702689076, 37.536180254698067 ], [ 126.962878532245085, 37.536246237007347 ], [ 126.962919323630757, 37.536307066755874 ], [ 126.963002181881393, 37.536327110657517 ], [ 126.963078569644466, 37.5362946272367 ], [ 126.963103739928542, 37.536228644885234 ], [ 126.963062948435663, 37.536167815199548 ], [ 126.962980090344942, 37.53614777134009 ] ] ], [ [ [ 126.963663288118127, 37.53622864846033 ], [ 126.963583270193624, 37.536255013506846 ], [ 126.96355009997832, 37.536318713631779 ], [ 126.963583208230617, 37.536382434203809 ], [ 126.963663200681694, 37.536408848538287 ], [ 126.963743218742508, 37.536382483438395 ], [ 126.963776388821856, 37.53631878325983 ], [ 126.963743280433249, 37.536255062741184 ], [ 126.963663288118127, 37.53622864846033 ] ] ], [ [ [ 126.960968027760956, 37.536257822063575 ], [ 126.960888008857964, 37.536284185283137 ], [ 126.960854836337774, 37.536347884649437 ], [ 126.960887942308901, 37.53641160597553 ], [ 126.960967933838873, 37.536438022135044 ], [ 126.961047952878189, 37.5364116588621 ], [ 126.961081125262453, 37.536347959442161 ], [ 126.961048019154987, 37.536284238169465 ], [ 126.960968027760956, 37.536257822063575 ] ] ], [ [ [ 126.965467830348715, 37.537371959076062 ], [ 126.965387811836607, 37.537398325339879 ], [ 126.965354642648691, 37.53746202595984 ], [ 126.965387752941581, 37.537525746014623 ], [ 126.965467747251097, 37.537552159122562 ], [ 126.965547765899572, 37.537525792805333 ], [ 126.965580934951504, 37.537462092131747 ], [ 126.965547824522304, 37.537398372130376 ], [ 126.965467830348715, 37.537371959076062 ] ] ], [ [ [ 126.95983766789459, 37.537890607226615 ], [ 126.959793489640063, 37.537916674912395 ], [ 126.959768325360656, 37.537964993846856 ], [ 126.959776370057895, 37.538008307721299 ], [ 126.959809105674054, 37.538043487341433 ], [ 126.959869784310001, 37.538063525884596 ], [ 126.959932183730672, 37.538054107762875 ], [ 126.959970748259792, 37.538089354428031 ], [ 126.960022511186793, 37.538104122698471 ], [ 126.960076904494798, 37.538097716500012 ], [ 126.960121082757638, 37.538071648709028 ], [ 126.960146256245721, 37.538005667009628 ], [ 126.960105466189447, 37.537944836321522 ], [ 126.96004478758644, 37.537924797899088 ], [ 126.959982388287656, 37.537934216080579 ], [ 126.959913813671719, 37.537887654319583 ], [ 126.95983766789459, 37.537890607226615 ] ] ], [ [ [ 126.964648042536354, 37.538204899989587 ], [ 126.964568022845711, 37.538231265693589 ], [ 126.964534852591115, 37.538294966073749 ], [ 126.964567962553971, 37.538358686349213 ], [ 126.96464795746347, 37.53838510000903 ], [ 126.964727977290423, 37.538358734251624 ], [ 126.964761147409078, 37.538295033817839 ], [ 126.964728037309897, 37.538231313595787 ], [ 126.964648042536354, 37.538204899989587 ] ] ], [ [ [ 126.964988718218763, 37.538337148359908 ], [ 126.964912329199009, 37.538369633004386 ], [ 126.964887159787054, 37.538435615717809 ], [ 126.96492795399611, 37.538496444751338 ], [ 126.96501081520762, 37.538516487237708 ], [ 126.965087204334537, 37.538484002530382 ], [ 126.96511237358655, 37.538418019774781 ], [ 126.965071579270287, 37.538357190804092 ], [ 126.964988718218763, 37.538337148359908 ] ] ], [ [ [ 126.961015837697943, 37.538697639861972 ], [ 126.960943812663359, 37.538735927945226 ], [ 126.960926882591622, 37.538803556871393 ], [ 126.960974965014898, 37.538860910553339 ], [ 126.961059893953987, 37.538874391932616 ], [ 126.961131919062524, 37.538836103779531 ], [ 126.961148848956483, 37.538768474824231 ], [ 126.961100766459268, 37.538711121212152 ], [ 126.961015837697943, 37.538697639861972 ] ] ], [ [ [ 126.962686810016592, 37.538738814852096 ], [ 126.962610419589623, 37.53877129800459 ], [ 126.962585248014392, 37.538837280221735 ], [ 126.962626040571379, 37.538898110045437 ], [ 126.962708901609787, 37.538918154145534 ], [ 126.962785292143977, 37.538885670930199 ], [ 126.962810463559265, 37.53881968867087 ], [ 126.962769670895057, 37.538758858910008 ], [ 126.962686810016592, 37.538738814852096 ] ] ], [ [ [ 126.9618971522479, 37.539181871407315 ], [ 126.961817130545938, 37.539208235241816 ], [ 126.961783957518364, 37.53927193483721 ], [ 126.961817065570926, 37.53933565587235 ], [ 126.961897060551891, 37.539362071391309 ], [ 126.961977082390177, 37.539335707503405 ], [ 126.962010255281825, 37.539272007854372 ], [ 126.961977147092909, 37.539208286872629 ], [ 126.9618971522479, 37.539181871407315 ] ] ], [ [ [ 126.961432384907809, 37.539580922313903 ], [ 126.961352362615926, 37.539607285831359 ], [ 126.961319189015981, 37.539670985291544 ], [ 126.961352296849071, 37.539734706452563 ], [ 126.961432292091999, 37.539761122284709 ], [ 126.961512314520235, 37.539734758713863 ], [ 126.961545487984225, 37.539671059200018 ], [ 126.961512380014781, 37.539607338092409 ], [ 126.961432384907809, 37.539580922313903 ] ] ], [ [ [ 126.961989694989541, 37.541209584924744 ], [ 126.961913301738832, 37.541242067611115 ], [ 126.96188812871695, 37.541308049651199 ], [ 126.961928922051769, 37.54136887969063 ], [ 126.962011785636832, 37.541388924272866 ], [ 126.962088178994719, 37.541356441523661 ], [ 126.962113351856672, 37.54129045944137 ], [ 126.962072558414633, 37.541229629464794 ], [ 126.961989694989541, 37.541209584924744 ] ] ], [ [ [ 126.962222621962994, 37.541534287551301 ], [ 126.962146228481814, 37.541566770386432 ], [ 126.962121055555727, 37.541632752472587 ], [ 126.962161849256532, 37.541693582428394 ], [ 126.96224471326336, 37.54171362684631 ], [ 126.962321106851761, 37.541681143948331 ], [ 126.962346279617904, 37.541615161819983 ], [ 126.962305485809878, 37.541554331927017 ], [ 126.962222621962994, 37.541534287551301 ] ] ], [ [ [ 126.961767177509159, 37.542119419652387 ], [ 126.961687152621124, 37.542145783383916 ], [ 126.961653978179328, 37.542209482910245 ], [ 126.961687087418028, 37.542273203950707 ], [ 126.961767085490621, 37.542299619546242 ], [ 126.961847110515023, 37.542273255761302 ], [ 126.96188028482085, 37.542209556181334 ], [ 126.961847175445797, 37.542145835194269 ], [ 126.961767177509159, 37.542119419652387 ] ] ], [ [ [ 126.96383694032221, 37.544516986986942 ], [ 126.963756913598388, 37.544543352109422 ], [ 126.963723739853023, 37.544607052191672 ], [ 126.963756851912393, 37.544670772627356 ], [ 126.963836853277627, 37.544697186811689 ], [ 126.963916880137802, 37.544670821635791 ], [ 126.963950053747183, 37.544607121499908 ], [ 126.963916941551432, 37.544543401117636 ], [ 126.96383694032221, 37.544516986986942 ] ] ], [ [ [ 126.964109507894719, 37.544869398592056 ], [ 126.964029480889934, 37.544895763897543 ], [ 126.963996307220015, 37.544959464052582 ], [ 126.964029419667057, 37.545023184408223 ], [ 126.9641094215051, 37.545049598406564 ], [ 126.96418944864628, 37.545023233047665 ], [ 126.964222622180202, 37.54495953283898 ], [ 126.96418950959675, 37.544895812536751 ], [ 126.964109507894719, 37.544869398592056 ] ] ], [ [ [ 126.964287659074941, 37.545042392064509 ], [ 126.96421562960542, 37.545080682099773 ], [ 126.964198701049114, 37.545148311422963 ], [ 126.964246790050481, 37.545205663714377 ], [ 126.964331726777019, 37.545219142730105 ], [ 126.964403756320479, 37.545180852624959 ], [ 126.964420684698936, 37.545113223272651 ], [ 126.964372595623615, 37.545055871051112 ], [ 126.964287659074941, 37.545042392064509 ] ] ], [ [ [ 126.963277609487832, 37.545995596790803 ], [ 126.963205578584663, 37.546033886202999 ], [ 126.963188648899774, 37.546101515369848 ], [ 126.963236737738683, 37.546158868063237 ], [ 126.963321675364085, 37.546172347803775 ], [ 126.963393706341222, 37.546134058321712 ], [ 126.963410635848291, 37.54606642912573 ], [ 126.963362546935386, 37.546009076502244 ], [ 126.963277609487832, 37.545995596790803 ] ] ], [ [ [ 126.962577944140946, 37.546700930021622 ], [ 126.962497914639144, 37.546727294279592 ], [ 126.962464738853456, 37.546790993983436 ], [ 126.962497850805292, 37.54685471474847 ], [ 126.96257785405885, 37.546881129776992 ], [ 126.962657883697034, 37.546854765465604 ], [ 126.962691059346724, 37.546791065708121 ], [ 126.962657947258478, 37.546727344996491 ], [ 126.962577944140946, 37.546700930021622 ] ] ], [ [ [ 126.960892136370433, 37.546978742827648 ], [ 126.960812105978874, 37.547005105941324 ], [ 126.960778928635719, 37.547068805167648 ], [ 126.960812039274856, 37.547132526401676 ], [ 126.960892042229347, 37.547158942570967 ], [ 126.960972072757343, 37.547132579403879 ], [ 126.961005249964501, 37.547068880123902 ], [ 126.960972139188954, 37.547005158943286 ], [ 126.960892136370433, 37.546978742827648 ] ] ], [ [ [ 126.963505736226921, 37.548379881746349 ], [ 126.963418244217365, 37.548412795790071 ], [ 126.96339471250117, 37.548452369635989 ], [ 126.963397059700782, 37.548495052730715 ], [ 126.96332218018631, 37.548504001667141 ], [ 126.963275705919287, 37.548540975427009 ], [ 126.963267182866986, 37.54860960016839 ], [ 126.963322102315971, 37.548662923616199 ], [ 126.963386533951038, 37.548673148634819 ], [ 126.963438319279035, 37.548658413971289 ], [ 126.96348001801816, 37.548617991301569 ], [ 126.963484118634767, 37.548558408089583 ], [ 126.963558998184411, 37.548549459050584 ], [ 126.963605472316871, 37.548512485179188 ], [ 126.96361831446859, 37.548461185022482 ], [ 126.963599808059385, 37.548419953846228 ], [ 126.963559075551501, 37.548390537098022 ], [ 126.963505736226921, 37.548379881746349 ] ] ], [ [ [ 126.963545051583239, 37.550305260651065 ], [ 126.963512274565716, 37.550340418928513 ], [ 126.963504184151603, 37.550383727471711 ], [ 126.963522690992761, 37.550424958649437 ], [ 126.963563424592763, 37.550454375400605 ], [ 126.963739900737963, 37.550470942374751 ], [ 126.963791687240615, 37.550456207561346 ], [ 126.963828634690714, 37.550423776378217 ], [ 126.963837157436259, 37.550355151617268 ], [ 126.963782236379544, 37.5503018284235 ], [ 126.963616852996211, 37.550284831075402 ], [ 126.963545051583239, 37.550305260651065 ] ] ], [ [ [ 126.963041322690884, 37.551477701894235 ], [ 126.962961288243335, 37.551504066442227 ], [ 126.962928110731212, 37.551567766223677 ], [ 126.962961225187343, 37.551631486808446 ], [ 126.963041233708921, 37.551657901504406 ], [ 126.96312126829288, 37.551631536902974 ], [ 126.963154445668991, 37.551567837067864 ], [ 126.963121331076422, 37.551504116536528 ], [ 126.963041322690884, 37.551477701894235 ] ] ], [ [ [ 126.962821644155497, 37.551579914196012 ], [ 126.962741609521359, 37.551606278594562 ], [ 126.962708431776946, 37.551669978313051 ], [ 126.962741546091152, 37.551733698958238 ], [ 126.962821554644307, 37.551760113802615 ], [ 126.962901589414884, 37.551733749350646 ], [ 126.962934767023242, 37.551670049578505 ], [ 126.962901652572612, 37.551606328986729 ], [ 126.962821644155497, 37.551579914196012 ] ] ], [ [ [ 126.963134252483101, 37.551686317689757 ], [ 126.963057849032523, 37.551718801053354 ], [ 126.9630326734882, 37.551784783218729 ], [ 126.963073473455694, 37.551845612758108 ], [ 126.963156348943286, 37.551865656507857 ], [ 126.963232752501142, 37.551833173081384 ], [ 126.963257927885422, 37.551767190873811 ], [ 126.963217127810651, 37.551706361397301 ], [ 126.963134252483101, 37.551686317689757 ] ] ], [ [ [ 126.966411968997988, 37.55412565743147 ], [ 126.966335564477262, 37.554158142902025 ], [ 126.966310390999837, 37.55422412573995 ], [ 126.966351194960538, 37.554284954123517 ], [ 126.966434074028442, 37.554304995566142 ], [ 126.966510478656417, 37.55427251003271 ], [ 126.966535651973786, 37.55420652715258 ], [ 126.966494847905821, 37.554145698831896 ], [ 126.966411968997988, 37.55412565743147 ] ] ], [ [ [ 126.971862236515719, 37.520567924709816 ], [ 126.971790234457558, 37.520606219535779 ], [ 126.971773318286068, 37.520673850231049 ], [ 126.971821397390698, 37.520731199672106 ], [ 126.971906307736191, 37.520744673284796 ], [ 126.971978309868163, 37.520706378388979 ], [ 126.971995225861988, 37.520638747664663 ], [ 126.971947146683576, 37.520581398293437 ], [ 126.971862236515719, 37.520567924709816 ] ] ], [ [ [ 126.968480882901332, 37.521193046925859 ], [ 126.968400882733619, 37.521219415312089 ], [ 126.968367723280906, 37.521283116957761 ], [ 126.96840082899692, 37.521346836340669 ], [ 126.96848080709853, 37.521373247472752 ], [ 126.968560807402426, 37.521346879033146 ], [ 126.968593966719283, 37.521283177333899 ], [ 126.968560860867072, 37.521219458004374 ], [ 126.968480882901332, 37.521193046925859 ] ] ], [ [ [ 126.967528319247165, 37.521483380631139 ], [ 126.967448318434663, 37.521509748370562 ], [ 126.967415158043636, 37.521573449745219 ], [ 126.967448263077472, 37.521637169391674 ], [ 126.967528241152664, 37.521663581167473 ], [ 126.967608242101377, 37.521637213374682 ], [ 126.967641402356548, 37.521573511946443 ], [ 126.96760829718653, 37.521509792353356 ], [ 126.967528319247165, 37.521483380631139 ] ] ], [ [ [ 126.970154459891916, 37.523531291960204 ], [ 126.970074457815173, 37.523557661468722 ], [ 126.970041298748782, 37.523621363559151 ], [ 126.970074406920219, 37.523685082448743 ], [ 126.970154388107957, 37.523711492438402 ], [ 126.970234390320897, 37.523685122876486 ], [ 126.970267549251389, 37.523621420732503 ], [ 126.970234440943756, 37.523557701896301 ], [ 126.970154459891916, 37.523531291960204 ] ] ], [ [ [ 126.969221989828171, 37.523643466764305 ], [ 126.969149983465016, 37.523681759958841 ], [ 126.969133064214333, 37.52374939023931 ], [ 126.969181143269267, 37.523806740725185 ], [ 126.969266056623766, 37.523820216230277 ], [ 126.969338063060746, 37.523781922965895 ], [ 126.969354982133794, 37.523714292656372 ], [ 126.96930690300502, 37.523656942240329 ], [ 126.969221989828171, 37.523643466764305 ] ] ], [ [ [ 126.967097371173139, 37.525217395592513 ], [ 126.967025362211672, 37.525255687480289 ], [ 126.967008440686783, 37.525323317437241 ], [ 126.967056519123858, 37.525380668772414 ], [ 126.96714143387878, 37.525394145802075 ], [ 126.967213442914115, 37.525355853844481 ], [ 126.967230364261354, 37.525288223858418 ], [ 126.967182285750383, 37.525230872593092 ], [ 126.967097371173139, 37.525217395592513 ] ] ], [ [ [ 126.966619275949483, 37.527830388829045 ], [ 126.966539268037977, 37.527856755920901 ], [ 126.966506104060713, 37.527920456969966 ], [ 126.966539211121855, 37.527984176803564 ], [ 126.966619195650324, 37.528010589169597 ], [ 126.966699203698084, 37.527984222024344 ], [ 126.96673236753945, 37.527920520921676 ], [ 126.966699260342082, 37.527856801141482 ], [ 126.966619275949483, 37.527830388829045 ] ] ], [ [ [ 126.967349791772207, 37.528799469643197 ], [ 126.967269783082187, 37.528825837225227 ], [ 126.967236619296315, 37.528889538469052 ], [ 126.967269727406673, 37.528953258087874 ], [ 126.967349713227591, 37.528979669955419 ], [ 126.967429722053907, 37.528953302319991 ], [ 126.967462885703853, 37.52888960102257 ], [ 126.967429777457227, 37.528825881457145 ], [ 126.967349791772207, 37.528799469643197 ] ] ], [ [ [ 126.967443449727256, 37.529826985359222 ], [ 126.967367070453449, 37.529859471643107 ], [ 126.967341906069279, 37.529925454977416 ], [ 126.967382697642762, 37.52998628324962 ], [ 126.967465550099107, 37.530006324038403 ], [ 126.967541929480049, 37.529973837691692 ], [ 126.967567093704318, 37.529907854315219 ], [ 126.967526302023742, 37.529847026105841 ], [ 126.967443449727256, 37.529826985359222 ] ] ], [ [ [ 126.967656446327041, 37.529945483966777 ], [ 126.96758443310425, 37.529983776162688 ], [ 126.967567511012817, 37.530051406145212 ], [ 126.96761559291005, 37.530108757208389 ], [ 126.967700513124896, 37.530122233827811 ], [ 126.967772526421555, 37.530083941562062 ], [ 126.967789448335282, 37.53001631155044 ], [ 126.967741366364166, 37.529958960557124 ], [ 126.967656446327041, 37.529945483966777 ] ] ], [ [ [ 126.970304346088056, 37.53128661694754 ], [ 126.970227966564948, 37.5313191050735 ], [ 126.970204443824613, 37.531358680395279 ], [ 126.970210169487132, 37.531409198256888 ], [ 126.970155041643608, 37.531433282304846 ], [ 126.970126761233885, 37.531470830879741 ], [ 126.970135221310869, 37.531539460612024 ], [ 126.970202140018984, 37.531583225055293 ], [ 126.970257053170798, 37.531585387330395 ], [ 126.970314991092479, 37.531560743440352 ], [ 126.970345972587495, 37.531514618475676 ], [ 126.970340246825373, 37.531464100621513 ], [ 126.970395374632091, 37.531440016487203 ], [ 126.970423654895555, 37.531402467847734 ], [ 126.970426369908282, 37.531358736177324 ], [ 126.970402878541421, 37.531319149038332 ], [ 126.970358728483362, 37.531293055216672 ], [ 126.970304346088056, 37.53128661694754 ] ] ], [ [ [ 126.970564097810026, 37.531960269288795 ], [ 126.970484086872929, 37.531986639033285 ], [ 126.970450924418714, 37.532050341146125 ], [ 126.970484036659371, 37.532114059831471 ], [ 126.970564026989805, 37.532140469509834 ], [ 126.970644038063142, 37.532114099711926 ], [ 126.970677200381431, 37.53205039754549 ], [ 126.970644088004519, 37.531986678913569 ], [ 126.970564097810026, 37.531960269288795 ] ] ], [ [ [ 126.967210149940001, 37.534372530206383 ], [ 126.967133765928097, 37.534405016312078 ], [ 126.967108599808185, 37.534470999544943 ], [ 126.967149393665053, 37.534531827851872 ], [ 126.967232251086386, 37.534551868791205 ], [ 126.967308635205427, 37.53451938262269 ], [ 126.967333801165424, 37.534453399347662 ], [ 126.967293007201405, 37.534392571103567 ], [ 126.967210149940001, 37.534372530206383 ] ] ], [ [ [ 126.969541958941235, 37.535780995644707 ], [ 126.969465574502763, 37.535813483250642 ], [ 126.9694404099628, 37.535879466965355 ], [ 126.969481206480623, 37.535940294453447 ], [ 126.969564066085155, 37.535960333752925 ], [ 126.969640450630749, 37.5359278460841 ], [ 126.969665615010797, 37.535861862327231 ], [ 126.969624818385839, 37.535801034902008 ], [ 126.969541958941235, 37.535780995644707 ] ] ], [ [ [ 126.969725161525631, 37.536848294564244 ], [ 126.969645145070118, 37.53687466371607 ], [ 126.96961197973512, 37.536938365539214 ], [ 126.969645093420226, 37.537002084407526 ], [ 126.969725088674167, 37.537028494634363 ], [ 126.969805105265991, 37.537002125429112 ], [ 126.969838270465019, 37.536938423552371 ], [ 126.969805156643631, 37.536874704737478 ], [ 126.969725161525631, 37.536848294564244 ] ] ], [ [ [ 126.969590073788481, 37.537053024867504 ], [ 126.969510057066643, 37.537079393926767 ], [ 126.969476891525943, 37.537143095709659 ], [ 126.969510005186507, 37.537206814613626 ], [ 126.969590000611404, 37.537233224931128 ], [ 126.969670017469525, 37.537206855818454 ], [ 126.969703182874241, 37.537143153981944 ], [ 126.969670069077409, 37.537079435131389 ], [ 126.969590073788481, 37.537053024867504 ] ] ], [ [ [ 126.966992385614674, 37.537570615177664 ], [ 126.966912367426218, 37.537596982473794 ], [ 126.966879199446751, 37.5376606835204 ], [ 126.966912311124929, 37.537724403146257 ], [ 126.966992306185162, 37.537750815220939 ], [ 126.967072324509928, 37.537724447871405 ], [ 126.96710549235344, 37.537660746771181 ], [ 126.967072380538937, 37.537597027198743 ], [ 126.966992385614674, 37.537570615177664 ] ] ], [ [ [ 126.970788394682543, 37.538274829298537 ], [ 126.970712008239786, 37.538307317696102 ], [ 126.970686843958362, 37.538373301648591 ], [ 126.9707276428462, 37.538434128681345 ], [ 126.970810505543881, 37.538454167099083 ], [ 126.970886892093787, 37.538421678638656 ], [ 126.970912056215241, 37.538355694644004 ], [ 126.970871257220253, 37.538294867674118 ], [ 126.970788394682543, 37.538274829298537 ] ] ], [ [ [ 126.967218263064552, 37.538398558110927 ], [ 126.967146241486233, 37.538436849980741 ], [ 126.967129317083376, 37.538504479802334 ], [ 126.967177404067357, 37.538561830964021 ], [ 126.967262333787417, 37.538575307883683 ], [ 126.967334355439633, 37.538537015943987 ], [ 126.967351279664697, 37.538469386093283 ], [ 126.967303192606821, 37.538412035001478 ], [ 126.967218263064552, 37.538398558110927 ] ] ], [ [ [ 126.966918002580897, 37.538524231642135 ], [ 126.966841614206245, 37.538556717533886 ], [ 126.966816446430968, 37.538622700657214 ], [ 126.966857242309601, 37.538683529023146 ], [ 126.966940104245481, 37.538703570155484 ], [ 126.967016492727311, 37.538671084200892 ], [ 126.96704166034263, 37.538605101035394 ], [ 126.967000864356834, 37.538544272732302 ], [ 126.966918002580897, 37.538524231642135 ] ] ], [ [ [ 126.971060452821504, 37.538779895892709 ], [ 126.970980434771079, 37.538806265939982 ], [ 126.970947269715154, 37.538869968117353 ], [ 126.970980385389794, 37.5389336865912 ], [ 126.971060383178354, 37.538960095905907 ], [ 126.971140401365048, 37.538933725805208 ], [ 126.971173566285017, 37.538870023574219 ], [ 126.971140450474067, 37.538806305153805 ], [ 126.971060452821504, 37.538779895892709 ] ] ], [ [ [ 126.967353884281565, 37.538877165997341 ], [ 126.96727386482371, 37.538903533531965 ], [ 126.967240696572134, 37.538967234665854 ], [ 126.967273809134909, 37.539030954176617 ], [ 126.967353805718275, 37.539057366001288 ], [ 126.967433825312455, 37.539030998413253 ], [ 126.967466993428062, 37.538967297225739 ], [ 126.967433880728947, 37.538903577768401 ], [ 126.967353884281565, 37.538877165997341 ] ] ], [ [ [ 126.96905048922379, 37.539909795261536 ], [ 126.968974100359404, 37.539942282524848 ], [ 126.968948933996344, 37.540008266087767 ], [ 126.968989732361919, 37.540069093703849 ], [ 126.96907259640264, 37.540089133336082 ], [ 126.969148985374218, 37.540056646009894 ], [ 126.969174151577306, 37.539990662404819 ], [ 126.969133353104567, 37.539929834851613 ], [ 126.96905048922379, 37.539909795261536 ] ] ], [ [ [ 126.969163775276456, 37.540414835302904 ], [ 126.969091752752121, 37.540453128345739 ], [ 126.969074829649188, 37.540520758423611 ], [ 126.969122919417629, 37.540578108774682 ], [ 126.969207851775536, 37.540591584291697 ], [ 126.969279874373782, 37.540553291178981 ], [ 126.969296797298881, 37.540485661072033 ], [ 126.969248707456543, 37.54042831079083 ], [ 126.969163775276456, 37.540414835302904 ] ] ], [ [ [ 126.970665083606292, 37.540480601520507 ], [ 126.970588694859217, 37.540513089825154 ], [ 126.970563529726576, 37.540579073726306 ], [ 126.970604329714888, 37.540639900779354 ], [ 126.970687194820101, 37.540659939277127 ], [ 126.970763583674326, 37.540627450909604 ], [ 126.97078874864701, 37.540561466966302 ], [ 126.970747948551548, 37.540500639976109 ], [ 126.970665083606292, 37.540480601520507 ] ] ], [ [ [ 126.97103203485814, 37.540722900022459 ], [ 126.970952014720865, 37.540749270040905 ], [ 126.970918848779064, 37.540812972188924 ], [ 126.970951965287739, 37.540876690650059 ], [ 126.971031965141705, 37.540903099976177 ], [ 126.971111985415291, 37.540876729904298 ], [ 126.971145151221108, 37.540813027702669 ], [ 126.971112034576095, 37.540749309294974 ], [ 126.97103203485814, 37.540722900022459 ] ] ], [ [ [ 126.969805771334009, 37.540933202526674 ], [ 126.969725750540618, 37.540959571712939 ], [ 126.969692583462489, 37.54102327351378 ], [ 126.969725699020302, 37.541086992316124 ], [ 126.969805698665809, 37.541113402471957 ], [ 126.96988571959551, 37.541087033232252 ], [ 126.969918886537656, 37.541023331377808 ], [ 126.969885770843533, 37.540959612628889 ], [ 126.969805771334009, 37.540933202526674 ] ] ], [ [ [ 126.97205794255413, 37.541733331269221 ], [ 126.971981553132409, 37.541765820467702 ], [ 126.971956388805296, 37.54183180465197 ], [ 126.971997190607439, 37.541892631211574 ], [ 126.972080057472283, 37.541912668728393 ], [ 126.972156447001183, 37.541880179467036 ], [ 126.972181611168281, 37.541814195240626 ], [ 126.972140809258988, 37.54175336874389 ], [ 126.97205794255413, 37.541733331269221 ] ] ], [ [ [ 126.971905138498997, 37.541918548035554 ], [ 126.971833115928604, 37.541956842740568 ], [ 126.971816194960823, 37.542024473194907 ], [ 126.971864287794844, 37.542081822416222 ], [ 126.971949222352947, 37.542095295959051 ], [ 126.972021244997222, 37.542057001184133 ], [ 126.972038165787183, 37.541989370700712 ], [ 126.971990072879308, 37.541932021549279 ], [ 126.971905138498997, 37.541918548035554 ] ] ], [ [ [ 126.970913400366584, 37.54213057026864 ], [ 126.970837010043297, 37.542163058724171 ], [ 126.970811844573916, 37.542229042659592 ], [ 126.970852645662248, 37.542289869610272 ], [ 126.970935512659835, 37.542309907928974 ], [ 126.971011903090272, 37.542277419410581 ], [ 126.971037068399681, 37.542211435432982 ], [ 126.970996267204185, 37.542150608545178 ], [ 126.970913400366584, 37.54213057026864 ] ] ], [ [ [ 126.972296797139421, 37.543385680562196 ], [ 126.972216774600525, 37.543412051424809 ], [ 126.972183608553564, 37.543475753899195 ], [ 126.972216727315228, 37.543539471977752 ], [ 126.972296730460442, 37.543565880436425 ], [ 126.972376753135677, 37.543539509520379 ], [ 126.972409919046612, 37.543475806992369 ], [ 126.972376800148652, 37.543412088967258 ], [ 126.972296797139421, 37.543385680562196 ] ] ], [ [ [ 126.972232110317606, 37.543665921666538 ], [ 126.972152087456351, 37.543692292483925 ], [ 126.972118921230049, 37.543755994937044 ], [ 126.972152040060465, 37.543819713030736 ], [ 126.972232043482265, 37.543846121532091 ], [ 126.97231206647983, 37.543819750661257 ], [ 126.972345232570078, 37.54375604815452 ], [ 126.972312113603351, 37.543692330114276 ], [ 126.972232110317606, 37.543665921666538 ] ] ], [ [ [ 126.972500438898635, 37.543948461344023 ], [ 126.972424047408026, 37.54398095081573 ], [ 126.972398882725074, 37.544046935069325 ], [ 126.972439686092883, 37.544107761453787 ], [ 126.972522555527775, 37.54412779865357 ], [ 126.972598947125562, 37.544095309119001 ], [ 126.9726241116485, 37.544029324823249 ], [ 126.972583308173512, 37.543968498501656 ], [ 126.972500438898635, 37.543948461344023 ] ] ], [ [ [ 126.970787943685053, 37.544389331191212 ], [ 126.97071155100204, 37.544421819552127 ], [ 126.970686384661533, 37.544487803435153 ], [ 126.970727186877653, 37.544548630406325 ], [ 126.97081005634135, 37.544568668806427 ], [ 126.970886449131555, 37.544536180382643 ], [ 126.970911615312048, 37.544470196457439 ], [ 126.97087081298875, 37.544409369549143 ], [ 126.970787943685053, 37.544389331191212 ] ] ], [ [ [ 126.970522977375438, 37.544440449879723 ], [ 126.970442953084898, 37.544466819534819 ], [ 126.970409785061094, 37.544530521498764 ], [ 126.970442902778728, 37.544594240062956 ], [ 126.970522906424364, 37.544620649718894 ], [ 126.970602930851257, 37.544594280010372 ], [ 126.970636098739064, 37.544530577992802 ], [ 126.970602980885076, 37.544466859482036 ], [ 126.970522977375438, 37.544440449879723 ] ] ], [ [ [ 126.966446505681915, 37.544751141188023 ], [ 126.966366479625378, 37.544777508078298 ], [ 126.966333307995924, 37.54484120889218 ], [ 126.966366422380403, 37.544904928594718 ], [ 126.966446424917891, 37.54493134101061 ], [ 126.966526451110781, 37.544904974066895 ], [ 126.966559622604237, 37.544841273199395 ], [ 126.966526508083405, 37.544777553550276 ], [ 126.966446505681915, 37.544751141188023 ] ] ], [ [ [ 126.967221711248996, 37.544756765487399 ], [ 126.967141685459055, 37.544783132903149 ], [ 126.967108514486554, 37.544846833935033 ], [ 126.967141629533486, 37.544910553420443 ], [ 126.967221632350885, 37.544936965311237 ], [ 126.967301658277137, 37.544910597842062 ], [ 126.967334829113639, 37.544846896756539 ], [ 126.967301713930368, 37.544783177324554 ], [ 126.967221711248996, 37.544756765487399 ] ] ], [ [ [ 126.969621437350071, 37.544796083353248 ], [ 126.969549410843328, 37.544834376644978 ], [ 126.969532487160677, 37.544902006737871 ], [ 126.969580580091687, 37.544959356861305 ], [ 126.969665517501852, 37.544972832041353 ], [ 126.969737544082548, 37.544934538679719 ], [ 126.969754467587322, 37.544866908557736 ], [ 126.969706374582401, 37.544809558504198 ], [ 126.969621437350071, 37.544796083353248 ] ] ], [ [ [ 126.970755197965715, 37.545292873271691 ], [ 126.970683171560282, 37.545331167251788 ], [ 126.970666248789144, 37.545398797501846 ], [ 126.970714342907883, 37.545456147159193 ], [ 126.970799281086272, 37.545469621522919 ], [ 126.970871307565588, 37.545431327472919 ], [ 126.970888230158891, 37.545363697193757 ], [ 126.970840135966242, 37.545306347606314 ], [ 126.970755197965715, 37.545292873271691 ] ] ], [ [ [ 126.970418893401941, 37.545396057294433 ], [ 126.970338868053062, 37.545422426874261 ], [ 126.970305699516771, 37.545486128798416 ], [ 126.970338817567992, 37.545549847381608 ], [ 126.970418822197871, 37.545576257104194 ], [ 126.970498847683118, 37.545549887470933 ], [ 126.970532016083354, 37.545486185493154 ], [ 126.970498897895808, 37.545422466963387 ], [ 126.970418893401941, 37.545396057294433 ] ] ], [ [ [ 126.972093088788, 37.546234011905916 ], [ 126.972013063132195, 37.546260382616467 ], [ 126.971979895648502, 37.546324085002261 ], [ 126.972013015495264, 37.546387803107578 ], [ 126.97209302161184, 37.546414211692685 ], [ 126.972173047404013, 37.546387840928695 ], [ 126.972206214751651, 37.546324138489268 ], [ 126.97217309476855, 37.546260420437406 ], [ 126.972093088788, 37.546234011905916 ] ] ], [ [ [ 126.9716591980103, 37.546295756807211 ], [ 126.97157917213579, 37.546322127223341 ], [ 126.971546004255572, 37.546385829486432 ], [ 126.971579123760236, 37.546449547712641 ], [ 126.971659129789543, 37.546475956591415 ], [ 126.971739155800378, 37.546449586121838 ], [ 126.97177232354457, 37.546385883805122 ], [ 126.971739203903581, 37.546322165632361 ], [ 126.9716591980103, 37.546295756807211 ] ] ], [ [ [ 126.969840588377195, 37.548590652750477 ], [ 126.96976855833006, 37.548628946149691 ], [ 126.969751633985126, 37.548696576230128 ], [ 126.969799729519963, 37.548753926228493 ], [ 126.969884671274812, 37.548767401244106 ], [ 126.969956701395887, 37.54872910777501 ], [ 126.969973625562901, 37.548661477665476 ], [ 126.969925529954153, 37.548604127737008 ], [ 126.969840588377195, 37.548590652750477 ] ] ], [ [ [ 126.970099939679159, 37.548903242603416 ], [ 126.970027909463681, 37.548941536158729 ], [ 126.970010985282187, 37.549009166272825 ], [ 126.970059081216505, 37.549066516162668 ], [ 126.970144023372825, 37.549079990991174 ], [ 126.970216053662242, 37.549041697365979 ], [ 126.97023297766583, 37.54897406722278 ], [ 126.970184881657602, 37.548916717402832 ], [ 126.970099939679159, 37.548903242603416 ] ] ], [ [ [ 126.972038862856635, 37.54900576844836 ], [ 126.971958834217915, 37.549032139108554 ], [ 126.971925665458443, 37.549095841448633 ], [ 126.971958786483924, 37.549159559539639 ], [ 126.972038795543213, 37.549185968150248 ], [ 126.972118824318315, 37.549159597436613 ], [ 126.972151992941718, 37.549095895042917 ], [ 126.972118871779884, 37.549032177005358 ], [ 126.972038862856635, 37.54900576844836 ] ] ], [ [ [ 126.971708224955165, 37.549443621955319 ], [ 126.971628195731853, 37.54946999238922 ], [ 126.9715950264968, 37.549533694631499 ], [ 126.971628147434245, 37.549597412810471 ], [ 126.971708156844684, 37.549623821643301 ], [ 126.971788186204364, 37.549597451155954 ], [ 126.971821355303334, 37.549533748860071 ], [ 126.971788234229521, 37.549470030734533 ], [ 126.971708224955165, 37.549443621955319 ] ] ], [ [ [ 126.972237354519976, 37.550885499476962 ], [ 126.972157323940891, 37.550911870262503 ], [ 126.972124154516294, 37.550975572637732 ], [ 126.972157276541537, 37.551039290653122 ], [ 126.972237287679874, 37.551065699121651 ], [ 126.972317318395341, 37.55103932828267 ], [ 126.972350487683855, 37.550975625853809 ], [ 126.97231736552223, 37.550911907891866 ], [ 126.972237354519976, 37.550885499476962 ] ] ], [ [ [ 126.969199919455235, 37.551582122775713 ], [ 126.969127886200695, 37.551620415763225 ], [ 126.96911096059867, 37.551688045716936 ], [ 126.969159057563076, 37.551745395947769 ], [ 126.969244002596767, 37.551758871418876 ], [ 126.969316035925232, 37.551720578361454 ], [ 126.969332961349366, 37.551652948378639 ], [ 126.969284864311007, 37.551595598217723 ], [ 126.969199919455235, 37.551582122775713 ] ] ], [ [ [ 126.969318428279209, 37.552385930109736 ], [ 126.969246394311369, 37.552424223164003 ], [ 126.969229468634111, 37.552491853125439 ], [ 126.969277566205506, 37.552549203300437 ], [ 126.969362512172779, 37.552562678684851 ], [ 126.969434546214558, 37.552524385560673 ], [ 126.969451471713896, 37.552456755570134 ], [ 126.969403374068563, 37.552399405465053 ], [ 126.969318428279209, 37.552385930109736 ] ] ], [ [ [ 126.968846788404321, 37.552987808711883 ], [ 126.96876675438368, 37.553014177188402 ], [ 126.968733581140995, 37.553077878586762 ], [ 126.96876670120821, 37.55314159752966 ], [ 126.96884671339555, 37.553168008286747 ], [ 126.968926747552601, 37.553141639756774 ], [ 126.968959920659174, 37.553077938304774 ], [ 126.968926800455577, 37.553014219415338 ], [ 126.968846788404321, 37.552987808711883 ] ] ], [ [ [ 126.985371452588225, 37.517395866857065 ], [ 126.985291462413812, 37.517422246703333 ], [ 126.985258318999598, 37.517485953136237 ], [ 126.985291437404257, 37.517549667829257 ], [ 126.985371417411699, 37.517576067541548 ], [ 126.985451407722223, 37.517549687641853 ], [ 126.985484551000511, 37.517485981155424 ], [ 126.985451432459783, 37.517422266515837 ], [ 126.985371452588225, 37.517395866857065 ] ] ], [ [ [ 126.981123451095883, 37.517614231662371 ], [ 126.981043459194126, 37.51764060863033 ], [ 126.981010312072456, 37.517704313867895 ], [ 126.981043426961236, 37.517768029748758 ], [ 126.981123405704025, 37.51779443233626 ], [ 126.981203397741893, 37.517768055314875 ], [ 126.981236544727665, 37.51770435002377 ], [ 126.981203429702745, 37.517640634196333 ], [ 126.981123451095883, 37.517614231662371 ] ] ], [ [ [ 126.98510537850845, 37.517846852664078 ], [ 126.985025387758967, 37.517873232328007 ], [ 126.984992243918981, 37.517936938681281 ], [ 126.985025362296568, 37.51800065344402 ], [ 126.985105342691512, 37.518027053334542 ], [ 126.985185333577064, 37.518000673617188 ], [ 126.985218477281123, 37.517936967210382 ], [ 126.985185358767467, 37.517873252501076 ], [ 126.98510537850845, 37.517846852664078 ] ] ], [ [ [ 126.978440906721801, 37.518292698374232 ], [ 126.978360913152358, 37.518319073521909 ], [ 126.978327763450181, 37.518382777998525 ], [ 126.978360876357286, 37.518446494623539 ], [ 126.978440854878073, 37.518472899024395 ], [ 126.978520848583628, 37.518446523823307 ], [ 126.978553998149934, 37.518382819293144 ], [ 126.978520885106676, 37.518319102721549 ], [ 126.978440906721801, 37.518292698374232 ] ] ], [ [ [ 126.978712026295966, 37.518443583076383 ], [ 126.978632032660784, 37.518469958406975 ], [ 126.978598883122217, 37.518533662958106 ], [ 126.978631996326541, 37.518597379505565 ], [ 126.97871197510392, 37.518623783722241 ], [ 126.978791968875271, 37.518597408338231 ], [ 126.978825118277911, 37.51853370373356 ], [ 126.978792004937489, 37.518469987239506 ], [ 126.978712026295966, 37.518443583076383 ] ] ], [ [ [ 126.977512359990314, 37.518828178530178 ], [ 126.977435996293792, 37.518860671391813 ], [ 126.977410844475813, 37.518926656999128 ], [ 126.977451638243267, 37.518987481908049 ], [ 126.977534481236106, 37.519007515667433 ], [ 126.977610845039621, 37.518975022742985 ], [ 126.977635996697771, 37.518909037093565 ], [ 126.977595202823309, 37.51884821224747 ], [ 126.977512359990314, 37.518828178530178 ] ] ], [ [ [ 126.976225922431993, 37.51898915209857 ], [ 126.976153924119927, 37.519027449596301 ], [ 126.976137012243797, 37.519095080936196 ], [ 126.976185093676875, 37.519152428617133 ], [ 126.97627000301992, 37.519165899096002 ], [ 126.976342001405783, 37.519127601528432 ], [ 126.976358913104264, 37.519059970159496 ], [ 126.976310831597431, 37.519002622548392 ], [ 126.976225922431993, 37.51898915209857 ] ] ], [ [ [ 126.974497447461331, 37.51976010426327 ], [ 126.974421081508623, 37.51979259516969 ], [ 126.974395926722835, 37.519858580123476 ], [ 126.974436718549313, 37.519919406063387 ], [ 126.974519561765064, 37.519939441934341 ], [ 126.974595927824794, 37.519906950965087 ], [ 126.974621082450753, 37.519840965969202 ], [ 126.97458029051721, 37.519780140092116 ], [ 126.974497447461331, 37.51976010426327 ] ] ], [ [ [ 126.972709815814781, 37.520090389505583 ], [ 126.972629818310949, 37.520116760762235 ], [ 126.972596662941285, 37.520180463608753 ], [ 126.972629771767728, 37.520244181819514 ], [ 126.972709750185075, 37.520270590093048 ], [ 126.97278974782509, 37.520244218782999 ], [ 126.972822903058884, 37.520180515882913 ], [ 126.972789794096258, 37.520116797725542 ], [ 126.972709815814781, 37.520090389505583 ] ] ], [ [ [ 126.979956226802017, 37.52078538721149 ], [ 126.979876231103972, 37.520811763373658 ], [ 126.979843081586097, 37.520875468248683 ], [ 126.979876196882472, 37.520939184422609 ], [ 126.979956178597888, 37.520965587787138 ], [ 126.980036174432058, 37.520939211571537 ], [ 126.980069323814007, 37.520875506642987 ], [ 126.980036208381506, 37.520811790522473 ], [ 126.979956226802017, 37.52078538721149 ] ] ], [ [ [ 126.978640147949562, 37.520808342165417 ], [ 126.97856378272327, 37.520840835744799 ], [ 126.978538631232794, 37.520906821570208 ], [ 126.978579426993122, 37.520967646069799 ], [ 126.978662272476868, 37.520987679032196 ], [ 126.978738637810181, 37.520955185389973 ], [ 126.978763789140814, 37.520889199522458 ], [ 126.978722993273465, 37.520828375085721 ], [ 126.978640147949562, 37.520808342165417 ] ] ], [ [ [ 126.974015818168567, 37.522273797356526 ], [ 126.973939449444615, 37.522306287936637 ], [ 126.973914293389527, 37.522372272759213 ], [ 126.973955086192248, 37.52243309883989 ], [ 126.974037932057854, 37.522453135041097 ], [ 126.974114300888871, 37.522420644398153 ], [ 126.974139456784087, 37.522354659533455 ], [ 126.974098663874344, 37.522293833515612 ], [ 126.974015818168567, 37.522273797356526 ] ] ], [ [ [ 126.973908677176041, 37.522578818042753 ], [ 126.973828677436302, 37.522605190099419 ], [ 126.973795521983249, 37.522668893255549 ], [ 126.973828632927749, 37.522732611104125 ], [ 126.97390861442382, 37.522759018555867 ], [ 126.973988614299742, 37.522732646445803 ], [ 126.974021769616868, 37.522668943236091 ], [ 126.973988658536229, 37.52260522544092 ], [ 126.973908677176041, 37.522578818042753 ] ] ], [ [ [ 126.973273132754045, 37.534416449124272 ], [ 126.973193120145112, 37.534442820692497 ], [ 126.973159958905697, 37.534506523539982 ], [ 126.97319307453624, 37.534570241440505 ], [ 126.97327306844582, 37.534596649274356 ], [ 126.973353081191007, 37.534570277652705 ], [ 126.973386242294467, 37.534506574751646 ], [ 126.97335312652767, 37.534442856904533 ], [ 126.973273132754045, 37.534416449124272 ] ] ], [ [ [ 126.975383175415658, 37.534561067924997 ], [ 126.9753031633944, 37.534587440922394 ], [ 126.975270003885328, 37.534651144361433 ], [ 126.975303121375305, 37.534714861669386 ], [ 126.975383116184162, 37.534741268073631 ], [ 126.975463128341701, 37.534714895022802 ], [ 126.975496287714776, 37.534651191530173 ], [ 126.975463170088574, 37.534587474275654 ], [ 126.975383175415658, 37.534561067924997 ] ] ], [ [ [ 126.98528263994038, 37.534669846720313 ], [ 126.985210631181062, 37.534708149634746 ], [ 126.985193723935097, 37.534775782092609 ], [ 126.985241822363605, 37.534833125937865 ], [ 126.985326751111657, 37.53484658987427 ], [ 126.985398759944729, 37.534808286889955 ], [ 126.985415667012902, 37.534740654403052 ], [ 126.985367568510625, 37.534683310627678 ], [ 126.98528263994038, 37.534669846720313 ] ] ], [ [ [ 126.976835706908318, 37.534670294245807 ], [ 126.976763693830975, 37.534708592008364 ], [ 126.976746778957306, 37.534776223254553 ], [ 126.976794870916663, 37.53483357053814 ], [ 126.976879798143671, 37.534847040548755 ], [ 126.976951811294867, 37.534808742716329 ], [ 126.97696872599073, 37.534741111441079 ], [ 126.976920633957548, 37.534683764227374 ], [ 126.976835706908318, 37.534670294245807 ] ] ], [ [ [ 126.985118367303912, 37.535016855226672 ], [ 126.985038358221303, 37.535043234818559 ], [ 126.985005206790078, 37.535106940988172 ], [ 126.985038332765214, 37.535170655563206 ], [ 126.985118331496025, 37.535197055371945 ], [ 126.985198340714817, 37.53517067572659 ], [ 126.985231492010016, 37.535106969503431 ], [ 126.985198365898682, 37.535043254981851 ], [ 126.985118367303912, 37.535016855226672 ] ] ], [ [ [ 126.973685862758288, 37.53509003983428 ], [ 126.973605849574724, 37.535116411678899 ], [ 126.973572688387691, 37.535180114635004 ], [ 126.973605804666946, 37.535243832412768 ], [ 126.973685799441611, 37.535270239964355 ], [ 126.973765812761428, 37.535243868066303 ], [ 126.97379897381245, 37.535180165056595 ], [ 126.973765857396955, 37.535116447332271 ], [ 126.973685862758288, 37.53509003983428 ] ] ], [ [ [ 126.974160901887657, 37.535894401446235 ], [ 126.974080888011628, 37.535920773608865 ], [ 126.974047726872016, 37.535984476689677 ], [ 126.974080843910812, 37.536048194325815 ], [ 126.974160839712212, 37.536074601552386 ], [ 126.974240853724496, 37.536048229336338 ], [ 126.974274014728124, 37.535984526201929 ], [ 126.974240897553059, 37.535920808619231 ], [ 126.974160901887657, 37.535894401446235 ] ] ], [ [ [ 126.974536940411156, 37.536114331415 ], [ 126.974460557797556, 37.536146822250629 ], [ 126.974435397545818, 37.536212807027638 ], [ 126.974476198303265, 37.53627363278833 ], [ 126.974559059615302, 37.536293668582616 ], [ 126.974635442335995, 37.536261177684125 ], [ 126.97466060242779, 37.536195192864994 ], [ 126.974619801563222, 37.536134367167143 ], [ 126.974536940411156, 37.536114331415 ] ] ], [ [ [ 126.97252673997626, 37.543205964335215 ], [ 126.972450349254856, 37.543238453828337 ], [ 126.972425184845051, 37.543304438095966 ], [ 126.972465987829949, 37.543365264478858 ], [ 126.97254885645016, 37.54338530166239 ], [ 126.972625247278728, 37.543352812106413 ], [ 126.972650411528519, 37.543286827796614 ], [ 126.972609608436443, 37.543226001476604 ], [ 126.97252673997626, 37.543205964335215 ] ] ], [ [ [ 126.981885672689543, 37.544394910532027 ], [ 126.981835958098941, 37.544413623393112 ], [ 126.981803192250553, 37.544448786786454 ], [ 126.981807921411487, 37.544525740079457 ], [ 126.981844842395759, 37.54455818830268 ], [ 126.981889252526017, 37.544572076334148 ], [ 126.981944885454809, 37.544627628196906 ], [ 126.981998224734866, 37.544638275226127 ], [ 126.982051569131343, 37.544627644460675 ], [ 126.982106524526827, 37.544574346386263 ], [ 126.982098052010528, 37.544505717659824 ], [ 126.982061130942341, 37.544473269515457 ], [ 126.9820167208388, 37.5444593815484 ], [ 126.981970611678335, 37.544408376862826 ], [ 126.981885672689543, 37.544394910532027 ] ] ], [ [ [ 126.983387961992577, 37.544533069972992 ], [ 126.983325092031265, 37.544548245687935 ], [ 126.983283406272733, 37.544588675397442 ], [ 126.983276955364218, 37.544640731858436 ], [ 126.983304575951124, 37.544683935565317 ], [ 126.983273625925605, 37.544745702825736 ], [ 126.983306754688556, 37.544809417782915 ], [ 126.983386763105841, 37.544835818723762 ], [ 126.983449633296189, 37.544820642976774 ], [ 126.983491319094213, 37.544780213210196 ], [ 126.983497769865735, 37.544728156738692 ], [ 126.983470149150989, 37.544684953077287 ], [ 126.983501098989265, 37.544623185764671 ], [ 126.983467970143224, 37.544559470859994 ], [ 126.983387961992577, 37.544533069972992 ] ] ], [ [ [ 126.973213339639173, 37.545035743125553 ], [ 126.97314131473766, 37.545074038607282 ], [ 126.973124394245218, 37.545141669213486 ], [ 126.973172490082604, 37.545199017872832 ], [ 126.973257428412822, 37.545212490469034 ], [ 126.973329453388217, 37.545174194917401 ], [ 126.973346373702796, 37.545106564282136 ], [ 126.9732982777915, 37.545049215692679 ], [ 126.973213339639173, 37.545035743125553 ] ] ], [ [ [ 126.973950939759717, 37.545319331499996 ], [ 126.973874547498838, 37.545351821902202 ], [ 126.973849383632626, 37.545417806449876 ], [ 126.973890188925736, 37.5454786323197 ], [ 126.973973060266729, 37.545498668497608 ], [ 126.974049452634759, 37.545466178032527 ], [ 126.974074616340957, 37.545400193442703 ], [ 126.974033810940668, 37.545339367635755 ], [ 126.973950939759717, 37.545319331499996 ] ] ], [ [ [ 126.975732029207393, 37.545414900090783 ], [ 126.975652005707801, 37.545441273271919 ], [ 126.975618841683328, 37.545504976689941 ], [ 126.975651964265978, 37.545568693784446 ], [ 126.975731970792438, 37.545595099907842 ], [ 126.975811994428369, 37.545568726673253 ], [ 126.975845158316758, 37.545505023201628 ], [ 126.975812035597784, 37.545441306160569 ], [ 126.975732029207393, 37.545414900090783 ] ] ], [ [ [ 126.985396496275996, 37.54561284818864 ], [ 126.985316475966968, 37.545639227919139 ], [ 126.985283320077627, 37.545702934051285 ], [ 126.985316450974508, 37.545766648434736 ], [ 126.985396461123926, 37.545793048009976 ], [ 126.985476481569222, 37.545766668225987 ], [ 126.985509637322437, 37.545702962040281 ], [ 126.985476506289288, 37.545639247710312 ], [ 126.985396496275996, 37.54561284818864 ] ] ], [ [ [ 126.985136424614325, 37.545640282549265 ], [ 126.985060036877556, 37.545672780187111 ], [ 126.985034882761425, 37.545738767117271 ], [ 126.985075697319189, 37.545799589120762 ], [ 126.985158572012182, 37.545819617448366 ], [ 126.985234959856029, 37.545787119747608 ], [ 126.985260113812103, 37.545721132775334 ], [ 126.985219299147232, 37.545660310834748 ], [ 126.985136424614325, 37.545640282549265 ] ] ], [ [ [ 126.977540950349137, 37.54565162714092 ], [ 126.977468927067264, 37.545689925258813 ], [ 126.97745201034455, 37.545757556479337 ], [ 126.977500109893484, 37.545814903371273 ], [ 126.977585049702867, 37.545828372853677 ], [ 126.977657073058595, 37.545790074665867 ], [ 126.97767398960346, 37.545722443416295 ], [ 126.977625889980629, 37.545665096594256 ], [ 126.977540950349137, 37.54565162714092 ] ] ], [ [ [ 126.97656093658, 37.545682331748885 ], [ 126.976484545080439, 37.545714823837862 ], [ 126.976459383392182, 37.545780808938417 ], [ 126.976500191004163, 37.545841633903365 ], [ 126.976583063446455, 37.545861668248712 ], [ 126.976659455053166, 37.545829176096859 ], [ 126.976684616581366, 37.545763190954155 ], [ 126.976643808862249, 37.545702366052097 ], [ 126.97656093658, 37.545682331748885 ] ] ], [ [ [ 126.978952518131791, 37.54581822639495 ], [ 126.978872495334457, 37.545844601756983 ], [ 126.978839333871178, 37.545908306075937 ], [ 126.978872459373605, 37.545972022263634 ], [ 126.978952467468076, 37.545998426203681 ], [ 126.979032490401721, 37.54597205078818 ], [ 126.979065651728945, 37.545908346415636 ], [ 126.979032526090208, 37.545844630281401 ], [ 126.978952518131791, 37.54581822639495 ] ] ], [ [ [ 126.979509255461949, 37.546046301498116 ], [ 126.979429232616752, 37.54607267723641 ], [ 126.979396071526011, 37.546136381709353 ], [ 126.979429197603224, 37.546200097738584 ], [ 126.979509206137962, 37.546226501300502 ], [ 126.979589229119469, 37.54620012550874 ], [ 126.979622390074113, 37.546136420982208 ], [ 126.979589263860618, 37.546072705006452 ], [ 126.979509255461949, 37.546046301498116 ] ] ], [ [ [ 126.981348418937912, 37.546411983906893 ], [ 126.981272028770164, 37.546444479089388 ], [ 126.981246871055788, 37.546510465203042 ], [ 126.981287682955866, 37.546571288507202 ], [ 126.981370557488546, 37.546591319490702 ], [ 126.981446947763416, 37.546558824245309 ], [ 126.981472105317721, 37.546492838089506 ], [ 126.981431293310521, 37.546432014848257 ], [ 126.981348418937912, 37.546411983906893 ] ] ], [ [ [ 126.978174501716524, 37.546570126812924 ], [ 126.978098110010635, 37.546602619940792 ], [ 126.978072949445675, 37.546668605375601 ], [ 126.978113758852544, 37.546729429774324 ], [ 126.978196632709938, 37.546749462984671 ], [ 126.978273024522991, 37.546716969793906 ], [ 126.97829818492788, 37.546650984316969 ], [ 126.978257375413861, 37.546590159981129 ], [ 126.978174501716524, 37.546570126812924 ] ] ], [ [ [ 126.980947741388789, 37.546609259872483 ], [ 126.980871350845888, 37.546641754794571 ], [ 126.980846192712022, 37.546707740820537 ], [ 126.980887004393935, 37.546768564261065 ], [ 126.980969879037687, 37.546788595525143 ], [ 126.98104626968771, 37.546756100540144 ], [ 126.981071427661533, 37.546690114472042 ], [ 126.98103061587247, 37.546629291094426 ], [ 126.980947741388789, 37.546609259872483 ] ] ], [ [ [ 126.981366251327401, 37.546610695005747 ], [ 126.981286228532539, 37.546637071999989 ], [ 126.981253068771608, 37.5467007769887 ], [ 126.981286196679122, 37.546764492491363 ], [ 126.981366206472529, 37.546790894792863 ], [ 126.981446229403701, 37.546764517745153 ], [ 126.981479389028507, 37.546700812702852 ], [ 126.981446260984697, 37.546637097253658 ], [ 126.981366251327401, 37.546610695005747 ] ] ], [ [ [ 126.978225026208605, 37.547114900115218 ], [ 126.978145001768823, 37.547141274977918 ], [ 126.978111839111619, 37.547204979078167 ], [ 126.978144964567988, 37.547268695455919 ], [ 126.978224973791257, 37.547295099883414 ], [ 126.978304998367335, 37.547268724967239 ], [ 126.978338160888498, 37.547205020813401 ], [ 126.97830503529579, 37.547141304489116 ], [ 126.978225026208605, 37.547114900115218 ] ] ], [ [ [ 126.977705777534709, 37.548274383933261 ], [ 126.977625751672434, 37.548300758438415 ], [ 126.977592588059196, 37.548364462379993 ], [ 126.977625713586136, 37.548428178890887 ], [ 126.977705723865185, 37.548454583665354 ], [ 126.977785749863784, 37.548428209106739 ], [ 126.977818913340926, 37.548364505111564 ], [ 126.977785787677689, 37.548300788654124 ], [ 126.977705777534709, 37.548274383933261 ] ] ], [ [ [ 126.984166896757742, 37.548305163130344 ], [ 126.984086873137358, 37.548331542014779 ], [ 126.984053715008429, 37.548395247772028 ], [ 126.984086846049394, 37.548458962471393 ], [ 126.984166858642212, 37.548485362868291 ], [ 126.984246882398878, 37.54845898393036 ], [ 126.98428004039171, 37.548395278119521 ], [ 126.984246909214434, 37.54833156347366 ], [ 126.984166896757742, 37.548305163130344 ] ] ], [ [ [ 126.984320018873618, 37.548599900134782 ], [ 126.984239994992038, 37.548626279121606 ], [ 126.984206836862739, 37.548689984918667 ], [ 126.984239968164445, 37.54875369957194 ], [ 126.984319981126305, 37.548780099863833 ], [ 126.984400005144181, 37.548753720823512 ], [ 126.984433163137354, 37.548690014972877 ], [ 126.984400031699352, 37.548626300373087 ], [ 126.984320018873618, 37.548599900134782 ] ] ], [ [ [ 126.977533563029866, 37.54965706509995 ], [ 126.977457167894926, 37.549689557795041 ], [ 126.97743200572603, 37.549755543058168 ], [ 126.977472816293684, 37.549816367646912 ], [ 126.97755569339661, 37.54983640129764 ], [ 126.977632088638714, 37.549803908539658 ], [ 126.977657250647511, 37.549737923234389 ], [ 126.977616439972692, 37.549677098708536 ], [ 126.977533563029866, 37.54965706509995 ] ] ], [ [ [ 126.97679328976966, 37.549976810735743 ], [ 126.976716893987188, 37.55000930294991 ], [ 126.976691731058168, 37.550075288051438 ], [ 126.976732541198317, 37.550136112892595 ], [ 126.976815418456823, 37.550156147061877 ], [ 126.976891814346459, 37.550123654784805 ], [ 126.976916977115394, 37.550057669641127 ], [ 126.976876166868053, 37.549996844862861 ], [ 126.97679328976966, 37.549976810735743 ] ] ], [ [ [ 126.974184484862661, 37.550197037495771 ], [ 126.974108087723877, 37.550229528020338 ], [ 126.974082922421189, 37.550295512562606 ], [ 126.974123730560791, 37.550356338302414 ], [ 126.974206607363797, 37.550376374301855 ], [ 126.974283004609774, 37.55034388371439 ], [ 126.974308169752391, 37.550277899129966 ], [ 126.974267361505582, 37.550217073453048 ], [ 126.974184484862661, 37.550197037495771 ] ] ], [ [ [ 126.977053405866343, 37.550599518169456 ], [ 126.976977009560997, 37.550632010548298 ], [ 126.976951846651616, 37.550697995698307 ], [ 126.976992657342464, 37.550758820443306 ], [ 126.9770755353601, 37.550778854428145 ], [ 126.977151931772624, 37.550746361986398 ], [ 126.977177094521906, 37.550680376794247 ], [ 126.977136283723894, 37.550619552112138 ], [ 126.977053405866343, 37.550599518169456 ] ] ], [ [ [ 126.981134033911246, 37.551954152287614 ], [ 126.981054005321027, 37.551980529098977 ], [ 126.981020842993303, 37.552044233963969 ], [ 126.981053973066153, 37.552107949474596 ], [ 126.981133988488651, 37.552134351911008 ], [ 126.981214017215208, 37.552107975046162 ], [ 126.981247179406807, 37.552044270127567 ], [ 126.981214049197618, 37.551980554670436 ], [ 126.981134033911246, 37.551954152287614 ] ] ], [ [ [ 126.98082393051439, 37.552192332245674 ], [ 126.980747534218679, 37.552224827055277 ], [ 126.980722374096914, 37.552290812991771 ], [ 126.980763188720431, 37.552351636418258 ], [ 126.980846069512097, 37.552371667751935 ], [ 126.980922465914972, 37.552339172879414 ], [ 126.980947625876624, 37.552273186900798 ], [ 126.980906811145928, 37.552212363537215 ], [ 126.98082393051439, 37.552192332245674 ] ] ], [ [ [ 126.981835122093798, 37.552253999341097 ], [ 126.981758726173879, 37.552286494804711 ], [ 126.981733566922799, 37.552352480956202 ], [ 126.981774382401838, 37.552413304032747 ], [ 126.981857263532731, 37.552433334656527 ], [ 126.981933659559786, 37.552400839129987 ], [ 126.981958818650753, 37.552334852936362 ], [ 126.981918003064564, 37.552274029922735 ], [ 126.981835122093798, 37.552253999341097 ] ] ], [ [ [ 126.976577253697315, 37.552450740597862 ], [ 126.976497222971673, 37.552477114317838 ], [ 126.97646405654578, 37.552540817896343 ], [ 126.97649718295834, 37.552604534678949 ], [ 126.976577197302547, 37.552630940200757 ], [ 126.976657228164541, 37.552604566427298 ], [ 126.976690394454337, 37.55254086279519 ], [ 126.976657267905424, 37.552477146066046 ], [ 126.976577253697315, 37.552450740597862 ] ] ], [ [ [ 126.973894405628272, 37.553526784816157 ], [ 126.973814372807396, 37.55355315671212 ], [ 126.973781203621002, 37.553616859524368 ], [ 126.973814328224805, 37.553680577047352 ], [ 126.973894342771601, 37.553706984382472 ], [ 126.973974375728858, 37.55368061243302 ], [ 126.974007544779184, 37.553616909567154 ], [ 126.973974420038985, 37.553553192097645 ], [ 126.973894405628272, 37.553526784816157 ] ] ], [ [ [ 126.992986008433803, 37.519760899690972 ], [ 126.992906018414189, 37.519787284683531 ], [ 126.992872880426617, 37.51985099322826 ], [ 126.992906006350964, 37.519914705761529 ], [ 126.992985991566172, 37.519941100307648 ], [ 126.993065981721855, 37.519914715261642 ], [ 126.993099119573444, 37.519851006663409 ], [ 126.993065993513071, 37.519787294183594 ], [ 126.992986008433803, 37.519760899690972 ] ] ], [ [ [ 126.989474434711184, 37.51994484166466 ], [ 126.989398075061274, 37.519977342254819 ], [ 126.989372933401143, 37.520043330398877 ], [ 126.989413737487382, 37.520104151166713 ], [ 126.989496584915315, 37.520124176532953 ], [ 126.989572944672148, 37.520091675879925 ], [ 126.989598086172379, 37.520025687693824 ], [ 126.989557281979216, 37.51996486698885 ], [ 126.989474434711184, 37.51994484166466 ] ] ], [ [ [ 126.989928182986603, 37.519958048166963 ], [ 126.98985619074405, 37.519996354012136 ], [ 126.9898392910155, 37.520063987305171 ], [ 126.989887383558383, 37.520121329400752 ], [ 126.98997229646541, 37.520134790027591 ], [ 126.990044288781633, 37.520096484112557 ], [ 126.990061188332504, 37.520028850790553 ], [ 126.990013095715952, 37.519971508764833 ], [ 126.989928182986603, 37.519958048166963 ] ] ], [ [ [ 126.994870221302577, 37.520294337975351 ], [ 126.994793863636346, 37.520326842052199 ], [ 126.994768726610531, 37.520392831341326 ], [ 126.994809535267038, 37.520453650241862 ], [ 126.994892384523936, 37.520473671822259 ], [ 126.994968742297075, 37.520441167682534 ], [ 126.994993879162962, 37.520375178351372 ], [ 126.994953070399546, 37.520314359513705 ], [ 126.994870221302577, 37.520294337975351 ] ] ], [ [ [ 126.98990001214473, 37.520336899700503 ], [ 126.989820020423991, 37.520363282600272 ], [ 126.989786879557983, 37.520426990272547 ], [ 126.989820003112683, 37.520490703664777 ], [ 126.989899987855225, 37.520517100298115 ], [ 126.989979979712047, 37.520490717344906 ], [ 126.990013120442072, 37.520427009619098 ], [ 126.989979996751288, 37.520363296280323 ], [ 126.98990001214473, 37.520336899700503 ] ] ], [ [ [ 126.990609977491204, 37.520751193806639 ], [ 126.990529985578021, 37.52077757718537 ], [ 126.99049684513227, 37.520841285052434 ], [ 126.990529969473798, 37.520904998241193 ], [ 126.990609954908749, 37.520931394391965 ], [ 126.990689946958014, 37.520905010959794 ], [ 126.990723087267781, 37.520841303039219 ], [ 126.990689962790199, 37.520777589903922 ], [ 126.990609977491204, 37.520751193806639 ] ] ], [ [ [ 126.99087828756349, 37.521081451113339 ], [ 126.99080192736389, 37.521113952604765 ], [ 126.990776786558428, 37.52117994103503 ], [ 126.990817592403062, 37.521240761306387 ], [ 126.990900441463012, 37.521260785684255 ], [ 126.990976801769548, 37.521228284129968 ], [ 126.991001942415096, 37.521162295657639 ], [ 126.990961136463554, 37.521101475449157 ], [ 126.99087828756349, 37.521081451113339 ] ] ], [ [ [ 126.99097993382891, 37.52252411894478 ], [ 126.990903572202981, 37.522556620493781 ], [ 126.990878431002685, 37.522622608929474 ], [ 126.990919237715275, 37.522683429150916 ], [ 126.991002088397565, 37.522703453452799 ], [ 126.991078450130445, 37.522670951840936 ], [ 126.991103591170813, 37.522604963363193 ], [ 126.991062784351286, 37.52254414320462 ], [ 126.99097993382891, 37.52252411894478 ] ] ], [ [ [ 126.990718205061782, 37.522546157934073 ], [ 126.990638211270252, 37.522572541377805 ], [ 126.990605070122257, 37.522636249255733 ], [ 126.990638195349021, 37.522699962394832 ], [ 126.990718182738163, 37.522726358464553 ], [ 126.990798176665805, 37.522699974967367 ], [ 126.990831317677788, 37.522636267035914 ], [ 126.990798192314955, 37.522572553950269 ], [ 126.990718205061782, 37.522546157934073 ] ] ], [ [ [ 126.992428782905336, 37.524412490562227 ], [ 126.992348787723159, 37.524438875156008 ], [ 126.992315647203753, 37.524502583493806 ], [ 126.992348774710152, 37.524566296133251 ], [ 126.992428764694594, 37.524592691036403 ], [ 126.992508760012882, 37.524566306389161 ], [ 126.992541900396262, 37.524502597997838 ], [ 126.99250877275378, 37.524438885411868 ], [ 126.992428782905336, 37.524412490562227 ] ] ], [ [ [ 126.991362724187653, 37.525023963671813 ], [ 126.991282727977207, 37.525050347540677 ], [ 126.991249586280745, 37.525114055572587 ], [ 126.991282713150781, 37.525177768504342 ], [ 126.991362703412321, 37.525204164126819 ], [ 126.991442699758863, 37.525177780204501 ], [ 126.9914758413193, 37.525114072119074 ], [ 126.99144271431318, 37.525050359240772 ], [ 126.991362724187653, 37.525023963671813 ] ] ], [ [ [ 126.992149478674406, 37.525370383162482 ], [ 126.992077482366042, 37.525408690325953 ], [ 126.992060583420766, 37.525476323874777 ], [ 126.992108681137296, 37.525533665013803 ], [ 126.992193600577636, 37.52554712403208 ], [ 126.992265596959697, 37.525508816798734 ], [ 126.99228249572721, 37.52544118322092 ], [ 126.992234397937025, 37.525383842151783 ], [ 126.992149478674406, 37.525370383162482 ] ] ], [ [ [ 126.992566937658665, 37.528507629687368 ], [ 126.992494938548262, 37.528545937084623 ], [ 126.992478039271674, 37.528613570657114 ], [ 126.992526139321654, 37.528670911595867 ], [ 126.992611062393379, 37.528684370307204 ], [ 126.992683061577466, 37.528646062840068 ], [ 126.992699960676291, 37.528578429238578 ], [ 126.992651860552598, 37.528521088369722 ], [ 126.992566937658665, 37.528507629687368 ] ] ], [ [ [ 126.991169901321186, 37.529319476237553 ], [ 126.991089900455378, 37.529345859955967 ], [ 126.991056756693794, 37.529409567887058 ], [ 126.991089885298635, 37.529473280826664 ], [ 126.991169880078743, 37.529499676561066 ], [ 126.991249881080691, 37.529473292789177 ], [ 126.991283024706249, 37.529409584804561 ], [ 126.991249895965268, 37.52934587191843 ], [ 126.991169901321186, 37.529319476237553 ] ] ], [ [ [ 126.991163010629833, 37.530212899851215 ], [ 126.991083008807337, 37.530239283560839 ], [ 126.991049864644395, 37.530302991480283 ], [ 126.991082993638372, 37.530366704412209 ], [ 126.991162989370139, 37.530393100147393 ], [ 126.991242991328789, 37.530366716384307 ], [ 126.991276135355648, 37.530303008411337 ], [ 126.991243006225559, 37.53023929553288 ], [ 126.991163010629833, 37.530212899851215 ] ] ], [ [ [ 126.991477010252225, 37.530482899855272 ], [ 126.99139700825188, 37.530509283776368 ], [ 126.99136386423649, 37.530572991781021 ], [ 126.991396993616945, 37.530636704621998 ], [ 126.991476989747753, 37.530663100143343 ], [ 126.99155699188421, 37.530636716168772 ], [ 126.991590135763573, 37.530573008110579 ], [ 126.991557006246978, 37.530509295323078 ], [ 126.991477010252225, 37.530482899855272 ] ] ], [ [ [ 126.992219937115564, 37.53174362967102 ], [ 126.992147934716883, 37.531781936835316 ], [ 126.992131034396365, 37.531849570320894 ], [ 126.992179136258329, 37.531906911369674 ], [ 126.992264062936471, 37.531920370323526 ], [ 126.992336065408864, 37.531882063089348 ], [ 126.992352965551575, 37.531814429574787 ], [ 126.992304863615928, 37.531757088595896 ], [ 126.992219937115564, 37.53174362967102 ] ] ], [ [ [ 126.99419093432833, 37.533311630062535 ], [ 126.994118931430052, 37.533349938418276 ], [ 126.994102032535324, 37.533417572168041 ], [ 126.994150136913248, 37.533474912398972 ], [ 126.994235065723743, 37.533488369932044 ], [ 126.994307068695733, 37.5334500615064 ], [ 126.99432396741264, 37.533382427727659 ], [ 126.994275862961018, 37.533325087566624 ], [ 126.99419093432833, 37.533311630062535 ] ] ], [ [ [ 126.994227004145088, 37.533732319104431 ], [ 126.994146999642155, 37.533758704873648 ], [ 126.994113856527392, 37.533822413615042 ], [ 126.994146989684168, 37.533886125649772 ], [ 126.994226990254887, 37.533912519294184 ], [ 126.994306994893989, 37.533886133471469 ], [ 126.994340137872641, 37.533822424676565 ], [ 126.99430700457971, 37.533758712695317 ], [ 126.994227004145088, 37.533732319104431 ] ] ], [ [ [ 126.990009651818823, 37.534022610509794 ], [ 126.989929645520533, 37.534048993420406 ], [ 126.989896498689987, 37.534112700974575 ], [ 126.989929628387216, 37.534176414188948 ], [ 126.99000962778112, 37.534202810688825 ], [ 126.990089634215565, 37.534176427724738 ], [ 126.990122780910056, 37.534112720117029 ], [ 126.990089651076673, 37.534049006956138 ], [ 126.990009651818823, 37.534022610509794 ] ] ], [ [ [ 126.993429316704891, 37.534263868012701 ], [ 126.993349311353143, 37.534290253239057 ], [ 126.993316167324551, 37.534353961750732 ], [ 126.993349300037806, 37.534417674003485 ], [ 126.993429300895087, 37.534444068185913 ], [ 126.993509306383004, 37.534417682906067 ], [ 126.993542450275498, 37.534353974340853 ], [ 126.993509317426103, 37.534290262141603 ], [ 126.993429316704891, 37.534263868012701 ] ] ], [ [ [ 126.990448593954781, 37.534294678278556 ], [ 126.990376588197535, 37.534332984345845 ], [ 126.990359685701364, 37.534400617548357 ], [ 126.990407787845015, 37.534457959293817 ], [ 126.990492717097254, 37.534471419516009 ], [ 126.990564722928227, 37.534433113378817 ], [ 126.990581625246591, 37.534365480147322 ], [ 126.9905335230292, 37.534308138471758 ], [ 126.990448593954781, 37.534294678278556 ] ] ], [ [ [ 126.993020935369699, 37.5344636298613 ], [ 126.992948930765422, 37.534501937496032 ], [ 126.992932030554073, 37.534569571065013 ], [ 126.99298013477592, 37.534626911761308 ], [ 126.993065064682384, 37.53464037013326 ], [ 126.993137069360344, 37.534602062428633 ], [ 126.993153969393916, 37.534534428830668 ], [ 126.993105865098329, 37.53447708820427 ], [ 126.993020935369699, 37.5344636298613 ] ] ], [ [ [ 126.985871351197943, 37.534920936224914 ], [ 126.985791342482898, 37.534947316327461 ], [ 126.985758191734632, 37.535011022709632 ], [ 126.985791318308046, 37.535074737074609 ], [ 126.985871317202012, 37.535101136373726 ], [ 126.985951326053254, 37.535074756217711 ], [ 126.985984476665465, 37.535011049781993 ], [ 126.985951349955883, 37.534947335470477 ], [ 126.985871351197943, 37.534920936224914 ] ] ], [ [ [ 126.987183780319043, 37.535049478526396 ], [ 126.987103771928702, 37.535075859517583 ], [ 126.987070622239784, 37.535139566266984 ], [ 126.987103749986716, 37.53520328026265 ], [ 126.987183749480891, 37.535229678672245 ], [ 126.987263758007401, 37.535203297627575 ], [ 126.98729690756025, 37.535139590824635 ], [ 126.987263779677164, 37.535075876882438 ], [ 126.987183780319043, 37.535049478526396 ] ] ], [ [ [ 126.9868496273223, 37.537227610759814 ], [ 126.986769616486981, 37.537253991514405 ], [ 126.986736465549114, 37.537317698146197 ], [ 126.986769593974699, 37.537381412212177 ], [ 126.98684959567764, 37.537407810838793 ], [ 126.986929606649156, 37.537381430030727 ], [ 126.986962757450968, 37.537317723345382 ], [ 126.986929628889172, 37.537254009332877 ], [ 126.9868496273223, 37.537227610759814 ] ] ], [ [ [ 126.986609103112002, 37.537727638967567 ], [ 126.986529091657687, 37.537754019556829 ], [ 126.986495940293707, 37.537817726115605 ], [ 126.986529068735706, 37.537881440243659 ], [ 126.986609070887965, 37.537907839031078 ], [ 126.986689082478478, 37.537881458388327 ], [ 126.986722233706374, 37.537817751775982 ], [ 126.986689105128178, 37.537754037701418 ], [ 126.986609103112002, 37.537727638967567 ] ] ], [ [ [ 126.988452044594993, 37.538609866580416 ], [ 126.988372032846854, 37.538636248414342 ], [ 126.98833888265986, 37.538699955481164 ], [ 126.988372013060186, 37.538763669083004 ], [ 126.988452016804956, 37.538790066618198 ], [ 126.988532028689306, 37.538763684730789 ], [ 126.988565178740217, 37.538699977610428 ], [ 126.98853204820368, 37.538636264062063 ], [ 126.988452044594993, 37.538609866580416 ] ] ], [ [ [ 126.988551591175309, 37.538832447183808 ], [ 126.988471579224367, 37.538858829084155 ], [ 126.988438429023461, 37.538922536176493 ], [ 126.988471559606936, 37.538986249748028 ], [ 126.988551563624597, 37.53901264721484 ], [ 126.988631575711764, 37.538986265261009 ], [ 126.988664725776573, 37.538922558115118 ], [ 126.988631595056887, 37.538858844597065 ], [ 126.988551591175309, 37.538832447183808 ] ] ], [ [ [ 126.986695754608405, 37.538892626185344 ], [ 126.986622328012331, 37.538914254860231 ], [ 126.986535623717387, 37.538899745817211 ], [ 126.986485913937329, 37.538918460654386 ], [ 126.986445079964739, 37.538979272882834 ], [ 126.986470206718423, 37.539045265954783 ], [ 126.986557665825401, 37.539078217113129 ], [ 126.986631092600959, 37.539056588479092 ], [ 126.986717797095992, 37.539071097451661 ], [ 126.986767506919449, 37.539052382517362 ], [ 126.986806709853624, 37.53900031629113 ], [ 126.986800280230568, 37.538948258148167 ], [ 126.986758613767634, 37.538907817841221 ], [ 126.986695754608405, 37.538892626185344 ] ] ], [ [ [ 126.989408720641322, 37.539189290457699 ], [ 126.989336709645215, 37.539227595858314 ], [ 126.989319805104074, 37.539295228855472 ], [ 126.989367909594577, 37.539352570977215 ], [ 126.989452844210774, 37.539366031936893 ], [ 126.989524855280607, 37.539327726466361 ], [ 126.989541759643913, 37.539260093440198 ], [ 126.989493655079656, 37.539202751388366 ], [ 126.989408720641322, 37.539189290457699 ] ] ], [ [ [ 126.989543025563478, 37.539361015666181 ], [ 126.989466646145601, 37.539393516190579 ], [ 126.989441498023965, 37.539459504130747 ], [ 126.989482312740336, 37.53952032467604 ], [ 126.989565181663053, 37.539540349931414 ], [ 126.989641561187952, 37.539507849344112 ], [ 126.989666709149546, 37.539441861361851 ], [ 126.989625894326153, 37.539381040879476 ], [ 126.989543025563478, 37.539361015666181 ] ] ], [ [ [ 126.991856912098484, 37.539623884195009 ], [ 126.991776900465879, 37.539650268331371 ], [ 126.991743752726435, 37.539713976343336 ], [ 126.991776886472564, 37.539777688979392 ], [ 126.991856892501502, 37.53980408420361 ], [ 126.991936904270275, 37.539777700013751 ], [ 126.991970051873622, 37.539713991948233 ], [ 126.991936917991296, 37.539650279365674 ], [ 126.991856912098484, 37.539623884195009 ] ] ], [ [ [ 126.991626052976272, 37.539713076696422 ], [ 126.991546041167055, 37.539739460675946 ], [ 126.991512893191697, 37.539803168622122 ], [ 126.991546026780853, 37.539866881321963 ], [ 126.99162603282366, 37.539893276702195 ], [ 126.991706044769074, 37.539866892669174 ], [ 126.991739192608335, 37.539803184669459 ], [ 126.991706058882968, 37.539739472023093 ], [ 126.991626052976272, 37.539713076696422 ] ] ], [ [ [ 126.987097557039604, 37.539715805842683 ], [ 126.987021176198823, 37.539748304783153 ], [ 126.986996025802966, 37.539814292198166 ], [ 126.987036838726027, 37.539875113584692 ], [ 126.987119707386881, 37.539895140554925 ], [ 126.987196088334741, 37.539862641551537 ], [ 126.987221238570555, 37.539796654094445 ], [ 126.987180425540444, 37.539735832770816 ], [ 126.987097557039604, 37.539715805842683 ] ] ], [ [ [ 126.987468897184755, 37.539784700078471 ], [ 126.987392516434767, 37.539817199258778 ], [ 126.987367366342994, 37.539883186752157 ], [ 126.987408179605254, 37.539944008009684 ], [ 126.987491048441754, 37.539964034719119 ], [ 126.987567429298792, 37.539931535475922 ], [ 126.987592579230522, 37.539865547940451 ], [ 126.987551765861213, 37.539804726745814 ], [ 126.987468897184755, 37.539784700078471 ] ] ], [ [ [ 126.993752332717847, 37.539998855900365 ], [ 126.993664863794478, 37.540031792405578 ], [ 126.993641350700258, 37.54007137233868 ], [ 126.993642657274179, 37.540110691839779 ], [ 126.993571235503978, 37.540109055294167 ], [ 126.993509997201542, 37.540145215390233 ], [ 126.99349309622248, 37.54021284897464 ], [ 126.993541204498598, 37.540270189387826 ], [ 126.993592975558528, 37.540284942939287 ], [ 126.993657405851906, 37.540274741379882 ], [ 126.993708608250415, 37.540229762791803 ], [ 126.993713741960903, 37.540173541496387 ], [ 126.993785163795764, 37.540175177955788 ], [ 126.993846401989828, 37.540139017717209 ], [ 126.993864929768264, 37.540097793148092 ], [ 126.99385211820244, 37.540046488291694 ], [ 126.99381519423801, 37.540014043797434 ], [ 126.993752332717847, 37.539998855900365 ] ] ], [ [ [ 126.986918398241386, 37.540506515009945 ], [ 126.986838383926312, 37.540532895795785 ], [ 126.98680523159446, 37.540596602411163 ], [ 126.986838361528385, 37.540660316422674 ], [ 126.986918366758502, 37.540686714988674 ], [ 126.986998381209816, 37.540660334149344 ], [ 126.987031533405585, 37.540596627480419 ], [ 126.986998403335434, 37.540532913522391 ], [ 126.986918398241386, 37.540506515009945 ] ] ], [ [ [ 126.986949090226616, 37.541008863048447 ], [ 126.986872708002196, 37.541041361885505 ], [ 126.986847557040832, 37.541107349254283 ], [ 126.986888370547803, 37.54116817067888 ], [ 126.9869712405999, 37.541188197749157 ], [ 126.987047622931399, 37.541155698849209 ], [ 126.987072773732692, 37.541089711438318 ], [ 126.987031960118671, 37.541028890076632 ], [ 126.986949090226616, 37.541008863048447 ] ] ], [ [ [ 126.987413227772592, 37.541988801427159 ], [ 126.987341213063132, 37.542027105592055 ], [ 126.987324306086833, 37.54209473827099 ], [ 126.987372410846902, 37.542152081178401 ], [ 126.987457348279477, 37.542165543567428 ], [ 126.98752936306272, 37.542127239332615 ], [ 126.98754626986117, 37.542059606624662 ], [ 126.987498165027304, 37.542002263787154 ], [ 126.987413227772592, 37.541988801427159 ] ] ], [ [ [ 126.987402658493082, 37.542298381110477 ], [ 126.987326275149755, 37.5423308802336 ], [ 126.987301124154612, 37.542396867684531 ], [ 126.987341938732683, 37.542457688939251 ], [ 126.98742481033338, 37.542477715687113 ], [ 126.987501193783771, 37.5424452165011 ], [ 126.987526344618857, 37.542379229008048 ], [ 126.987485529933707, 37.542318407816261 ], [ 126.987402658493082, 37.542298381110477 ] ] ], [ [ [ 126.99291696952379, 37.542414648137473 ], [ 126.992836955282144, 37.542441032979312 ], [ 126.992803807208702, 37.542504741258625 ], [ 126.992836943091518, 37.542568453567284 ], [ 126.992916952476193, 37.542594848061135 ], [ 126.992996966854022, 37.5425684631658 ], [ 126.993030114791367, 37.542504754832947 ], [ 126.992996978772325, 37.542441042577785 ], [ 126.99291696952379, 37.542414648137473 ] ] ], [ [ [ 126.992790204976401, 37.54261378274056 ], [ 126.992710190477311, 37.542640167495577 ], [ 126.992677042207788, 37.542703875737132 ], [ 126.992710178070823, 37.542767588079208 ], [ 126.992790187623598, 37.542793982658083 ], [ 126.992870202258914, 37.542767597849554 ], [ 126.992903350392282, 37.542703889554453 ], [ 126.992870214393037, 37.542640177265888 ], [ 126.992790204976401, 37.54261378274056 ] ] ], [ [ [ 126.987783888112006, 37.543141847158978 ], [ 126.987718107258331, 37.543165526871192 ], [ 126.987637101865417, 37.54315394238634 ], [ 126.987579160669526, 37.543178594725624 ], [ 126.987546007795743, 37.543242301520266 ], [ 126.987579139530183, 37.543306015295656 ], [ 126.98765914784849, 37.543332413348466 ], [ 126.98773602006851, 37.543308300966324 ], [ 126.98781702564375, 37.543319885383035 ], [ 126.98787496687072, 37.543295232927633 ], [ 126.987905942409171, 37.543249103446634 ], [ 126.987899511657787, 37.543197045400873 ], [ 126.987857842237233, 37.543156605510426 ], [ 126.987783888112006, 37.543141847158978 ] ] ], [ [ [ 126.988664588541894, 37.544025843263206 ], [ 126.988584571080281, 37.544052225215943 ], [ 126.988551418674902, 37.544115932283475 ], [ 126.988584551651471, 37.544179645767528 ], [ 126.988664561258005, 37.544206043135425 ], [ 126.988744578855872, 37.544179661129192 ], [ 126.98877773112514, 37.544115954008092 ], [ 126.988744598012332, 37.544052240577543 ], [ 126.988664588541894, 37.544025843263206 ] ] ], [ [ [ 126.986622337299977, 37.54446049197054 ], [ 126.986542318654486, 37.544486872537227 ], [ 126.986509707608789, 37.54455941042594 ], [ 126.986552862885546, 37.544621614283081 ], [ 126.986534039736327, 37.544671328650132 ], [ 126.986547393547312, 37.544713802984454 ], [ 126.986593840700195, 37.544750796497041 ], [ 126.986658272152312, 37.544761008824146 ], [ 126.986734658265149, 37.544728510147067 ], [ 126.986759810543447, 37.544662522843147 ], [ 126.986716655071149, 37.544600319062027 ], [ 126.986735478081243, 37.54455060466524 ], [ 126.986722124192625, 37.544508130350998 ], [ 126.98668520111859, 37.544475683652038 ], [ 126.986622337299977, 37.54446049197054 ] ] ], [ [ [ 126.990721919780228, 37.544583333055989 ], [ 126.990645535545809, 37.544615834313419 ], [ 126.990620386707974, 37.54468182244603 ], [ 126.990661205228065, 37.544742642530473 ], [ 126.990744080246316, 37.544762666941622 ], [ 126.990820464587799, 37.544730165621274 ], [ 126.990845613265549, 37.54466417744657 ], [ 126.990804794638393, 37.544603357425046 ], [ 126.990721919780228, 37.544583333055989 ] ] ], [ [ [ 126.990920976615683, 37.544759999977316 ], [ 126.990844592287388, 37.544792501362515 ], [ 126.990819443565627, 37.544858489535571 ], [ 126.99086026234373, 37.5449193095494 ], [ 126.990943137610827, 37.544939333820288 ], [ 126.991019522046187, 37.544906832372156 ], [ 126.991044670607863, 37.544840844157022 ], [ 126.991003851722681, 37.544780024206105 ], [ 126.990920976615683, 37.544759999977316 ] ] ], [ [ [ 126.98560970717061, 37.546171482753145 ], [ 126.985537687514579, 37.546209785789948 ], [ 126.985520777963274, 37.546277418162106 ], [ 126.985568884028325, 37.546334761763795 ], [ 126.985653825881457, 37.546348225441399 ], [ 126.985725845611285, 37.546309922334672 ], [ 126.98574275498467, 37.546242289933495 ], [ 126.985694648845808, 37.546184946401738 ], [ 126.98560970717061, 37.546171482753145 ] ] ], [ [ [ 126.985828901186466, 37.546307178424165 ], [ 126.985752513069585, 37.546339676506214 ], [ 126.985727359339521, 37.546405663576493 ], [ 126.985768174823377, 37.546466485333937 ], [ 126.985851050440033, 37.546486513173456 ], [ 126.985927438664021, 37.546454015028495 ], [ 126.985952592234, 37.546388027916095 ], [ 126.985911776643036, 37.546327206221569 ], [ 126.985828901186466, 37.546307178424165 ] ] ], [ [ [ 126.996690680979356, 37.520728260105244 ], [ 126.996610691231268, 37.520754647602445 ], [ 126.996577555965558, 37.520818357176289 ], [ 126.996610685467587, 37.520882068660299 ], [ 126.996690673020638, 37.520908460693384 ], [ 126.996770662904765, 37.520882073142694 ], [ 126.996803798034463, 37.520818363515353 ], [ 126.99677066839638, 37.52075465208484 ], [ 126.996690680979356, 37.520728260105244 ] ] ], [ [ [ 126.997039042960495, 37.521172456212 ], [ 126.996959052860873, 37.521198843943132 ], [ 126.996925917694881, 37.521262553609915 ], [ 126.996959047689515, 37.521326264991409 ], [ 126.997039035839464, 37.521352656786618 ], [ 126.997119026075126, 37.521326269002003 ], [ 126.997152161105092, 37.521262559281737 ], [ 126.997119030974432, 37.521198847953713 ], [ 126.997039042960495, 37.521172456212 ] ] ], [ [ [ 127.002018619703648, 37.524648336612387 ], [ 127.001942260701227, 37.524680845286703 ], [ 127.001917128510556, 37.524746836048422 ], [ 127.001957945341189, 37.524807652434042 ], [ 127.002040801322934, 37.52482766898521 ], [ 127.002117160432235, 37.524795160248004 ], [ 127.002142292462906, 37.52472916944425 ], [ 127.002101475525393, 37.524668353121534 ], [ 127.002018619703648, 37.524648336612387 ] ] ], [ [ [ 127.00149287470451, 37.525535422010151 ], [ 127.001420883014987, 37.525573734868281 ], [ 127.001403992467573, 37.525641369752172 ], [ 127.001452097441515, 37.52569870708458 ], [ 127.001537018747598, 37.525712159384412 ], [ 127.001609010510734, 37.525673846456385 ], [ 127.001625900880384, 37.525606211543561 ], [ 127.001577795832816, 37.525548874281043 ], [ 127.00149287470451, 37.525535422010151 ] ] ], [ [ [ 126.996306571352903, 37.525914395295501 ], [ 126.996230208581608, 37.525946900269645 ], [ 126.996205070934764, 37.526012889801493 ], [ 126.996245883818062, 37.526073708147962 ], [ 126.996328739673615, 37.526093728702079 ], [ 126.996405102551819, 37.526061223665053 ], [ 126.996430240038691, 37.525995234091162 ], [ 126.996389427048456, 37.525934415807583 ], [ 126.996306571352903, 37.525914395295501 ] ] ], [ [ [ 127.000097301082974, 37.526057238486594 ], [ 127.000017306845038, 37.526083628267067 ], [ 126.999984172119127, 37.526147338739015 ], [ 127.000017306874469, 37.52621104920987 ], [ 127.000097301317012, 37.526237438912034 ], [ 127.000177295691003, 37.526211049078064 ], [ 127.000210430280859, 37.526147338552612 ], [ 127.000177295389463, 37.526083628135261 ], [ 127.000097301082974, 37.526057238486594 ] ] ], [ [ [ 127.000504610093103, 37.526369017591364 ], [ 127.000424615665736, 37.526395407646326 ], [ 127.000391481148313, 37.526459118229177 ], [ 127.000424616387974, 37.52652282858238 ], [ 127.000504611306908, 37.526549218007261 ], [ 127.00058460587033, 37.526522827898809 ], [ 127.000617740251698, 37.526459117262462 ], [ 127.000584604875982, 37.526395406962756 ], [ 127.000504610093103, 37.526369017591364 ] ] ], [ [ [ 127.00553633093304, 37.527754311290323 ], [ 127.005459970291582, 37.527786822221948 ], [ 127.005434840157974, 37.527852813697294 ], [ 127.005475661536778, 37.527913628834817 ], [ 127.005558521893533, 37.527933642907264 ], [ 127.005634882641885, 37.527901131912728 ], [ 127.005660012615479, 37.527835140395368 ], [ 127.005619191129782, 37.527774325320756 ], [ 127.00553633093304, 37.527754311290323 ] ] ], [ [ [ 126.998874776339107, 37.528093644859261 ], [ 126.998802780852131, 37.528131956104815 ], [ 126.998785887364136, 37.528199590584869 ], [ 126.998833991976966, 37.528256928958768 ], [ 126.99891891571292, 37.528270383135315 ], [ 126.998990911273566, 37.528232071819851 ], [ 126.999007804583783, 37.528164437310856 ], [ 126.998959699897284, 37.528107099006839 ], [ 126.998874776339107, 37.528093644859261 ] ] ], [ [ [ 126.999014912265295, 37.528252333585201 ], [ 126.998938548285835, 37.528284840297559 ], [ 126.998913412240128, 37.528350830379708 ], [ 126.998954228595949, 37.528411647766212 ], [ 126.999037087761252, 37.528431666412416 ], [ 126.999113451847634, 37.528399159637139 ], [ 126.999138587733341, 37.528333169512962 ], [ 126.999097771270598, 37.528272352189347 ], [ 126.999014912265295, 37.528252333585201 ] ] ], [ [ [ 126.996792621058063, 37.530105886648663 ], [ 126.996712621332421, 37.530132274172438 ], [ 126.996679482004836, 37.530195983673273 ], [ 126.996712615740179, 37.530259695027453 ], [ 126.99679261334191, 37.530286086949978 ], [ 126.996872613203649, 37.530259699372706 ], [ 126.996905752395165, 37.530195989818367 ], [ 126.996872618523724, 37.530132278517662 ], [ 126.996792621058063, 37.530105886648663 ] ] ], [ [ [ 126.996574820820129, 37.530439251153773 ], [ 126.996494820661695, 37.530465638528511 ], [ 126.99646168100135, 37.530529347964595 ], [ 126.996494814698892, 37.530593059376287 ], [ 126.996574812579894, 37.530619451444856 ], [ 126.996654812874397, 37.530593064016635 ], [ 126.996687952398673, 37.530529354527026 ], [ 126.996654818565048, 37.530465643168839 ], [ 126.996574820820129, 37.530439251153773 ] ] ], [ [ [ 127.007758759453765, 37.530579129142446 ], [ 127.007682396897636, 37.530611641495618 ], [ 127.007657267774704, 37.530677633412125 ], [ 127.007698092497577, 37.530738447751958 ], [ 127.007780956572844, 37.53075846025515 ], [ 127.007857319235868, 37.530725947839031 ], [ 127.007882448198743, 37.530659955880516 ], [ 127.007841623369004, 37.530599141603631 ], [ 127.007758759453765, 37.530579129142446 ] ] ], [ [ [ 126.996799914560228, 37.530662333414007 ], [ 126.996723547162617, 37.530694838680724 ], [ 126.996698408356693, 37.530760828264334 ], [ 126.99673922422717, 37.530821646391452 ], [ 126.996822085466306, 37.530841666583576 ], [ 126.996898452970868, 37.530809161253956 ], [ 126.996923591616792, 37.530743171628309 ], [ 126.996882775639349, 37.530682353564089 ], [ 126.996799914560228, 37.530662333414007 ] ] ], [ [ [ 126.995387005549048, 37.531066899863504 ], [ 126.99530700430185, 37.531093286430732 ], [ 126.995273863353475, 37.531156995526636 ], [ 126.99530699631822, 37.531220707264737 ], [ 126.995386994450911, 37.531247100135118 ], [ 126.995466995834235, 37.531220713514408 ], [ 126.995500136646527, 37.531157004364985 ], [ 126.995467003545684, 37.531093292680367 ], [ 126.995387005549048, 37.531066899863504 ] ] ], [ [ [ 127.006795697825339, 37.531133830964876 ], [ 127.006715700526527, 37.531160225259882 ], [ 127.006682569252774, 37.531223937555986 ], [ 127.006715711951188, 37.531287646092004 ], [ 127.006795714174714, 37.531314031233755 ], [ 127.006875711609567, 37.531287636885203 ], [ 127.006908842747166, 37.531223924535624 ], [ 127.006875699912712, 37.531160216053124 ], [ 127.006795697825339, 37.531133830964876 ] ] ], [ [ [ 126.996730003933564, 37.53128289986666 ], [ 126.996650002928703, 37.531309287342687 ], [ 126.996616863027043, 37.53137299681319 ], [ 126.99664999722971, 37.531436708172237 ], [ 126.996729996066421, 37.531463100131958 ], [ 126.996809997207393, 37.531436712602435 ], [ 126.996843136972998, 37.531373003078421 ], [ 126.996810002634206, 37.531309291772871 ], [ 126.996730003933564, 37.53128289986666 ] ] ], [ [ [ 127.006728493162328, 37.53254217969441 ], [ 127.006656497417197, 37.532580495698802 ], [ 127.006639610017999, 37.532648131250767 ], [ 127.006687723499894, 37.532705466381728 ], [ 127.006772653689779, 37.532718914900123 ], [ 127.006844649508523, 37.532680598825813 ], [ 127.006861536729886, 37.532612963244922 ], [ 127.006813423174378, 37.532555628183879 ], [ 127.006728493162328, 37.53254217969441 ] ] ], [ [ [ 127.006974035853759, 37.532606143441313 ], [ 127.006902040172776, 37.532644459594962 ], [ 127.0068851529809, 37.532712095181289 ], [ 127.006933266691846, 37.532769430211573 ], [ 127.007018196998345, 37.532782878553228 ], [ 127.007090192752941, 37.53274456232964 ], [ 127.007107079766968, 37.532676926714402 ], [ 127.007058965982409, 37.532619591754035 ], [ 127.006974035853759, 37.532606143441313 ] ] ], [ [ [ 127.00831263260001, 37.532757721590023 ], [ 127.008232634101603, 37.532784116905447 ], [ 127.008199503400249, 37.532847829609473 ], [ 127.008232648107679, 37.532911537701999 ], [ 127.008312652600054, 37.532937921808603 ], [ 127.008392651234516, 37.532911526439648 ], [ 127.008425781799744, 37.532847813682139 ], [ 127.008392636956245, 37.532784105643145 ], [ 127.00831263260001, 37.532757721590023 ] ] ], [ [ [ 127.006656691092005, 37.533000012393387 ], [ 127.006576691751093, 37.533026406586082 ], [ 127.006543559533796, 37.533090118823083 ], [ 127.006576702939995, 37.533153827377873 ], [ 127.006656707108036, 37.533180212605238 ], [ 127.006736706585059, 37.533153818359025 ], [ 127.006769838666173, 37.533090106068535 ], [ 127.006736695123919, 37.533026397567269 ], [ 127.006656691092005, 37.533000012393387 ] ] ], [ [ [ 126.995635005251103, 37.533071899894139 ], [ 126.995555001949597, 37.533098286620238 ], [ 126.995521860324786, 37.533161995764019 ], [ 126.995554994387277, 37.533225707410921 ], [ 126.995634994748883, 37.533252100104477 ], [ 126.995714998186543, 37.533225713324882 ], [ 126.995748139675229, 37.533162004127583 ], [ 126.995715005476626, 37.533098292534163 ], [ 126.995635005251103, 37.533071899894139 ] ] ], [ [ [ 127.00479365726278, 37.533160427141787 ], [ 127.004721659933423, 37.533198741962721 ], [ 127.004704770647578, 37.533266377231058 ], [ 127.004752883045612, 37.533323713144341 ], [ 127.004837813589347, 37.533337163052749 ], [ 127.004909810992345, 37.533298848161884 ], [ 127.004926700100341, 37.533231212864621 ], [ 127.004878587628667, 37.533173877021248 ], [ 127.00479365726278, 37.533160427141787 ] ] ], [ [ [ 127.008678208430226, 37.533666622376131 ], [ 127.008606212601961, 37.533704939561829 ], [ 127.008589326710165, 37.533772575379516 ], [ 127.008637442407007, 37.533829909704934 ], [ 127.008722374221904, 37.533843356818409 ], [ 127.008794370123752, 37.533805039562786 ], [ 127.008811255837685, 37.533737403716181 ], [ 127.008763140067231, 37.533680069460686 ], [ 127.008678208430226, 37.533666622376131 ] ] ], [ [ [ 127.008444574340871, 37.533822600106348 ], [ 127.008364574751639, 37.53384899550651 ], [ 127.008331443691603, 37.533912708236073 ], [ 127.008364588982701, 37.533976416279991 ], [ 127.008444594659139, 37.534002800292285 ], [ 127.008524594384454, 37.53397640483859 ], [ 127.008557725308322, 37.533912692055551 ], [ 127.008524579881154, 37.533848984065173 ], [ 127.008444574340871, 37.533822600106348 ] ] ], [ [ [ 127.000602999274562, 37.534011899908258 ], [ 127.000522996719184, 37.534038289995685 ], [ 127.000489858904459, 37.534102000523497 ], [ 127.000522997609011, 37.534165710766416 ], [ 127.000603000725448, 37.534192100090365 ], [ 127.000683003416924, 37.53416570994942 ], [ 127.000716141095552, 37.534101999368083 ], [ 127.000683002254902, 37.534038289178682 ], [ 127.000602999274562, 37.534011899908258 ] ] ], [ [ [ 126.995700005173148, 37.53424889991215 ], [ 126.995620000637174, 37.53427528667693 ], [ 126.99558685854673, 37.534338995826182 ], [ 126.99561999318513, 37.534402707442169 ], [ 126.995699994826879, 37.534429100086484 ], [ 126.995779999498964, 37.534402713268207 ], [ 126.995813141453311, 37.534339004065423 ], [ 126.995780006678757, 37.534275292502933 ], [ 126.995700005173148, 37.53424889991215 ] ] ], [ [ [ 126.997157869472829, 37.534515775634752 ], [ 126.997085866934256, 37.534554085791626 ], [ 126.997068970447046, 37.534621719952227 ], [ 126.997117077869973, 37.534679058963064 ], [ 126.997202008579251, 37.53469251435979 ], [ 126.997274011191479, 37.534654204133027 ], [ 126.997290907500883, 37.534586569943443 ], [ 126.997242800004258, 37.534529231002523 ], [ 126.997157869472829, 37.534515775634752 ] ] ], [ [ [ 126.996364931353725, 37.534701630489401 ], [ 126.996292928230901, 37.534739940161572 ], [ 126.996276030985641, 37.534807574206567 ], [ 126.996324137920823, 37.534864913538577 ], [ 126.996409068698341, 37.534878369505165 ], [ 126.996481071894877, 37.53484005976307 ], [ 126.996497968962302, 37.53477242568912 ], [ 126.996449861953408, 37.534715086427013 ], [ 126.996364931353725, 37.534701630489401 ] ] ], [ [ [ 126.998418001903261, 37.534859899921265 ], [ 126.998337997672124, 37.534886288524653 ], [ 126.998304857623395, 37.53494999843015 ], [ 126.998337994844377, 37.53501370927701 ], [ 126.998417998096727, 37.53504010007736 ], [ 126.99849800246399, 37.535013711420476 ], [ 126.998531142376621, 37.534950001461468 ], [ 126.998498005019499, 37.534886290668112 ], [ 126.998418001903261, 37.534859899921265 ] ] ], [ [ [ 127.005729034007373, 37.53540058462994 ], [ 127.005649031775249, 37.535426978183729 ], [ 127.005615897707031, 37.535490690134658 ], [ 127.005649041386789, 37.5355543989238 ], [ 127.005729047792641, 37.535580784768669 ], [ 127.005809050160863, 37.535554391161369 ], [ 127.005842184092927, 37.535490679156943 ], [ 127.005809040277072, 37.535426970421327 ], [ 127.005729034007373, 37.53540058462994 ] ] ], [ [ [ 127.006299345021191, 37.535521302631892 ], [ 127.006219342861172, 37.53554769657147 ], [ 127.006186209224765, 37.535611408681078 ], [ 127.0062193534431, 37.53567511730882 ], [ 127.006299360178815, 37.535701502766742 ], [ 127.006379362474931, 37.535675108773624 ], [ 127.006412495975184, 37.535611396610527 ], [ 127.006379351620751, 37.535547688036324 ], [ 127.006299345021191, 37.535521302631892 ] ] ], [ [ [ 127.00548826181172, 37.53570379860691 ], [ 127.005411893044837, 37.535736309464198 ], [ 127.00538676020237, 37.53580230084048 ], [ 127.005427585875779, 37.535863115912214 ], [ 127.005510455014857, 37.535883129990673 ], [ 127.005586823888635, 37.535850619070452 ], [ 127.005611956571016, 37.535784627652149 ], [ 127.005571130790699, 37.535723812643354 ], [ 127.00548826181172, 37.53570379860691 ] ] ], [ [ [ 127.00571914833904, 37.536352577538516 ], [ 127.005642779010842, 37.536385088541579 ], [ 127.005617646154192, 37.536451079959726 ], [ 127.005658472368822, 37.536511894944908 ], [ 127.00574134228755, 37.536531908859082 ], [ 127.005817711722656, 37.536499397793087 ], [ 127.005842844419206, 37.536433406332911 ], [ 127.005802018097668, 37.536372591410668 ], [ 127.00571914833904, 37.536352577538516 ] ] ], [ [ [ 127.000604257172967, 37.536617203248113 ], [ 127.000524251834847, 37.53664359332474 ], [ 127.00049111286836, 37.536707303824741 ], [ 127.000524252726876, 37.536771014039118 ], [ 127.000604258627021, 37.536797403350505 ], [ 127.000684264101267, 37.53677101322036 ], [ 127.000717402931627, 37.536707302666862 ], [ 127.000684262936986, 37.536643592505989 ], [ 127.000604257172967, 37.536617203248113 ] ] ], [ [ [ 127.000466724838432, 37.536955789353279 ], [ 127.000386719090116, 37.536982179335219 ], [ 127.000353579856778, 37.537045889792971 ], [ 127.000386719748136, 37.537109600042292 ], [ 127.000466725961559, 37.537135989445339 ], [ 127.000546731846001, 37.537109599409881 ], [ 127.000579870943213, 37.537045888898625 ], [ 127.00054673091573, 37.536982178702829 ], [ 127.000466724838432, 37.536955789353279 ] ] ], [ [ [ 127.012660373240607, 37.537614474411335 ], [ 127.012584005640264, 37.53764698989599 ], [ 127.012558878477577, 37.537712982776341 ], [ 127.012599711016875, 37.537773795347803 ], [ 127.012682584186024, 37.537793804386226 ], [ 127.012758951893247, 37.537761288838624 ], [ 127.012784078895805, 37.537695295916279 ], [ 127.012743246249627, 37.537634483407778 ], [ 127.012660373240607, 37.537614474411335 ] ] ], [ [ [ 127.012238664492884, 37.537854606905647 ], [ 127.012166666461169, 37.537892926235102 ], [ 127.01214978284176, 37.537960562513419 ], [ 127.012197903955794, 37.538017895346513 ], [ 127.012282841159291, 37.538031339888896 ], [ 127.012354839264603, 37.537993020489502 ], [ 127.012371722706092, 37.537925384182273 ], [ 127.012323601518474, 37.53786805141911 ], [ 127.012238664492884, 37.537854606905647 ] ] ], [ [ [ 126.995148944684757, 37.540480540908533 ], [ 126.995065951390046, 37.540520146732874 ], [ 126.995046878731813, 37.540570202808205 ], [ 126.995060956696037, 37.540613632927688 ], [ 126.995013249358294, 37.540636249034272 ], [ 126.99498227927964, 37.540682380400568 ], [ 126.994999169985235, 37.540750015625413 ], [ 126.995071174505398, 37.540788330523803 ], [ 126.995136550630804, 37.540783206027179 ], [ 126.995180718276558, 37.540757125130156 ], [ 126.995205860645541, 37.540708798668604 ], [ 126.995192327999476, 37.540656537245873 ], [ 126.995240035296064, 37.54063392106702 ], [ 126.995271005195875, 37.540587789632731 ], [ 126.995268309882647, 37.540544057241164 ], [ 126.995240043396379, 37.540506500436642 ], [ 126.995148944684757, 37.540480540908533 ] ] ], [ [ [ 126.996993265918093, 37.540570278108696 ], [ 126.996913255083712, 37.540596665721019 ], [ 126.996880111295283, 37.540660375164762 ], [ 126.996913249830783, 37.540724086349705 ], [ 126.996993258681897, 37.540750478089912 ], [ 126.997073269652432, 37.540724090424092 ], [ 126.997106413304735, 37.540660380926809 ], [ 126.997073274633024, 37.540596669795377 ], [ 126.996993265918093, 37.540570278108696 ] ] ], [ [ [ 127.001694997960342, 37.540714900010826 ], [ 127.001614988628461, 37.540741290808135 ], [ 127.001581848776624, 37.540805001569922 ], [ 127.001614991376812, 37.540868711433831 ], [ 127.001695002039654, 37.5408950999878 ], [ 127.001775011507689, 37.540868709136959 ], [ 127.001808151223372, 37.540804998321661 ], [ 127.00177500848703, 37.540741288511285 ], [ 127.001694997960342, 37.540714900010826 ] ] ], [ [ [ 126.997403735937525, 37.540777733774569 ], [ 126.99733172750328, 37.54081604404039 ], [ 126.997314829824759, 37.540883678164221 ], [ 126.997362941458704, 37.540941017014113 ], [ 126.997447879314535, 37.540954472219987 ], [ 126.997519887822506, 37.54091616188424 ], [ 126.997536785323106, 37.540848527731427 ], [ 126.997488673615479, 37.540791188951466 ], [ 126.997403735937525, 37.540777733774569 ] ] ], [ [ [ 127.00200333319043, 37.540840815335294 ], [ 127.001931327048979, 37.540879128405429 ], [ 127.001914433511033, 37.54094676318666 ], [ 127.001962548707823, 37.541004100161906 ], [ 127.002047487461695, 37.541017552059238 ], [ 127.002119493676844, 37.540979238919171 ], [ 127.002136387036856, 37.540911604108985 ], [ 127.002088271766382, 37.54085426720367 ], [ 127.00200333319043, 37.540840815335294 ] ] ], [ [ [ 127.003150809508469, 37.541089053316654 ], [ 127.003070800289962, 37.541115445098654 ], [ 127.003037661511286, 37.541179156264896 ], [ 127.003070805515847, 37.541242865716121 ], [ 127.003150817091552, 37.541269253281989 ], [ 127.003230826446185, 37.541242861446449 ], [ 127.003263965088678, 37.541179150226689 ], [ 127.003230820947962, 37.541115440829003 ], [ 127.003150809508469, 37.541089053316654 ] ] ], [ [ [ 127.003385178626374, 37.541601763924504 ], [ 127.003305168942646, 37.541628155863037 ], [ 127.0032720301365, 37.541691867089511 ], [ 127.003305174567473, 37.54175557646937 ], [ 127.003385186773656, 37.541781963874122 ], [ 127.003465196593538, 37.541755571882049 ], [ 127.003498335263487, 37.541691860602072 ], [ 127.003465190696389, 37.541628151275738 ], [ 127.003385178626374, 37.541601763924504 ] ] ], [ [ [ 126.996135841450013, 37.541663452725508 ], [ 126.99605582914532, 37.541689839751903 ], [ 126.996022684143355, 37.541753548943106 ], [ 126.996055822433007, 37.541817260356815 ], [ 126.996135832149946, 37.54184365267313 ], [ 126.996215844590836, 37.541817265593217 ], [ 126.99624898945666, 37.541753556348475 ], [ 126.996215851030826, 37.541689844988269 ], [ 126.996135841450013, 37.541663452725508 ] ] ], [ [ [ 127.002017921838615, 37.544348631690674 ], [ 127.00194591233101, 37.544386944746989 ], [ 127.001929018014877, 37.544454579490051 ], [ 127.001977135477304, 37.544511916425144 ], [ 127.002062078213484, 37.544525368303866 ], [ 127.002134087794786, 37.544487055177612 ], [ 127.002150981932971, 37.544419420405589 ], [ 127.002102864396861, 37.544362083540442 ], [ 127.002017921838615, 37.544348631690674 ] ] ], [ [ [ 127.002179921246821, 37.545706631741368 ], [ 127.002107910515932, 37.545744944887673 ], [ 127.002091016039756, 37.54581257963833 ], [ 127.002139134499146, 37.545869916494155 ], [ 127.002224078805298, 37.545883368253186 ], [ 127.002296089609871, 37.545845055036935 ], [ 127.002312983908126, 37.545777420257338 ], [ 127.002264865375025, 37.545720083471437 ], [ 127.002179921246821, 37.545706631741368 ] ] ] ] } },
{ "type": "Feature", "properties": { "dataset_id": "11", "type": "mixed", "type_source": "jimok_lift", "type_llm": "polygon", "radius_m": 30, "label": "11 mixed 30m" }, "geometry": { "type": "MultiPolygon", "coordinates": [ [ [ [ 126.977056820707858, 37.519457515243836 ], [ 126.976946743428044, 37.519398899931417 ], [ 126.976820126958216, 37.519378426629402 ], [ 126.976688204031433, 37.519121498209223 ], [ 126.97660562734859, 37.519039631397852 ], [ 126.976490111640146, 37.518989010252525 ], [ 126.976359093134036, 37.518977275634974 ], [ 126.976262548058443, 37.518995293217905 ], [ 126.974745348394293, 37.519479855026297 ], [ 126.974634850797102, 37.519537861476458 ], [ 126.974549187241308, 37.519650021722455 ], [ 126.974533914715465, 37.519728361868957 ], [ 126.97454783454603, 37.519806861747767 ], [ 126.975022164846109, 37.520736029485576 ], [ 126.975120701612099, 37.520904827521555 ], [ 126.975179761660286, 37.520967059866194 ], [ 126.975319121722407, 37.521033200674111 ], [ 126.975415947258398, 37.521044952195908 ], [ 126.97551295384163, 37.521034189505762 ], [ 126.977050237013415, 37.520543653342045 ], [ 126.977160658584054, 37.520485426501288 ], [ 126.977246045938443, 37.520373031161895 ], [ 126.97725957305768, 37.520268104626638 ], [ 126.977235769540542, 37.520191071600586 ], [ 126.977055568222553, 37.519840597748782 ], [ 126.977130294135861, 37.519752100804411 ], [ 126.977156157778865, 37.519648666122478 ], [ 126.977130357276067, 37.519545221440744 ], [ 126.977056820707858, 37.519457515243836 ] ] ], [ [ [ 126.973195963451388, 37.520281423653778 ], [ 126.97307920439799, 37.520231680685896 ], [ 126.972947433866494, 37.520221313084782 ], [ 126.972820712526712, 37.520251899207999 ], [ 126.972718332384829, 37.520318782639812 ], [ 126.972655879849597, 37.52041178106235 ], [ 126.972642862865996, 37.520516736375271 ], [ 126.972681263350921, 37.520617670099284 ], [ 126.972765235347694, 37.520699215945655 ], [ 126.972881994920812, 37.520748959220157 ], [ 126.973013766371054, 37.52075932689371 ], [ 126.973140488490472, 37.520728740566298 ], [ 126.973242868816101, 37.520661856773273 ], [ 126.973305320831614, 37.520568858044115 ], [ 126.973318336896469, 37.520463902658761 ], [ 126.973279935631922, 37.520362969138922 ], [ 126.973195963451388, 37.520281423653778 ] ] ], [ [ [ 126.967985078065894, 37.520314093163066 ], [ 126.967868322424493, 37.520264345045739 ], [ 126.967736552560666, 37.520253971631433 ], [ 126.967609829042573, 37.520284552162728 ], [ 126.967507444208053, 37.520351431075177 ], [ 126.967444985180151, 37.520444426738926 ], [ 126.967431960892327, 37.520549381473643 ], [ 126.967470354373475, 37.52065031688813 ], [ 126.967554320733157, 37.520731866436236 ], [ 126.967671076894106, 37.520781614860269 ], [ 126.967802847676651, 37.520791988347106 ], [ 126.967929571974466, 37.520761407611715 ], [ 126.968031956992945, 37.520694528338076 ], [ 126.968094415501255, 37.520601532367643 ], [ 126.968107438870376, 37.520496577560372 ], [ 126.968069044609535, 37.520395642349996 ], [ 126.967985078065894, 37.520314093163066 ] ] ], [ [ [ 126.964979069638375, 37.525870602139634 ], [ 126.965138262532193, 37.525824748726393 ], [ 126.965722701413412, 37.525442503280082 ], [ 126.965850148268188, 37.52534275280135 ], [ 126.965900330471015, 37.525248114421863 ], [ 126.965902549672919, 37.525145397845144 ], [ 126.965838061470578, 37.525028182907356 ], [ 126.965482057838273, 37.524659831176692 ], [ 126.965404053934023, 37.52461032164824 ], [ 126.96531134780632, 37.524581010987475 ], [ 126.965146199062502, 37.524583036459397 ], [ 126.965027241523202, 37.524629723579039 ], [ 126.964363223789618, 37.525034304161359 ], [ 126.964296662794851, 37.52510004094934 ], [ 126.964259551108285, 37.525173883186291 ], [ 126.964254746182874, 37.525279564896906 ], [ 126.964301219610959, 37.525378626814593 ], [ 126.964678263726114, 37.525766716080661 ], [ 126.964811870401775, 37.525849508575746 ], [ 126.964979069638375, 37.525870602139634 ] ] ], [ [ [ 126.954737033498773, 37.526750117584285 ], [ 126.954620276640767, 37.526700356424101 ], [ 126.954488497306599, 37.52668996823472 ], [ 126.954361757506106, 37.526720534507994 ], [ 126.954259352055871, 37.526787401850122 ], [ 126.954196871217405, 37.526880390392684 ], [ 126.954183827244549, 37.526985343539586 ], [ 126.954222206163109, 37.527086283141387 ], [ 126.954306165299784, 37.527167842014535 ], [ 126.954422922677097, 37.527217603481624 ], [ 126.954554702930196, 37.527227991743857 ], [ 126.954681443510921, 37.527197425266671 ], [ 126.954783849145656, 37.527130557563346 ], [ 126.9548463294648, 37.527037568713858 ], [ 126.954859372518726, 37.526932615494118 ], [ 126.954820992819933, 37.526831676096215 ], [ 126.954737033498773, 37.526750117584285 ] ] ], [ [ [ 126.950398067108722, 37.534223805787953 ], [ 126.950281301493206, 37.534174040395101 ], [ 126.950149509618058, 37.534163647368494 ], [ 126.950022755402273, 37.53419420893637 ], [ 126.949920335857016, 37.534261072421273 ], [ 126.949857843389523, 37.534354058542057 ], [ 126.949844792024081, 37.534459011071334 ], [ 126.949883168912038, 37.53455995195371 ], [ 126.949967131689306, 37.534641513810683 ], [ 126.950083897824214, 37.534691279510589 ], [ 126.95021569061862, 37.534701672610147 ], [ 126.950342445614993, 37.534671110838389 ], [ 126.950444865344977, 37.534604246992181 ], [ 126.950507357293091, 37.534511260564337 ], [ 126.95052040773929, 37.534406307962115 ], [ 126.950482030070731, 37.534305367283643 ], [ 126.950398067108722, 37.534223805787953 ] ] ], [ [ [ 126.972769162256654, 37.534734842571275 ], [ 126.972135654199747, 37.534084232983005 ], [ 126.97205215414877, 37.534036344734872 ], [ 126.971920288477989, 37.534007385776562 ], [ 126.971784776606725, 37.534022230034346 ], [ 126.971694069568628, 37.534060921994453 ], [ 126.971117847308989, 37.534406653020056 ], [ 126.971053864845615, 37.534470613068997 ], [ 126.971011136074765, 37.534573856502206 ], [ 126.971034379789714, 37.534707944659992 ], [ 126.97158389453682, 37.535741141680063 ], [ 126.971733064880468, 37.536054305240043 ], [ 126.97184126932936, 37.536155156290548 ], [ 126.971996694818927, 37.536202870159052 ], [ 126.972161909882871, 37.536185955794238 ], [ 126.973341247734851, 37.535819088521144 ], [ 126.973467026415278, 37.535732389283801 ], [ 126.973525967744251, 37.535608510079804 ], [ 126.973522559334072, 37.535528549427177 ], [ 126.973472948242133, 37.535429787956154 ], [ 126.972769162256654, 37.534734842571275 ] ] ], [ [ [ 126.95297021897791, 37.535635788925617 ], [ 126.952814939557101, 37.535591474760139 ], [ 126.952659601152618, 37.535608453510093 ], [ 126.952567005982132, 37.535549795371047 ], [ 126.952441509212704, 37.53551900814589 ], [ 126.952279528208223, 37.535537074703932 ], [ 126.952140842540928, 37.535609372689422 ], [ 126.95158391927373, 37.535545299405044 ], [ 126.951370404752083, 37.535563995632252 ], [ 126.951230383353447, 37.535628891685221 ], [ 126.951018524417947, 37.535818556001885 ], [ 126.950834680510525, 37.535858241646139 ], [ 126.950731076153758, 37.53592511950518 ], [ 126.950659623202156, 37.536044523736336 ], [ 126.950667868049862, 37.536176629366977 ], [ 126.950711061490253, 37.53624872627848 ], [ 126.950778831318431, 37.536307621290568 ], [ 126.951832519142073, 37.536862703969682 ], [ 126.951988835243924, 37.536905329196493 ], [ 126.952120658209708, 37.536893456686116 ], [ 126.952261070660143, 37.536824106883493 ], [ 126.952782981250351, 37.536307672387892 ], [ 126.952835218290275, 37.53621065663701 ], [ 126.952840458103665, 37.536126427975368 ], [ 126.9529699366974, 37.536085281566287 ], [ 126.95308077171147, 37.535987997897543 ], [ 126.953119280102968, 37.535887088624158 ], [ 126.953114442082381, 37.535807859706722 ], [ 126.953063820798747, 37.535710401815727 ], [ 126.95297021897791, 37.535635788925617 ] ] ], [ [ [ 126.965994733995714, 37.535899312803942 ], [ 126.966020875510495, 37.535525746938909 ], [ 126.965976776919362, 37.535287851595598 ], [ 126.965925807167366, 37.535174639011593 ], [ 126.965836942769656, 37.535099656988685 ], [ 126.965687322154963, 37.535051714220693 ], [ 126.965438149320221, 37.535056518655594 ], [ 126.965100939576971, 37.534970001353351 ], [ 126.965001303513915, 37.534957009218708 ], [ 126.96481278823515, 37.534989692108454 ], [ 126.964702651548777, 37.535047461615562 ], [ 126.964642924742023, 37.535110523072966 ], [ 126.964578515179639, 37.535227350117772 ], [ 126.964402539591276, 37.535699713578921 ], [ 126.964321855746107, 37.535749024396011 ], [ 126.964251645475571, 37.535835916200369 ], [ 126.964190879041624, 37.536039962501228 ], [ 126.964196141060697, 37.536316057301754 ], [ 126.964222005381799, 37.536426934544131 ], [ 126.964232639627312, 37.536642580400255 ], [ 126.964266713719255, 37.536715826344228 ], [ 126.964314532034862, 37.536768572622059 ], [ 126.9643378235657, 37.536989936880502 ], [ 126.964408367146049, 37.537083135894115 ], [ 126.964551408617666, 37.53715652180184 ], [ 126.96534500421177, 37.537364159444365 ], [ 126.96550681525288, 37.537363291738735 ], [ 126.965597104097071, 37.537333585018146 ], [ 126.965673028560417, 37.537284631163786 ], [ 126.96575132915487, 37.537171865902884 ], [ 126.965811036757742, 37.536747783528952 ], [ 126.965924571583159, 37.536545598579423 ], [ 126.965931662379759, 37.536405041516602 ], [ 126.965988191651476, 37.536284108046843 ], [ 126.965989975223408, 37.536118437075032 ], [ 126.965961890724103, 37.536022638176718 ], [ 126.965994733995714, 37.535899312803942 ] ] ], [ [ [ 126.970539373192508, 37.538373050931483 ], [ 126.970417026898872, 37.538332660310559 ], [ 126.97028458303808, 37.538332627057791 ], [ 126.970162204784032, 37.538372956235499 ], [ 126.970068522972625, 37.538447508148366 ], [ 126.970017799810194, 37.538544933023381 ], [ 126.970017757581999, 37.538650398863076 ], [ 126.970068402920148, 37.538747849449557 ], [ 126.970162025674952, 37.538822448757998 ], [ 126.970284372630928, 37.538862839640053 ], [ 126.970416817429538, 37.538862872893446 ], [ 126.97053919634746, 37.538822543455517 ], [ 126.970632878159947, 37.538747991174013 ], [ 126.970683600660038, 37.538650566037887 ], [ 126.970683641950458, 37.53854510019756 ], [ 126.970632995948407, 37.538447649871294 ], [ 126.970539373192508, 37.538373050931483 ] ] ], [ [ [ 126.958078758215663, 37.538568801922551 ], [ 126.957961980716377, 37.538519044153304 ], [ 126.957830180120496, 37.538508659700497 ], [ 126.957703421674651, 37.538539229487142 ], [ 126.957601003033943, 37.53860609958457 ], [ 126.957538516467991, 37.53869908970497 ], [ 126.957525475102685, 37.538804043012036 ], [ 126.957563864566993, 37.538904981331918 ], [ 126.957647840582183, 37.538986537676216 ], [ 126.957764618601203, 37.539036295752481 ], [ 126.957896420116555, 37.539046680278105 ], [ 126.958023179343044, 37.539016110287392 ], [ 126.958125598168223, 37.538949239828575 ], [ 126.958188084214441, 37.538856249401157 ], [ 126.958201124660292, 37.53875129602131 ], [ 126.958162734415339, 37.538650357905453 ], [ 126.958078758215663, 37.538568801922551 ] ] ], [ [ [ 126.960462824413781, 37.541563975274187 ], [ 126.960540447511406, 37.54161240564688 ], [ 126.960632276747717, 37.541641027095125 ], [ 126.960730562399903, 37.541647424172581 ], [ 126.960827009853006, 37.541631057011053 ], [ 126.962055916543164, 37.541262728612452 ], [ 126.962165255537997, 37.54119616872039 ], [ 126.962232420408967, 37.541100512866713 ], [ 126.96224815557531, 37.54101902606785 ], [ 126.962233716074451, 37.540894027871865 ], [ 126.961707926705671, 37.53948850659669 ], [ 126.961615147145167, 37.539377979242914 ], [ 126.961499772278458, 37.539323614254826 ], [ 126.96133344980376, 37.539312051902058 ], [ 126.961237434072757, 37.539336582915709 ], [ 126.961154704651463, 37.539382491989052 ], [ 126.961035291257602, 37.539509555984914 ], [ 126.960911159695712, 37.539709885296851 ], [ 126.96078574111597, 37.539862192701982 ], [ 126.960635965856582, 37.539882271225459 ], [ 126.960503437339341, 37.539961035978742 ], [ 126.960452441213491, 37.5400294103056 ], [ 126.960421745874498, 37.540128090638966 ], [ 126.960336909252462, 37.540231573449404 ], [ 126.960317270543371, 37.540310120810801 ], [ 126.960335650619683, 37.540425358378975 ], [ 126.960291679038974, 37.540562140461191 ], [ 126.960271141345473, 37.540710611702814 ], [ 126.960306057524335, 37.540815804289473 ], [ 126.960397511443688, 37.540905952027522 ], [ 126.960314991163926, 37.541077377338112 ], [ 126.960307381247674, 37.541164752227779 ], [ 126.960382034465354, 37.541450952921373 ], [ 126.960462824413781, 37.541563975274187 ] ] ], [ [ [ 126.975639085075429, 37.547514403617782 ], [ 126.975663156499763, 37.547671259387918 ], [ 126.975714025021176, 37.547792229464278 ], [ 126.975854431571051, 37.54796211008145 ], [ 126.975961810215509, 37.548026186321117 ], [ 126.976079591185709, 37.548052371447099 ], [ 126.976900709975723, 37.548121340333161 ], [ 126.977032769499459, 37.548111958217739 ], [ 126.9771502443689, 37.548063018000484 ], [ 126.97744507314188, 37.54785814999088 ], [ 126.977619030830425, 37.547692805159421 ], [ 126.977648862188602, 37.547615971513622 ], [ 126.977681447360112, 37.547420473935937 ], [ 126.977761610332379, 37.547354433076755 ], [ 126.97781276489944, 37.547257779809271 ], [ 126.977831088508253, 37.547097476180888 ], [ 126.977805215824901, 37.546974387709 ], [ 126.977755791515804, 37.546891114735978 ], [ 126.977556901663306, 37.546699518631982 ], [ 126.977430172830353, 37.546536164321253 ], [ 126.977314524119919, 37.546451855196388 ], [ 126.977195135819883, 37.546420155316788 ], [ 126.976373616511239, 37.546327787427124 ], [ 126.976212887565097, 37.546339742522115 ], [ 126.976126320626562, 37.546375384797045 ], [ 126.975926972705892, 37.546512091300933 ], [ 126.975819924885229, 37.546628353809027 ], [ 126.975731532788259, 37.54689914889272 ], [ 126.975684988165611, 37.547123494944167 ], [ 126.975678855309852, 37.547258692155502 ], [ 126.975640562802184, 37.547337543371846 ], [ 126.975639085075429, 37.547514403617782 ] ] ], [ [ [ 126.964457628411807, 37.548483713198827 ], [ 126.965137601398951, 37.548374866272553 ], [ 126.965232671279537, 37.548348037175806 ], [ 126.965356194153884, 37.548258552393683 ], [ 126.965416490519175, 37.548148689669681 ], [ 126.965422749765139, 37.548065497605961 ], [ 126.965284643879556, 37.546883592856851 ], [ 126.965232827745027, 37.546761718882856 ], [ 126.965116113695487, 37.546672727404847 ], [ 126.964960948413676, 37.546636783213849 ], [ 126.964272923134388, 37.546660882278999 ], [ 126.964173367529455, 37.546679413768899 ], [ 126.963495749886846, 37.54665225043972 ], [ 126.963397212542134, 37.546663740411468 ], [ 126.963307102613555, 37.546697502797208 ], [ 126.963196096004538, 37.546794610758802 ], [ 126.96315566080942, 37.546921911078428 ], [ 126.963152843132718, 37.548339130111643 ], [ 126.963167423084911, 37.548416528862141 ], [ 126.96320924239906, 37.548487357338921 ], [ 126.963274795103004, 37.548545677433225 ], [ 126.963380795497713, 37.548597293948973 ], [ 126.963549732217018, 37.54862630713793 ], [ 126.963647751720643, 37.548611136115724 ], [ 126.963904328956787, 37.54851737017615 ], [ 126.964457628411807, 37.548483713198827 ] ] ], [ [ [ 126.977632644897071, 37.518128675481393 ], [ 126.977515886249662, 37.518078936881324 ], [ 126.977384118887073, 37.51806857422725 ], [ 126.977257402996585, 37.51809916512358 ], [ 126.977155029754911, 37.518166052427958 ], [ 126.977092584520264, 37.51825905323291 ], [ 126.977079574126236, 37.51836400907542 ], [ 126.977117979486565, 37.518464941395528 ], [ 126.977201953902181, 37.518546484118204 ], [ 126.977318713069366, 37.518596223024801 ], [ 126.977450481350672, 37.518606585751236 ], [ 126.977577198020569, 37.518575994650639 ], [ 126.977679571445861, 37.518509106985064 ], [ 126.97774201616069, 37.518416105873548 ], [ 126.977755025636, 37.51831114995872 ], [ 126.977716619496263, 37.518210217842864 ], [ 126.977632644897071, 37.518128675481393 ] ] ], [ [ [ 126.981478337579603, 37.519311458509719 ], [ 126.981361574535356, 37.519261723720035 ], [ 126.981229804559263, 37.519251365357576 ], [ 126.981103088236495, 37.519281960373469 ], [ 126.981000716809618, 37.519348850998163 ], [ 126.980938275360572, 37.519441853818712 ], [ 126.980925270146656, 37.519546810065243 ], [ 126.980963681292963, 37.51964774111628 ], [ 126.981047661219591, 37.519729281089958 ], [ 126.981164424783799, 37.519779016186156 ], [ 126.981296195678667, 37.519789374620878 ], [ 126.981422912780815, 37.519758779400668 ], [ 126.98152528439114, 37.519691888414748 ], [ 126.981587725320253, 37.519598885287657 ], [ 126.981600729615408, 37.519493928968878 ], [ 126.981562317689708, 37.519392998122164 ], [ 126.981478337579603, 37.519311458509719 ] ] ], [ [ [ 126.978070850504949, 37.520503804768445 ], [ 126.977954087866379, 37.52045406662036 ], [ 126.977822316266469, 37.520443704457961 ], [ 126.977695596537643, 37.520474295810835 ], [ 126.977593220440895, 37.520541183467131 ], [ 126.977530773769146, 37.520634184465791 ], [ 126.977517763574767, 37.520739140314312 ], [ 126.977556170741082, 37.520840072451833 ], [ 126.977640148294142, 37.520921614831103 ], [ 126.977756911452602, 37.520971353285773 ], [ 126.977888683971301, 37.520981715520513 ], [ 126.978015404479663, 37.52095112396335 ], [ 126.978117780759987, 37.520884235945829 ], [ 126.978180226911888, 37.520791234640583 ], [ 126.978193236187451, 37.52068627871973 ], [ 126.978154828241628, 37.520585346786483 ], [ 126.978070850504949, 37.520503804768445 ] ] ], [ [ [ 126.991518987997878, 37.522061799491809 ], [ 126.991651755593722, 37.522252736522319 ], [ 126.991742570696189, 37.522305835363241 ], [ 126.991886571353874, 37.522496379479449 ], [ 126.991954867472586, 37.52254539949093 ], [ 126.992058078659426, 37.522591155101843 ], [ 126.992591760596582, 37.522695047278823 ], [ 126.992699896805178, 37.522737372596652 ], [ 126.992799141571638, 37.522755068507692 ], [ 126.99296476260244, 37.522730949747547 ], [ 126.993095447711042, 37.522646400757893 ], [ 126.993152717281859, 37.522548852170061 ], [ 126.993165075648463, 37.522427126161951 ], [ 126.993113274453691, 37.522087623716104 ], [ 126.993185939812832, 37.521998497111575 ], [ 126.993237750837267, 37.521867992481802 ], [ 126.993250354495785, 37.52178841888896 ], [ 126.993207080727316, 37.521524891631671 ], [ 126.993195137620674, 37.521322086229453 ], [ 126.993139794978205, 37.521143617636376 ], [ 126.99313520965363, 37.520829936371399 ], [ 126.993087639999004, 37.520734537004472 ], [ 126.992998843353547, 37.520660143289689 ], [ 126.992881625409524, 37.520617483737688 ], [ 126.992785141976483, 37.520610217041664 ], [ 126.990842569994285, 37.520696993726403 ], [ 126.990717742400818, 37.520723018234278 ], [ 126.990593404303738, 37.520804153369987 ], [ 126.990546724405533, 37.520871909545072 ], [ 126.990526026201366, 37.520947417719128 ], [ 126.990532428905567, 37.521209880629996 ], [ 126.990583581484969, 37.52174746090455 ], [ 126.990630971693236, 37.521845547392545 ], [ 126.990749732517926, 37.521936032683733 ], [ 126.990874862541503, 37.52196939133492 ], [ 126.991034439401375, 37.521969522913039 ], [ 126.991179184073559, 37.521921374074466 ], [ 126.991507141204892, 37.521933406952229 ], [ 126.991518987997878, 37.522061799491809 ] ] ], [ [ [ 126.994224213777599, 37.523392505413163 ], [ 126.994107435911346, 37.523342783256673 ], [ 126.993975656993314, 37.52333243912031 ], [ 126.993848938969975, 37.523363047789438 ], [ 126.99374657334279, 37.523429949415998 ], [ 126.993684144310805, 37.523522958912132 ], [ 126.993671156241092, 37.523627916491627 ], [ 126.993709586648734, 37.523728843330041 ], [ 126.99379358502145, 37.523810374186795 ], [ 126.993910363408176, 37.523860096649692 ], [ 126.994042143245252, 37.523870440858069 ], [ 126.994168862047871, 37.523839831984361 ], [ 126.994271227858121, 37.523772929996454 ], [ 126.994333656369648, 37.523679920193906 ], [ 126.994346643520302, 37.523574962542412 ], [ 126.99430821233338, 37.523474035908578 ], [ 126.994224213777599, 37.523392505413163 ] ] ], [ [ [ 127.000681872593958, 37.534340232611783 ], [ 127.00055951662705, 37.534299873190506 ], [ 127.000427079880538, 37.534299873743699 ], [ 127.000304724445314, 37.534340234187184 ], [ 127.000211077683502, 37.534414810065797 ], [ 127.000160396465674, 37.534512247957942 ], [ 127.000160396691541, 37.534617713884323 ], [ 127.000211078529986, 37.534715151613682 ], [ 127.000304726274237, 37.534789727078525 ], [ 127.000427082904153, 37.534830086760451 ], [ 127.000559520588268, 37.534830086207236 ], [ 127.0006818766865, 37.534789725503117 ], [ 127.000775523448283, 37.534715149255916 ], [ 127.000826204003118, 37.534617711103145 ], [ 127.000826202839619, 37.534512245176778 ], [ 127.000775520338209, 37.534414807708039 ], [ 127.000681872593958, 37.534340232611783 ] ] ], [ [ [ 126.995585889855477, 37.535122220779712 ], [ 126.995463535357644, 37.535081856084012 ], [ 126.995331097228743, 37.535081850922275 ], [ 126.995208737770014, 37.535122206080359 ], [ 126.995115084956169, 37.535196777907743 ], [ 126.995064396579096, 37.535294213599578 ], [ 126.995064389628396, 37.535399679511549 ], [ 126.995115065365496, 37.535497119414671 ], [ 126.995208709012601, 37.535571698910459 ], [ 126.995331064173314, 37.535612063866886 ], [ 126.99546350323989, 37.535612069028694 ], [ 126.99558586336174, 37.53557171361004 ], [ 126.995679516175755, 37.535497141414083 ], [ 126.995730203889934, 37.535399705461543 ], [ 126.995730209903002, 37.535294239549465 ], [ 126.995679533502738, 37.53519679990692 ], [ 126.995585889855477, 37.535122220779712 ] ] ], [ [ [ 126.986904184688584, 37.535811571417106 ], [ 126.986972516810923, 37.535905104513063 ], [ 126.98705127256558, 37.535956993917303 ], [ 126.987145856239266, 37.535987859370316 ], [ 126.9873114406263, 37.536010830627255 ], [ 126.987306956576731, 37.536133447360498 ], [ 126.987263189675332, 37.536251268503655 ], [ 126.987195841690607, 37.536342047609388 ], [ 126.987177496653985, 37.536448439502806 ], [ 126.987256431990119, 37.536688742640784 ], [ 126.987312582103357, 37.536752789641596 ], [ 126.987389386004864, 37.53680137665387 ], [ 126.987480429879497, 37.536830446205528 ], [ 126.987610738905431, 37.536834911447286 ], [ 126.987785494571071, 37.536777258465413 ], [ 126.987915880659301, 37.536756662711802 ], [ 126.988179488977394, 37.53681408208552 ], [ 126.988281378682885, 37.536815332294765 ], [ 126.988405364199934, 37.536786590928116 ], [ 126.98862973331957, 37.536763113064211 ], [ 126.988719040188641, 37.536723527967993 ], [ 126.988807633322253, 37.536641489600107 ], [ 126.98884872337878, 37.536538354909418 ], [ 126.988844082275023, 37.536457047056466 ], [ 126.988780877889965, 37.536323247879466 ], [ 126.988761138453029, 37.536236450634718 ], [ 126.988691361772368, 37.536142032577317 ], [ 126.988863879335781, 37.536059026182912 ], [ 126.98893362927511, 37.535999167472376 ], [ 126.988985986828666, 37.535898939770249 ], [ 126.988984604831018, 37.535790391304346 ], [ 126.988948102661027, 37.535714081008081 ], [ 126.988718945281235, 37.535391811186649 ], [ 126.988655328392483, 37.535327442772683 ], [ 126.988579693881206, 37.535279863265437 ], [ 126.988527871362251, 37.535153945504405 ], [ 126.988371602865982, 37.53503147496513 ], [ 126.988215288873661, 37.534995457815704 ], [ 126.987978544978517, 37.53503125735633 ], [ 126.987917821874845, 37.534958818961265 ], [ 126.987840128153294, 37.534909747241755 ], [ 126.987458959181794, 37.534770612706538 ], [ 126.987326566109729, 37.534770727734113 ], [ 126.987204299257016, 37.534811167378521 ], [ 126.987056786848257, 37.534933349981038 ], [ 126.986941054526824, 37.535182760037507 ], [ 126.986887397790412, 37.535704190129117 ], [ 126.986904184688584, 37.535811571417106 ] ] ], [ [ [ 127.012376303981867, 37.5376025928243 ], [ 127.012259491911266, 37.53755288874089 ], [ 127.012127685487471, 37.53754256488736 ], [ 127.012000950844254, 37.53757319296129 ], [ 127.011898582013245, 37.53764011016051 ], [ 127.011836163681437, 37.537733129026435 ], [ 127.011823198587038, 37.537838088346341 ], [ 127.011861660747499, 37.537939009030787 ], [ 127.011945694816561, 37.538020526775952 ], [ 127.012062507408515, 37.538070231165733 ], [ 127.012194314752151, 37.538080555090929 ], [ 127.012321050174833, 37.538049926811979 ], [ 127.012423419188352, 37.53798300925115 ], [ 127.012485836998806, 37.537889990078874 ], [ 127.012498801173365, 37.537785030687296 ], [ 127.012460338233439, 37.537684110207884 ], [ 127.012376303981867, 37.5376025928243 ] ] ], [ [ [ 127.00408984227866, 37.539692735510251 ], [ 127.004181375155667, 37.539728693629797 ], [ 127.004278726968749, 37.53974635271495 ], [ 127.005847149114231, 37.539975943821808 ], [ 127.005979529865698, 37.539974715903732 ], [ 127.006101252433083, 37.539933258029244 ], [ 127.006210598812459, 37.539834982971918 ], [ 127.006251151380766, 37.539725433683422 ], [ 127.006484629156546, 37.538574974394962 ], [ 127.006467809260783, 37.538472293998026 ], [ 127.006423781525712, 37.538402758731664 ], [ 127.006330109872806, 37.538330933945886 ], [ 127.006209397750254, 37.53829242591015 ], [ 127.005761665636712, 37.538225424311932 ], [ 127.005623856570892, 37.538238193569931 ], [ 127.005441321811176, 37.538230700590084 ], [ 127.004990472992887, 37.538109161247029 ], [ 127.004691996707024, 37.538060286992938 ], [ 127.004589288133232, 37.538061288967612 ], [ 127.00446181846651, 37.538100268191542 ], [ 127.004363950394534, 37.538176091096226 ], [ 127.004297205268173, 37.538291324011986 ], [ 127.004119584324087, 37.538779667440046 ], [ 127.003983128138941, 37.5392290706803 ], [ 127.00394803682299, 37.539404247811603 ], [ 127.003948795504357, 37.539513249048689 ], [ 127.003996330290036, 37.539614447096966 ], [ 127.00408984227866, 37.539692735510251 ] ] ], [ [ [ 127.001351343995978, 37.540818003037309 ], [ 127.001234534226398, 37.540768288075284 ], [ 127.001102723661646, 37.540757951922082 ], [ 127.000975979065927, 37.540788568147747 ], [ 127.000873595985922, 37.540855475753872 ], [ 127.000811161277852, 37.540948488742309 ], [ 127.000798180172993, 37.54105344679521 ], [ 127.00083662912624, 37.541154371016027 ], [ 127.00092065480213, 37.541235896562618 ], [ 127.001037465092807, 37.541285611831185 ], [ 127.001169276577471, 37.541295948056288 ], [ 127.001296021953024, 37.541265331625766 ], [ 127.001398405215937, 37.541198423658052 ], [ 127.001460839402924, 37.541105410363073 ], [ 127.001473819587886, 37.541000452238286 ], [ 127.001435369854804, 37.540899528222312 ], [ 127.001351343995978, 37.540818003037309 ] ] ], [ [ [ 127.003510449506905, 37.544829209241982 ], [ 127.00339363204526, 37.544779496449898 ], [ 127.003261814120535, 37.544769162714076 ], [ 127.003135063617322, 37.54479978123652 ], [ 127.003032676981718, 37.544866690669181 ], [ 127.002970241611223, 37.544959704735852 ], [ 127.002957262837967, 37.545064662954537 ], [ 127.002995716761987, 37.545165586403442 ], [ 127.003079749291032, 37.545247110357934 ], [ 127.003196567273946, 37.54529682345656 ], [ 127.003328386118767, 37.545307157264261 ], [ 127.0034551374019, 37.545276538536882 ], [ 127.003557524220398, 37.545209628742569 ], [ 127.003619959069653, 37.545116614369348 ], [ 127.003632936922813, 37.545011656078799 ], [ 127.00359448221883, 37.544910732834815 ], [ 127.003510449506905, 37.544829209241982 ] ] ], [ [ [ 126.989624232834672, 37.54507970068623 ], [ 126.989501865280772, 37.545039329880019 ], [ 126.989369409540373, 37.545039318029879 ], [ 126.989247030595862, 37.545079666939813 ], [ 126.989153359388297, 37.54515423391053 ], [ 126.989102656509843, 37.545251666876638 ], [ 126.989102641157842, 37.545357132608807 ], [ 126.989153315872869, 37.545454574905435 ], [ 126.989246966032752, 37.545529159003685 ], [ 126.989369334249716, 37.545569530070779 ], [ 126.98950179092823, 37.545569541921154 ], [ 126.989624170536359, 37.545529192750642 ], [ 126.989717841744323, 37.545454625411196 ], [ 126.989768543959698, 37.545357192184198 ], [ 126.989768558373584, 37.545251726451802 ], [ 126.989717882994938, 37.545154284415737 ], [ 126.989624232834672, 37.54507970068623 ] ] ], [ [ [ 126.982593159613273, 37.550254322699637 ], [ 126.982298895155864, 37.550125241751765 ], [ 126.982172827937092, 37.550103171765699 ], [ 126.982015698477539, 37.55013034880885 ], [ 126.981885752251188, 37.550219325661168 ], [ 126.981836792588581, 37.550151680109913 ], [ 126.981765196266068, 37.550097797582765 ], [ 126.981613009006722, 37.550050945039466 ], [ 126.981514507823903, 37.550052461149491 ], [ 126.981420700861392, 37.550076430868053 ], [ 126.98129578151422, 37.550160007241182 ], [ 126.981249967983132, 37.550229449627182 ], [ 126.981195395979171, 37.550401790116005 ], [ 126.981165034648598, 37.550615943891273 ], [ 126.981184153562381, 37.550758540013597 ], [ 126.98127587176505, 37.551089334072302 ], [ 126.981241984774627, 37.551338423769202 ], [ 126.98116931730894, 37.551435869548847 ], [ 126.980990601229877, 37.551560059849244 ], [ 126.980942849835685, 37.551629924193435 ], [ 126.980922706537726, 37.551707829207011 ], [ 126.980954072125897, 37.551837148419189 ], [ 126.981003758830965, 37.551902876752649 ], [ 126.981085565336443, 37.551967255889302 ], [ 126.98123140687899, 37.552025132678857 ], [ 126.981330236491729, 37.552033290353414 ], [ 126.981409442386166, 37.552022653481785 ], [ 126.981685345679793, 37.552139294958714 ], [ 126.981779616082349, 37.552152225650154 ], [ 126.981874674996718, 37.552143706599402 ], [ 126.982429022671141, 37.551953831026758 ], [ 126.982504387285317, 37.551900592416558 ], [ 126.982584657894947, 37.551804437522435 ], [ 126.982808957019159, 37.55170586968628 ], [ 126.982904360851933, 37.551594601085384 ], [ 126.983027780741679, 37.551512663854652 ], [ 126.98313431319275, 37.551345192628368 ], [ 126.983257265077796, 37.551204834555541 ], [ 126.983280447774021, 37.551127179473589 ], [ 126.983265494403184, 37.551021727950179 ], [ 126.983221149061279, 37.550950142746274 ], [ 126.983152477594743, 37.550891990209259 ], [ 126.982869501712358, 37.550749063331622 ], [ 126.982783288406466, 37.550642639052008 ], [ 126.982765340346944, 37.550565628813821 ], [ 126.982717841580026, 37.550493430446721 ], [ 126.982694621933277, 37.55036261043854 ], [ 126.982593159613273, 37.550254322699637 ] ] ], [ [ [ 126.978369883513309, 37.551781608934952 ], [ 126.978247511079516, 37.551741226510352 ], [ 126.978115043486923, 37.551741202032382 ], [ 126.977992647522242, 37.551781539227498 ], [ 126.977898956717596, 37.551856097179872 ], [ 126.977848234648505, 37.55195352519705 ], [ 126.977848203433908, 37.552058990803232 ], [ 126.977898868029371, 37.552156437816016 ], [ 126.977992515353506, 37.552231030754605 ], [ 126.978114888450278, 37.552271413440337 ], [ 126.978247356981285, 37.552271437918762 ], [ 126.978369753610124, 37.552231100463189 ], [ 126.978463444415596, 37.552156542141987 ], [ 126.978514165821665, 37.552059113863692 ], [ 126.978514196097834, 37.55195364825704 ], [ 126.978463530838241, 37.551856201504734 ], [ 126.978369883513309, 37.551781608934952 ] ] ] ] } }
]
}
