시설종류,기준,게이트_WKT
학교,폴리곤50m,"POLYGON ((126.981571 37.546887, 126.981623 37.546876, 126.981675 37.54686, 126.981725 37.546841, 126.981772 37.546818, 126.981816 37.546791, 126.981856 37.546761, 126.981893 37.546728, 126.981925 37.546692, 126.981953 37.546654, 126.981976 37.546614, 126.981994 37.546572, 126.982033 37.546465, 126.982034 37.546465, 126.982036 37.54646, 126.982049 37.546415, 126.982056 37.54637, 126.982058 37.546325, 126.982054 37.54628, 126.982044 37.546235, 126.982028 37.546191, 126.982007 37.546149, 126.981981 37.546108, 126.98195 37.54607, 126.981914 37.546035, 126.981874 37.546003, 126.98183 37.545974, 126.981783 37.545948, 126.981733 37.545927, 126.98168 37.54591, 126.981625 37.545897, 126.981569 37.545888, 126.981559 37.545887, 126.981553 37.545887, 126.981236 37.545855, 126.981074 37.545834, 126.981058 37.545833, 126.980662 37.545792, 126.980607 37.545788, 126.980552 37.545789, 126.980498 37.545794, 126.980445 37.545803, 126.980392 37.545816, 126.980342 37.545833, 126.980294 37.545854, 126.980249 37.545878, 126.980207 37.545906, 126.980168 37.545937, 126.980134 37.545971, 126.980103 37.546007, 126.980077 37.546046, 126.980056 37.546086, 126.98004 37.546128, 126.98003 37.54617, 126.980024 37.546214, 126.980024 37.546257, 126.980029 37.546301, 126.980039 37.546344, 126.980054 37.546385, 126.980074 37.546426, 126.9801 37.546465, 126.980129 37.546501, 126.980163 37.546535, 126.980201 37.546567, 126.980243 37.546595, 126.980389 37.546685, 126.980486 37.546762, 126.980538 37.546812, 126.980578 37.546845, 126.980622 37.546875, 126.980669 37.546902, 126.98072 37.546924, 126.980773 37.546943, 126.980828 37.546956, 126.980885 37.546966, 126.980942 37.54697, 126.980957 37.546971, 126.981045 37.546974, 126.981119 37.546973, 126.981208 37.546968, 126.981215 37.546967, 126.981292 37.546961, 126.981356 37.546954, 126.981418 37.54694, 126.981477 37.546921, 126.981571 37.546887))"
학교,폴리곤50m,"POLYGON ((126.980943 37.546295, 126.980936 37.546339, 126.980934 37.546383, 126.980937 37.546427, 126.980946 37.546471, 126.980961 37.546514, 126.98098 37.546555, 126.981005 37.546595, 126.981034 37.546633, 126.981068 37.546668, 126.981107 37.5467, 126.981148 37.546729, 126.981194 37.546755, 126.981242 37.546777, 126.981293 37.546795, 126.981346 37.54681, 126.9814 37.546819, 126.981455 37.546825, 126.981468 37.546826, 126.981522 37.546827, 126.981577 37.546824, 126.98163 37.546817, 126.981683 37.546806, 126.981734 37.546791, 126.981783 37.546772, 126.981829 37.54675, 126.981873 37.546724, 126.981913 37.546695, 126.981949 37.546663, 126.981982 37.546628, 126.98201 37.546591, 126.982034 37.546552, 126.982052 37.546511, 126.982066 37.54647, 126.982068 37.546463, 126.982076 37.546419, 126.98208 37.546375, 126.982078 37.546331, 126.98207 37.546287, 126.982057 37.546244, 126.982039 37.546202, 126.982015 37.546161, 126.981987 37.546123, 126.981954 37.546087, 126.981917 37.546054, 126.981876 37.546024, 126.981832 37.545998, 126.981784 37.545975, 126.981734 37.545955, 126.981681 37.54594, 126.981669 37.545937, 126.981614 37.545926, 126.981559 37.545919, 126.981503 37.545917, 126.981447 37.545919, 126.981391 37.545925, 126.981336 37.545936, 126.981284 37.545952, 126.981233 37.545971, 126.981185 37.545994, 126.98114 37.546021, 126.981098 37.546051, 126.981061 37.546084, 126.981028 37.546121, 126.981 37.546159, 126.980976 37.5462, 126.980958 37.546242, 126.980945 37.546286, 126.980943 37.546295))"
학교,폴리곤50m,"POLYGON ((126.980973 37.547029, 126.981016 37.547036, 126.98106 37.54704, 126.981091 37.547042, 126.981121 37.547043, 126.981144 37.547043, 126.981201 37.547042, 126.981264 37.547038, 126.981312 37.547033, 126.981359 37.547025, 126.981406 37.547014, 126.981412 37.547013, 126.981476 37.546997, 126.981504 37.546989, 126.981526 37.546983, 126.981607 37.54696, 126.981635 37.546951, 126.981691 37.546933, 126.981745 37.546912, 126.981796 37.546887, 126.981844 37.546858, 126.981887 37.546825, 126.981926 37.546789, 126.98196 37.54675, 126.981966 37.546741, 126.981995 37.546698, 126.982018 37.546652, 126.982034 37.546605, 126.982044 37.546556, 126.982059 37.546443, 126.982064 37.546426, 126.982072 37.546383, 126.982075 37.54634, 126.982073 37.546296, 126.982065 37.546254, 126.982053 37.546211, 126.982035 37.546171, 126.982013 37.546131, 126.981986 37.546094, 126.981954 37.546058, 126.981919 37.546026, 126.981879 37.545996, 126.981837 37.545969, 126.981791 37.545946, 126.981743 37.545926, 126.981692 37.54591, 126.98164 37.545898, 126.981586 37.54589, 126.981569 37.545888, 126.981515 37.545884, 126.981462 37.545885, 126.981408 37.545889, 126.981355 37.545897, 126.981304 37.54591, 126.981254 37.545926, 126.981206 37.545946, 126.981161 37.545969, 126.981119 37.545996, 126.981081 37.546025, 126.981046 37.546058, 126.981033 37.546072, 126.981013 37.546071, 126.980998 37.54607, 126.980943 37.54607, 126.980889 37.546075, 126.980835 37.546083, 126.980783 37.546095, 126.980732 37.546112, 126.980684 37.546132, 126.980638 37.546155, 126.980596 37.546183, 126.980556 37.546213, 126.980521 37.546246, 126.98049 37.546282, 126.980463 37.54632, 126.980441 37.54636, 126.980424 37.546401, 126.980413 37.546444, 126.980406 37.546487, 126.980404 37.54653, 126.980408 37.546574, 126.980417 37.546616, 126.980432 37.546658, 126.980451 37.546699, 126.980475 37.546738, 126.98049 37.54676, 126.980494 37.546766, 126.980523 37.546804, 126.980557 37.546838, 126.980594 37.54687, 126.980635 37.546899, 126.980662 37.546917, 126.980702 37.54694, 126.980744 37.54696, 126.98078 37.546976, 126.980826 37.546994, 126.980874 37.547009, 126.980923 37.54702, 126.980973 37.547029))"
학교,폴리곤50m,"POLYGON ((126.975769 37.546194, 126.975715 37.546203, 126.975663 37.546216, 126.975612 37.546234, 126.975564 37.546255, 126.975519 37.54628, 126.975477 37.546308, 126.975438 37.54634, 126.975404 37.546374, 126.975374 37.546411, 126.975348 37.54645, 126.975328 37.546491, 126.975312 37.546533, 126.975302 37.546576, 126.975297 37.54662, 126.975298 37.546664, 126.975304 37.546707, 126.975315 37.54675, 126.975331 37.546792, 126.975352 37.546833, 126.975379 37.546871, 126.975409 37.546908, 126.975445 37.546941, 126.975484 37.546972, 126.975526 37.547, 126.975572 37.547025, 126.975621 37.547045, 126.975672 37.547062, 126.975725 37.547075, 126.975779 37.547083, 126.975909 37.547099, 126.975911 37.547099, 126.976004 37.54711, 126.97606 37.547114, 126.976117 37.547114, 126.976173 37.54711, 126.976228 37.547101, 126.976282 37.547087, 126.976333 37.54707, 126.976383 37.547048, 126.97654 37.546971, 126.976586 37.546946, 126.976629 37.546917, 126.976668 37.546886, 126.976703 37.546851, 126.976733 37.546814, 126.976758 37.546775, 126.976779 37.546733, 126.976795 37.546691, 126.976805 37.546647, 126.976809 37.546603, 126.976809 37.546559, 126.976802 37.546515, 126.976791 37.546471, 126.976774 37.546429, 126.976752 37.546388, 126.976725 37.54635, 126.976693 37.546313, 126.976657 37.546279, 126.976617 37.546249, 126.976574 37.546221, 126.976527 37.546197, 126.976477 37.546177, 126.976425 37.546161, 126.976372 37.546148, 126.976317 37.54614, 126.976262 37.546137, 126.976206 37.546138, 126.976151 37.546143, 126.975769 37.546194))"
학교,폴리곤50m,"POLYGON ((126.976191 37.545733, 126.976186 37.545734, 126.976135 37.54575, 126.976086 37.545771, 126.97604 37.545796, 126.975997 37.545824, 126.975958 37.545855, 126.975923 37.545889, 126.975892 37.545925, 126.975866 37.545964, 126.975844 37.546005, 126.975828 37.546047, 126.975817 37.54609, 126.975809 37.546129, 126.975782 37.546264, 126.975781 37.54627, 126.975768 37.546341, 126.975754 37.54641, 126.975752 37.546419, 126.975738 37.546498, 126.975733 37.546542, 126.975734 37.546586, 126.97574 37.54663, 126.975751 37.546674, 126.975768 37.546716, 126.97579 37.546757, 126.975816 37.546796, 126.975847 37.546832, 126.975883 37.546866, 126.975923 37.546897, 126.975966 37.546925, 126.976013 37.546949, 126.976062 37.546969, 126.976113 37.546986, 126.976167 37.546998, 126.976221 37.547007, 126.976277 37.547011, 126.976332 37.54701, 126.976388 37.547005, 126.976442 37.546996, 126.976495 37.546983, 126.976546 37.546965, 126.976595 37.546944, 126.976599 37.546942, 126.976645 37.546917, 126.976687 37.546889, 126.976725 37.546858, 126.97676 37.546824, 126.97679 37.546788, 126.976815 37.546749, 126.976836 37.546709, 126.976852 37.546667, 126.976863 37.546625, 126.976877 37.54655, 126.976877 37.546547, 126.976885 37.546542, 126.976925 37.546514, 126.976963 37.546483, 126.976996 37.546449, 126.977003 37.546441, 126.977012 37.546436, 126.977053 37.546407, 126.97709 37.546376, 126.977124 37.546342, 126.977153 37.546305, 126.977177 37.546266, 126.977197 37.546226, 126.977212 37.546184, 126.977213 37.546181, 126.977223 37.546138, 126.977227 37.546093, 126.977226 37.546049, 126.977219 37.546004, 126.977207 37.545961, 126.97719 37.545918, 126.977167 37.545878, 126.97714 37.545839, 126.977107 37.545802, 126.977071 37.545769, 126.97703 37.545738, 126.976986 37.545711, 126.976939 37.545687, 126.976888 37.545667, 126.976836 37.545651, 126.976782 37.54564, 126.976693 37.545624, 126.976637 37.545617, 126.976581 37.545614, 126.976524 37.545615, 126.976468 37.545621, 126.976413 37.545632, 126.97636 37.545647, 126.976309 37.545666, 126.97626 37.545689, 126.976215 37.545715, 126.976191 37.545733))"
학교,폴리곤50m,"POLYGON ((126.974888 37.546863, 126.975087 37.546937, 126.975104 37.546943, 126.97519 37.546973, 126.97524 37.546987, 126.975273 37.547002, 126.975326 37.54702, 126.975382 37.547034, 126.975438 37.547043, 126.975779 37.547083, 126.975838 37.547088, 126.975897 37.547088, 126.975956 37.547082, 126.976337 37.547032, 126.976391 37.547022, 126.976442 37.547009, 126.976493 37.546992, 126.97654 37.546971, 126.976595 37.546944, 126.976641 37.546919, 126.976683 37.546891, 126.976722 37.546859, 126.976757 37.546825, 126.976787 37.546788, 126.976813 37.546749, 126.976833 37.546708, 126.976849 37.546666, 126.976859 37.546623, 126.976872 37.546552, 126.976893 37.546548, 126.976947 37.546532, 126.976998 37.546512, 126.977047 37.546488, 126.977092 37.546461, 126.977134 37.546429, 126.977172 37.546395, 126.977204 37.546358, 126.977232 37.546318, 126.977255 37.546276, 126.977273 37.546233, 126.977285 37.546189, 126.977305 37.546091, 126.977307 37.546074, 126.977308 37.546069, 126.977316 37.546035, 126.977319 37.546016, 126.977319 37.546016, 126.977327 37.545977, 126.977328 37.545973, 126.977346 37.545883, 126.977353 37.54584, 126.977354 37.545797, 126.97735 37.545754, 126.97734 37.545711, 126.977326 37.54567, 126.977307 37.545629, 126.977283 37.54559, 126.977254 37.545554, 126.977221 37.545519, 126.977184 37.545488, 126.977144 37.545459, 126.9771 37.545433, 126.977053 37.545411, 126.977004 37.545393, 126.976953 37.545378, 126.9769 37.545368, 126.976573 37.545315, 126.976424 37.545291, 126.976408 37.545288, 126.976247 37.545265, 126.976233 37.545263, 126.976164 37.545255, 126.976158 37.545254, 126.975938 37.545229, 126.975832 37.545214, 126.975721 37.545198, 126.975716 37.545197, 126.975425 37.545157, 126.975276 37.545136, 126.975224 37.545131, 126.975171 37.545129, 126.975118 37.545132, 126.975066 37.545138, 126.975015 37.545148, 126.975008 37.54515, 126.974949 37.545167, 126.974893 37.545189, 126.974841 37.545215, 126.97481 37.545233, 126.974766 37.545261, 126.974726 37.545291, 126.97469 37.545325, 126.974659 37.545361, 126.974632 37.5454, 126.97461 37.545441, 126.974593 37.545483, 126.974581 37.545526, 126.97456 37.545627, 126.974557 37.545642, 126.974524 37.545846, 126.974522 37.545854, 126.974519 37.545868, 126.974494 37.545993, 126.97449 37.546016, 126.974489 37.546023, 126.974431 37.546343, 126.974426 37.546387, 126.974426 37.54643, 126.974431 37.546474, 126.974442 37.546516, 126.974458 37.546558, 126.974478 37.546598, 126.974504 37.546637, 126.974534 37.546673, 126.974568 37.546707, 126.974606 37.546738, 126.974648 37.546766, 126.974693 37.546791, 126.974741 37.546812, 126.974754 37.546817, 126.974764 37.546821, 126.974824 37.546843, 126.974888 37.546863))"
학교,폴리곤50m,"POLYGON ((126.975416 37.547475, 126.975414 37.547498, 126.975411 37.54754, 126.975414 37.547582, 126.975421 37.547624, 126.975441 37.547705, 126.97545 37.547738, 126.975463 37.54777, 126.975489 37.547829, 126.975508 37.547867, 126.975532 37.547904, 126.97556 37.547939, 126.975582 37.547964, 126.975595 37.54798, 126.975615 37.548005, 126.97562 37.548011, 126.975651 37.548049, 126.975687 37.548083, 126.975727 37.548115, 126.97577 37.548143, 126.975775 37.548146, 126.975818 37.548169, 126.975863 37.548188, 126.97591 37.548204, 126.975958 37.548217, 126.976008 37.548226, 126.976059 37.548232, 126.976124 37.548237, 126.976524 37.54827, 126.976876 37.5483, 126.976932 37.548303, 126.976987 37.548301, 126.977042 37.548295, 126.977097 37.548285, 126.977149 37.54827, 126.977199 37.548252, 126.977247 37.548229, 126.977292 37.548203, 126.977334 37.548174, 126.977356 37.548156, 126.977388 37.548133, 126.977391 37.548132, 126.977447 37.548091, 126.977498 37.548055, 126.977525 37.548039, 126.977533 37.548034, 126.977564 37.548014, 126.9776 37.54799, 126.977632 37.547964, 126.977635 37.547961, 126.977635 37.547961, 126.977647 37.54795, 126.977667 37.547934, 126.977676 37.547927, 126.977728 37.547882, 126.977764 37.547847, 126.977796 37.54781, 126.977823 37.547771, 126.977845 37.54773, 126.977861 37.547687, 126.977873 37.547643, 126.977881 37.547601, 126.977883 37.54759, 126.977895 37.547508, 126.977916 37.54749, 126.977949 37.547455, 126.977978 37.547418, 126.978002 37.547378, 126.978021 37.547337, 126.978034 37.547294, 126.978043 37.547251, 126.978055 37.547161, 126.978058 37.547124, 126.978057 37.547087, 126.978056 37.547067, 126.978054 37.547048, 126.978051 37.54703, 126.978044 37.546993, 126.978034 37.546956, 126.978023 37.546926, 126.978003 37.546878, 126.977975 37.546831, 126.977941 37.546787, 126.977926 37.54677, 126.977908 37.546751, 126.977839 37.546681, 126.977815 37.546659, 126.977748 37.5466, 126.977736 37.546579, 126.977706 37.546539, 126.977657 37.546481, 126.977617 37.546435, 126.977586 37.546401, 126.97755 37.54637, 126.977512 37.546342, 126.977469 37.546317, 126.977425 37.546294, 126.977377 37.546276, 126.977328 37.546261, 126.977278 37.546249, 126.977226 37.546242, 126.977123 37.546231, 126.977116 37.54623, 126.977113 37.546229, 126.977075 37.546225, 126.977063 37.546223, 126.976753 37.546189, 126.976714 37.546186, 126.976703 37.546185, 126.976607 37.546173, 126.976607 37.546173, 126.976407 37.54615, 126.976353 37.546145, 126.976298 37.546145, 126.976244 37.546149, 126.976191 37.546157, 126.976139 37.546169, 126.976088 37.546186, 126.97604 37.546205, 126.975995 37.546229, 126.975952 37.546256, 126.975886 37.546302, 126.975778 37.546376, 126.975733 37.546412, 126.975718 37.546425, 126.975685 37.546456, 126.975656 37.546489, 126.975631 37.546524, 126.97561 37.546561, 126.975593 37.5466, 126.975581 37.546639, 126.975547 37.546769, 126.975545 37.546776, 126.975545 37.546777, 126.975526 37.546817, 126.975511 37.546859, 126.975501 37.546902, 126.9755 37.546911, 126.975495 37.546956, 126.975496 37.546978, 126.975473 37.547049, 126.975461 37.547099, 126.975456 37.54715, 126.975454 37.547214, 126.975434 37.547256, 126.975419 37.5473, 126.97541 37.547345, 126.975407 37.54739, 126.975409 37.547435, 126.975416 37.547475))"
학교,폴리곤50m,"POLYGON ((126.975765 37.548114, 126.97581 37.548139, 126.975858 37.54816, 126.975908 37.548177, 126.97596 37.548191, 126.976014 37.5482, 126.976068 37.548205, 126.976123 37.548206, 126.976178 37.548202, 126.976232 37.548195, 126.976284 37.548183, 126.976336 37.548167, 126.976384 37.548148, 126.976431 37.548124, 126.976474 37.548098, 126.976488 37.548089, 126.976528 37.548058, 126.976564 37.548025, 126.976596 37.54799, 126.976623 37.547952, 126.976646 37.547912, 126.976664 37.54787, 126.976676 37.547827, 126.976684 37.547784, 126.976686 37.54774, 126.976682 37.547696, 126.976673 37.547653, 126.976659 37.54761, 126.97664 37.547569, 126.976616 37.54753, 126.976587 37.547492, 126.976554 37.547457, 126.976517 37.547425, 126.976476 37.547396, 126.976431 37.54737, 126.976384 37.547348, 126.976334 37.547329, 126.976282 37.547315, 126.976228 37.547304, 126.976174 37.547298, 126.976119 37.547296, 126.97609 37.547296, 126.976034 37.547298, 126.975978 37.547305, 126.975924 37.547316, 126.975871 37.547331, 126.97582 37.547351, 126.975772 37.547374, 126.975727 37.547401, 126.975686 37.547432, 126.975649 37.547466, 126.975616 37.547502, 126.975588 37.547541, 126.975564 37.547582, 126.975547 37.547624, 126.975534 37.547668, 126.975527 37.547713, 126.975526 37.547758, 126.97553 37.547802, 126.97554 37.547847, 126.975555 37.54789, 126.975576 37.547932, 126.975601 37.547971, 126.975632 37.548009, 126.975667 37.548044, 126.975706 37.548076, 126.97575 37.548105, 126.975765 37.548114))"
학교,폴리곤50m,"POLYGON ((126.9816 37.550246, 126.981573 37.550285, 126.981552 37.550327, 126.981535 37.55037, 126.981524 37.550414, 126.981519 37.550459, 126.981519 37.550504, 126.981525 37.550548, 126.981537 37.550592, 126.981554 37.550635, 126.981576 37.550676, 126.981603 37.550716, 126.981635 37.550753, 126.981672 37.550787, 126.981713 37.550818, 126.981753 37.550843, 126.981782 37.550865, 126.981826 37.550892, 126.981872 37.550915, 126.981922 37.550935, 126.981959 37.550948, 126.982074 37.550988, 126.982125 37.551003, 126.982179 37.551015, 126.982233 37.551022, 126.982288 37.551025, 126.982343 37.551024, 126.982398 37.551019, 126.982452 37.551009, 126.982504 37.550996, 126.982555 37.550978, 126.982603 37.550956, 126.982648 37.550931, 126.98269 37.550902, 126.982728 37.550871, 126.982762 37.550836, 126.982792 37.550799, 126.982871 37.550689, 126.982897 37.550649, 126.982918 37.550606, 126.982933 37.550562, 126.982942 37.550517, 126.982946 37.550472, 126.982944 37.550427, 126.982936 37.550382, 126.982923 37.550337, 126.982904 37.550294, 126.98288 37.550253, 126.98285 37.550214, 126.982816 37.550178, 126.982778 37.550144, 126.982735 37.550114, 126.982689 37.550087, 126.982639 37.550064, 126.982638 37.550064, 126.982539 37.550023, 126.982437 37.549979, 126.982389 37.54996, 126.982338 37.549945, 126.982286 37.549933, 126.982232 37.549926, 126.982179 37.549923, 126.982124 37.549924, 126.982071 37.549929, 126.982018 37.549938, 126.981966 37.549951, 126.981917 37.549968, 126.981869 37.549989, 126.981824 37.550013, 126.981783 37.550041, 126.981745 37.550071, 126.98171 37.550104, 126.98168 37.55014, 126.981611 37.550231, 126.9816 37.550246))"
학교,폴리곤50m,"POLYGON ((126.98105 37.551096, 126.981048 37.551113, 126.981047 37.551128, 126.981045 37.551153, 126.981044 37.5512, 126.981049 37.551246, 126.98106 37.551292, 126.981076 37.551337, 126.981099 37.55138, 126.981127 37.551421, 126.98116 37.551459, 126.981198 37.551495, 126.981384 37.551653, 126.981388 37.551656, 126.981393 37.55166, 126.981432 37.551694, 126.981552 37.551797, 126.981554 37.551799, 126.981744 37.551962, 126.981745 37.551962, 126.981812 37.552019, 126.981814 37.552021, 126.981833 37.552037, 126.981873 37.552068, 126.981918 37.552095, 126.981965 37.552119, 126.982015 37.552139, 126.982068 37.552155, 126.982122 37.552167, 126.982177 37.552175, 126.982233 37.552178, 126.982289 37.552176, 126.982345 37.552171, 126.9824 37.55216, 126.982453 37.552146, 126.982504 37.552127, 126.982552 37.552105, 126.982598 37.552079, 126.98264 37.552049, 126.982678 37.552016, 126.982712 37.55198, 126.982739 37.551945, 126.982828 37.551911, 126.982875 37.55189, 126.982919 37.551867, 126.982961 37.551839, 126.982999 37.551809, 126.983033 37.551776, 126.983063 37.551741, 126.983077 37.551722, 126.983094 37.551713, 126.983136 37.551685, 126.983175 37.551654, 126.98321 37.55162, 126.98324 37.551583, 126.983266 37.551545, 126.983327 37.551442, 126.983383 37.551387, 126.983416 37.551351, 126.983444 37.551312, 126.983467 37.551272, 126.983486 37.55123, 126.983498 37.551187, 126.983506 37.551143, 126.983508 37.551098, 126.983504 37.551054, 126.983495 37.55101, 126.983481 37.550967, 126.983461 37.550925, 126.983437 37.550885, 126.983407 37.550847, 126.983373 37.550812, 126.983335 37.55078, 126.983293 37.550751, 126.983281 37.550743, 126.983245 37.550723, 126.983146 37.55067, 126.983116 37.550655, 126.98304 37.55062, 126.98304 37.550619, 126.983014 37.550588, 126.983 37.550573, 126.982995 37.550551, 126.982979 37.550507, 126.982958 37.550465, 126.982931 37.550424, 126.9829 37.550386, 126.982874 37.550358, 126.982834 37.55032, 126.982789 37.550285, 126.98274 37.550255, 126.982687 37.550229, 126.98257 37.550178, 126.982528 37.550162, 126.982524 37.550161, 126.982495 37.550139, 126.982451 37.550112, 126.982404 37.550089, 126.982355 37.55007, 126.982303 37.550054, 126.98225 37.550043, 126.982196 37.550035, 126.982151 37.550031, 126.982151 37.550032, 126.982123 37.550029, 126.982067 37.550027, 126.982012 37.550031, 126.982005 37.550031, 126.981978 37.550007, 126.981939 37.549977, 126.981895 37.54995, 126.981849 37.549927, 126.9818 37.549907, 126.981748 37.549892, 126.981696 37.54988, 126.981642 37.549872, 126.981587 37.549869, 126.981532 37.54987, 126.981477 37.549875, 126.981424 37.549884, 126.981371 37.549897, 126.981321 37.549915, 126.981273 37.549936, 126.981228 37.549961, 126.981186 37.549989, 126.981147 37.55002, 126.981113 37.550054, 126.981083 37.55009, 126.981057 37.550129, 126.981036 37.55017, 126.981021 37.550212, 126.980989 37.550315, 126.980988 37.550317, 126.980975 37.55036, 126.980966 37.550399, 126.980949 37.550491, 126.980943 37.550536, 126.980939 37.550608, 126.980939 37.550649, 126.980944 37.550691, 126.98096 37.550783, 126.980971 37.550829, 126.981034 37.551034, 126.981043 37.551069, 126.981044 37.551071, 126.98105 37.551096))"
학교,폴리곤50m,"POLYGON ((126.974425 37.546162, 126.974411 37.54619, 126.974396 37.546232, 126.974386 37.546276, 126.974377 37.546329, 126.974373 37.546372, 126.974374 37.546415, 126.97438 37.546458, 126.974391 37.5465, 126.974407 37.546541, 126.974428 37.546581, 126.974453 37.546619, 126.974483 37.546655, 126.974517 37.546688, 126.974555 37.546719, 126.974597 37.546746, 126.974641 37.546771, 126.974689 37.546791, 126.974741 37.546812, 126.974793 37.54683, 126.974846 37.546843, 126.974901 37.546853, 126.974957 37.546857, 126.975013 37.546858, 126.975069 37.546854, 126.975124 37.546846, 126.975178 37.546833, 126.97523 37.546816, 126.975279 37.546795, 126.975326 37.546771, 126.97537 37.546743, 126.975409 37.546711, 126.975445 37.546677, 126.975476 37.546639, 126.975503 37.5466, 126.975524 37.546559, 126.97554 37.546516, 126.975551 37.546472, 126.975611 37.546143, 126.975613 37.546125, 126.975614 37.546122, 126.975635 37.546016, 126.975638 37.546002, 126.975644 37.545976, 126.975675 37.545785, 126.975676 37.545783, 126.975699 37.545743, 126.975716 37.545702, 126.975728 37.545659, 126.975735 37.545616, 126.975736 37.545572, 126.975732 37.545529, 126.975723 37.545485, 126.975709 37.545443, 126.97569 37.545402, 126.975666 37.545363, 126.975637 37.545326, 126.975604 37.545291, 126.975566 37.545259, 126.975525 37.54523, 126.975481 37.545205, 126.975434 37.545183, 126.975384 37.545164, 126.975332 37.54515, 126.975279 37.545139, 126.975225 37.545133, 126.97517 37.545131, 126.975115 37.545133, 126.97509 37.545136, 126.975073 37.545136, 126.975018 37.545141, 126.974964 37.545149, 126.974911 37.545162, 126.97486 37.545179, 126.974812 37.5452, 126.974766 37.545224, 126.974724 37.545252, 126.974685 37.545283, 126.97465 37.545317, 126.974619 37.545354, 126.974593 37.545392, 126.974572 37.545433, 126.974555 37.545475, 126.974544 37.545518, 126.97453 37.545592, 126.97453 37.545595, 126.974476 37.545888, 126.974425 37.546162))"
학교,폴리곤50m,"POLYGON ((126.976623 37.546459, 126.976677 37.546466, 126.976732 37.54647, 126.976786 37.546469, 126.976841 37.546463, 126.976894 37.546454, 126.976946 37.546441, 126.976996 37.546423, 126.977044 37.546402, 126.977089 37.546377, 126.977131 37.546349, 126.977169 37.546318, 126.977204 37.546284, 126.977234 37.546248, 126.977259 37.546209, 126.97728 37.546169, 126.977295 37.546127, 126.977306 37.546084, 126.977311 37.546054, 126.977317 37.546011, 126.977317 37.545967, 126.977311 37.545924, 126.977301 37.545882, 126.977285 37.54584, 126.977265 37.5458, 126.97724 37.545762, 126.97721 37.545725, 126.977176 37.545692, 126.977139 37.54566, 126.977097 37.545632, 126.977053 37.545608, 126.977005 37.545586, 126.976956 37.545569, 126.976904 37.545555, 126.976851 37.545545, 126.976797 37.54554, 126.976743 37.545539, 126.976688 37.545541, 126.976635 37.545548, 126.976618 37.545551, 126.976566 37.545562, 126.976515 37.545576, 126.976467 37.545595, 126.976421 37.545617, 126.976377 37.545642, 126.976337 37.545671, 126.976301 37.545703, 126.976268 37.545737, 126.97624 37.545773, 126.976216 37.545812, 126.976203 37.545835, 126.976184 37.545876, 126.976169 37.545919, 126.97616 37.545962, 126.976156 37.546006, 126.976158 37.54605, 126.976165 37.546094, 126.976177 37.546137, 126.976195 37.546179, 126.976218 37.546219, 126.976245 37.546257, 126.976277 37.546293, 126.976314 37.546327, 126.976354 37.546357, 126.976398 37.546384, 126.976444 37.546408, 126.976494 37.546427, 126.976546 37.546443, 126.976599 37.546455, 126.976623 37.546459))"
학교,폴리곤50m,"POLYGON ((126.981022 37.551295, 126.981008 37.551309, 126.981006 37.55131, 126.980976 37.551334, 126.980975 37.551334, 126.980929 37.551359, 126.980885 37.551386, 126.980846 37.551418, 126.98081 37.551452, 126.980779 37.551488, 126.980752 37.551527, 126.98073 37.551568, 126.980714 37.55161, 126.980703 37.551654, 126.980697 37.551698, 126.980696 37.551742, 126.980702 37.551786, 126.980712 37.55183, 126.980728 37.551872, 126.980749 37.551913, 126.980775 37.551953, 126.980787 37.551969, 126.980824 37.552012, 126.980866 37.552052, 126.980878 37.552061, 126.980914 37.552088, 126.980952 37.552113, 126.980993 37.552134, 126.981023 37.552149, 126.981071 37.55217, 126.981122 37.552187, 126.981175 37.5522, 126.98123 37.552209, 126.981285 37.552213, 126.98134 37.552213, 126.981369 37.552211, 126.981391 37.552221, 126.98147 37.552256, 126.981475 37.552259, 126.981518 37.552277, 126.981566 37.552296, 126.981616 37.552311, 126.981667 37.552322, 126.98172 37.552329, 126.981773 37.552332, 126.981826 37.552332, 126.981879 37.552327, 126.981931 37.552318, 126.981982 37.552306, 126.982032 37.552289, 126.982131 37.552252, 126.982133 37.552251, 126.98241 37.552145, 126.982451 37.552128, 126.98251 37.552101, 126.982557 37.552076, 126.982601 37.552048, 126.982642 37.552017, 126.982678 37.551982, 126.982709 37.551945, 126.982736 37.551905, 126.982758 37.551864, 126.982774 37.551821, 126.982785 37.551777, 126.98279 37.551732, 126.98279 37.551687, 126.982784 37.551643, 126.982773 37.551599, 126.982756 37.551556, 126.982734 37.551515, 126.982707 37.551475, 126.982675 37.551438, 126.982639 37.551404, 126.982572 37.551348, 126.982384 37.551186, 126.982263 37.551082, 126.98226 37.551079, 126.982219 37.551045, 126.98218 37.551014, 126.982137 37.550987, 126.982091 37.550963, 126.982042 37.550943, 126.981992 37.550927, 126.981939 37.550915, 126.981885 37.550906, 126.981831 37.550902, 126.981776 37.550903, 126.981721 37.550907, 126.981668 37.550916, 126.981615 37.550928, 126.981564 37.550945, 126.981516 37.550966, 126.98147 37.55099, 126.981216 37.55114, 126.981207 37.551145, 126.981161 37.551173, 126.981161 37.551173, 126.981157 37.551175, 126.981111 37.551207, 126.981069 37.551242, 126.981032 37.551281, 126.981022 37.551295))"
학교,폴리곤50m,"POLYGON ((126.980996 37.551334, 126.980975 37.551375, 126.980958 37.551418, 126.980947 37.551461, 126.980941 37.551506, 126.980941 37.551551, 126.980946 37.551595, 126.980957 37.551639, 126.980973 37.551681, 126.980994 37.551723, 126.981021 37.551762, 126.981052 37.551799, 126.981088 37.551834, 126.981128 37.551865, 126.981171 37.551893, 126.981218 37.551918, 126.981268 37.551939, 126.981319 37.551955, 126.981373 37.551968, 126.981428 37.551976, 126.981484 37.55198, 126.98154 37.55198, 126.981596 37.551975, 126.981651 37.551965, 126.981704 37.551952, 126.981756 37.551934, 126.981805 37.551913, 126.981851 37.551887, 126.981892 37.551862, 126.982142 37.551715, 126.982185 37.551687, 126.982225 37.551656, 126.98226 37.551621, 126.982291 37.551585, 126.982317 37.551546, 126.982339 37.551505, 126.982355 37.551462, 126.982366 37.551419, 126.982371 37.551375, 126.982371 37.55133, 126.982366 37.551286, 126.982355 37.551243, 126.982339 37.5512, 126.982317 37.551159, 126.982291 37.55112, 126.98226 37.551083, 126.982225 37.551049, 126.982218 37.551043, 126.982211 37.551037, 126.982021 37.550877, 126.981981 37.550846, 126.981937 37.550819, 126.981891 37.550795, 126.981841 37.550775, 126.981789 37.550759, 126.981736 37.550747, 126.981681 37.550739, 126.981625 37.550736, 126.98157 37.550737, 126.981514 37.550742, 126.98146 37.550752, 126.981407 37.550765, 126.981356 37.550783, 126.981308 37.550805, 126.981262 37.55083, 126.98122 37.550859, 126.981182 37.550891, 126.981147 37.550926, 126.981118 37.550964, 126.981092 37.551003, 126.981072 37.551044, 126.981058 37.551087, 126.981048 37.551131, 126.981028 37.551258, 126.981022 37.551292, 126.981006 37.551317, 126.980996 37.551334))"
학교,폴리곤50m,"POLYGON ((126.981048 37.551118, 126.981049 37.551161, 126.981055 37.551205, 126.981066 37.551247, 126.981082 37.551289, 126.981104 37.551329, 126.98113 37.551367, 126.98116 37.551403, 126.981195 37.551437, 126.981234 37.551468, 126.981276 37.551495, 126.981322 37.551519, 126.98137 37.55154, 126.98142 37.551557, 126.981473 37.55157, 126.981526 37.551579, 126.981581 37.551583, 126.981635 37.551584, 126.98169 37.55158, 126.981744 37.551572, 126.981796 37.55156, 126.981847 37.551544, 126.981896 37.551524, 126.981942 37.5515, 126.981985 37.551473, 126.982024 37.551443, 126.98206 37.55141, 126.982166 37.551302, 126.982198 37.551265, 126.982226 37.551227, 126.982248 37.551187, 126.982265 37.551145, 126.982278 37.551101, 126.982284 37.551058, 126.982286 37.551013, 126.982282 37.550969, 126.982272 37.550926, 126.982257 37.550883, 126.982237 37.550842, 126.982212 37.550803, 126.982182 37.550765, 126.982148 37.55073, 126.98211 37.550698, 126.982068 37.55067, 126.982023 37.550644, 126.981974 37.550622, 126.981924 37.550604, 126.981871 37.550591, 126.981753 37.550565, 126.981698 37.550555, 126.981642 37.550549, 126.981585 37.550549, 126.981529 37.550552, 126.981473 37.55056, 126.981418 37.550573, 126.981366 37.55059, 126.981316 37.55061, 126.981268 37.550635, 126.981224 37.550664, 126.981184 37.550695, 126.981148 37.55073, 126.981117 37.550768, 126.98109 37.550807, 126.981069 37.550849, 126.981052 37.550892, 126.981042 37.550937, 126.981037 37.550981, 126.981037 37.551027, 126.981044 37.551071, 126.981049 37.551097, 126.981048 37.551118))"
학교,폴리곤50m,"POLYGON ((126.988327 37.545255, 126.98835 37.545319, 126.988382 37.545414, 126.988402 37.545481, 126.988403 37.545484, 126.988421 37.545535, 126.988461 37.545626, 126.988528 37.545778, 126.988531 37.545784, 126.988545 37.545816, 126.988568 37.545859, 126.988596 37.545899, 126.988629 37.545937, 126.988666 37.545972, 126.988708 37.546003, 126.988754 37.546032, 126.988792 37.546053, 126.988839 37.546076, 126.988888 37.546095, 126.98894 37.546111, 126.988993 37.546123, 126.989047 37.54613, 126.989102 37.546133, 126.989157 37.546132, 126.989212 37.546126, 126.989234 37.546122, 126.98929 37.546123, 126.989347 37.546119, 126.989403 37.54611, 126.989458 37.546097, 126.989511 37.54608, 126.989561 37.546059, 126.989608 37.546033, 126.989652 37.546004, 126.989692 37.545972, 126.989728 37.545937, 126.989759 37.545899, 126.989785 37.545858, 126.989806 37.545816, 126.989821 37.545772, 126.989865 37.545618, 126.989874 37.545577, 126.989879 37.545535, 126.989878 37.545492, 126.989872 37.54545, 126.989862 37.545409, 126.989846 37.545369, 126.98984 37.545357, 126.989838 37.545344, 126.989827 37.545302, 126.989811 37.545262, 126.989791 37.545223, 126.989781 37.545208, 126.98984 37.545168, 126.989908 37.545122, 126.989909 37.545121, 126.990053 37.545022, 126.990094 37.544991, 126.990131 37.544957, 126.990164 37.54492, 126.990191 37.544881, 126.990214 37.54484, 126.990231 37.544797, 126.990243 37.544753, 126.99025 37.544708, 126.99025 37.544663, 126.990245 37.544618, 126.990235 37.544574, 126.990226 37.544544, 126.990208 37.544485, 126.990195 37.544446, 126.990181 37.544398, 126.99014 37.544261, 126.990071 37.544032, 126.990055 37.543989, 126.990034 37.543948, 126.990007 37.543908, 126.989976 37.543871, 126.989941 37.543836, 126.989901 37.543804, 126.989857 37.543776, 126.989811 37.543751, 126.989761 37.54373, 126.989709 37.543713, 126.989655 37.5437, 126.989599 37.543691, 126.989543 37.543687, 126.989487 37.543688, 126.989467 37.54369, 126.989438 37.543689, 126.989383 37.543693, 126.989329 37.543701, 126.989276 37.543713, 126.989224 37.543729, 126.989175 37.54375, 126.989129 37.543773, 126.989086 37.543801, 126.989046 37.543831, 126.98901 37.543865, 126.988979 37.543901, 126.988952 37.543939, 126.98893 37.54398, 126.988913 37.544021, 126.988901 37.544064, 126.988894 37.544108, 126.988894 37.544116, 126.988867 37.54412, 126.988801 37.54413, 126.98879 37.544131, 126.988754 37.544137, 126.988672 37.54415, 126.988666 37.544151, 126.988582 37.544164, 126.988556 37.544169, 126.988501 37.54418, 126.988448 37.544195, 126.988398 37.544214, 126.98835 37.544238, 126.988305 37.544265, 126.988264 37.544295, 126.988226 37.544329, 126.988193 37.544365, 126.988165 37.544404, 126.988142 37.544444, 126.988124 37.544487, 126.988111 37.54453, 126.988104 37.544575, 126.988102 37.544619, 126.988106 37.544664, 126.988116 37.544708, 126.988131 37.544751, 126.988134 37.54476, 126.988135 37.544761, 126.98814 37.544775, 126.988163 37.544836, 126.988193 37.544918, 126.988195 37.544922, 126.988215 37.544974, 126.988241 37.545044, 126.988245 37.545054, 126.988268 37.545108, 126.98829 37.545176, 126.988304 37.545211, 126.988321 37.545244, 126.988325 37.545252, 126.988327 37.545255))"
학교,폴리곤50m,"POLYGON ((126.978175 37.546027, 126.978187 37.546043, 126.978188 37.546044, 126.978227 37.546093, 126.978274 37.546151, 126.978304 37.546186, 126.978339 37.546218, 126.978377 37.546247, 126.978418 37.546274, 126.978462 37.546297, 126.978509 37.546317, 126.978557 37.546333, 126.978608 37.546346, 126.97866 37.546354, 126.978878 37.546383, 126.978885 37.546384, 126.979079 37.546408, 126.979305 37.546437, 126.979307 37.546437, 126.979553 37.546469, 126.979821 37.546504, 126.979995 37.546526, 126.980075 37.546541, 126.980091 37.546546, 126.980142 37.546561, 126.980196 37.546574, 126.980252 37.546584, 126.980308 37.546588, 126.980365 37.546588, 126.980422 37.546584, 126.980477 37.546575, 126.980531 37.546562, 126.980584 37.546544, 126.980633 37.546523, 126.98068 37.546497, 126.980724 37.546468, 126.980763 37.546436, 126.980799 37.5464, 126.980829 37.546362, 126.980855 37.546322, 126.980875 37.54628, 126.980912 37.546191, 126.980968 37.54606, 126.980969 37.546058, 126.981003 37.545975, 126.981015 37.545973, 126.981067 37.545961, 126.981159 37.545934, 126.981209 37.545917, 126.981257 37.545897, 126.981302 37.545872, 126.981344 37.545845, 126.981382 37.545814, 126.981417 37.545781, 126.981447 37.545745, 126.981473 37.545707, 126.981495 37.545668, 126.981507 37.545642, 126.981592 37.545649, 126.981646 37.545652, 126.981701 37.545651, 126.981755 37.545645, 126.981808 37.545635, 126.98186 37.545621, 126.98191 37.545603, 126.981957 37.545582, 126.982002 37.545557, 126.982043 37.545528, 126.982081 37.545497, 126.982114 37.545463, 126.982144 37.545426, 126.982169 37.545388, 126.982189 37.545347, 126.982204 37.545305, 126.982214 37.545263, 126.982219 37.545219, 126.982224 37.545124, 126.982224 37.545119, 126.982225 37.545071, 126.982226 37.545059, 126.982226 37.545019, 126.982227 37.54485, 126.982227 37.544848, 126.982228 37.544807, 126.982238 37.544781, 126.982249 37.544734, 126.982253 37.544712, 126.982259 37.544664, 126.982258 37.544615, 126.98225 37.544567, 126.982242 37.544531, 126.982229 37.544488, 126.982211 37.544446, 126.982188 37.544406, 126.982161 37.544368, 126.982128 37.544332, 126.982092 37.544299, 126.982051 37.544269, 126.982007 37.544242, 126.98196 37.544218, 126.98191 37.544199, 126.981858 37.544183, 126.981745 37.544155, 126.981603 37.544117, 126.981501 37.54409, 126.981498 37.544089, 126.981395 37.544062, 126.981249 37.544021, 126.981198 37.544009, 126.981126 37.543995, 126.981102 37.543989, 126.981086 37.543985, 126.981053 37.543974, 126.981018 37.543963, 126.981015 37.543959, 126.980985 37.543923, 126.98095 37.54389, 126.980911 37.543859, 126.980869 37.543832, 126.980824 37.543808, 126.980776 37.543788, 126.980725 37.543771, 126.980673 37.543758, 126.98067 37.543758, 126.980653 37.543752, 126.980597 37.543733, 126.980532 37.543715, 126.980466 37.543703, 126.980414 37.543696, 126.980361 37.543691, 126.980308 37.54369, 126.980255 37.543693, 126.980202 37.543701, 126.980151 37.543712, 126.980101 37.543726, 126.97991 37.543792, 126.979788 37.543833, 126.979783 37.543835, 126.979488 37.543938, 126.979193 37.544025, 126.979141 37.544043, 126.979092 37.544065, 126.979046 37.54409, 126.978989 37.544125, 126.978946 37.544154, 126.978914 37.54418, 126.978897 37.544184, 126.978845 37.544202, 126.978796 37.544224, 126.97875 37.54425, 126.978707 37.544279, 126.978668 37.544311, 126.978633 37.544346, 126.978603 37.544384, 126.978578 37.544424, 126.978558 37.544466, 126.978543 37.544503, 126.978369 37.544914, 126.978367 37.544918, 126.978285 37.545119, 126.978196 37.545327, 126.978196 37.545329, 126.978139 37.545465, 126.978082 37.545603, 126.978067 37.545645, 126.978058 37.545689, 126.978053 37.545733, 126.978055 37.545777, 126.978061 37.54582, 126.978073 37.545863, 126.978091 37.545905, 126.978113 37.545945, 126.97814 37.545984, 126.978168 37.546019, 126.978175 37.546027))"
학교,폴리곤50m,"POLYGON ((126.979832 37.545921, 126.979801 37.545997, 126.979786 37.546038, 126.979777 37.546081, 126.979773 37.546123, 126.979773 37.546166, 126.979779 37.546209, 126.97979 37.546251, 126.979806 37.546292, 126.979827 37.546332, 126.979853 37.54637, 126.979883 37.546406, 126.979917 37.546439, 126.979955 37.54647, 126.979996 37.546497, 126.980041 37.546522, 126.980088 37.546542, 126.980138 37.54656, 126.980172 37.54657, 126.980211 37.546584, 126.980255 37.546604, 126.980262 37.546607, 126.980285 37.546619, 126.980339 37.546643, 126.980396 37.546662, 126.980455 37.546676, 126.980516 37.546685, 126.980904 37.546725, 126.981068 37.546746, 126.981087 37.546748, 126.981409 37.54678, 126.981415 37.546781, 126.981432 37.546783, 126.981433 37.546783, 126.981442 37.546784, 126.981496 37.546788, 126.98155 37.546787, 126.981605 37.546783, 126.981658 37.546774, 126.98171 37.546761, 126.98176 37.546745, 126.981808 37.546724, 126.981853 37.5467, 126.981896 37.546673, 126.981934 37.546643, 126.981969 37.546609, 126.982 37.546574, 126.982026 37.546536, 126.982048 37.546496, 126.982065 37.546455, 126.982076 37.546412, 126.982115 37.54623, 126.982116 37.546223, 126.982135 37.546126, 126.982135 37.546124, 126.982137 37.546118, 126.982137 37.546117, 126.982157 37.546038, 126.982159 37.546032, 126.982164 37.546014, 126.982183 37.545934, 126.982183 37.545933, 126.982186 37.545918, 126.982193 37.545881, 126.982196 37.545844, 126.982196 37.545844, 126.982203 37.54574, 126.982203 37.545736, 126.982211 37.545667, 126.982213 37.545654, 126.982215 37.545621, 126.98222 37.54557, 126.982222 37.54552, 126.982217 37.545427, 126.982217 37.545426, 126.982214 37.545357, 126.982214 37.545346, 126.982214 37.54533, 126.982216 37.545275, 126.982219 37.54522, 126.982218 37.545175, 126.982212 37.54513, 126.9822 37.545086, 126.982183 37.545043, 126.98216 37.545002, 126.982133 37.544962, 126.9821 37.544925, 126.982063 37.544891, 126.982022 37.54486, 126.981978 37.544832, 126.98193 37.544808, 126.981879 37.544788, 126.981826 37.544773, 126.981771 37.544761, 126.981715 37.544754, 126.981578 37.544742, 126.981525 37.544737, 126.98152 37.544736, 126.981416 37.544727, 126.981411 37.544727, 126.9813 37.544718, 126.981246 37.544709, 126.981189 37.544702, 126.981132 37.544699, 126.981074 37.544702, 126.981017 37.544709, 126.980962 37.54472, 126.980908 37.544736, 126.980856 37.544756, 126.980808 37.54478, 126.980762 37.544808, 126.98072 37.54484, 126.980683 37.544875, 126.98065 37.544912, 126.980623 37.544953, 126.980601 37.544992, 126.980579 37.544986, 126.980526 37.544975, 126.980471 37.544967, 126.980416 37.544964, 126.980361 37.544965, 126.980306 37.54497, 126.980252 37.54498, 126.9802 37.544994, 126.980149 37.545012, 126.980101 37.545033, 126.980056 37.545058, 126.980014 37.545087, 126.979976 37.545119, 126.979941 37.545153, 126.979912 37.54519, 126.979887 37.54523, 126.979866 37.545271, 126.979848 37.545314, 126.979826 37.545366, 126.979804 37.545417, 126.979774 37.545488, 126.979771 37.545494, 126.979759 37.545524, 126.979744 37.545566, 126.979735 37.54561, 126.979731 37.545654, 126.979732 37.545699, 126.979739 37.545743, 126.979752 37.545786, 126.97977 37.545828, 126.979792 37.545869, 126.97982 37.545907, 126.979832 37.545921))"
학교,폴리곤50m,"POLYGON ((126.963193 37.55053, 126.963198 37.550565, 126.963205 37.550599, 126.963215 37.550641, 126.963231 37.550681, 126.963251 37.55072, 126.963275 37.550757, 126.963304 37.550793, 126.963337 37.550826, 126.963373 37.550856, 126.96339 37.550869, 126.963426 37.550914, 126.963461 37.550954, 126.963494 37.550987, 126.96351 37.551007, 126.963542 37.551041, 126.963579 37.551073, 126.963619 37.551102, 126.963662 37.551128, 126.963708 37.551151, 126.963757 37.55117, 126.963808 37.551185, 126.96386 37.551196, 126.963913 37.551203, 126.963967 37.551206, 126.963997 37.551207, 126.964008 37.551207, 126.964049 37.551213, 126.964105 37.551217, 126.964161 37.551217, 126.964216 37.551212, 126.964271 37.551203, 126.964324 37.55119, 126.964379 37.551174, 126.964386 37.551174, 126.964439 37.55117, 126.964492 37.551162, 126.964544 37.551149, 126.964594 37.551133, 126.964642 37.551114, 126.964687 37.551091, 126.964729 37.551064, 126.964768 37.551034, 126.964769 37.551034, 126.964778 37.551033, 126.964833 37.551022, 126.964885 37.551006, 126.964936 37.550987, 126.964949 37.55098, 126.965027 37.550966, 126.965109 37.550951, 126.965277 37.550923, 126.965327 37.550913, 126.965375 37.550899, 126.965422 37.550882, 126.965466 37.550862, 126.965508 37.550838, 126.965548 37.550811, 126.965564 37.550799, 126.965636 37.550752, 126.965676 37.550723, 126.965713 37.550691, 126.965746 37.550656, 126.965774 37.550618, 126.965798 37.550579, 126.965816 37.550538, 126.96583 37.550495, 126.965838 37.550452, 126.965841 37.550409, 126.965841 37.550392, 126.965846 37.550368, 126.965851 37.550324, 126.965851 37.55028, 126.965845 37.550236, 126.965834 37.550193, 126.965818 37.550151, 126.965796 37.55011, 126.96577 37.550072, 126.965739 37.550031, 126.965707 37.549986, 126.965702 37.549979, 126.965679 37.549949, 126.965656 37.549921, 126.96563 37.549894, 126.965597 37.549862, 126.965569 37.549837, 126.965511 37.549789, 126.965468 37.549756, 126.965415 37.549721, 126.965375 37.549696, 126.965333 37.549675, 126.965296 37.549658, 126.965267 37.549644, 126.965214 37.549623, 126.965117 37.549563, 126.965107 37.549557, 126.965092 37.549548, 126.965072 37.549521, 126.965043 37.549486, 126.965011 37.549453, 126.964974 37.549422, 126.964934 37.549395, 126.964891 37.54937, 126.964834 37.549341, 126.964832 37.54934, 126.96478 37.549313, 126.964777 37.549311, 126.964702 37.549265, 126.964687 37.549256, 126.964636 37.549226, 126.964634 37.549225, 126.964608 37.549211, 126.964565 37.549188, 126.96452 37.549169, 126.964473 37.549153, 126.964409 37.549134, 126.964339 37.549118, 126.964266 37.549105, 126.964208 37.549097, 126.964149 37.549093, 126.96409 37.549095, 126.964031 37.549102, 126.963973 37.549113, 126.963918 37.54913, 126.963864 37.54915, 126.963816 37.549172, 126.96376 37.5492, 126.963708 37.549234, 126.963667 37.549264, 126.963652 37.549276, 126.96362 37.549301, 126.963602 37.549317, 126.963578 37.549335, 126.963539 37.549368, 126.963504 37.549403, 126.963495 37.549416, 126.963464 37.54943, 126.963421 37.549456, 126.963377 37.549485, 126.963332 37.549518, 126.96328 37.54956, 126.963244 37.549588, 126.963205 37.549619, 126.963171 37.549654, 126.963141 37.549691, 126.963116 37.549731, 126.963096 37.549772, 126.963081 37.549815, 126.963072 37.549858, 126.963067 37.549902, 126.963069 37.549946, 126.963078 37.550049, 126.963079 37.550067, 126.963083 37.5501, 126.96309 37.550133, 126.963123 37.550264, 126.963142 37.55034, 126.963143 37.550341, 126.963171 37.550454, 126.963179 37.550483, 126.963191 37.550526, 126.963193 37.55053))"
학교,폴리곤50m,"POLYGON ((126.967728 37.545804, 126.967694 37.545802, 126.96764 37.545802, 126.967587 37.545806, 126.967389 37.545829, 126.967334 37.545838, 126.967281 37.54585, 126.967229 37.545867, 126.96718 37.545888, 126.967134 37.545912, 126.967091 37.545941, 126.967051 37.545972, 126.967016 37.546006, 126.966985 37.546043, 126.966959 37.546082, 126.966937 37.546123, 126.966921 37.546165, 126.96691 37.546209, 126.966905 37.546253, 126.966905 37.546297, 126.96691 37.546341, 126.966921 37.546385, 126.966937 37.546427, 126.966959 37.546468, 126.967065 37.546646, 126.967124 37.546756, 126.967149 37.546797, 126.967179 37.546836, 126.967214 37.546872, 126.967253 37.546905, 126.967297 37.546935, 126.967343 37.546961, 126.967393 37.546983, 126.967446 37.547001, 126.9675 37.547015, 126.967556 37.547024, 126.967613 37.547029, 126.96767 37.547029, 126.967727 37.547025, 126.967783 37.547016, 126.96783 37.547007, 126.967867 37.547009, 126.967923 37.547009, 126.967979 37.547003, 126.968034 37.546994, 126.968061 37.546987, 126.968076 37.546988, 126.968131 37.54699, 126.968185 37.546987, 126.96824 37.54698, 126.968293 37.546968, 126.968344 37.546953, 126.968393 37.546934, 126.96844 37.546911, 126.968484 37.546884, 126.968524 37.546855, 126.96856 37.546822, 126.968593 37.546787, 126.96862 37.546749, 126.968644 37.546709, 126.968653 37.546691, 126.968681 37.546639, 126.9687 37.546596, 126.968714 37.546552, 126.968722 37.546507, 126.968724 37.546461, 126.968721 37.546416, 126.968712 37.546371, 126.968711 37.546369, 126.968709 37.546347, 126.968703 37.546303, 126.968691 37.546261, 126.968674 37.546219, 126.968652 37.546179, 126.968626 37.546141, 126.968595 37.546105, 126.968559 37.546072, 126.96852 37.546041, 126.968483 37.546018, 126.96846 37.545986, 126.968427 37.545951, 126.968391 37.545918, 126.968351 37.545888, 126.968307 37.545861, 126.96826 37.545838, 126.968211 37.545819, 126.96816 37.545803, 126.968106 37.545792, 126.968052 37.545785, 126.967997 37.545782, 126.967942 37.545783, 126.967888 37.545788, 126.967848 37.545794, 126.967826 37.545795, 126.967728 37.545804))"
학교,폴리곤50m,"POLYGON ((126.964462 37.545638, 126.964462 37.545638, 126.964466 37.545682, 126.964476 37.545725, 126.96449 37.545768, 126.96451 37.545809, 126.964535 37.545848, 126.964564 37.545886, 126.964598 37.54592, 126.964636 37.545952, 126.964678 37.545981, 126.964694 37.54599, 126.964703 37.545997, 126.964749 37.546022, 126.964798 37.546044, 126.964849 37.546062, 126.964903 37.546076, 126.964957 37.546086, 126.965013 37.546091, 126.965069 37.546092, 126.965125 37.546089, 126.96518 37.546081, 126.965234 37.546068, 126.965355 37.546036, 126.965459 37.54601, 126.965509 37.545995, 126.965558 37.545977, 126.965585 37.545965, 126.965631 37.545943, 126.965675 37.545917, 126.965716 37.545888, 126.965753 37.545856, 126.965785 37.545821, 126.965814 37.545784, 126.965838 37.545745, 126.965856 37.545704, 126.96587 37.545662, 126.965879 37.545619, 126.965883 37.545576, 126.965881 37.545532, 126.965874 37.545489, 126.965862 37.545447, 126.965832 37.545361, 126.965812 37.545303, 126.965795 37.545261, 126.965773 37.54522, 126.965772 37.545219, 126.965747 37.545136, 126.965746 37.54513, 126.965732 37.545086, 126.965713 37.545043, 126.965688 37.545002, 126.965658 37.544964, 126.965624 37.544928, 126.965585 37.544895, 126.965542 37.544865, 126.965496 37.544839, 126.965446 37.544816, 126.965394 37.544798, 126.96534 37.544784, 126.965284 37.544774, 126.965228 37.544769, 126.965171 37.544768, 126.965114 37.544772, 126.965058 37.54478, 126.964955 37.5448, 126.964909 37.544811, 126.964864 37.544825, 126.96482 37.544841, 126.964745 37.544873, 126.964678 37.544907, 126.964599 37.544953, 126.964557 37.54498, 126.964518 37.54501, 126.964483 37.545044, 126.964452 37.545079, 126.964426 37.545117, 126.964404 37.545157, 126.964387 37.545198, 126.964376 37.54524, 126.964369 37.545283, 126.964368 37.545327, 126.964371 37.54537, 126.964382 37.545441, 126.964391 37.545482, 126.964404 37.545522, 126.964422 37.545561, 126.964462 37.545638))"
학교,폴리곤50m,"POLYGON ((126.965596 37.544605, 126.965539 37.544593, 126.96548 37.544586, 126.965421 37.544584, 126.965361 37.544587, 126.965303 37.544595, 126.965245 37.544607, 126.96519 37.544625, 126.965095 37.544659, 126.965046 37.544679, 126.965 37.544703, 126.964957 37.54473, 126.964917 37.544761, 126.964882 37.544794, 126.96485 37.54483, 126.964823 37.544868, 126.964801 37.544908, 126.964784 37.544949, 126.964772 37.544992, 126.964765 37.545035, 126.964764 37.545079, 126.964768 37.545122, 126.964777 37.545166, 126.964791 37.545208, 126.964811 37.545249, 126.964835 37.545288, 126.964864 37.545325, 126.964897 37.54536, 126.964934 37.545392, 126.964976 37.545421, 126.96502 37.545446, 126.965067 37.545468, 126.965117 37.545487, 126.965169 37.545501, 126.965222 37.545511, 126.965276 37.545518, 126.965331 37.54552, 126.965386 37.545517, 126.96544 37.545511, 126.965568 37.545491, 126.96562 37.54548, 126.965671 37.545466, 126.96572 37.545448, 126.965767 37.545426, 126.96581 37.545401, 126.965851 37.545372, 126.965888 37.545341, 126.965921 37.545307, 126.96595 37.54527, 126.965974 37.545232, 126.965994 37.545192, 126.966008 37.54515, 126.966018 37.545108, 126.966022 37.545065, 126.966022 37.545022, 126.966016 37.544979, 126.966005 37.544937, 126.965989 37.544896, 126.965986 37.544889, 126.965964 37.544847, 126.965936 37.544806, 126.965904 37.544769, 126.965866 37.544734, 126.965825 37.544702, 126.965779 37.544673, 126.965731 37.544649, 126.965679 37.544628, 126.965625 37.544612, 126.965596 37.544605))"
학교,폴리곤50m,"POLYGON ((126.96519 37.544625, 126.965142 37.544644, 126.965096 37.544668, 126.965053 37.544695, 126.965014 37.544725, 126.964978 37.544758, 126.964947 37.544793, 126.96492 37.544831, 126.964898 37.54487, 126.964881 37.544911, 126.964868 37.544954, 126.964861 37.544997, 126.964859 37.54504, 126.964862 37.545083, 126.964871 37.545126, 126.964884 37.545168, 126.964903 37.545209, 126.964927 37.545248, 126.964955 37.545285, 126.964987 37.54532, 126.965023 37.545352, 126.965064 37.545381, 126.965107 37.545407, 126.965154 37.54543, 126.965203 37.545449, 126.965254 37.545464, 126.965282 37.545471, 126.965335 37.545482, 126.965389 37.545489, 126.965444 37.545492, 126.965499 37.545491, 126.965553 37.545485, 126.965606 37.545476, 126.965658 37.545462, 126.965708 37.545444, 126.965756 37.545423, 126.965801 37.545398, 126.965842 37.545369, 126.96588 37.545338, 126.965914 37.545304, 126.965944 37.545267, 126.965969 37.545228, 126.965989 37.545188, 126.966004 37.545146, 126.966014 37.545103, 126.966019 37.54506, 126.966019 37.545016, 126.966013 37.544973, 126.966002 37.54493, 126.965986 37.544889, 126.965979 37.544873, 126.965958 37.544833, 126.965932 37.544794, 126.965901 37.544758, 126.965866 37.544724, 126.965828 37.544693, 126.965785 37.544665, 126.96574 37.544641, 126.965691 37.54462, 126.965641 37.544603, 126.965588 37.54459, 126.965534 37.544581, 126.96548 37.544577, 126.965425 37.544576, 126.96537 37.54458, 126.965316 37.544588, 126.965263 37.5446, 126.965212 37.544617, 126.965191 37.544624, 126.96519 37.544625))"
학교,폴리곤50m,"POLYGON ((126.964475 37.546804, 126.964458 37.546843, 126.964446 37.546882, 126.964438 37.546922, 126.964435 37.546963, 126.964436 37.547004, 126.964436 37.547006, 126.964438 37.547016, 126.964446 37.547084, 126.964446 37.547084, 126.964456 37.547163, 126.964465 37.547241, 126.964465 37.547243, 126.964473 37.547287, 126.964487 37.547331, 126.964505 37.547373, 126.964529 37.547413, 126.964558 37.547452, 126.964591 37.547488, 126.964629 37.547521, 126.96467 37.547551, 126.964715 37.547577, 126.964764 37.5476, 126.964814 37.547619, 126.964867 37.547634, 126.964922 37.547645, 126.964977 37.547651, 126.965033 37.547653, 126.965089 37.54765, 126.965232 37.547638, 126.965436 37.547621, 126.965442 37.547621, 126.965445 37.54762, 126.96548 37.547618, 126.965602 37.547609, 126.96572 37.5476, 126.965724 37.547599, 126.965844 37.547589, 126.965956 37.547581, 126.966014 37.547577, 126.966069 37.547571, 126.966123 37.547561, 126.966175 37.547547, 126.966225 37.547529, 126.966273 37.547507, 126.966318 37.547481, 126.96636 37.547452, 126.966398 37.54742, 126.966431 37.547385, 126.966461 37.547348, 126.966485 37.547308, 126.966505 37.547267, 126.966519 37.547225, 126.966528 37.547181, 126.966532 37.547137, 126.966531 37.547093, 126.966524 37.54705, 126.966487 37.546885, 126.966481 37.546855, 126.966464 37.546779, 126.966422 37.546587, 126.966421 37.546585, 126.966387 37.546434, 126.966383 37.546417, 126.966382 37.546417, 126.966371 37.546373, 126.966354 37.546331, 126.966332 37.546291, 126.966305 37.546252, 126.966274 37.546216, 126.966238 37.546182, 126.966198 37.546152, 126.966155 37.546124, 126.966109 37.5461, 126.966059 37.54608, 126.966008 37.546063, 126.965955 37.546051, 126.9659 37.546043, 126.965813 37.546034, 126.96576 37.54603, 126.965707 37.54603, 126.965654 37.546035, 126.965602 37.546043, 126.965551 37.546055, 126.965502 37.546071, 126.965454 37.54609, 126.96541 37.546113, 126.965369 37.546136, 126.965159 37.546253, 126.965124 37.546275, 126.964947 37.546392, 126.964664 37.546577, 126.964622 37.546608, 126.964584 37.546641, 126.96455 37.546678, 126.964521 37.546717, 126.964497 37.546759, 126.964475 37.546804))"
학교,폴리곤50m,"POLYGON ((126.963306 37.544563, 126.963268 37.54475, 126.963262 37.544794, 126.963261 37.544839, 126.963266 37.544883, 126.963276 37.544927, 126.963292 37.54497, 126.963313 37.545011, 126.963336 37.545051, 126.963336 37.545051, 126.963342 37.545062, 126.963372 37.545103, 126.963406 37.545142, 126.963446 37.545178, 126.963505 37.545226, 126.963513 37.545233, 126.963553 37.545264, 126.963597 37.545293, 126.963645 37.545317, 126.963745 37.545364, 126.963788 37.545382, 126.963833 37.545397, 126.96388 37.545409, 126.963927 37.545417, 126.96457 37.545512, 126.964627 37.545518, 126.964685 37.545519, 126.964742 37.545516, 126.964799 37.545508, 126.964854 37.545496, 126.965009 37.545454, 126.965056 37.545439, 126.965102 37.545421, 126.965146 37.5454, 126.965186 37.545375, 126.965224 37.545348, 126.965259 37.545318, 126.965292 37.545287, 126.965325 37.545253, 126.965354 37.545215, 126.965379 37.545176, 126.965398 37.545135, 126.965412 37.545092, 126.965421 37.545049, 126.965425 37.545005, 126.965423 37.544962, 126.965417 37.544918, 126.965404 37.544875, 126.965387 37.544834, 126.965364 37.544794, 126.965337 37.544755, 126.965305 37.54472, 126.96527 37.544686, 126.96523 37.544656, 126.965186 37.544629, 126.96514 37.544605, 126.964718 37.544414, 126.964543 37.544306, 126.964523 37.544295, 126.964522 37.544291, 126.964504 37.544251, 126.964482 37.544212, 126.964456 37.544176, 126.964425 37.544141, 126.96439 37.544109, 126.964352 37.544079, 126.964215 37.543983, 126.964172 37.543956, 126.964127 37.543933, 126.964078 37.543913, 126.964028 37.543896, 126.963976 37.543884, 126.963922 37.543876, 126.963868 37.543872, 126.963813 37.543872, 126.963759 37.543876, 126.963706 37.543885, 126.963653 37.543897, 126.963603 37.543913, 126.963555 37.543934, 126.963509 37.543957, 126.963467 37.543985, 126.963428 37.544015, 126.963393 37.544048, 126.963362 37.544084, 126.963335 37.544122, 126.963313 37.544161, 126.963296 37.544203, 126.963284 37.544245, 126.963278 37.544288, 126.963276 37.544331, 126.96328 37.544375, 126.963299 37.544502, 126.963306 37.544563))"
학교,폴리곤50m,"POLYGON ((126.962865 37.546446, 126.962886 37.546489, 126.962921 37.546554, 126.962943 37.54659, 126.962969 37.546625, 126.962999 37.546658, 126.963056 37.546714, 126.963094 37.546749, 126.963138 37.54678, 126.963185 37.546808, 126.963235 37.546831, 126.963288 37.546851, 126.963343 37.546866, 126.963428 37.546885, 126.963482 37.546894, 126.963537 37.5469, 126.963593 37.546901, 126.963648 37.546898, 126.963703 37.546891, 126.963756 37.546879, 126.963808 37.546864, 126.963858 37.546844, 126.963905 37.546821, 126.963948 37.546794, 126.963989 37.546764, 126.964025 37.54673, 126.964058 37.546694, 126.964103 37.546638, 126.964164 37.546567, 126.964166 37.546565, 126.96427 37.546442, 126.964318 37.546387, 126.964411 37.546313, 126.964419 37.546306, 126.964577 37.546175, 126.964708 37.546068, 126.964714 37.546062, 126.96495 37.545861, 126.965027 37.545796, 126.965042 37.545783, 126.965045 37.545781, 126.965255 37.545613, 126.965321 37.545562, 126.965358 37.54553, 126.96539 37.545495, 126.965419 37.545458, 126.965443 37.545419, 126.965462 37.545378, 126.965476 37.545336, 126.965485 37.545294, 126.965489 37.54525, 126.965487 37.545207, 126.96548 37.545164, 126.965468 37.545121, 126.965451 37.54508, 126.965429 37.54504, 126.965402 37.545002, 126.965371 37.544967, 126.965336 37.544934, 126.965297 37.544903, 126.965254 37.544876, 126.965208 37.544853, 126.96516 37.544832, 126.965109 37.544816, 126.965057 37.544804, 126.965003 37.544796, 126.964949 37.544791, 126.964895 37.544792, 126.964867 37.544793, 126.964806 37.544792, 126.964786 37.544788, 126.964784 37.544788, 126.964674 37.544765, 126.964657 37.544762, 126.96465 37.544761, 126.964583 37.544747, 126.964512 37.544733, 126.964467 37.544723, 126.964407 37.544714, 126.964103 37.544678, 126.963931 37.544654, 126.963884 37.544648, 126.963837 37.544646, 126.96379 37.544648, 126.963742 37.54465, 126.96369 37.544655, 126.963639 37.544664, 126.963589 37.544676, 126.963501 37.544702, 126.963454 37.544717, 126.963408 37.544736, 126.963365 37.544759, 126.963291 37.544801, 126.96324 37.544833, 126.963195 37.54487, 126.963154 37.544907, 126.96312 37.544941, 126.963091 37.544976, 126.963023 37.545069, 126.962996 37.545109, 126.962742 37.54555, 126.962723 37.545588, 126.962708 37.545627, 126.962698 37.545666, 126.962692 37.545707, 126.962681 37.545839, 126.96268 37.545886, 126.962685 37.545933, 126.962696 37.54598, 126.962746 37.546138, 126.962755 37.546164, 126.962865 37.546446))"
학교,폴리곤50m,"POLYGON ((126.962688 37.546886, 126.962714 37.546924, 126.962744 37.546959, 126.962779 37.546993, 126.962817 37.547023, 126.962859 37.54705, 126.962903 37.547074, 126.962951 37.547095, 126.963001 37.547112, 126.963052 37.547125, 126.963105 37.547134, 126.963158 37.547138, 126.963212 37.547139, 126.963266 37.547136, 126.963319 37.547129, 126.963371 37.547118, 126.963422 37.547102, 126.963567 37.547052, 126.963615 37.547033, 126.963662 37.547011, 126.963809 37.54693, 126.96384 37.546912, 126.963923 37.54686, 126.963925 37.546859, 126.963929 37.546856, 126.963974 37.546825, 126.964014 37.546789, 126.96405 37.546751, 126.96413 37.546655, 126.964139 37.546643, 126.964224 37.546534, 126.964344 37.546415, 126.964347 37.546412, 126.964349 37.546411, 126.964418 37.546354, 126.964422 37.546351, 126.964645 37.546164, 126.965019 37.545852, 126.965296 37.545622, 126.9654 37.545536, 126.965412 37.545526, 126.965422 37.545517, 126.965471 37.545481, 126.965511 37.545449, 126.965546 37.545414, 126.965577 37.545376, 126.965603 37.545337, 126.965624 37.545295, 126.96564 37.545252, 126.96565 37.545208, 126.965654 37.545163, 126.965653 37.545118, 126.965647 37.545073, 126.965634 37.54503, 126.965617 37.544987, 126.965594 37.544946, 126.965566 37.544907, 126.965533 37.54487, 126.965496 37.544836, 126.965455 37.544806, 126.96541 37.544778, 126.965363 37.544755, 126.965341 37.544745, 126.96532 37.544736, 126.965307 37.544731, 126.965254 37.544713, 126.9652 37.544699, 126.965144 37.54469, 126.965087 37.544685, 126.96503 37.544684, 126.964973 37.544689, 126.964917 37.544697, 126.964862 37.544711, 126.96481 37.544728, 126.964739 37.544755, 126.964685 37.544779, 126.964635 37.544807, 126.964589 37.544839, 126.964483 37.544921, 126.964446 37.544953, 126.964413 37.544987, 126.964384 37.545024, 126.964374 37.545041, 126.964245 37.545144, 126.964223 37.545161, 126.964208 37.545173, 126.964124 37.545245, 126.964123 37.545246, 126.96389 37.545445, 126.963763 37.54555, 126.963608 37.545678, 126.963481 37.545779, 126.963445 37.54581, 126.963412 37.545845, 126.963334 37.545936, 126.96323 37.546059, 126.963165 37.546134, 126.963157 37.546144, 126.963114 37.54617, 126.962894 37.546273, 126.962847 37.546297, 126.962803 37.546326, 126.962763 37.546357, 126.962727 37.546392, 126.962696 37.546429, 126.962669 37.546468, 126.962647 37.54651, 126.962631 37.546553, 126.96262 37.546597, 126.962615 37.546641, 126.962615 37.546686, 126.962621 37.546731, 126.962632 37.546775, 126.962649 37.546818, 126.962671 37.546859, 126.962688 37.546886))"
학교,폴리곤50m,"POLYGON ((126.963156 37.546198, 126.963132 37.546239, 126.963114 37.546282, 126.963101 37.546326, 126.963093 37.54637, 126.963092 37.546415, 126.963096 37.54646, 126.963105 37.546505, 126.96312 37.546548, 126.96314 37.54659, 126.963166 37.54663, 126.963196 37.546668, 126.963231 37.546703, 126.963271 37.546736, 126.963314 37.546765, 126.963668 37.54698, 126.963672 37.546982, 126.963932 37.547138, 126.963951 37.54715, 126.963994 37.547175, 126.964039 37.547197, 126.964087 37.547215, 126.964137 37.54723, 126.964188 37.54724, 126.96424 37.547247, 126.964293 37.54725, 126.964345 37.547249, 126.965039 37.547212, 126.965077 37.54721, 126.965132 37.547206, 126.965186 37.547198, 126.965238 37.547185, 126.965289 37.547169, 126.965338 37.547148, 126.965384 37.547124, 126.965725 37.546925, 126.965831 37.546864, 126.965886 37.546868, 126.965941 37.54687, 126.965995 37.546868, 126.96605 37.546861, 126.966103 37.546851, 126.966154 37.546836, 126.966204 37.546818, 126.966251 37.546795, 126.966295 37.54677, 126.966336 37.54674, 126.966373 37.546708, 126.966406 37.546674, 126.966435 37.546636, 126.966459 37.546597, 126.966478 37.546556, 126.966492 37.546514, 126.966501 37.546471, 126.966501 37.546469, 126.966507 37.546451, 126.966518 37.546408, 126.966524 37.546379, 126.96653 37.546371, 126.966555 37.546332, 126.966575 37.546292, 126.96659 37.54625, 126.966627 37.546124, 126.96664 37.546079, 126.96665 37.546036, 126.966655 37.545993, 126.966654 37.545949, 126.966651 37.545924, 126.966717 37.545762, 126.966732 37.545719, 126.966742 37.545675, 126.966745 37.54563, 126.966744 37.545586, 126.966736 37.545541, 126.966724 37.545498, 126.966705 37.545455, 126.966682 37.545415, 126.966654 37.545376, 126.966621 37.54534, 126.966584 37.545306, 126.966542 37.545276, 126.966497 37.545249, 126.966449 37.545226, 126.966399 37.545206, 126.966346 37.545191, 126.966292 37.54518, 126.966284 37.545179, 126.966267 37.545176, 126.966224 37.545171, 126.966224 37.545171, 126.966186 37.545166, 126.966121 37.545164, 126.96604 37.545164, 126.965974 37.545168, 126.96593 37.545172, 126.965881 37.545177, 126.965872 37.545178, 126.965816 37.545184, 126.965772 37.545192, 126.96577 37.545192, 126.965756 37.545192, 126.965752 37.545157, 126.965741 37.545113, 126.965726 37.545071, 126.965705 37.54503, 126.965679 37.544991, 126.965649 37.544954, 126.965614 37.544919, 126.965576 37.544888, 126.965533 37.544859, 126.965487 37.544834, 126.965439 37.544813, 126.965388 37.544796, 126.965335 37.544783, 126.965281 37.544773, 126.965225 37.544769, 126.96517 37.544768, 126.96497 37.544774, 126.964916 37.544778, 126.964863 37.544786, 126.964811 37.544797, 126.96476 37.544813, 126.964712 37.544833, 126.964666 37.544856, 126.964623 37.544882, 126.964584 37.544912, 126.96448 37.544998, 126.964479 37.544998, 126.964202 37.545229, 126.964201 37.545229, 126.963826 37.545542, 126.963825 37.545543, 126.963603 37.545729, 126.963538 37.545782, 126.963516 37.5458, 126.96348 37.545833, 126.963319 37.545991, 126.963279 37.546037, 126.963178 37.546166, 126.963158 37.546195, 126.963156 37.546198))"
학교,폴리곤50m,"POLYGON ((126.964159 37.546494, 126.964118 37.546491, 126.964044 37.546488, 126.96375 37.546473, 126.963716 37.546472, 126.963496 37.546472, 126.963441 37.546474, 126.963386 37.546481, 126.963332 37.546491, 126.96328 37.546506, 126.963229 37.546525, 126.963182 37.546547, 126.963137 37.546574, 126.963096 37.546603, 126.963059 37.546636, 126.963025 37.546671, 126.962997 37.546709, 126.962973 37.546749, 126.962954 37.546791, 126.96294 37.546834, 126.962932 37.546877, 126.962929 37.546921, 126.962929 37.547198, 126.962927 37.547578, 126.962925 37.547917, 126.962925 37.54792, 126.962926 37.548129, 126.962926 37.54813, 126.962927 37.54834, 126.962929 37.548383, 126.962937 37.548426, 126.962951 37.548469, 126.962969 37.54851, 126.962993 37.548549, 126.963021 37.548587, 126.963053 37.548622, 126.963089 37.548654, 126.96313 37.548684, 126.963173 37.54871, 126.96322 37.548733, 126.963256 37.548749, 126.963283 37.54876, 126.96329 37.548762, 126.963341 37.54878, 126.963394 37.548793, 126.963449 37.548802, 126.963504 37.548806, 126.96356 37.548806, 126.963615 37.548802, 126.96367 37.548794, 126.963723 37.548781, 126.963775 37.548764, 126.963821 37.548747, 126.963962 37.548695, 126.964037 37.54869, 126.964055 37.54869, 126.96419 37.548681, 126.96419 37.548681, 126.964318 37.548673, 126.964431 37.548666, 126.964475 37.548663, 126.964549 37.548655, 126.964641 37.548639, 126.964778 37.548616, 126.964797 37.548613, 126.964801 37.548613, 126.964905 37.548596, 126.965006 37.548579, 126.965085 37.548566, 126.965181 37.548552, 126.965235 37.548541, 126.965288 37.548526, 126.965339 37.548507, 126.965387 37.548484, 126.965433 37.548457, 126.965474 37.548427, 126.965512 37.548394, 126.965545 37.548358, 126.965574 37.548319, 126.965583 37.548305, 126.965599 37.548279, 126.965601 37.548275, 126.965622 37.548232, 126.965638 37.548187, 126.965647 37.548141, 126.965651 37.548095, 126.965648 37.548048, 126.965642 37.547994, 126.965641 37.547993, 126.96563 37.547897, 126.965629 37.547894, 126.965619 37.547811, 126.965606 37.547714, 126.965599 37.547655, 126.965585 37.547539, 126.965571 37.547426, 126.965559 37.547318, 126.965546 37.547194, 126.965543 37.547167, 126.965543 37.547167, 126.965537 37.547116, 126.965528 37.547031, 126.96552 37.546959, 126.96551 37.546868, 126.965503 37.546825, 126.96549 37.546783, 126.965473 37.546742, 126.965451 37.546703, 126.965424 37.546665, 126.965392 37.54663, 126.965357 37.546597, 126.965318 37.546567, 126.965275 37.54654, 126.965229 37.546517, 126.965181 37.546497, 126.96513 37.546481, 126.965078 37.546469, 126.965025 37.546461, 126.964971 37.546457, 126.964916 37.546457, 126.964635 37.546469, 126.96432 37.54648, 126.964311 37.54648, 126.964255 37.546481, 126.9642 37.546487, 126.964159 37.546494))"
학교,폴리곤50m,"POLYGON ((126.963122 37.546235, 126.963105 37.546253, 126.963075 37.546292, 126.96305 37.546334, 126.963031 37.546377, 126.963017 37.546421, 126.963009 37.546466, 126.963007 37.546512, 126.963011 37.546558, 126.96302 37.546603, 126.963036 37.546647, 126.963056 37.54669, 126.963059 37.546695, 126.963084 37.546734, 126.963114 37.546771, 126.963147 37.546806, 126.963185 37.546837, 126.963227 37.546866, 126.963237 37.546873, 126.963293 37.546903, 126.963587 37.547045, 126.963593 37.547048, 126.963616 37.547059, 126.963629 37.547065, 126.963736 37.547113, 126.963739 37.547114, 126.964052 37.547251, 126.964098 37.547269, 126.964147 37.547284, 126.964197 37.547295, 126.964248 37.547303, 126.964299 37.547306, 126.964351 37.547306, 126.964392 37.547303, 126.964392 37.547303, 126.964627 37.547284, 126.96476 37.547274, 126.964762 37.547274, 126.964953 37.547259, 126.965049 37.547258, 126.96511 37.547255, 126.96517 37.547247, 126.965229 37.547233, 126.965285 37.547215, 126.965339 37.547192, 126.965401 37.547162, 126.965442 37.54714, 126.965592 37.547051, 126.965732 37.54697, 126.965758 37.546953, 126.965869 37.54688, 126.965888 37.546868, 126.965922 37.546865, 126.965975 37.546856, 126.966027 37.546843, 126.966078 37.546825, 126.966126 37.546804, 126.966171 37.54678, 126.966213 37.546752, 126.966251 37.546721, 126.966286 37.546687, 126.966316 37.546651, 126.966342 37.546612, 126.966363 37.546572, 126.966379 37.54653, 126.96639 37.546488, 126.966395 37.546444, 126.966396 37.546401, 126.966391 37.546357, 126.96638 37.546315, 126.966365 37.546273, 126.966345 37.546232, 126.966319 37.546194, 126.96629 37.546157, 126.966255 37.546123, 126.966217 37.546092, 126.966176 37.546063, 126.966131 37.546038, 126.966083 37.546017, 126.966033 37.546, 126.965981 37.545986, 126.965927 37.545976, 126.96577 37.545955, 126.965714 37.545949, 126.965657 37.545948, 126.965601 37.545952, 126.965545 37.54596, 126.96549 37.545972, 126.965438 37.545989, 126.965387 37.546009, 126.96534 37.546034, 126.965059 37.546197, 126.965058 37.546198, 126.964849 37.546319, 126.96448 37.546339, 126.964353 37.546263, 126.964001 37.546049, 126.963956 37.546024, 126.963908 37.546003, 126.963858 37.545986, 126.963806 37.545972, 126.963753 37.545963, 126.963699 37.545958, 126.963644 37.545956, 126.96359 37.54596, 126.963536 37.545967, 126.963483 37.545978, 126.963432 37.545993, 126.963383 37.546013, 126.963337 37.546035, 126.963294 37.546062, 126.963254 37.546091, 126.963217 37.546124, 126.963185 37.546159, 126.963122 37.546235))"
학교,폴리곤50m,"POLYGON ((126.965476 37.546107, 126.965474 37.546132, 126.965474 37.546176, 126.965481 37.546219, 126.965492 37.546262, 126.965509 37.546304, 126.96553 37.546345, 126.965557 37.546383, 126.965588 37.546419, 126.965623 37.546453, 126.965662 37.546484, 126.965705 37.546511, 126.965751 37.546535, 126.965765 37.546541, 126.965769 37.546544, 126.965816 37.546568, 126.965866 37.546589, 126.965908 37.546602, 126.965917 37.546606, 126.965973 37.546625, 126.966031 37.546639, 126.96606 37.546645, 126.966126 37.546654, 126.966161 37.546656, 126.966161 37.546657, 126.966226 37.546661, 126.966275 37.546662, 126.966368 37.546661, 126.966381 37.546661, 126.966449 37.546659, 126.966503 37.546656, 126.966556 37.546648, 126.966609 37.546637, 126.966659 37.546621, 126.966708 37.546602, 126.966754 37.546579, 126.966756 37.546578, 126.966801 37.546568, 126.966853 37.546552, 126.966904 37.546532, 126.966952 37.546508, 126.966996 37.546481, 126.967037 37.54645, 126.967074 37.546415, 126.967106 37.546379, 126.967134 37.546339, 126.967156 37.546298, 126.967174 37.546255, 126.967185 37.546211, 126.967192 37.546166, 126.967192 37.546121, 126.967191 37.546101, 126.96719 37.546083, 126.967185 37.546036, 126.967184 37.54603, 126.967186 37.546022, 126.967198 37.545969, 126.967205 37.545927, 126.967214 37.545838, 126.967215 37.545829, 126.967216 37.545821, 126.967225 37.545756, 126.967229 37.545711, 126.967227 37.545665, 126.96722 37.54562, 126.967207 37.545576, 126.967188 37.545533, 126.967164 37.545492, 126.967135 37.545453, 126.967104 37.545416, 126.96707 37.54538, 126.967032 37.545346, 126.966989 37.545316, 126.966943 37.545289, 126.966894 37.545266, 126.966842 37.545247, 126.966823 37.545241, 126.966691 37.545193, 126.966687 37.545191, 126.966551 37.545142, 126.966538 37.545137, 126.966485 37.54512, 126.96643 37.545108, 126.966374 37.5451, 126.966317 37.545096, 126.96626 37.545097, 126.966204 37.545102, 126.966148 37.545112, 126.966094 37.545127, 126.966042 37.545146, 126.965993 37.545168, 126.965946 37.545195, 126.965929 37.545207, 126.965852 37.54525, 126.965808 37.545276, 126.965767 37.545306, 126.965731 37.545339, 126.965699 37.545375, 126.965671 37.545413, 126.965648 37.545452, 126.96563 37.545494, 126.965617 37.545537, 126.965615 37.545548, 126.965581 37.54563, 126.965524 37.545706, 126.965515 37.54572, 126.965507 37.545731, 126.965484 37.54577, 126.965465 37.545811, 126.965451 37.545853, 126.965442 37.545896, 126.965439 37.545939, 126.965441 37.545983, 126.965448 37.546026, 126.96546 37.546068, 126.965476 37.546107))"
학교,폴리곤50m,"POLYGON ((126.966784 37.54528, 126.966796 37.545278, 126.96683 37.545273, 126.966898 37.54526, 126.966951 37.545247, 126.967003 37.545231, 126.967053 37.54521, 126.967099 37.545186, 126.967142 37.545158, 126.967182 37.545127, 126.967218 37.545093, 126.967249 37.545056, 126.967276 37.545017, 126.967297 37.544976, 126.967314 37.544934, 126.967325 37.54489, 126.967331 37.544846, 126.967331 37.544802, 126.967326 37.544758, 126.967315 37.544714, 126.967299 37.544671, 126.967278 37.54463, 126.967252 37.544591, 126.967221 37.544554, 126.967186 37.54452, 126.967147 37.544488, 126.967104 37.54446, 126.967057 37.544436, 126.967008 37.544415, 126.966957 37.544398, 126.966903 37.544385, 126.966849 37.544376, 126.966793 37.544372, 126.966725 37.544369, 126.966701 37.544368, 126.966644 37.544368, 126.966587 37.544372, 126.966531 37.544381, 126.966477 37.544395, 126.966424 37.544413, 126.966374 37.544434, 126.966327 37.54446, 126.966284 37.54449, 126.966244 37.544522, 126.966209 37.544558, 126.966179 37.544596, 126.966153 37.544637, 126.966133 37.544679, 126.966118 37.544723, 126.966109 37.544768, 126.966105 37.544813, 126.966108 37.544859, 126.966116 37.544903, 126.966121 37.544923, 126.966134 37.544966, 126.966152 37.545008, 126.966176 37.545048, 126.966204 37.545086, 126.966237 37.545122, 126.966274 37.545155, 126.966315 37.545185, 126.966359 37.545211, 126.966407 37.545234, 126.966457 37.545253, 126.966509 37.545268, 126.966563 37.545279, 126.966618 37.545286, 126.966673 37.545288, 126.966729 37.545286, 126.966784 37.54528, 126.966784 37.54528))"
학교,폴리곤50m,"POLYGON ((126.965425 37.54227, 126.965471 37.542245, 126.965513 37.542217, 126.965551 37.542185, 126.965585 37.54215, 126.965615 37.542113, 126.965641 37.542074, 126.965661 37.542033, 126.965676 37.541991, 126.965686 37.541948, 126.965691 37.541904, 126.96569 37.54186, 126.965683 37.541816, 126.965672 37.541773, 126.965655 37.541731, 126.965633 37.54169, 126.965606 37.541652, 126.965575 37.541615, 126.965539 37.541582, 126.9655 37.541551, 126.965457 37.541524, 126.96541 37.541499, 126.965361 37.541479, 126.96531 37.541463, 126.965257 37.54145, 126.965202 37.541442, 126.965147 37.541438, 126.965092 37.541439, 126.965037 37.541444, 126.964983 37.541453, 126.96494 37.541461, 126.964891 37.541473, 126.964844 37.541489, 126.96484 37.54149, 126.96479 37.541511, 126.964743 37.541536, 126.964699 37.541565, 126.964659 37.541597, 126.964623 37.541632, 126.964592 37.541669, 126.964565 37.541709, 126.964544 37.541751, 126.964528 37.541794, 126.964518 37.541839, 126.964513 37.541884, 126.964514 37.541929, 126.96452 37.541974, 126.964532 37.542018, 126.96455 37.542061, 126.964573 37.542102, 126.964601 37.542141, 126.964634 37.542178, 126.964643 37.542187, 126.964679 37.54222, 126.964719 37.54225, 126.964762 37.542277, 126.964809 37.5423, 126.964858 37.54232, 126.96491 37.542336, 126.964963 37.542347, 126.965017 37.542355, 126.965072 37.542358, 126.965127 37.542357, 126.965182 37.542352, 126.965236 37.542342, 126.965288 37.542329, 126.965339 37.542311, 126.965387 37.542289, 126.965425 37.54227))"
학교,폴리곤50m,"POLYGON ((126.964759 37.541515, 126.964741 37.541517, 126.964686 37.541526, 126.964634 37.54154, 126.964583 37.541557, 126.964534 37.541579, 126.964489 37.541604, 126.964447 37.541632, 126.964408 37.541664, 126.964373 37.541698, 126.964343 37.541735, 126.964318 37.541775, 126.964297 37.541815, 126.964282 37.541858, 126.964272 37.541901, 126.964267 37.541945, 126.964266 37.541971, 126.964267 37.542016, 126.964273 37.542061, 126.964285 37.542105, 126.964303 37.542148, 126.964326 37.54219, 126.964354 37.542229, 126.964386 37.542266, 126.964424 37.5423, 126.964465 37.542331, 126.96451 37.542358, 126.964558 37.542382, 126.964609 37.542402, 126.964662 37.542417, 126.964717 37.542429, 126.964773 37.542436, 126.96483 37.542438, 126.964886 37.542436, 126.964942 37.542429, 126.964997 37.542418, 126.965051 37.542403, 126.965102 37.542383, 126.96515 37.54236, 126.965195 37.542333, 126.965244 37.5423, 126.965285 37.54227, 126.965322 37.542236, 126.965355 37.5422, 126.965383 37.542161, 126.965406 37.542121, 126.965424 37.542078, 126.965437 37.542035, 126.965444 37.541991, 126.965446 37.541946, 126.965442 37.541902, 126.965432 37.541858, 126.965418 37.541814, 126.965397 37.541773, 126.965372 37.541733, 126.965342 37.541695, 126.965308 37.54166, 126.965269 37.541628, 126.965226 37.541599, 126.96518 37.541573, 126.965131 37.541551, 126.96508 37.541534, 126.965027 37.54152, 126.964972 37.541511, 126.964916 37.541505, 126.96486 37.541505, 126.964804 37.541509, 126.964759 37.541515))"
학교,폴리곤50m,"POLYGON ((126.964469 37.543238, 126.964472 37.543244, 126.964473 37.543249, 126.964498 37.543319, 126.964508 37.543354, 126.964528 37.543422, 126.964566 37.543555, 126.964581 37.543597, 126.964602 37.543638, 126.964627 37.543678, 126.964657 37.543715, 126.964691 37.543749, 126.964729 37.543781, 126.964771 37.54381, 126.964816 37.543835, 126.964864 37.543856, 126.964915 37.543874, 126.964967 37.543888, 126.965021 37.543898, 126.965076 37.543903, 126.965131 37.543904, 126.965187 37.543901, 126.965241 37.543893, 126.965294 37.543882, 126.965332 37.54387, 126.96537 37.543877, 126.965424 37.543882, 126.965478 37.543883, 126.965533 37.54388, 126.965586 37.543873, 126.965638 37.543862, 126.965689 37.543847, 126.965738 37.543828, 126.965784 37.543806, 126.965828 37.54378, 126.965868 37.54375, 126.965904 37.543718, 126.965927 37.543694, 126.96594 37.543692, 126.965949 37.54369, 126.96619 37.543642, 126.966594 37.543564, 126.966675 37.543549, 126.96673 37.543536, 126.966782 37.543519, 126.966833 37.543498, 126.966864 37.543481, 126.966916 37.543474, 126.966969 37.543463, 126.967021 37.543448, 126.96707 37.543429, 126.967117 37.543406, 126.967161 37.543379, 126.967178 37.543367, 126.967209 37.543362, 126.967211 37.543361, 126.967303 37.543344, 126.967478 37.543313, 126.967658 37.543282, 126.967663 37.543281, 126.967845 37.543248, 126.967863 37.543244, 126.968002 37.543216, 126.968193 37.543182, 126.968249 37.54317, 126.968267 37.543165, 126.968285 37.54316, 126.968547 37.543082, 126.968597 37.543065, 126.968801 37.542986, 126.968832 37.542975, 126.968883 37.542954, 126.968931 37.542929, 126.968976 37.5429, 126.969016 37.542868, 126.969053 37.542832, 126.969084 37.542794, 126.969111 37.542754, 126.969132 37.542711, 126.969148 37.542667, 126.969158 37.542622, 126.969163 37.542577, 126.969161 37.542531, 126.969154 37.542486, 126.969141 37.542441, 126.969047 37.542179, 126.969028 37.542125, 126.969024 37.542104, 126.96901 37.542061, 126.968997 37.542028, 126.968989 37.54201, 126.968965 37.541958, 126.968917 37.541855, 126.968892 37.541784, 126.968887 37.541769, 126.96887 37.541724, 126.968862 37.541703, 126.968845 37.541662, 126.968823 37.541623, 126.968796 37.541586, 126.968765 37.541551, 126.96873 37.541519, 126.968692 37.541489, 126.968649 37.541462, 126.968604 37.541439, 126.968557 37.541419, 126.968507 37.541403, 126.968455 37.541391, 126.968403 37.541382, 126.968349 37.541378, 126.968295 37.541378, 126.968242 37.541382, 126.968113 37.541396, 126.96808 37.5414, 126.968038 37.541407, 126.968021 37.54141, 126.967855 37.54144, 126.967822 37.541422, 126.967779 37.541402, 126.967752 37.541391, 126.967739 37.541377, 126.967701 37.541346, 126.96766 37.541317, 126.967615 37.541291, 126.967568 37.54127, 126.967518 37.541252, 126.967466 37.541238, 126.967413 37.541227, 126.967261 37.541205, 126.967257 37.541205, 126.967222 37.5412, 126.967163 37.541194, 126.967103 37.541193, 126.967043 37.541197, 126.966984 37.541206, 126.966974 37.541208, 126.966923 37.541217, 126.966885 37.541225, 126.966864 37.541224, 126.966743 37.54122, 126.966693 37.54122, 126.966644 37.541224, 126.966642 37.541224, 126.966592 37.541232, 126.966544 37.541243, 126.966528 37.541247, 126.966447 37.541253, 126.966393 37.54126, 126.96634 37.54127, 126.9663 37.541281, 126.966243 37.541273, 126.966181 37.541269, 126.96612 37.541268, 126.966111 37.541268, 126.966035 37.541268, 126.965979 37.54127, 126.965924 37.541277, 126.96587 37.541287, 126.965818 37.541302, 126.965768 37.541321, 126.96572 37.541344, 126.965676 37.54137, 126.965635 37.5414, 126.965597 37.541432, 126.965564 37.541468, 126.965536 37.541505, 126.965512 37.541545, 126.965493 37.541587, 126.96549 37.541597, 126.965248 37.541652, 126.965192 37.541668, 126.965137 37.541688, 126.965086 37.541712, 126.96499 37.541764, 126.964673 37.54183, 126.964622 37.541843, 126.964573 37.541859, 126.964526 37.541879, 126.964482 37.541902, 126.964426 37.541934, 126.964384 37.541962, 126.964345 37.541992, 126.96431 37.542025, 126.96428 37.54206, 126.964253 37.542098, 126.964231 37.542137, 126.964215 37.542178, 126.964203 37.542221, 126.964198 37.542241, 126.964191 37.542289, 126.96419 37.542337, 126.964196 37.542386, 126.964208 37.542433, 126.964267 37.542611, 126.964296 37.542701, 126.964296 37.542701, 126.964338 37.542827, 126.964338 37.542829, 126.964369 37.54292, 126.964386 37.542975, 126.964406 37.543045, 126.964407 37.543046, 126.964425 37.54311, 126.964437 37.543153, 126.964457 37.543211, 126.964469 37.543238))"
학교,폴리곤50m,"POLYGON ((126.966082 37.542168, 126.966117 37.542174, 126.966172 37.542178, 126.966361 37.542186, 126.966418 37.542186, 126.966474 37.542182, 126.966529 37.542173, 126.966583 37.54216, 126.966635 37.542143, 126.966685 37.542122, 126.966732 37.542096, 126.966775 37.542068, 126.966814 37.542036, 126.96685 37.542001, 126.966881 37.541963, 126.966906 37.541923, 126.966927 37.541881, 126.966943 37.541838, 126.966953 37.541794, 126.966957 37.541749, 126.966957 37.541742, 126.966956 37.541698, 126.96695 37.541655, 126.966938 37.541612, 126.966921 37.54157, 126.966899 37.54153, 126.966872 37.541492, 126.966841 37.541456, 126.966806 37.541423, 126.966766 37.541392, 126.966724 37.541365, 126.966677 37.541341, 126.966629 37.541321, 126.966578 37.541304, 126.966525 37.541292, 126.966471 37.541284, 126.966416 37.54128, 126.966317 37.541276, 126.9663 37.541273, 126.966249 37.541266, 126.966197 37.541264, 126.966116 37.541263, 126.966061 37.541264, 126.966007 37.54127, 126.965954 37.541279, 126.965902 37.541293, 126.965852 37.541311, 126.965805 37.541332, 126.96576 37.541357, 126.965718 37.541385, 126.965681 37.541417, 126.965647 37.541451, 126.965617 37.541487, 126.965592 37.541526, 126.965572 37.541566, 126.965556 37.541608, 126.965546 37.541651, 126.965541 37.541694, 126.965541 37.541737, 126.965547 37.541781, 126.965558 37.541823, 126.965574 37.541865, 126.965595 37.541905, 126.96562 37.541943, 126.965624 37.541949, 126.965656 37.541987, 126.965693 37.542022, 126.965734 37.542055, 126.965778 37.542083, 126.965827 37.542108, 126.965878 37.542129, 126.965932 37.542146, 126.965987 37.542158, 126.966044 37.542166, 126.966082 37.542168))"
학교,폴리곤50m,"POLYGON ((126.964362 37.542535, 126.964397 37.542569, 126.964437 37.542601, 126.96448 37.542629, 126.964527 37.542653, 126.964576 37.542674, 126.964628 37.542691, 126.964682 37.542704, 126.964737 37.542712, 126.964792 37.542716, 126.964848 37.542716, 126.964904 37.542711, 126.964958 37.542702, 126.965393 37.542611, 126.965447 37.542598, 126.9655 37.54258, 126.96555 37.542558, 126.965597 37.542532, 126.96564 37.542502, 126.965641 37.542501, 126.965645 37.542499, 126.965817 37.54246, 126.965896 37.542442, 126.966 37.542419, 126.966004 37.542422, 126.966051 37.542448, 126.9661 37.54247, 126.966153 37.542489, 126.966207 37.542502, 126.966263 37.542512, 126.96632 37.542517, 126.966377 37.542517, 126.966434 37.542513, 126.96649 37.542504, 126.96698 37.542406, 126.967237 37.542355, 126.96729 37.542342, 126.967342 37.542325, 126.967391 37.542304, 126.967437 37.542279, 126.96748 37.542251, 126.96752 37.542219, 126.967555 37.542185, 126.967586 37.542148, 126.967612 37.542108, 126.967633 37.542067, 126.967649 37.542025, 126.967659 37.541981, 126.967664 37.541937, 126.967664 37.541892, 126.967658 37.541848, 126.967647 37.541805, 126.96763 37.541762, 126.967608 37.541721, 126.967582 37.541682, 126.96755 37.541646, 126.967514 37.541612, 126.967474 37.541581, 126.967431 37.541553, 126.967384 37.541529, 126.967334 37.541508, 126.967283 37.541492, 126.967229 37.541479, 126.967174 37.541471, 126.967118 37.541468, 126.966862 37.541461, 126.966687 37.541456, 126.966669 37.541456, 126.966596 37.541456, 126.966593 37.541456, 126.96656 37.541456, 126.966546 37.541443, 126.966504 37.54141, 126.966457 37.541382, 126.966407 37.541357, 126.966355 37.541337, 126.966253 37.541303, 126.966202 37.541288, 126.966149 37.541278, 126.966096 37.541271, 126.966042 37.541268, 126.965998 37.541268, 126.965892 37.541267, 126.965875 37.541266, 126.965874 37.541266, 126.965786 37.541266, 126.965727 37.541265, 126.965669 37.541267, 126.965611 37.541273, 126.965554 37.541285, 126.965553 37.541285, 126.965534 37.541287, 126.965479 37.541297, 126.965336 37.541329, 126.965288 37.541341, 126.965241 37.541357, 126.965185 37.541379, 126.965114 37.541406, 126.965067 37.541427, 126.965059 37.541431, 126.965053 37.541433, 126.965028 37.541444, 126.964991 37.541451, 126.964991 37.541451, 126.96497 37.541455, 126.964953 37.54146, 126.964942 37.541462, 126.964891 37.541474, 126.964787 37.541503, 126.964782 37.541504, 126.964688 37.541531, 126.964642 37.541546, 126.964598 37.541565, 126.964556 37.541586, 126.964516 37.54161, 126.964468 37.541643, 126.964429 37.541671, 126.964394 37.541702, 126.964363 37.541735, 126.964336 37.541771, 126.964313 37.541808, 126.964285 37.541859, 126.964267 37.541896, 126.964254 37.541933, 126.964244 37.541971, 126.964239 37.54201, 126.964237 37.542039, 126.964215 37.542159, 126.96421 37.542203, 126.96421 37.542247, 126.964216 37.542291, 126.964227 37.542334, 126.964243 37.542376, 126.964265 37.542417, 126.964291 37.542455, 126.964322 37.542492, 126.964362 37.542535))"
학교,폴리곤50m,"POLYGON ((126.966368 37.54219, 126.966423 37.54219, 126.966478 37.542185, 126.966532 37.542177, 126.966585 37.542164, 126.966636 37.542146, 126.966685 37.542125, 126.966731 37.542101, 126.966773 37.542073, 126.966812 37.542041, 126.966847 37.542007, 126.966878 37.54197, 126.966904 37.541932, 126.966925 37.541891, 126.966941 37.541849, 126.966951 37.541805, 126.966957 37.541761, 126.966957 37.541717, 126.966956 37.541714, 126.966951 37.54167, 126.96694 37.541627, 126.966924 37.541585, 126.966903 37.541544, 126.966877 37.541505, 126.966846 37.541468, 126.966811 37.541434, 126.966772 37.541403, 126.966729 37.541375, 126.966683 37.541351, 126.966635 37.54133, 126.966584 37.541313, 126.966531 37.5413, 126.966476 37.541291, 126.966421 37.541287, 126.966232 37.541279, 126.966178 37.541278, 126.966123 37.541282, 126.966069 37.541291, 126.966017 37.541303, 126.965966 37.541319, 126.965917 37.541339, 126.965872 37.541363, 126.965829 37.54139, 126.965789 37.54142, 126.965754 37.541454, 126.965723 37.541489, 126.965696 37.541527, 126.965674 37.541567, 126.965657 37.541609, 126.965645 37.541651, 126.965638 37.541694, 126.965637 37.541738, 126.96564 37.541781, 126.965649 37.541824, 126.965664 37.541866, 126.965683 37.541907, 126.965707 37.541946, 126.965736 37.541983, 126.965769 37.542018, 126.965806 37.54205, 126.965847 37.542079, 126.965891 37.542105, 126.965938 37.542127, 126.965988 37.542145, 126.966006 37.542151, 126.966052 37.542164, 126.966099 37.542174, 126.966147 37.542181, 126.966196 37.542184, 126.966368 37.54219))"
학교,폴리곤50m,"POLYGON ((126.962954 37.54393, 126.962964 37.54395, 126.962989 37.543988, 126.963005 37.544009, 126.963008 37.544013, 126.963072 37.544098, 126.963078 37.544106, 126.963143 37.544189, 126.963169 37.544219, 126.963242 37.544296, 126.96326 37.544315, 126.963271 37.544366, 126.963285 37.54441, 126.963299 37.544448, 126.963316 37.544488, 126.963338 37.544527, 126.963365 37.544564, 126.963395 37.544599, 126.96343 37.544631, 126.963458 37.544652, 126.963467 37.544681, 126.963485 37.544723, 126.963508 37.544764, 126.963536 37.544802, 126.963569 37.544838, 126.963606 37.544872, 126.963616 37.544879, 126.963634 37.544897, 126.963673 37.544928, 126.963715 37.544956, 126.963761 37.54498, 126.963875 37.545035, 126.964059 37.545147, 126.964122 37.54518, 126.964579 37.545388, 126.964596 37.545395, 126.96463 37.545409, 126.964637 37.545414, 126.964648 37.54542, 126.964694 37.545445, 126.964711 37.545453, 126.964721 37.545459, 126.964768 37.545482, 126.964819 37.545501, 126.964871 37.545516, 126.964925 37.545528, 126.96498 37.545534, 126.965035 37.545537, 126.965091 37.545535, 126.965146 37.545529, 126.9652 37.545518, 126.965253 37.545504, 126.965303 37.545485, 126.965376 37.545454, 126.965421 37.545433, 126.965463 37.545409, 126.965487 37.545395, 126.965521 37.545371, 126.965552 37.545346, 126.965576 37.545325, 126.965612 37.545292, 126.965643 37.545256, 126.965652 37.545243, 126.965675 37.545211, 126.965695 37.545176, 126.965711 37.545141, 126.965718 37.545123, 126.965731 37.545081, 126.96574 37.545039, 126.965743 37.544996, 126.965741 37.544953, 126.965738 37.544917, 126.965729 37.544836, 126.965729 37.544835, 126.96571 37.544652, 126.96571 37.544649, 126.965701 37.544567, 126.965701 37.544566, 126.965701 37.544561, 126.965759 37.543705, 126.965762 37.543671, 126.965762 37.543628, 126.965757 37.543586, 126.965748 37.543544, 126.965733 37.543503, 126.965721 37.543475, 126.965699 37.543431, 126.965671 37.543388, 126.965638 37.543348, 126.965599 37.543312, 126.965585 37.5433, 126.965548 37.543271, 126.965508 37.543245, 126.965483 37.54323, 126.965433 37.543203, 126.965379 37.543181, 126.965322 37.543164, 126.965272 37.54315, 126.965224 37.54314, 126.965175 37.543132, 126.965119 37.543126, 126.96506 37.543122, 126.965002 37.543123, 126.964943 37.543128, 126.964886 37.543139, 126.96483 37.543154, 126.964777 37.543173, 126.964726 37.543197, 126.964679 37.543225, 126.964659 37.543238, 126.964586 37.543235, 126.964531 37.543235, 126.964475 37.543239, 126.964432 37.543245, 126.964413 37.54324, 126.964361 37.543228, 126.964307 37.54322, 126.964253 37.543217, 126.964044 37.543211, 126.963955 37.543207, 126.963933 37.543206, 126.963926 37.543206, 126.963884 37.543205, 126.963859 37.543203, 126.963841 37.543203, 126.963661 37.543197, 126.963661 37.543197, 126.963612 37.543187, 126.963558 37.543178, 126.963502 37.543172, 126.963446 37.543172, 126.96339 37.543176, 126.963335 37.543184, 126.963281 37.543196, 126.963229 37.543213, 126.963179 37.543234, 126.963132 37.543258, 126.963089 37.543286, 126.963049 37.543318, 126.963013 37.543352, 126.962982 37.543389, 126.962955 37.543428, 126.962934 37.543469, 126.962917 37.543512, 126.962892 37.543591, 126.962881 37.543635, 126.962876 37.54368, 126.962876 37.543725, 126.962882 37.54377, 126.962893 37.543814, 126.96291 37.543857, 126.962932 37.543899, 126.962954 37.54393))"
학교,폴리곤50m,"POLYGON ((126.96611 37.542169, 126.966167 37.542167, 126.966223 37.54216, 126.966278 37.542149, 126.966331 37.542134, 126.966382 37.542114, 126.966431 37.54209, 126.966476 37.542063, 126.966517 37.542032, 126.966555 37.541998, 126.966588 37.541961, 126.966616 37.541922, 126.966639 37.54188, 126.966656 37.541837, 126.966668 37.541793, 126.966675 37.541748, 126.966676 37.541703, 126.966671 37.541658, 126.966661 37.541614, 126.966645 37.54157, 126.966623 37.541528, 126.966597 37.541488, 126.966593 37.541483, 126.966552 37.541436, 126.966549 37.541432, 126.966511 37.541397, 126.966468 37.541365, 126.966421 37.541337, 126.966371 37.541313, 126.966318 37.541293, 126.966263 37.541278, 126.966206 37.541267, 126.966148 37.541261, 126.966089 37.541259, 126.965998 37.541261, 126.965942 37.541264, 126.965888 37.541272, 126.965834 37.541284, 126.965782 37.5413, 126.965733 37.541319, 126.965686 37.541343, 126.965642 37.54137, 126.965602 37.541401, 126.965566 37.541434, 126.965534 37.54147, 126.965506 37.541508, 126.965484 37.541549, 126.965466 37.541591, 126.965454 37.541634, 126.965447 37.541678, 126.965446 37.541722, 126.96545 37.541766, 126.965459 37.541809, 126.965474 37.541852, 126.965493 37.541893, 126.965518 37.541933, 126.965548 37.54197, 126.965582 37.542005, 126.96562 37.542037, 126.965662 37.542066, 126.965707 37.542091, 126.965755 37.542113, 126.965806 37.542131, 126.965828 37.542138, 126.965878 37.542152, 126.965929 37.542161, 126.965981 37.542167, 126.966034 37.542169, 126.96611 37.542169))"
학교,폴리곤50m,"POLYGON ((126.968102 37.542255, 126.968053 37.542276, 126.968007 37.542301, 126.967964 37.54233, 126.967925 37.542362, 126.96789 37.542397, 126.96786 37.542434, 126.967834 37.542474, 126.967814 37.542515, 126.967799 37.542558, 126.967789 37.542602, 126.967784 37.542647, 126.967785 37.542691, 126.967792 37.542735, 126.967804 37.542779, 126.967822 37.542821, 126.967844 37.542862, 126.967872 37.542901, 126.967904 37.542937, 126.967941 37.542971, 126.967981 37.543002, 126.968025 37.543029, 126.968073 37.543053, 126.968123 37.543073, 126.968175 37.543088, 126.968229 37.5431, 126.968285 37.543107, 126.96834 37.54311, 126.968396 37.543109, 126.968452 37.543103, 126.968506 37.543093, 126.968692 37.54305, 126.968747 37.543035, 126.9688 37.543016, 126.96885 37.542992, 126.968896 37.542964, 126.968939 37.542933, 126.96895 37.542925, 126.968989 37.54289, 126.969023 37.542852, 126.969052 37.542811, 126.969075 37.542769, 126.969089 37.54274, 126.969105 37.542701, 126.969117 37.54266, 126.969124 37.542618, 126.969124 37.542616, 126.969126 37.542571, 126.969122 37.542526, 126.969112 37.542481, 126.969097 37.542438, 126.969077 37.542396, 126.969051 37.542355, 126.969021 37.542317, 126.968986 37.542282, 126.968946 37.542249, 126.968903 37.54222, 126.968856 37.542195, 126.968806 37.542173, 126.968754 37.542155, 126.9687 37.542142, 126.968644 37.542133, 126.968588 37.542129, 126.968531 37.542129, 126.968475 37.542133, 126.968419 37.542142, 126.968365 37.542156, 126.968313 37.542173, 126.968102 37.542255))"
학교,폴리곤50m,"POLYGON ((126.968043 37.542397, 126.968036 37.542407, 126.968012 37.542446, 126.967994 37.542488, 126.967981 37.54253, 126.967973 37.542573, 126.96797 37.542617, 126.967973 37.54266, 126.967981 37.542704, 126.967994 37.542746, 126.968012 37.542787, 126.968035 37.542827, 126.968063 37.542865, 126.968095 37.5429, 126.968132 37.542933, 126.968172 37.542962, 126.968216 37.542989, 126.968262 37.543012, 126.968312 37.543031, 126.968363 37.543046, 126.968416 37.543058, 126.96847 37.543065, 126.968525 37.543068, 126.96858 37.543066, 126.968634 37.543061, 126.968688 37.543051, 126.968717 37.543045, 126.968726 37.543043, 126.96877 37.543032, 126.968822 37.543018, 126.968872 37.542999, 126.968919 37.542977, 126.968964 37.542952, 126.969005 37.542923, 126.969042 37.542891, 126.969075 37.542856, 126.969104 37.542819, 126.969129 37.542779, 126.969148 37.542739, 126.969162 37.542696, 126.969171 37.542653, 126.969175 37.54261, 126.969174 37.542566, 126.969167 37.542523, 126.969155 37.54248, 126.969142 37.542445, 126.969125 37.542404, 126.969103 37.542364, 126.969077 37.542326, 126.969046 37.542291, 126.969011 37.542258, 126.968972 37.542228, 126.96893 37.542201, 126.968884 37.542177, 126.968836 37.542157, 126.968786 37.54214, 126.968734 37.542128, 126.968681 37.542119, 126.968627 37.542115, 126.968572 37.542115, 126.968518 37.542119, 126.968465 37.542127, 126.968413 37.542139, 126.968362 37.542155, 126.968325 37.542169, 126.968275 37.542189, 126.968228 37.542214, 126.968184 37.542242, 126.968144 37.542273, 126.968108 37.542308, 126.968076 37.542345, 126.968049 37.542385, 126.968043 37.542397))"
학교,폴리곤50m,"POLYGON ((126.964775 37.543982, 126.96481 37.544011, 126.964852 37.544039, 126.964897 37.544064, 126.964946 37.544085, 126.964996 37.544102, 126.965049 37.544116, 126.965103 37.544125, 126.965157 37.54413, 126.965259 37.544135, 126.965315 37.544136, 126.965371 37.544132, 126.965396 37.544129, 126.965432 37.544138, 126.965486 37.544147, 126.965541 37.544152, 126.96562 37.544157, 126.965677 37.544157, 126.965733 37.544153, 126.965789 37.544145, 126.965843 37.544133, 126.965896 37.544116, 126.965946 37.544095, 126.965993 37.54407, 126.966037 37.544041, 126.966077 37.544009, 126.966113 37.543975, 126.966144 37.543937, 126.966147 37.543934, 126.966149 37.543932, 126.966185 37.5439, 126.966218 37.543865, 126.966246 37.543827, 126.96627 37.543788, 126.966288 37.543747, 126.966302 37.543704, 126.96631 37.543661, 126.966313 37.543618, 126.966311 37.543574, 126.966303 37.543531, 126.966291 37.543488, 126.966273 37.543447, 126.96625 37.543407, 126.966222 37.54337, 126.96619 37.543334, 126.966154 37.543301, 126.966114 37.543271, 126.966071 37.543245, 126.966024 37.543222, 126.965975 37.543202, 126.965924 37.543186, 126.965887 37.543177, 126.965861 37.54317, 126.965767 37.54315, 126.965726 37.543142, 126.965632 37.543127, 126.965567 37.54312, 126.965476 37.543114, 126.965468 37.543114, 126.965417 37.543111, 126.965375 37.54311, 126.965292 37.543111, 126.965279 37.543111, 126.965134 37.543115, 126.96512 37.543115, 126.964974 37.543121, 126.964919 37.543126, 126.964865 37.543135, 126.964811 37.543148, 126.96476 37.543165, 126.964711 37.543187, 126.964665 37.543211, 126.964622 37.54324, 126.964583 37.543271, 126.964548 37.543306, 126.964518 37.543343, 126.964492 37.543382, 126.964471 37.543423, 126.964455 37.543466, 126.964445 37.543509, 126.96444 37.543554, 126.964441 37.543598, 126.964447 37.543642, 126.964458 37.543685, 126.964475 37.543728, 126.964497 37.543768, 126.964524 37.543807, 126.964555 37.543844, 126.964591 37.543878, 126.964631 37.543909, 126.964674 37.543936, 126.964721 37.543961, 126.96477 37.543981, 126.964775 37.543982))"
학교,폴리곤50m,"POLYGON ((126.964817 37.543809, 126.964857 37.543837, 126.964901 37.543862, 126.964947 37.543884, 126.964996 37.543903, 126.965046 37.543917, 126.965098 37.543928, 126.965152 37.543934, 126.965205 37.543937, 126.965259 37.543935, 126.965327 37.543931, 126.965389 37.543933, 126.965443 37.543933, 126.965497 37.543929, 126.96555 37.543921, 126.965602 37.543909, 126.965652 37.543893, 126.9657 37.543874, 126.965745 37.54385, 126.965788 37.543824, 126.965827 37.543794, 126.965862 37.543762, 126.965894 37.543727, 126.965921 37.543689, 126.965943 37.54365, 126.965961 37.543609, 126.965973 37.543568, 126.96598 37.54354, 126.965988 37.543494, 126.96599 37.543447, 126.965986 37.543401, 126.965976 37.543355, 126.96596 37.54331, 126.965938 37.543267, 126.965913 37.543223, 126.965904 37.543206, 126.965881 37.543164, 126.965852 37.543125, 126.965818 37.543088, 126.965781 37.543054, 126.965738 37.543023, 126.965693 37.542996, 126.965644 37.542973, 126.965592 37.542953, 126.965538 37.542938, 126.965483 37.542927, 126.965426 37.542921, 126.965369 37.54292, 126.965312 37.542922, 126.965256 37.54293, 126.9652 37.542942, 126.965106 37.542967, 126.964988 37.542997, 126.964977 37.543, 126.964925 37.543015, 126.964874 37.543034, 126.964826 37.543057, 126.964781 37.543084, 126.96474 37.543113, 126.964703 37.543146, 126.96467 37.543182, 126.964641 37.543221, 126.964617 37.543261, 126.964599 37.543303, 126.964586 37.543346, 126.964578 37.54339, 126.964575 37.543434, 126.964578 37.543479, 126.964587 37.543523, 126.964601 37.543566, 126.96462 37.543608, 126.964645 37.543648, 126.964674 37.543686, 126.964708 37.543721, 126.964746 37.543754, 126.964817 37.543809))"
학교,폴리곤50m,"POLYGON ((126.96542 37.544318, 126.965476 37.544318, 126.96553 37.544314, 126.965584 37.544306, 126.965637 37.544293, 126.965688 37.544277, 126.965737 37.544257, 126.965783 37.544232, 126.965826 37.544205, 126.965865 37.544174, 126.965901 37.544141, 126.965932 37.544104, 126.965958 37.544066, 126.96598 37.544026, 126.965984 37.544017, 126.965991 37.544012, 126.966027 37.543978, 126.966058 37.543942, 126.966085 37.543903, 126.966108 37.543863, 126.966125 37.543821, 126.966137 37.543778, 126.966143 37.543734, 126.966149 37.543665, 126.96615 37.543624, 126.966147 37.543582, 126.966138 37.543541, 126.966125 37.5435, 126.966118 37.543483, 126.966101 37.543445, 126.966079 37.543408, 126.966053 37.543373, 126.966041 37.543358, 126.966012 37.543325, 126.965979 37.543295, 126.965942 37.543266, 126.965903 37.543241, 126.965884 37.54323, 126.965838 37.543205, 126.965789 37.543185, 126.965738 37.543168, 126.965684 37.543155, 126.965669 37.543152, 126.965618 37.543144, 126.965565 37.543139, 126.96539 37.543131, 126.96534 37.543131, 126.965291 37.543133, 126.965242 37.54314, 126.965194 37.543149, 126.965181 37.543152, 126.965136 37.543165, 126.965092 37.54318, 126.965072 37.543188, 126.965025 37.543209, 126.96498 37.543234, 126.964939 37.543261, 126.964901 37.543292, 126.964867 37.543326, 126.964861 37.543332, 126.96486 37.543332, 126.964835 37.543362, 126.964812 37.543392, 126.964802 37.543407, 126.964776 37.543451, 126.964757 37.543497, 126.964743 37.543545, 126.964736 37.543593, 126.964732 37.54366, 126.964719 37.543835, 126.964718 37.54388, 126.964723 37.543924, 126.964734 37.543968, 126.96475 37.54401, 126.964771 37.544051, 126.964796 37.54409, 126.964827 37.544127, 126.964862 37.544162, 126.964901 37.544193, 126.964944 37.544222, 126.96499 37.544247, 126.965039 37.544268, 126.965091 37.544285, 126.965144 37.544298, 126.965199 37.544307, 126.965254 37.544311, 126.96542 37.544318))"
학교,폴리곤50m,"POLYGON ((126.965683 37.543802, 126.965683 37.543802, 126.965719 37.543796, 126.965991 37.543742, 126.966006 37.543739, 126.966075 37.543723, 126.966137 37.543715, 126.96622 37.543704, 126.966275 37.543695, 126.966329 37.543681, 126.966382 37.543662, 126.966431 37.54364, 126.966441 37.543635, 126.966475 37.543626, 126.966512 37.543616, 126.966541 37.543608, 126.966547 37.543606, 126.966595 37.543591, 126.966648 37.543577, 126.966698 37.543562, 126.966747 37.543542, 126.966793 37.543519, 126.966837 37.543493, 126.966877 37.543463, 126.966913 37.54343, 126.966945 37.543395, 126.966972 37.543358, 126.966995 37.543318, 126.967013 37.543277, 126.967026 37.543235, 126.967034 37.543192, 126.967036 37.543149, 126.967033 37.543105, 126.967026 37.543062, 126.967012 37.54302, 126.967004 37.542997, 126.966985 37.542954, 126.96696 37.542913, 126.96693 37.542874, 126.966896 37.542837, 126.966857 37.542804, 126.966814 37.542774, 126.966768 37.542747, 126.966718 37.542725, 126.966666 37.542706, 126.966612 37.542692, 126.966556 37.542682, 126.966499 37.542677, 126.966442 37.542676, 126.966385 37.54268, 126.966328 37.542688, 126.965922 37.542767, 126.965918 37.542768, 126.965681 37.542815, 126.965585 37.542832, 126.965582 37.542833, 126.965261 37.542893, 126.965206 37.542906, 126.965153 37.542923, 126.965102 37.542944, 126.965055 37.542969, 126.96501 37.542998, 126.96497 37.54303, 126.964934 37.543066, 126.964902 37.543104, 126.964876 37.543144, 126.964855 37.543187, 126.964839 37.543231, 126.964829 37.543275, 126.964825 37.543321, 126.964827 37.543366, 126.964834 37.543412, 126.964839 37.543432, 126.964851 37.543476, 126.964869 37.543518, 126.964893 37.543559, 126.964921 37.543597, 126.964954 37.543633, 126.964991 37.543667, 126.965032 37.543697, 126.965076 37.543724, 126.965143 37.54376, 126.96519 37.543783, 126.96524 37.543803, 126.965293 37.543818, 126.965347 37.543829, 126.965402 37.543836, 126.965457 37.543839, 126.965513 37.543837, 126.965568 37.54383, 126.965623 37.54382, 126.965675 37.543805, 126.965683 37.543802))"
학교,폴리곤50m,"POLYGON ((126.965701 37.542871, 126.965649 37.542885, 126.965599 37.542903, 126.965551 37.542924, 126.965506 37.542949, 126.965464 37.542978, 126.965427 37.543009, 126.965393 37.543043, 126.965363 37.54308, 126.965338 37.543119, 126.965318 37.54316, 126.965303 37.543202, 126.965293 37.543244, 126.965288 37.543288, 126.965289 37.543332, 126.965295 37.543375, 126.965306 37.543418, 126.965322 37.543459, 126.965343 37.5435, 126.965369 37.543538, 126.9654 37.543574, 126.965435 37.543608, 126.965474 37.543639, 126.965516 37.543666, 126.965562 37.543691, 126.96561 37.543711, 126.96566 37.543728, 126.965713 37.543741, 126.965766 37.54375, 126.965821 37.543755, 126.965876 37.543755, 126.965967 37.543752, 126.966025 37.543748, 126.966081 37.543739, 126.966136 37.543726, 126.96619 37.543708, 126.96624 37.543686, 126.966288 37.54366, 126.966332 37.543631, 126.966372 37.543597, 126.966407 37.543561, 126.966438 37.543522, 126.966464 37.543481, 126.966484 37.543438, 126.966492 37.543419, 126.966506 37.543376, 126.966515 37.543333, 126.966518 37.543289, 126.966516 37.543245, 126.966509 37.543201, 126.966496 37.543158, 126.966479 37.543117, 126.966456 37.543077, 126.966428 37.543039, 126.966396 37.543003, 126.966359 37.54297, 126.966319 37.542939, 126.966275 37.542913, 126.966228 37.542889, 126.966179 37.54287, 126.966127 37.542854, 126.966074 37.542843, 126.966019 37.542835, 126.965964 37.542832, 126.965909 37.542834, 126.965854 37.542839, 126.9658 37.542849, 126.965701 37.542871))"
학교,폴리곤50m,"POLYGON ((126.965406 37.543166, 126.965391 37.543208, 126.965383 37.543252, 126.965379 37.543297, 126.965381 37.543341, 126.965389 37.543385, 126.965402 37.543428, 126.96542 37.54347, 126.965443 37.54351, 126.965471 37.543549, 126.965504 37.543584, 126.965541 37.543618, 126.965582 37.543648, 126.965627 37.543674, 126.965674 37.543698, 126.965724 37.543717, 126.965777 37.543732, 126.965831 37.543743, 126.965886 37.54375, 126.965941 37.543752, 126.965997 37.54375, 126.966052 37.543744, 126.966161 37.543728, 126.966216 37.543717, 126.966269 37.543702, 126.966321 37.543682, 126.966369 37.543659, 126.966415 37.543632, 126.966457 37.543601, 126.966494 37.543568, 126.966528 37.543531, 126.966556 37.543492, 126.96658 37.543451, 126.966598 37.543408, 126.96661 37.543364, 126.966618 37.543319, 126.966619 37.543274, 126.966615 37.543229, 126.966605 37.543184, 126.966589 37.543141, 126.966568 37.543099, 126.96656 37.543084, 126.966534 37.543044, 126.966503 37.543006, 126.966467 37.542971, 126.966427 37.542939, 126.966384 37.54291, 126.966336 37.542884, 126.966286 37.542863, 126.966234 37.542846, 126.966179 37.542833, 126.966123 37.542824, 126.966067 37.54282, 126.96601 37.542821, 126.965953 37.542826, 126.965861 37.542838, 126.965806 37.542848, 126.965752 37.542862, 126.9657 37.54288, 126.965651 37.542902, 126.965604 37.542928, 126.965562 37.542957, 126.965523 37.54299, 126.965488 37.543025, 126.965458 37.543064, 126.965433 37.543104, 126.965413 37.543146, 126.965406 37.543166))"
학교,폴리곤50m,"POLYGON ((126.965538 37.543472, 126.965564 37.543511, 126.965593 37.543548, 126.965628 37.543582, 126.965666 37.543614, 126.965708 37.543642, 126.965753 37.543667, 126.965802 37.543689, 126.965852 37.543706, 126.965905 37.54372, 126.965959 37.543729, 126.966013 37.543735, 126.966069 37.543736, 126.966124 37.543732, 126.966178 37.543725, 126.966231 37.543713, 126.966341 37.543684, 126.966344 37.543683, 126.966398 37.543669, 126.966488 37.543645, 126.96654 37.543629, 126.966591 37.543609, 126.966638 37.543585, 126.966682 37.543557, 126.966723 37.543526, 126.96676 37.543491, 126.966792 37.543455, 126.966819 37.543415, 126.966841 37.543374, 126.966858 37.543331, 126.96687 37.543287, 126.966876 37.543243, 126.966877 37.54322, 126.966878 37.543177, 126.966873 37.543134, 126.966863 37.543092, 126.966848 37.54305, 126.966828 37.54301, 126.966803 37.542971, 126.966774 37.542935, 126.966741 37.542901, 126.966704 37.54287, 126.966663 37.542841, 126.966618 37.542816, 126.966571 37.542795, 126.966522 37.542777, 126.966471 37.542763, 126.966418 37.542752, 126.966364 37.542746, 126.96631 37.542744, 126.966256 37.542747, 126.966202 37.542753, 126.96615 37.542764, 126.965963 37.542808, 126.96591 37.542823, 126.96586 37.542842, 126.965842 37.54285, 126.965798 37.542865, 126.96575 37.542886, 126.965705 37.542911, 126.965663 37.542939, 126.965624 37.542969, 126.96559 37.543003, 126.965559 37.543039, 126.965534 37.543078, 126.965513 37.543118, 126.965497 37.543159, 126.965486 37.543202, 126.96548 37.543245, 126.96548 37.543289, 126.965485 37.543332, 126.965495 37.543375, 126.96551 37.543417, 126.96553 37.543457, 126.965538 37.543472))"
학교,폴리곤50m,"POLYGON ((126.964673 37.544743, 126.96464 37.544767, 126.964602 37.544801, 126.964568 37.544837, 126.964539 37.544876, 126.964516 37.544916, 126.964497 37.544959, 126.964484 37.545002, 126.964476 37.545047, 126.964474 37.545092, 126.964477 37.545137, 126.964486 37.545181, 126.964501 37.545225, 126.964521 37.545267, 126.964546 37.545307, 126.964576 37.545345, 126.964611 37.545381, 126.96465 37.545413, 126.964693 37.545442, 126.964739 37.545468, 126.964788 37.54549, 126.96484 37.545508, 126.964894 37.545522, 126.964949 37.545531, 126.965005 37.545536, 126.965062 37.545537, 126.965201 37.545532, 126.965226 37.545531, 126.965266 37.545528, 126.965349 37.545523, 126.965403 37.545517, 126.965428 37.545513, 126.965478 37.545504, 126.965527 37.545491, 126.965531 37.54549, 126.965564 37.545479, 126.96566 37.545444, 126.965708 37.545424, 126.965754 37.545401, 126.965797 37.545374, 126.965836 37.545344, 126.965872 37.545311, 126.965903 37.545275, 126.96593 37.545237, 126.965952 37.545198, 126.965969 37.545156, 126.965982 37.545114, 126.965989 37.545071, 126.965991 37.545028, 126.965987 37.544984, 126.965978 37.544941, 126.965965 37.544899, 126.965946 37.544859, 126.965922 37.544819, 126.965894 37.544782, 126.965861 37.544748, 126.965824 37.544715, 126.965784 37.544686, 126.96574 37.54466, 126.965693 37.544638, 126.965687 37.544636, 126.965677 37.544627, 126.965636 37.544597, 126.96559 37.54457, 126.965542 37.544547, 126.965491 37.544528, 126.965438 37.544513, 126.965384 37.544502, 126.965328 37.544496, 126.965272 37.544494, 126.965216 37.544497, 126.965113 37.544505, 126.965059 37.544512, 126.965006 37.544523, 126.964955 37.544538, 126.964906 37.544556, 126.964859 37.544579, 126.964815 37.544605, 126.964775 37.544634, 126.964738 37.544666, 126.964705 37.544701, 126.964677 37.544738, 126.964673 37.544743))"
학교,폴리곤50m,"POLYGON ((126.965636 37.545476, 126.965688 37.545461, 126.965738 37.545442, 126.965785 37.54542, 126.965829 37.545393, 126.96587 37.545364, 126.965907 37.545331, 126.96594 37.545296, 126.965968 37.545258, 126.965992 37.545219, 126.966011 37.545177, 126.966024 37.545135, 126.966032 37.545091, 126.966035 37.545048, 126.966033 37.545004, 126.966025 37.54496, 126.966012 37.544918, 126.965994 37.544876, 126.965971 37.544836, 126.965943 37.544799, 126.96591 37.544763, 126.965873 37.54473, 126.965833 37.5447, 126.965789 37.544674, 126.965742 37.544651, 126.965693 37.544632, 126.965641 37.544616, 126.965625 37.544612, 126.965572 37.544601, 126.965518 37.544594, 126.965464 37.544591, 126.965409 37.544593, 126.965355 37.544598, 126.965302 37.544608, 126.96525 37.544622, 126.9652 37.544639, 126.965152 37.544661, 126.965107 37.544686, 126.965066 37.544714, 126.965028 37.544745, 126.964994 37.544779, 126.964964 37.544816, 126.964939 37.544855, 126.964919 37.544895, 126.964904 37.544937, 126.964893 37.54498, 126.964888 37.545023, 126.964889 37.545066, 126.964894 37.54511, 126.964905 37.545152, 126.964921 37.545194, 126.964922 37.545195, 126.964925 37.545201, 126.964945 37.545241, 126.964971 37.545279, 126.965 37.545315, 126.965034 37.545348, 126.965072 37.545379, 126.965113 37.545407, 126.965157 37.545431, 126.965204 37.545452, 126.965254 37.545469, 126.965305 37.545483, 126.965357 37.545492, 126.965411 37.545498, 126.965465 37.545499, 126.965518 37.545497, 126.965572 37.54549, 126.965624 37.545479, 126.965636 37.545476))"
학교,폴리곤50m,"POLYGON ((126.96439 37.543447, 126.964361 37.543485, 126.964338 37.543524, 126.964319 37.543565, 126.964305 37.543607, 126.964297 37.54365, 126.964293 37.543694, 126.964295 37.543738, 126.964303 37.543781, 126.964315 37.543823, 126.964333 37.543865, 126.964356 37.543905, 126.964383 37.543942, 126.964415 37.543978, 126.964451 37.544011, 126.964491 37.544041, 126.964534 37.544068, 126.964581 37.544091, 126.964629 37.544111, 126.964681 37.544126, 126.964733 37.544138, 126.964787 37.544146, 126.964842 37.544149, 126.964911 37.544151, 126.964965 37.54415, 126.96502 37.544145, 126.965073 37.544136, 126.965125 37.544123, 126.965176 37.544105, 126.965223 37.544084, 126.965269 37.54406, 126.965311 37.544032, 126.965349 37.544001, 126.965383 37.543967, 126.965414 37.543931, 126.965439 37.543893, 126.965442 37.543889, 126.965477 37.543858, 126.965509 37.543823, 126.965538 37.543786, 126.965561 37.543746, 126.96558 37.543706, 126.965593 37.543663, 126.965602 37.54362, 126.965605 37.543577, 126.965603 37.543533, 126.965596 37.54349, 126.965583 37.543448, 126.965566 37.543407, 126.965543 37.543367, 126.965516 37.543329, 126.965484 37.543294, 126.965448 37.543261, 126.965409 37.543231, 126.965366 37.543204, 126.96532 37.543181, 126.965271 37.543161, 126.96522 37.543145, 126.965167 37.543133, 126.965114 37.543126, 126.965059 37.543122, 126.965025 37.543121, 126.964974 37.543121, 126.964934 37.543123, 126.964879 37.543128, 126.964823 37.543137, 126.96477 37.54315, 126.964718 37.543168, 126.964669 37.543189, 126.964623 37.543215, 126.96458 37.543244, 126.96454 37.543276, 126.964506 37.543311, 126.964501 37.543315, 126.964492 37.543326, 126.96439 37.543447))"
학교,폴리곤50m,"POLYGON ((126.965096 37.543623, 126.965081 37.543627, 126.96503 37.543644, 126.964981 37.543664, 126.964935 37.543688, 126.964892 37.543716, 126.964853 37.543747, 126.964817 37.543781, 126.964786 37.543817, 126.96476 37.543856, 126.964739 37.543897, 126.964722 37.543939, 126.964711 37.543982, 126.964705 37.544026, 126.964692 37.544211, 126.964692 37.544212, 126.964669 37.544543, 126.964669 37.544589, 126.964669 37.544598, 126.964671 37.54462, 126.964678 37.544676, 126.964713 37.544985, 126.96472 37.545028, 126.964733 37.545072, 126.964741 37.545093, 126.964755 37.545125, 126.964772 37.545157, 126.964781 37.545172, 126.964782 37.545174, 126.96481 37.545216, 126.964844 37.545256, 126.964863 37.545276, 126.964902 37.545312, 126.964946 37.545346, 126.964995 37.545375, 126.965047 37.5454, 126.96507 37.54541, 126.965118 37.545428, 126.965168 37.545443, 126.965257 37.545465, 126.965269 37.545467, 126.965282 37.545471, 126.965298 37.545475, 126.965352 37.545486, 126.965408 37.545493, 126.965463 37.545496, 126.965519 37.545494, 126.965575 37.545488, 126.965629 37.545478, 126.965682 37.545463, 126.965733 37.545444, 126.965781 37.545422, 126.965826 37.545395, 126.965868 37.545366, 126.965899 37.545339, 126.965934 37.545341, 126.965994 37.545339, 126.966053 37.545332, 126.966072 37.545329, 126.966126 37.545318, 126.966179 37.545304, 126.966229 37.545285, 126.966258 37.545271, 126.966316 37.545264, 126.96646 37.545247, 126.966468 37.545246, 126.966485 37.545243, 126.966536 37.545255, 126.966588 37.545264, 126.966642 37.545268, 126.966667 37.545269, 126.966669 37.545269, 126.966739 37.545272, 126.966795 37.545272, 126.966851 37.545267, 126.966907 37.545258, 126.966944 37.54525, 126.966996 37.545237, 126.967047 37.54522, 126.967096 37.5452, 126.967142 37.545175, 126.967184 37.545147, 126.967223 37.545116, 126.967258 37.545082, 126.967289 37.545045, 126.967315 37.545006, 126.967336 37.544966, 126.967352 37.544924, 126.967363 37.544881, 126.967368 37.544837, 126.967368 37.544793, 126.967368 37.54479, 126.967366 37.544768, 126.967344 37.544588, 126.96734 37.544556, 126.96734 37.544555, 126.967331 37.544483, 126.967325 37.544433, 126.967316 37.544386, 126.967304 37.544338, 126.967294 37.544298, 126.967282 37.544261, 126.967267 37.544225, 126.967248 37.544191, 126.967216 37.544139, 126.967159 37.544044, 126.967142 37.544018, 126.967125 37.543993, 126.967119 37.543985, 126.967069 37.543914, 126.967041 37.543878, 126.96703 37.543866, 126.96703 37.543866, 126.967007 37.543831, 126.966976 37.543788, 126.966949 37.543755, 126.966919 37.543724, 126.966904 37.543709, 126.966884 37.54369, 126.96685 37.543659, 126.966813 37.543632, 126.966794 37.543618, 126.966764 37.543597, 126.966736 37.54358, 126.9667 37.543557, 126.966696 37.543555, 126.966645 37.543524, 126.966637 37.543519, 126.966619 37.543506, 126.966572 37.543474, 126.966412 37.543376, 126.96636 37.543348, 126.966314 37.543326, 126.966259 37.543303, 126.966189 37.543277, 126.966187 37.543276, 126.966021 37.543216, 126.965987 37.543205, 126.965948 37.543193, 126.965899 37.54318, 126.96585 37.543171, 126.965811 37.543166, 126.965764 37.54316, 126.965716 37.543158, 126.965698 37.543158, 126.965647 37.54316, 126.965596 37.543165, 126.965547 37.543173, 126.965498 37.543185, 126.965451 37.543201, 126.965436 37.543207, 126.965385 37.543228, 126.965338 37.543253, 126.965295 37.543282, 126.965255 37.543314, 126.965219 37.543349, 126.965209 37.543359, 126.965179 37.543395, 126.965154 37.543433, 126.965134 37.543472, 126.965118 37.543513, 126.965114 37.543526, 126.965102 37.543575, 126.965101 37.543581, 126.965096 37.543619, 126.965096 37.543623))"
학교,폴리곤50m,"POLYGON ((126.964583 37.544728, 126.964602 37.544909, 126.96461 37.544989, 126.964617 37.545034, 126.96463 37.545078, 126.964648 37.54512, 126.964672 37.545161, 126.9647 37.5452, 126.964733 37.545236, 126.964771 37.54527, 126.964813 37.5453, 126.964858 37.545327, 126.964906 37.54535, 126.964957 37.545369, 126.96501 37.545385, 126.965065 37.545395, 126.965121 37.545402, 126.965178 37.545404, 126.965234 37.545401, 126.965337 37.545392, 126.965391 37.545386, 126.965444 37.545375, 126.965496 37.54536, 126.965545 37.545341, 126.965592 37.545318, 126.965636 37.545292, 126.965677 37.545263, 126.965714 37.54523, 126.965746 37.545195, 126.965775 37.545158, 126.965798 37.545118, 126.965817 37.545077, 126.965831 37.545035, 126.965839 37.544992, 126.965842 37.544948, 126.96584 37.544904, 126.965805 37.544594, 126.965805 37.544591, 126.965801 37.544561, 126.965821 37.544262, 126.965835 37.544077, 126.965845 37.543938, 126.965848 37.543887, 126.965861 37.543712, 126.965862 37.543668, 126.965857 37.543624, 126.965847 37.543581, 126.965831 37.543538, 126.96581 37.543498, 126.965785 37.543459, 126.965755 37.543422, 126.96572 37.543387, 126.965682 37.543356, 126.965639 37.543328, 126.965594 37.543303, 126.965546 37.543281, 126.965495 37.543264, 126.965442 37.543251, 126.965388 37.543241, 126.965333 37.543236, 126.965231 37.543231, 126.965175 37.54323, 126.96512 37.543234, 126.965065 37.543242, 126.965011 37.543254, 126.964959 37.543271, 126.964909 37.543291, 126.964862 37.543316, 126.964819 37.543344, 126.964779 37.543375, 126.964743 37.543409, 126.964711 37.543446, 126.964685 37.543485, 126.964663 37.543526, 126.964646 37.543568, 126.964635 37.543612, 126.964629 37.543656, 126.964572 37.54451, 126.964569 37.544544, 126.964568 37.544578, 126.96457 37.544613, 126.964583 37.544728))"
학교,폴리곤50m,"POLYGON ((126.965006 37.543469, 126.964995 37.543474, 126.964949 37.543498, 126.964906 37.543526, 126.964867 37.543557, 126.964831 37.543591, 126.9648 37.543627, 126.964774 37.543666, 126.964752 37.543706, 126.964736 37.543749, 126.964725 37.543792, 126.964719 37.543835, 126.964715 37.543886, 126.964705 37.544026, 126.964705 37.54407, 126.96471 37.544114, 126.96472 37.544158, 126.964736 37.5442, 126.964757 37.544242, 126.964783 37.544281, 126.964814 37.544318, 126.964849 37.544352, 126.964888 37.544384, 126.964931 37.544412, 126.964977 37.544437, 126.965027 37.544458, 126.965078 37.544475, 126.965131 37.544488, 126.965186 37.544497, 126.965242 37.544501, 126.965318 37.544504, 126.965427 37.54451, 126.965431 37.54451, 126.965603 37.544518, 126.965657 37.544518, 126.965712 37.544514, 126.965766 37.544506, 126.965818 37.544494, 126.965869 37.544478, 126.965918 37.544458, 126.965964 37.544435, 126.966007 37.544407, 126.966046 37.544377, 126.966082 37.544344, 126.966145 37.544279, 126.966178 37.544242, 126.966205 37.544203, 126.966228 37.544161, 126.966245 37.544118, 126.966257 37.544074, 126.966263 37.544029, 126.966268 37.543959, 126.966279 37.543807, 126.966281 37.543788, 126.966285 37.543741, 126.966286 37.543697, 126.966281 37.543653, 126.966272 37.54361, 126.966257 37.543567, 126.966237 37.543526, 126.966212 37.543487, 126.966182 37.54345, 126.966148 37.543415, 126.966109 37.543384, 126.966067 37.543355, 126.966022 37.54333, 126.965974 37.543308, 126.965923 37.54329, 126.965871 37.543276, 126.965817 37.543267, 126.965762 37.543261, 126.965699 37.543258, 126.965695 37.543258, 126.965616 37.543253, 126.96553 37.543249, 126.965474 37.543248, 126.965419 37.543252, 126.965365 37.543259, 126.965312 37.543271, 126.96526 37.543287, 126.965211 37.543308, 126.965164 37.543331, 126.965121 37.543359, 126.965081 37.543389, 126.965045 37.543423, 126.965013 37.543459, 126.965006 37.543469))"
학교,폴리곤50m,"POLYGON ((126.967804 37.54203, 126.967822 37.542071, 126.967846 37.54211, 126.967874 37.542148, 126.967906 37.542183, 126.967943 37.542216, 126.967983 37.542245, 126.968027 37.542272, 126.968074 37.542294, 126.968123 37.542313, 126.968175 37.542329, 126.968228 37.54234, 126.968282 37.542347, 126.968337 37.54235, 126.968392 37.542348, 126.968446 37.542342, 126.9685 37.542333, 126.968552 37.542319, 126.968602 37.542301, 126.968649 37.542279, 126.968694 37.542254, 126.968736 37.542225, 126.968774 37.542194, 126.968807 37.542159, 126.968837 37.542122, 126.968862 37.542083, 126.968882 37.542043, 126.968897 37.542001, 126.968906 37.541958, 126.968911 37.541914, 126.968913 37.541865, 126.968912 37.541821, 126.968906 37.541777, 126.968894 37.541733, 126.968877 37.541691, 126.968854 37.54165, 126.968827 37.541611, 126.968795 37.541574, 126.968758 37.541541, 126.968718 37.54151, 126.968674 37.541482, 126.968627 37.541459, 126.968577 37.541438, 126.968524 37.541422, 126.96847 37.541411, 126.968415 37.541403, 126.968359 37.5414, 126.968303 37.541401, 126.968283 37.541403, 126.968228 37.541408, 126.968173 37.541418, 126.96812 37.541433, 126.968069 37.541451, 126.96802 37.541473, 126.967975 37.5415, 126.967932 37.541529, 126.967894 37.541562, 126.96786 37.541597, 126.967831 37.541636, 126.967807 37.541676, 126.967787 37.541718, 126.967773 37.541761, 126.967765 37.541805, 126.967762 37.54185, 126.967764 37.541895, 126.967772 37.541939, 126.967786 37.541982, 126.967804 37.54203))"
학교,폴리곤50m,"POLYGON ((126.965837 37.543156, 126.965835 37.543201, 126.965839 37.543245, 126.965849 37.543289, 126.965864 37.543333, 126.965884 37.543374, 126.965909 37.543414, 126.965939 37.543452, 126.965974 37.543487, 126.966013 37.543519, 126.966055 37.543548, 126.966102 37.543574, 126.966151 37.543596, 126.966202 37.543614, 126.966256 37.543627, 126.966311 37.543636, 126.966366 37.543641, 126.966423 37.543642, 126.966479 37.543638, 126.966534 37.543632, 126.966587 37.543624, 126.966638 37.543612, 126.966687 37.543597, 126.966711 37.543588, 126.96676 37.543569, 126.966806 37.543546, 126.966849 37.543519, 126.966888 37.543489, 126.966924 37.543457, 126.966956 37.543422, 126.966983 37.543384, 126.967006 37.543345, 126.967024 37.543304, 126.967036 37.543262, 126.967044 37.543219, 126.967047 37.543176, 126.967044 37.543133, 126.967036 37.54309, 126.967023 37.543048, 126.967012 37.54302, 126.966994 37.542978, 126.966969 37.542937, 126.96694 37.542898, 126.966907 37.542862, 126.966869 37.542829, 126.966826 37.542799, 126.966781 37.542773, 126.966732 37.54275, 126.966681 37.542731, 126.966627 37.542716, 126.966572 37.542706, 126.966516 37.5427, 126.96646 37.542699, 126.966404 37.542702, 126.966348 37.542709, 126.966293 37.542721, 126.966226 37.542739, 126.966175 37.542755, 126.966125 37.542775, 126.966079 37.542798, 126.966035 37.542825, 126.965995 37.542855, 126.965959 37.542889, 126.965927 37.542924, 126.965899 37.542963, 126.965877 37.543003, 126.965859 37.543045, 126.965847 37.543087, 126.965839 37.543131, 126.965837 37.543156))"
학교,폴리곤50m,"POLYGON ((126.966757 37.542148, 126.966759 37.542152, 126.966779 37.542193, 126.966804 37.542232, 126.966834 37.542269, 126.966868 37.542303, 126.966907 37.542335, 126.966949 37.542363, 126.966994 37.542388, 126.967042 37.54241, 126.967093 37.542427, 126.967145 37.542441, 126.967199 37.54245, 126.967254 37.542456, 126.967309 37.542457, 126.967364 37.542453, 126.967418 37.542446, 126.967493 37.542433, 126.967546 37.542421, 126.967597 37.542405, 126.967645 37.542386, 126.967692 37.542363, 126.967735 37.542337, 126.967775 37.542307, 126.967811 37.542274, 126.967843 37.542239, 126.96787 37.542202, 126.967893 37.542162, 126.967911 37.542121, 126.967924 37.542079, 126.967932 37.542036, 126.967935 37.541993, 126.967932 37.54195, 126.967924 37.541907, 126.967911 37.541864, 126.967893 37.541824, 126.96787 37.541784, 126.967843 37.541747, 126.967811 37.541712, 126.967775 37.541679, 126.967735 37.541649, 126.967692 37.541623, 126.967581 37.541562, 126.967535 37.541539, 126.967486 37.541519, 126.967435 37.541504, 126.967382 37.541492, 126.967328 37.541485, 126.967273 37.541481, 126.967219 37.541482, 126.967164 37.541488, 126.967111 37.541497, 126.967059 37.54151, 126.967009 37.541528, 126.966961 37.541549, 126.966916 37.541573, 126.966874 37.541601, 126.966835 37.541633, 126.966801 37.541667, 126.966798 37.54167, 126.966768 37.541706, 126.966743 37.541745, 126.966722 37.541785, 126.966706 37.541827, 126.966696 37.541869, 126.96669 37.541913, 126.96669 37.541956, 126.966695 37.541999, 126.966706 37.542042, 126.966721 37.542084, 126.966742 37.542124, 126.966757 37.542148))"
학교,폴리곤50m,"POLYGON ((126.966112 37.542774, 126.966062 37.542791, 126.966015 37.542812, 126.96597 37.542836, 126.965928 37.542864, 126.96589 37.542895, 126.965856 37.542928, 126.965826 37.542965, 126.965801 37.543003, 126.96578 37.543043, 126.965764 37.543084, 126.965753 37.543127, 126.965747 37.54317, 126.965746 37.543192, 126.965745 37.543236, 126.96575 37.54328, 126.965761 37.543324, 126.965777 37.543366, 126.965798 37.543407, 126.965824 37.543447, 126.965854 37.543484, 126.965889 37.543518, 126.965928 37.543549, 126.965971 37.543578, 126.966017 37.543603, 126.966066 37.543624, 126.966118 37.543641, 126.966171 37.543654, 126.966225 37.543663, 126.966281 37.543667, 126.966336 37.543667, 126.966392 37.543663, 126.966447 37.543655, 126.9665 37.543642, 126.96659 37.543616, 126.96664 37.5436, 126.966688 37.54358, 126.966734 37.543556, 126.966776 37.543529, 126.966815 37.543499, 126.96685 37.543466, 126.966881 37.543431, 126.966907 37.543393, 126.966929 37.543353, 126.966946 37.543312, 126.966958 37.54327, 126.966965 37.543228, 126.966967 37.543203, 126.966969 37.543159, 126.966966 37.543116, 126.966957 37.543073, 126.966943 37.543031, 126.966924 37.54299, 126.9669 37.542951, 126.966872 37.542914, 126.966839 37.54288, 126.966803 37.542848, 126.966762 37.542818, 126.966718 37.542793, 126.966672 37.54277, 126.966623 37.542752, 126.966571 37.542737, 126.966519 37.542726, 126.966465 37.542719, 126.96641 37.542716, 126.966356 37.542718, 126.966302 37.542724, 126.966249 37.542733, 126.966197 37.542747, 126.966137 37.542766, 126.966112 37.542774))"
학교,폴리곤50m,"POLYGON ((126.963995 37.536444, 126.963996 37.536448, 126.963997 37.536474, 126.963997 37.536476, 126.963999 37.536594, 126.964003 37.536637, 126.964011 37.53668, 126.964025 37.536722, 126.964044 37.536763, 126.964068 37.536802, 126.964089 37.53683, 126.96409 37.536858, 126.96409 37.536867, 126.964092 37.536916, 126.964097 37.536961, 126.964108 37.537006, 126.964124 37.53705, 126.964146 37.537092, 126.964173 37.537132, 126.964205 37.53717, 126.964242 37.537205, 126.964283 37.537237, 126.964328 37.537266, 126.964376 37.53729, 126.964427 37.537311, 126.96448 37.537328, 126.96483 37.537419, 126.964831 37.53742, 126.964921 37.537443, 126.964922 37.537444, 126.965172 37.537509, 126.96524 37.537527, 126.965293 37.537539, 126.965346 37.537547, 126.9654 37.537551, 126.965455 37.537551, 126.965509 37.537547, 126.965562 37.537538, 126.965614 37.537525, 126.965665 37.537509, 126.965713 37.537488, 126.965758 37.537465, 126.9658 37.537437, 126.965839 37.537407, 126.965874 37.537374, 126.965905 37.537338, 126.965931 37.5373, 126.965953 37.53726, 126.96597 37.537219, 126.965981 37.537177, 126.965988 37.537134, 126.965989 37.53709, 126.965985 37.537047, 126.965981 37.53702, 126.96598 37.537015, 126.965978 37.537, 126.965912 37.536551, 126.965847 37.536002, 126.965846 37.535996, 126.965793 37.535607, 126.965785 37.535565, 126.965771 37.535523, 126.965753 37.535483, 126.96573 37.535444, 126.965703 37.535407, 126.965671 37.535373, 126.965635 37.535341, 126.965596 37.535311, 126.965553 37.535285, 126.965507 37.535263, 126.965459 37.535244, 126.965409 37.535228, 126.965357 37.535217, 126.965304 37.535209, 126.964864 37.535163, 126.964808 37.53516, 126.964751 37.535161, 126.964694 37.535166, 126.964638 37.535176, 126.964584 37.535191, 126.964532 37.53521, 126.964483 37.535232, 126.964437 37.535259, 126.964394 37.535289, 126.964355 37.535323, 126.964321 37.535359, 126.964292 37.535398, 126.964268 37.535439, 126.964249 37.535482, 126.964239 37.53551, 126.964226 37.535552, 126.964222 37.535575, 126.964217 37.535583, 126.964198 37.535595, 126.964158 37.535624, 126.964123 37.535657, 126.964091 37.535692, 126.964064 37.53573, 126.964041 37.535769, 126.964024 37.53581, 126.964011 37.535852, 126.964004 37.535894, 126.964002 37.535897, 126.963984 37.535939, 126.963972 37.535983, 126.963965 37.536027, 126.963964 37.536071, 126.963967 37.536166, 126.963968 37.536232, 126.96397 37.536319, 126.963973 37.536363, 126.963982 37.536406, 126.963995 37.536444))"
학교,폴리곤50m,"POLYGON ((126.953912 37.535419, 126.953959 37.535413, 126.954014 37.535403, 126.954066 37.535388, 126.954117 37.535369, 126.954165 37.535346, 126.95421 37.535319, 126.954252 37.535289, 126.954289 37.535256, 126.954322 37.53522, 126.954351 37.535182, 126.954375 37.535141, 126.954394 37.535099, 126.954407 37.535056, 126.954415 37.535012, 126.954417 37.534967, 126.954414 37.534923, 126.954405 37.534879, 126.954391 37.534836, 126.954371 37.534794, 126.954347 37.534754, 126.954317 37.534716, 126.954283 37.53468, 126.954245 37.534648, 126.954203 37.534618, 126.954174 37.5346, 126.954129 37.534574, 126.954081 37.534552, 126.95403 37.534534, 126.953978 37.534519, 126.953924 37.534509, 126.953869 37.534503, 126.953814 37.534502, 126.953759 37.534505, 126.953704 37.534512, 126.953651 37.534523, 126.953519 37.534556, 126.953465 37.534572, 126.953414 37.534593, 126.953307 37.53464, 126.95326 37.534664, 126.953216 37.534691, 126.953175 37.534722, 126.953139 37.534756, 126.953106 37.534792, 126.953079 37.534831, 126.953056 37.534872, 126.953039 37.534914, 126.953027 37.534958, 126.95302 37.535002, 126.953019 37.535047, 126.953023 37.535091, 126.953033 37.535135, 126.953049 37.535178, 126.953069 37.535219, 126.953095 37.535259, 126.953125 37.535296, 126.95316 37.535331, 126.953199 37.535363, 126.953242 37.535392, 126.953288 37.535417, 126.953337 37.535438, 126.953389 37.535456, 126.953442 37.535469, 126.953497 37.535478, 126.953553 37.535483, 126.953609 37.535483, 126.953665 37.535479, 126.95372 37.535471, 126.953773 37.535458, 126.953912 37.535419))"
학교,폴리곤50m,"POLYGON ((126.952979 37.534899, 126.952972 37.534906, 126.952945 37.534946, 126.952923 37.534988, 126.952907 37.535031, 126.952896 37.535075, 126.952887 37.53512, 126.952881 37.535166, 126.95288 37.535197, 126.95288 37.535241, 126.952885 37.535284, 126.952896 37.535327, 126.952911 37.535368, 126.952932 37.535409, 126.952958 37.535447, 126.952987 37.535483, 126.953022 37.535517, 126.95306 37.535548, 126.953102 37.535576, 126.953146 37.535601, 126.953194 37.535622, 126.953244 37.535639, 126.953296 37.535653, 126.953349 37.535662, 126.953403 37.535667, 126.953458 37.535668, 126.953512 37.535665, 126.953543 37.535662, 126.953581 37.535659, 126.953634 37.535652, 126.953686 37.535641, 126.953736 37.535626, 126.953785 37.535608, 126.953831 37.535586, 126.953874 37.53556, 126.953914 37.535531, 126.95395 37.5355, 126.953982 37.535466, 126.954011 37.535429, 126.954034 37.535391, 126.954053 37.535351, 126.954068 37.53531, 126.954077 37.535268, 126.954101 37.535111, 126.954106 37.535067, 126.954104 37.535023, 126.954098 37.534979, 126.954086 37.534935, 126.954068 37.534893, 126.954046 37.534853, 126.954018 37.534814, 126.953986 37.534778, 126.95395 37.534745, 126.95391 37.534714, 126.953866 37.534687, 126.953819 37.534663, 126.953769 37.534643, 126.953718 37.534627, 126.953664 37.534615, 126.953609 37.534608, 126.953554 37.534605, 126.953498 37.534606, 126.953443 37.534611, 126.953389 37.534621, 126.953336 37.534635, 126.953285 37.534653, 126.953237 37.534675, 126.953191 37.5347, 126.953149 37.534729, 126.953097 37.534769, 126.953057 37.534803, 126.953022 37.534839, 126.952992 37.534878, 126.952979 37.534899))"
학교,폴리곤50m,"POLYGON ((126.952078 37.535421, 126.951965 37.535408, 126.951651 37.53537, 126.951596 37.535365, 126.951539 37.535365, 126.951484 37.53537, 126.951429 37.535378, 126.951375 37.535391, 126.951323 37.535409, 126.951274 37.53543, 126.951227 37.535455, 126.951184 37.535483, 126.951145 37.535515, 126.951109 37.53555, 126.951078 37.535587, 126.951053 37.535627, 126.951032 37.535668, 126.951016 37.535711, 126.951006 37.535755, 126.951001 37.5358, 126.951002 37.535844, 126.951008 37.535889, 126.951016 37.535928, 126.951029 37.535973, 126.951047 37.536016, 126.95107 37.536058, 126.951099 37.536098, 126.951132 37.536135, 126.95117 37.536169, 126.951213 37.536201, 126.951259 37.536228, 126.951385 37.536296, 126.951421 37.536315, 126.951473 37.53634, 126.951527 37.53636, 126.951583 37.536375, 126.951642 37.536385, 126.951701 37.536391, 126.952061 37.536409, 126.952174 37.536427, 126.952202 37.536431, 126.952387 37.536453, 126.952441 37.536458, 126.952496 37.536458, 126.95255 37.536454, 126.952604 37.536446, 126.952656 37.536434, 126.952707 37.536417, 126.952755 37.536397, 126.952801 37.536374, 126.952843 37.536347, 126.952883 37.536317, 126.952918 37.536283, 126.952949 37.536248, 126.952976 37.53621, 126.952998 37.53617, 126.953016 37.536129, 126.953028 37.536087, 126.953035 37.536044, 126.953036 37.536, 126.953033 37.535957, 126.953024 37.535914, 126.95301 37.535872, 126.952982 37.535802, 126.95298 37.535773, 126.952972 37.535728, 126.952958 37.535684, 126.952947 37.535655, 126.952928 37.535614, 126.952904 37.535575, 126.952876 37.535537, 126.952843 37.535502, 126.952806 37.535469, 126.952766 37.53544, 126.952721 37.535414, 126.952674 37.535391, 126.952625 37.535372, 126.952573 37.535357, 126.952519 37.535346, 126.952465 37.53534, 126.95241 37.535337, 126.952355 37.535339, 126.952301 37.535345, 126.952247 37.535356, 126.952195 37.53537, 126.952145 37.535388, 126.952098 37.53541, 126.952078 37.535421))"
학교,폴리곤50m,"POLYGON ((126.950887 37.535655, 126.950833 37.535665, 126.95078 37.53568, 126.950729 37.535699, 126.950681 37.535721, 126.950636 37.535748, 126.950595 37.535777, 126.950557 37.53581, 126.950523 37.535846, 126.950494 37.535884, 126.95047 37.535924, 126.950451 37.535966, 126.950438 37.536009, 126.950429 37.536053, 126.950427 37.536098, 126.95043 37.536142, 126.950438 37.536186, 126.950451 37.536229, 126.95047 37.536271, 126.950495 37.536311, 126.950523 37.536349, 126.950557 37.536385, 126.950595 37.536418, 126.950636 37.536448, 126.950682 37.536474, 126.950747 37.536508, 126.950796 37.536531, 126.950848 37.53655, 126.950901 37.536565, 126.950956 37.536575, 126.951012 37.536581, 126.951069 37.536582, 126.951125 37.536579, 126.951181 37.536572, 126.951267 37.536557, 126.951329 37.536543, 126.95139 37.536523, 126.951418 37.536512, 126.951467 37.53649, 126.951514 37.536465, 126.951558 37.536436, 126.951572 37.536425, 126.95161 37.536394, 126.951644 37.53636, 126.951694 37.536305, 126.951729 37.536267, 126.951743 37.536253, 126.951773 37.536216, 126.951799 37.536177, 126.95182 37.536137, 126.951836 37.536094, 126.951847 37.536051, 126.951853 37.536007, 126.951853 37.535963, 126.951847 37.535919, 126.951836 37.535876, 126.951821 37.535834, 126.951799 37.535793, 126.951774 37.535755, 126.951743 37.535718, 126.951708 37.535684, 126.951669 37.535652, 126.951626 37.535624, 126.951581 37.5356, 126.951532 37.535579, 126.951481 37.535562, 126.951428 37.535549, 126.951374 37.53554, 126.951319 37.535535, 126.951264 37.535535, 126.951209 37.535539, 126.951154 37.535547, 126.951101 37.53556, 126.95105 37.535576, 126.951001 37.535597, 126.950955 37.535621, 126.950912 37.535648, 126.950907 37.535652, 126.950887 37.535655))"
학교,폴리곤50m,"POLYGON ((126.95083 37.53572, 126.950782 37.535739, 126.950735 37.535762, 126.950691 37.535789, 126.950651 37.535819, 126.950615 37.535852, 126.950583 37.535888, 126.950555 37.535926, 126.950533 37.535966, 126.950515 37.536007, 126.950502 37.53605, 126.950495 37.536093, 126.950493 37.536137, 126.950496 37.536181, 126.950505 37.536224, 126.950518 37.536267, 126.950537 37.536308, 126.950561 37.536347, 126.95059 37.536385, 126.950623 37.53642, 126.95066 37.536452, 126.950701 37.536481, 126.950745 37.536507, 126.950812 37.536543, 126.950813 37.536543, 126.950935 37.536607, 126.950957 37.536619, 126.950987 37.536635, 126.95099 37.536637, 126.951017 37.536651, 126.951018 37.536652, 126.951132 37.536712, 126.951148 37.536721, 126.951177 37.536736, 126.95128 37.536791, 126.951283 37.536793, 126.951335 37.53682, 126.951402 37.536855, 126.951408 37.536858, 126.95154 37.536926, 126.951709 37.537014, 126.951757 37.537036, 126.951808 37.537054, 126.951861 37.537069, 126.951915 37.537079, 126.95197 37.537085, 126.952025 37.537086, 126.952081 37.537084, 126.952136 37.537076, 126.95219 37.537065, 126.952242 37.53705, 126.952292 37.53703, 126.952339 37.537007, 126.952383 37.53698, 126.952424 37.53695, 126.95246 37.536916, 126.952496 37.536881, 126.952498 37.536879, 126.95259 37.536785, 126.9527 37.536675, 126.952704 37.536671, 126.952724 37.536652, 126.952793 37.536582, 126.952812 37.536562, 126.952851 37.536525, 126.952936 37.536445, 126.95297 37.53641, 126.952999 37.536372, 126.953023 37.536332, 126.953042 37.536291, 126.953057 37.536248, 126.953065 37.536204, 126.953069 37.53616, 126.953067 37.536116, 126.953059 37.536072, 126.953054 37.536054, 126.953039 37.535981, 126.953035 37.535955, 126.953026 37.535919, 126.95302 37.535901, 126.953004 37.535858, 126.952983 37.535817, 126.952957 37.535778, 126.952926 37.535741, 126.952891 37.535707, 126.952852 37.535675, 126.952809 37.535647, 126.952763 37.535622, 126.952714 37.535601, 126.952662 37.535584, 126.952609 37.535571, 126.952555 37.535562, 126.952384 37.535542, 126.952247 37.53552, 126.952171 37.535512, 126.951973 37.535502, 126.951935 37.535474, 126.951891 37.535446, 126.951843 37.535422, 126.951792 37.535402, 126.95174 37.535386, 126.951685 37.535375, 126.95163 37.535368, 126.951574 37.535365, 126.951517 37.535366, 126.951462 37.535373, 126.951458 37.535373, 126.951413 37.535375, 126.95136 37.535381, 126.951307 37.535391, 126.951255 37.535405, 126.951206 37.535423, 126.951158 37.535445, 126.951114 37.535471, 126.951073 37.535499, 126.951059 37.53551, 126.951005 37.535558, 126.950949 37.535616, 126.950941 37.535624, 126.950891 37.535664, 126.95086 37.53569, 126.950832 37.535717, 126.95083 37.53572))"
학교,폴리곤50m,"POLYGON ((126.951409 37.535375, 126.951354 37.535382, 126.9513 37.535393, 126.951248 37.535408, 126.951198 37.535427, 126.95115 37.53545, 126.951106 37.535476, 126.951065 37.535506, 126.951028 37.535539, 126.950995 37.535574, 126.950966 37.535612, 126.950943 37.535653, 126.950924 37.535694, 126.950911 37.535737, 126.950903 37.535781, 126.9509 37.535825, 126.950903 37.53587, 126.950912 37.535913, 126.950926 37.535956, 126.950945 37.535998, 126.950969 37.536038, 126.950997 37.536076, 126.951031 37.536111, 126.951068 37.536144, 126.95111 37.536173, 126.951155 37.536199, 126.951202 37.536222, 126.95125 37.536242, 126.9513 37.53626, 126.951351 37.536275, 126.951405 37.536285, 126.951459 37.536292, 126.951514 37.536294, 126.951569 37.536291, 126.951623 37.536285, 126.951677 37.536274, 126.951729 37.53626, 126.951778 37.536241, 126.951826 37.536219, 126.951879 37.536191, 126.951923 37.536165, 126.951965 37.536135, 126.952002 37.536102, 126.952036 37.536067, 126.952065 37.536029, 126.952088 37.535989, 126.952107 37.535947, 126.952121 37.535904, 126.952129 37.53586, 126.952132 37.535816, 126.95213 37.535772, 126.952121 37.535728, 126.952108 37.535685, 126.952089 37.535643, 126.952066 37.535603, 126.952037 37.535565, 126.952004 37.535529, 126.951966 37.535497, 126.951925 37.535467, 126.95188 37.53544, 126.951833 37.535418, 126.951782 37.535399, 126.95173 37.535384, 126.951676 37.535373, 126.951621 37.535367, 126.951565 37.535365, 126.95151 37.535367, 126.951409 37.535375))"
학교,폴리곤50m,"POLYGON ((126.951193 37.53612, 126.951193 37.536132, 126.951198 37.536175, 126.951207 37.536218, 126.951222 37.53626, 126.951242 37.5363, 126.951266 37.536339, 126.951296 37.536376, 126.951329 37.536411, 126.951367 37.536442, 126.951408 37.536471, 126.951453 37.536496, 126.9515 37.536518, 126.95155 37.536536, 126.951602 37.53655, 126.951655 37.53656, 126.951709 37.536566, 126.951764 37.536568, 126.951818 37.536566, 126.951872 37.536559, 126.951926 37.536548, 126.951977 37.536533, 126.952026 37.536514, 126.952073 37.536492, 126.952117 37.536466, 126.952237 37.536388, 126.952252 37.536378, 126.952292 37.536349, 126.952329 37.536317, 126.952362 37.536282, 126.95239 37.536245, 126.952414 37.536206, 126.952433 37.536165, 126.952446 37.536123, 126.952455 37.53608, 126.952459 37.536037, 126.952457 37.535993, 126.95245 37.53595, 126.952437 37.535908, 126.95242 37.535866, 126.952398 37.535827, 126.952371 37.535789, 126.952339 37.535753, 126.952304 37.53572, 126.952265 37.53569, 126.952222 37.535663, 126.952066 37.535575, 126.952053 37.535568, 126.952017 37.535548, 126.951969 37.535525, 126.951918 37.535506, 126.951865 37.535491, 126.95181 37.53548, 126.951754 37.535474, 126.951698 37.535472, 126.951642 37.535474, 126.951586 37.535481, 126.951532 37.535492, 126.951479 37.535508, 126.951428 37.535527, 126.95138 37.535551, 126.951336 37.535578, 126.951294 37.535609, 126.951257 37.535643, 126.951225 37.535679, 126.951197 37.535718, 126.951174 37.535759, 126.951156 37.535802, 126.951144 37.535846, 126.951137 37.53589, 126.951136 37.535935, 126.95114 37.53598, 126.95115 37.536024, 126.951165 37.536067, 126.951186 37.536109, 126.951193 37.53612))"
학교,폴리곤50m,"POLYGON ((126.953992 37.533916, 126.953984 37.533944, 126.953978 37.533989, 126.953978 37.534035, 126.953983 37.53408, 126.953994 37.534125, 126.954011 37.534168, 126.954033 37.53421, 126.95406 37.53425, 126.954092 37.534288, 126.954129 37.534323, 126.95417 37.534354, 126.954215 37.534383, 126.954263 37.534407, 126.954314 37.534428, 126.954368 37.534444, 126.954423 37.534456, 126.954603 37.534487, 126.954658 37.534494, 126.954713 37.534497, 126.954769 37.534496, 126.954824 37.53449, 126.954878 37.53448, 126.954931 37.534465, 126.954982 37.534447, 126.95503 37.534425, 126.955075 37.534399, 126.955117 37.53437, 126.955155 37.534337, 126.955189 37.534302, 126.955218 37.534264, 126.955243 37.534224, 126.955247 37.534216, 126.955259 37.534202, 126.955282 37.534165, 126.955302 37.534127, 126.955317 37.534088, 126.955323 37.534069, 126.955333 37.534033, 126.955339 37.533996, 126.955341 37.533958, 126.955341 37.533939, 126.95534 37.533923, 126.955343 37.533916, 126.955353 37.533871, 126.955358 37.533826, 126.955363 37.533715, 126.955362 37.533671, 126.955358 37.533643, 126.95536 37.533622, 126.955363 37.53359, 126.955363 37.533582, 126.955366 37.533544, 126.955367 37.533535, 126.95537 37.533475, 126.955369 37.53343, 126.955363 37.533386, 126.955352 37.533343, 126.955335 37.5333, 126.955313 37.533259, 126.955286 37.533221, 126.955254 37.533184, 126.955218 37.53315, 126.955178 37.533119, 126.955135 37.533091, 126.955088 37.533067, 126.955039 37.533047, 126.954987 37.53303, 126.954864 37.532997, 126.954809 37.532985, 126.954754 37.532977, 126.954697 37.532973, 126.954641 37.532974, 126.954584 37.53298, 126.954529 37.53299, 126.954475 37.533004, 126.954424 37.533023, 126.954374 37.533045, 126.954328 37.533072, 126.954286 37.533102, 126.954248 37.533135, 126.954213 37.533171, 126.954184 37.533209, 126.95416 37.53325, 126.954107 37.533351, 126.954089 37.533384, 126.954082 37.533395, 126.954056 37.533436, 126.954035 37.533478, 126.95402 37.533522, 126.954011 37.533567, 126.954007 37.533613, 126.954009 37.533653, 126.954009 37.533655, 126.954005 37.533697, 126.954006 37.533738, 126.954007 37.533758, 126.954008 37.53377, 126.954007 37.533792, 126.954006 37.533797, 126.954002 37.533835, 126.954002 37.533868, 126.953995 37.533891, 126.953992 37.533916))"
학교,폴리곤50m,"POLYGON ((126.954301 37.533709, 126.954277 37.533715, 126.954225 37.533732, 126.954176 37.533753, 126.954129 37.533777, 126.954086 37.533806, 126.954046 37.533837, 126.954011 37.533872, 126.95398 37.533909, 126.953954 37.533948, 126.953933 37.53399, 126.953917 37.534033, 126.953906 37.534076, 126.953901 37.534121, 126.953902 37.534165, 126.953908 37.53421, 126.953914 37.534245, 126.95392 37.534274, 126.953933 37.534321, 126.953952 37.534367, 126.953976 37.534412, 126.954007 37.534453, 126.954043 37.534492, 126.954064 37.534512, 126.954105 37.534547, 126.954149 37.534579, 126.954198 37.534606, 126.95425 37.534629, 126.954286 37.534643, 126.954308 37.534651, 126.954335 37.534661, 126.954407 37.534682, 126.954479 37.534698, 126.954535 37.534708, 126.954591 37.534714, 126.954648 37.534715, 126.954705 37.534712, 126.954761 37.534704, 126.954816 37.534692, 126.954848 37.534682, 126.954859 37.534679, 126.954911 37.534663, 126.954961 37.534643, 126.955008 37.534618, 126.955052 37.534591, 126.955092 37.534559, 126.955128 37.534525, 126.955159 37.534489, 126.955186 37.53445, 126.955208 37.534409, 126.955225 37.534366, 126.955233 37.534342, 126.955251 37.534294, 126.955264 37.534251, 126.955271 37.534207, 126.955273 37.534163, 126.95527 37.534119, 126.955268 37.534109, 126.955268 37.53407, 126.955262 37.534027, 126.955251 37.533984, 126.955235 37.533942, 126.955213 37.533902, 126.955187 37.533864, 126.955157 37.533827, 126.955122 37.533794, 126.955083 37.533763, 126.955041 37.533735, 126.954995 37.533711, 126.954947 37.53369, 126.954896 37.533673, 126.954868 37.533665, 126.954822 37.533653, 126.954775 37.533645, 126.954728 37.533638, 126.954678 37.533632, 126.954627 37.533631, 126.954575 37.533633, 126.954525 37.533638, 126.954475 37.533647, 126.954426 37.53366, 126.954407 37.533666, 126.954357 37.533683, 126.954308 37.533705, 126.954301 37.533709))"
학교,폴리곤50m,"POLYGON ((126.954111 37.533713, 126.954117 37.533757, 126.954127 37.533801, 126.954144 37.533843, 126.954165 37.533884, 126.954191 37.533923, 126.954222 37.53396, 126.954257 37.533994, 126.954297 37.534026, 126.95434 37.534054, 126.954386 37.534078, 126.954435 37.534099, 126.954487 37.534116, 126.95454 37.534129, 126.954594 37.534137, 126.95465 37.534142, 126.954686 37.534143, 126.954723 37.534147, 126.954778 37.534151, 126.954833 37.53415, 126.954887 37.534145, 126.954941 37.534136, 126.954993 37.534123, 126.955043 37.534106, 126.955092 37.534085, 126.955137 37.53406, 126.955179 37.534033, 126.955218 37.534001, 126.955252 37.533968, 126.955283 37.533931, 126.955309 37.533893, 126.95533 37.533852, 126.955346 37.533811, 126.955356 37.533768, 126.955362 37.533724, 126.955362 37.533681, 126.955357 37.533637, 126.955347 37.533594, 126.955338 37.533564, 126.955321 37.53352, 126.9553 37.533477, 126.955272 37.533437, 126.95524 37.533399, 126.955204 37.533364, 126.955163 37.533332, 126.955118 37.533303, 126.955069 37.533279, 126.955018 37.533258, 126.954965 37.533242, 126.954909 37.533229, 126.954853 37.533222, 126.954795 37.533219, 126.954789 37.533219, 126.95477 37.533216, 126.954716 37.533213, 126.954663 37.533215, 126.954609 37.53322, 126.95458 37.533224, 126.954527 37.533233, 126.954475 37.533246, 126.954424 37.533264, 126.954377 37.533285, 126.954332 37.53331, 126.95429 37.533338, 126.954252 37.533369, 126.954217 37.533403, 126.954187 37.533439, 126.954162 37.533478, 126.954141 37.533518, 126.954126 37.53356, 126.954115 37.533602, 126.95411 37.533646, 126.95411 37.533689, 126.954111 37.533713))"
학교,폴리곤50m,"POLYGON ((126.952621 37.534454, 126.952589 37.534472, 126.952582 37.534476, 126.952472 37.53454, 126.952469 37.534541, 126.952428 37.534568, 126.95239 37.534598, 126.952355 37.53463, 126.952325 37.534665, 126.952298 37.534703, 126.952277 37.534741, 126.95226 37.534782, 126.952247 37.534823, 126.95224 37.534854, 126.952233 37.534899, 126.952231 37.534943, 126.952235 37.534988, 126.952244 37.535032, 126.952259 37.535075, 126.952278 37.535117, 126.952303 37.535157, 126.952333 37.535194, 126.952337 37.535198, 126.952376 37.535243, 126.952396 37.535264, 126.952421 37.53529, 126.952454 37.535324, 126.952474 37.535345, 126.952475 37.535346, 126.952498 37.535371, 126.9525 37.535373, 126.952528 37.535402, 126.95255 37.535426, 126.952566 37.535442, 126.952608 37.535482, 126.952655 37.535518, 126.952665 37.535524, 126.952711 37.535552, 126.95276 37.535576, 126.952813 37.535596, 126.952868 37.535611, 126.952924 37.535622, 126.952981 37.535628, 126.953009 37.535629, 126.953024 37.535636, 126.953074 37.535654, 126.953127 37.535667, 126.95318 37.535677, 126.953235 37.535682, 126.95329 37.535684, 126.953345 37.535681, 126.953392 37.535676, 126.953396 37.535676, 126.953461 37.535669, 126.953509 37.535664, 126.953509 37.535664, 126.953515 37.535664, 126.953571 37.535656, 126.953625 37.535644, 126.953678 37.535627, 126.953728 37.535606, 126.953775 37.535582, 126.953819 37.535554, 126.953859 37.535522, 126.953896 37.535488, 126.953927 37.535451, 126.953952 37.535414, 126.954051 37.535405, 126.954296 37.535382, 126.954541 37.535359, 126.954797 37.535336, 126.954852 37.535329, 126.954905 37.535317, 126.954957 37.535302, 126.955007 37.535282, 126.955054 37.535258, 126.955099 37.535231, 126.955139 37.535201, 126.955176 37.535168, 126.955208 37.535132, 126.955214 37.535123, 126.955248 37.535105, 126.95529 37.535081, 126.955319 37.535062, 126.95537 37.535047, 126.955419 37.535028, 126.955466 37.535005, 126.95551 37.534979, 126.95555 37.534949, 126.955587 37.534917, 126.955619 37.534882, 126.955647 37.534844, 126.95571 37.534751, 126.955735 37.534708, 126.955754 37.534663, 126.955767 37.534618, 126.955775 37.534571, 126.955782 37.534486, 126.955783 37.534442, 126.955779 37.534398, 126.95577 37.534355, 126.955764 37.534335, 126.955749 37.534292, 126.955729 37.534251, 126.955704 37.534211, 126.955674 37.534174, 126.95564 37.534139, 126.955601 37.534107, 126.955559 37.534078, 126.955513 37.534053, 126.955465 37.534031, 126.955413 37.534013, 126.95536 37.534, 126.955306 37.53399, 126.955297 37.533989, 126.955288 37.533986, 126.955282 37.533984, 126.955279 37.533966, 126.955267 37.533923, 126.955249 37.533881, 126.955226 37.533841, 126.955198 37.533803, 126.955166 37.533767, 126.955139 37.533742, 126.955142 37.533728, 126.955143 37.533713, 126.955149 37.533701, 126.95515 37.533699, 126.955204 37.533597, 126.955223 37.533554, 126.955237 37.53351, 126.955245 37.533465, 126.955247 37.533419, 126.955244 37.533374, 126.955235 37.533329, 126.95522 37.533285, 126.9552 37.533242, 126.955174 37.533202, 126.955143 37.533163, 126.955108 37.533128, 126.955068 37.533095, 126.955025 37.533065, 126.954977 37.53304, 126.954927 37.533018, 126.954875 37.533, 126.954864 37.532997, 126.954791 37.532976, 126.954663 37.532937, 126.954542 37.532899, 126.954518 37.532892, 126.954512 37.53289, 126.954479 37.532882, 126.954464 37.532879, 126.954458 37.532878, 126.954394 37.532864, 126.954384 37.532862, 126.954342 37.532854, 126.95433 37.532852, 126.954296 37.532847, 126.95419 37.532836, 126.954044 37.532819, 126.953951 37.532809, 126.953927 37.532806, 126.953918 37.532806, 126.953863 37.532804, 126.953809 37.532806, 126.953755 37.532812, 126.953703 37.532822, 126.953651 37.532836, 126.953602 37.532854, 126.953555 37.532876, 126.953511 37.532901, 126.95347 37.53293, 126.953433 37.532961, 126.9534 37.532996, 126.953371 37.533032, 126.953346 37.533071, 126.953326 37.533111, 126.953312 37.533153, 126.953302 37.533195, 126.953297 37.533238, 126.953298 37.533282, 126.953299 37.533296, 126.953271 37.533301, 126.953268 37.533302, 126.953217 37.533315, 126.953169 37.533331, 126.953122 37.533352, 126.953078 37.533375, 126.953064 37.533384, 126.953021 37.533412, 126.952982 37.533443, 126.952947 37.533478, 126.952916 37.533514, 126.95289 37.533553, 126.952869 37.533594, 126.952853 37.533637, 126.952843 37.53368, 126.952837 37.533724, 126.952837 37.533768, 126.952844 37.53387, 126.952846 37.533893, 126.952852 37.533938, 126.952858 37.533985, 126.952867 37.53403, 126.952882 37.534075, 126.952902 37.534119, 126.952904 37.534122, 126.952882 37.534157, 126.952862 37.534199, 126.952848 37.534242, 126.952839 37.534286, 126.952836 37.53433, 126.952837 37.534359, 126.952822 37.534362, 126.952771 37.534377, 126.952723 37.534396, 126.952677 37.534419, 126.952634 37.534444, 126.952621 37.534454))"
학교,폴리곤50m,"POLYGON ((126.952794 37.53477, 126.952746 37.53479, 126.9527 37.534813, 126.952657 37.53484, 126.952618 37.53487, 126.952583 37.534902, 126.952552 37.534938, 126.952525 37.534975, 126.952503 37.535014, 126.952485 37.535055, 126.952473 37.535097, 126.952465 37.53514, 126.952463 37.535183, 126.952466 37.535226, 126.952474 37.535269, 126.952488 37.535311, 126.952506 37.535352, 126.952529 37.535391, 126.952557 37.535428, 126.952589 37.535463, 126.952625 37.535495, 126.952665 37.535524, 126.952698 37.535547, 126.95273 37.535568, 126.952774 37.535595, 126.952822 37.535619, 126.952873 37.535639, 126.952925 37.535655, 126.95298 37.535666, 126.953035 37.535673, 126.953091 37.535676, 126.953138 37.535674, 126.953186 37.535682, 126.953241 37.535685, 126.953296 37.535685, 126.95335 37.53568, 126.953364 37.535678, 126.953364 37.535678, 126.953401 37.535673, 126.953455 37.535661, 126.953507 37.535645, 126.953557 37.535625, 126.953604 37.535602, 126.953648 37.535574, 126.953688 37.535544, 126.953725 37.53551, 126.953757 37.535474, 126.953784 37.535435, 126.953806 37.535394, 126.953824 37.535352, 126.953836 37.535309, 126.953842 37.535265, 126.953844 37.53522, 126.953839 37.535176, 126.953829 37.535132, 126.953814 37.53509, 126.953794 37.535048, 126.953747 37.534966, 126.953722 37.534927, 126.953692 37.53489, 126.953658 37.534855, 126.95362 37.534823, 126.953578 37.534795, 126.953533 37.534769, 126.953484 37.534748, 126.953434 37.53473, 126.953381 37.534716, 126.953344 37.534708, 126.953292 37.534699, 126.953239 37.534694, 126.953209 37.534692, 126.953142 37.534691, 126.953075 37.534696, 126.953042 37.5347, 126.952993 37.534708, 126.952945 37.53472, 126.952909 37.53473, 126.95286 37.534745, 126.952794 37.53477))"
학교,폴리곤50m,"POLYGON ((126.960104 37.540419, 126.960101 37.540429, 126.9601 37.540431, 126.960083 37.540481, 126.960068 37.540536, 126.960063 37.540562, 126.960063 37.540563, 126.960058 37.540589, 126.96005 37.54063, 126.960045 37.540675, 126.960045 37.540721, 126.960051 37.540766, 126.960063 37.540811, 126.960081 37.540854, 126.960103 37.540896, 126.960131 37.540936, 126.960151 37.540958, 126.960138 37.540986, 126.960119 37.541031, 126.960107 37.541078, 126.960101 37.541125, 126.960097 37.541182, 126.960097 37.541225, 126.960102 37.541267, 126.960112 37.541309, 126.960116 37.541323, 126.960119 37.541333, 126.960134 37.541379, 126.960145 37.541428, 126.960152 37.541457, 126.960164 37.5415, 126.960182 37.541541, 126.960204 37.541581, 126.960231 37.541619, 126.960263 37.541655, 126.960299 37.541688, 126.960339 37.541718, 126.960382 37.541745, 126.960428 37.541769, 126.960477 37.541789, 126.960528 37.541805, 126.960581 37.541817, 126.960635 37.541824, 126.96069 37.541828, 126.960745 37.541827, 126.9608 37.541822, 126.960853 37.541813, 126.960906 37.5418, 126.961067 37.541752, 126.961068 37.541752, 126.96112 37.541737, 126.961179 37.541719, 126.96119 37.541716, 126.961233 37.541703, 126.961389 37.541655, 126.961407 37.541649, 126.961446 37.541636, 126.96151 37.541616, 126.961597 37.541591, 126.961598 37.54159, 126.961683 37.541565, 126.961797 37.541532, 126.961844 37.541518, 126.961894 37.541502, 126.961941 37.541482, 126.961986 37.541458, 126.962027 37.541431, 126.962066 37.541402, 126.9621 37.541369, 126.962131 37.541334, 126.962157 37.541297, 126.962179 37.541258, 126.962196 37.541218, 126.962209 37.541176, 126.962216 37.541134, 126.962218 37.541091, 126.962215 37.541049, 126.962204 37.540961, 126.962204 37.540897, 126.962213 37.540873, 126.962223 37.540828, 126.962228 37.540784, 126.962228 37.540748, 126.96224 37.540703, 126.962276 37.540575, 126.962285 37.540531, 126.962289 37.540486, 126.962287 37.540442, 126.96228 37.540397, 126.962267 37.540354, 126.962257 37.540326, 126.962257 37.540324, 126.962241 37.540274, 126.962221 37.540221, 126.962188 37.540136, 126.962152 37.540043, 126.962121 37.539962, 126.962121 37.53996, 126.962097 37.539899, 126.962082 37.539861, 126.962082 37.539859, 126.962066 37.53982, 126.962058 37.539797, 126.962053 37.539785, 126.962052 37.539782, 126.962045 37.539763, 126.962044 37.539761, 126.962027 37.539716, 126.962027 37.539716, 126.961988 37.539614, 126.961956 37.539531, 126.961937 37.539471, 126.961921 37.539428, 126.9619 37.539387, 126.961873 37.539347, 126.961842 37.53931, 126.961806 37.539276, 126.961767 37.539244, 126.961723 37.539216, 126.961676 37.539191, 126.961626 37.53917, 126.961574 37.539153, 126.96152 37.539141, 126.961465 37.539133, 126.961409 37.539129, 126.961353 37.539129, 126.961297 37.539134, 126.961242 37.539144, 126.961189 37.539157, 126.961137 37.539175, 126.961088 37.539197, 126.961042 37.539222, 126.960999 37.539252, 126.96096 37.539284, 126.960926 37.539319, 126.960865 37.539388, 126.960841 37.539418, 126.960818 37.539448, 126.960796 37.539481, 126.960777 37.539515, 126.960764 37.539547, 126.960761 37.539551, 126.960755 37.539559, 126.960738 37.539585, 126.960732 37.539594, 126.960714 37.539621, 126.960709 37.539628, 126.960702 37.539637, 126.960661 37.539689, 126.960655 37.53969, 126.960601 37.539701, 126.960549 37.539716, 126.960499 37.539735, 126.960451 37.539758, 126.960406 37.539784, 126.960365 37.539814, 126.960328 37.539847, 126.960295 37.539883, 126.960267 37.539921, 126.960243 37.539961, 126.960224 37.540003, 126.960211 37.540045, 126.960203 37.540053, 126.960172 37.54009, 126.960146 37.540129, 126.960124 37.540171, 126.960108 37.540213, 126.960097 37.540257, 126.960091 37.540302, 126.960091 37.540346, 126.960097 37.540391, 126.960104 37.540419))"
학교,폴리곤50m,"POLYGON ((126.961089 37.540716, 126.961086 37.540725, 126.961075 37.540775, 126.961072 37.540826, 126.961072 37.540896, 126.961073 37.540987, 126.961075 37.54103, 126.961089 37.54114, 126.961098 37.541183, 126.961111 37.541224, 126.961129 37.541265, 126.961152 37.541304, 126.96118 37.541342, 126.961211 37.541377, 126.961248 37.541409, 126.961287 37.541438, 126.96133 37.541465, 126.961376 37.541488, 126.961425 37.541507, 126.961476 37.541522, 126.961528 37.541534, 126.961582 37.541541, 126.961636 37.541544, 126.96169 37.541544, 126.961744 37.541539, 126.961797 37.54153, 126.961849 37.541517, 126.961895 37.541503, 126.961954 37.541486, 126.962036 37.541462, 126.962037 37.541462, 126.962079 37.541449, 126.962101 37.541443, 126.962154 37.541425, 126.962205 37.541403, 126.962252 37.541377, 126.962296 37.541347, 126.962336 37.541314, 126.962372 37.541278, 126.962403 37.541239, 126.962428 37.541198, 126.962448 37.541155, 126.962463 37.54111, 126.962472 37.541065, 126.962474 37.541019, 126.962474 37.540972, 126.962472 37.540928, 126.962464 37.540885, 126.96245 37.540842, 126.962421 37.540764, 126.962385 37.540667, 126.962362 37.540606, 126.962362 37.540605, 126.962337 37.540539, 126.962319 37.540493, 126.962319 37.540492, 126.962291 37.540417, 126.962266 37.540349, 126.962247 37.540308, 126.962224 37.540268, 126.962196 37.54023, 126.962164 37.540195, 126.962127 37.540162, 126.962086 37.540132, 126.962042 37.540106, 126.961995 37.540083, 126.961946 37.540063, 126.961894 37.540048, 126.96184 37.540037, 126.961786 37.54003, 126.961731 37.540027, 126.961676 37.540029, 126.961621 37.540035, 126.961567 37.540045, 126.961515 37.540059, 126.961465 37.540077, 126.961417 37.540099, 126.961372 37.540124, 126.96133 37.540153, 126.961293 37.540185, 126.961259 37.54022, 126.96123 37.540257, 126.961205 37.540297, 126.961185 37.540338, 126.961171 37.54038, 126.961135 37.540509, 126.961135 37.54051, 126.961102 37.540629, 126.961093 37.540671, 126.961089 37.540713, 126.961089 37.540716))"
학교,폴리곤50m,"POLYGON ((126.960209 37.541484, 126.960244 37.541519, 126.960283 37.54155, 126.960326 37.541578, 126.960371 37.541603, 126.96042 37.541624, 126.960471 37.541642, 126.960524 37.541655, 126.960578 37.541664, 126.960633 37.541668, 126.960689 37.541669, 126.960744 37.541665, 126.960798 37.541657, 126.960852 37.541644, 126.960903 37.541628, 126.960952 37.541607, 126.960999 37.541583, 126.961042 37.541555, 126.961081 37.541525, 126.961117 37.541491, 126.961148 37.541454, 126.961175 37.541416, 126.961197 37.541375, 126.961213 37.541333, 126.961225 37.54129, 126.961231 37.541246, 126.961231 37.541233, 126.961233 37.54123, 126.961272 37.541181, 126.9613 37.541143, 126.961323 37.541103, 126.961341 37.541061, 126.961354 37.541018, 126.961361 37.540974, 126.961363 37.54093, 126.96136 37.540886, 126.961351 37.540842, 126.961337 37.540799, 126.961317 37.540758, 126.961293 37.540718, 126.961263 37.540681, 126.96123 37.540645, 126.961192 37.540613, 126.96115 37.540584, 126.961105 37.540558, 126.961057 37.540536, 126.961006 37.540517, 126.960954 37.540503, 126.9609 37.540493, 126.960845 37.540487, 126.960789 37.540486, 126.960734 37.540489, 126.960679 37.540496, 126.960625 37.540507, 126.960573 37.540523, 126.960523 37.540542, 126.960476 37.540566, 126.960432 37.540593, 126.960391 37.540623, 126.960355 37.540656, 126.960243 37.540768, 126.960207 37.540809, 126.960177 37.540852, 126.960153 37.540898, 126.960112 37.540989, 126.960095 37.541036, 126.960084 37.541084, 126.96008 37.541133, 126.960082 37.541182, 126.96009 37.541246, 126.960099 37.541294, 126.960114 37.541341, 126.960135 37.541386, 126.960163 37.54143, 126.960196 37.54147, 126.960209 37.541484))"
학교,폴리곤50m,"POLYGON ((126.95973 37.543538, 126.959773 37.543567, 126.95982 37.543593, 126.95987 37.543614, 126.959922 37.543632, 126.959976 37.543646, 126.960031 37.543655, 126.960087 37.543659, 126.960144 37.543659, 126.9602 37.543655, 126.960256 37.543646, 126.96031 37.543633, 126.960362 37.543615, 126.960412 37.543594, 126.960459 37.543568, 126.960502 37.543539, 126.960542 37.543507, 126.960577 37.543472, 126.960642 37.543399, 126.960752 37.543277, 126.960782 37.543241, 126.960807 37.543202, 126.960827 37.543161, 126.960842 37.543119, 126.960852 37.543076, 126.960857 37.543033, 126.960857 37.542989, 126.960851 37.542946, 126.96084 37.542903, 126.960824 37.542862, 126.960803 37.542821, 126.960777 37.542783, 126.960746 37.542747, 126.960712 37.542713, 126.960673 37.542682, 126.960631 37.542654, 126.960527 37.542593, 126.960482 37.542568, 126.960433 37.542547, 126.960383 37.54253, 126.96033 37.542517, 126.960277 37.542508, 126.960222 37.542504, 126.960167 37.542503, 126.960113 37.542507, 126.960059 37.542515, 126.960006 37.542527, 126.959955 37.542543, 126.959906 37.542563, 126.95986 37.542586, 126.959817 37.542613, 126.959777 37.542641, 126.959777 37.542641, 126.95968 37.542709, 126.959667 37.542718, 126.959604 37.542764, 126.959554 37.542806, 126.959535 37.542824, 126.959502 37.542859, 126.959474 37.542896, 126.95945 37.542935, 126.959431 37.542975, 126.959417 37.543017, 126.959408 37.543059, 126.959404 37.543102, 126.959405 37.543145, 126.959412 37.543188, 126.959424 37.54323, 126.95944 37.543272, 126.959462 37.543311, 126.959488 37.543349, 126.959519 37.543385, 126.959553 37.543418, 126.959592 37.543448, 126.959634 37.543475, 126.959691 37.543509, 126.95973 37.543538))"
학교,폴리곤50m,"POLYGON ((126.964375 37.53515, 126.964369 37.53516, 126.96435 37.535203, 126.964267 37.535432, 126.964266 37.535434, 126.964247 37.535487, 126.964234 37.535531, 126.964227 37.535576, 126.964226 37.535622, 126.96423 37.535667, 126.96424 37.535712, 126.964256 37.535756, 126.964277 37.535798, 126.964304 37.535838, 126.964335 37.535876, 126.964371 37.535912, 126.964411 37.535944, 126.964456 37.535973, 126.964503 37.535998, 126.964554 37.536019, 126.964607 37.536036, 126.964662 37.536049, 126.964716 37.536057, 126.964721 37.53609, 126.964786 37.536641, 126.964788 37.536651, 126.964855 37.537107, 126.964864 37.537152, 126.964879 37.537195, 126.964899 37.537237, 126.964924 37.537277, 126.964954 37.537315, 126.964989 37.53735, 126.965028 37.537383, 126.965071 37.537412, 126.965117 37.537437, 126.965166 37.537459, 126.965218 37.537477, 126.965272 37.537491, 126.965327 37.5375, 126.965383 37.537505, 126.965439 37.537505, 126.965495 37.537501, 126.965551 37.537493, 126.965605 37.53748, 126.965657 37.537463, 126.965707 37.537442, 126.965753 37.537417, 126.965797 37.537389, 126.965837 37.537357, 126.965872 37.537322, 126.965903 37.537285, 126.96593 37.537245, 126.965951 37.537203, 126.965967 37.53716, 126.965977 37.537116, 126.966023 37.536846, 126.966024 37.536843, 126.966042 37.536729, 126.966042 37.536728, 126.966108 37.536323, 126.966138 37.536141, 126.966141 37.536117, 126.966181 37.535958, 126.966187 37.535931, 126.966243 37.535601, 126.966247 37.535559, 126.966247 37.535516, 126.966241 37.535473, 126.96621 37.535312, 126.966207 37.535295, 126.966206 37.535291, 126.9662 37.53526, 126.966198 37.535248, 126.966196 37.535238, 126.966183 37.535196, 126.966166 37.535155, 126.966144 37.535116, 126.966117 37.535078, 126.966086 37.535043, 126.96605 37.53501, 126.966011 37.53498, 126.965969 37.534953, 126.965923 37.53493, 126.965875 37.53491, 126.965825 37.534894, 126.965773 37.534882, 126.96572 37.534873, 126.965665 37.534869, 126.965611 37.534869, 126.965468 37.534875, 126.965394 37.534856, 126.96517 37.534798, 126.965116 37.534787, 126.96506 37.53478, 126.965004 37.534777, 126.964948 37.534778, 126.964892 37.534785, 126.964838 37.534795, 126.964815 37.534801, 126.96478 37.534808, 126.964727 37.534823, 126.964677 37.534841, 126.96463 37.534864, 126.964585 37.53489, 126.964544 37.534919, 126.964506 37.534951, 126.964473 37.534987, 126.964444 37.535024, 126.96442 37.535064, 126.964374 37.53515, 126.964375 37.53515))"
학교,폴리곤50m,"POLYGON ((126.965733 37.535428, 126.965678 37.535422, 126.965623 37.53542, 126.965568 37.535422, 126.965513 37.535429, 126.96546 37.53544, 126.965408 37.535455, 126.965358 37.535474, 126.96531 37.535497, 126.965266 37.535523, 126.965225 37.535553, 126.965188 37.535586, 126.965155 37.535621, 126.965127 37.535659, 126.965103 37.535699, 126.965085 37.53574, 126.965071 37.535783, 126.965028 37.535957, 126.96502 37.536001, 126.965017 37.536045, 126.96502 37.536089, 126.965028 37.536133, 126.965041 37.536175, 126.96506 37.536217, 126.965084 37.536257, 126.965112 37.536295, 126.965145 37.53633, 126.965182 37.536363, 126.965223 37.536393, 126.965268 37.536419, 126.965315 37.536442, 126.965365 37.536461, 126.965417 37.536475, 126.965471 37.536486, 126.965526 37.536493, 126.965581 37.536495, 126.965636 37.536493, 126.965691 37.536487, 126.965745 37.536476, 126.965797 37.536462, 126.965847 37.536443, 126.965895 37.53642, 126.96594 37.536394, 126.965981 37.536365, 126.966018 37.536332, 126.966052 37.536297, 126.96608 37.536259, 126.966104 37.536219, 126.966165 37.536104, 126.966185 37.53606, 126.9662 37.536013, 126.966212 37.535959, 126.96622 37.535915, 126.966222 37.535871, 126.966219 37.535827, 126.966211 37.535784, 126.966197 37.535741, 126.966178 37.5357, 126.966153 37.53566, 126.966125 37.535622, 126.966091 37.535587, 126.966054 37.535554, 126.966013 37.535525, 126.965968 37.535499, 126.96592 37.535477, 126.96587 37.535458, 126.965818 37.535443, 126.965764 37.535433, 126.965733 37.535428))"
학교,폴리곤50m,"POLYGON ((126.96492 37.536613, 126.964916 37.536657, 126.964917 37.536701, 126.964923 37.536744, 126.964935 37.536787, 126.964952 37.536829, 126.964974 37.536869, 126.965 37.536908, 126.965032 37.536944, 126.965067 37.536977, 126.965107 37.537008, 126.96515 37.537035, 126.965196 37.537059, 126.965245 37.53708, 126.965296 37.537096, 126.965349 37.537108, 126.965403 37.537117, 126.965458 37.537121, 126.965513 37.53712, 126.965568 37.537116, 126.965622 37.537107, 126.965674 37.537094, 126.965725 37.537077, 126.965774 37.537056, 126.965819 37.537032, 126.965862 37.537004, 126.965901 37.536973, 126.965936 37.536939, 126.965966 37.536902, 126.965993 37.536864, 126.966063 37.536745, 126.966107 37.536672, 126.966128 37.536632, 126.966144 37.53659, 126.966155 37.536548, 126.966161 37.536505, 126.966161 37.536462, 126.96616 37.536446, 126.966169 37.536432, 126.966189 37.536391, 126.966203 37.536349, 126.966213 37.536307, 126.966217 37.536263, 126.966216 37.53622, 126.966213 37.53619, 126.966216 37.536155, 126.966216 37.536111, 126.966211 37.536066, 126.9662 37.536022, 126.966184 37.53598, 126.966163 37.535938, 126.966136 37.535899, 126.966105 37.535862, 126.96607 37.535827, 126.966033 37.535795, 126.965996 37.535765, 126.965955 37.535738, 126.965911 37.535715, 126.965865 37.535694, 126.965827 37.535679, 126.965775 37.535661, 126.965721 37.535648, 126.965665 37.535639, 126.965609 37.535634, 126.965553 37.535633, 126.965496 37.535637, 126.965441 37.535646, 126.965387 37.535659, 126.965335 37.535676, 126.965285 37.535698, 126.965238 37.535723, 126.965194 37.535751, 126.965155 37.535783, 126.965119 37.535818, 126.965088 37.535856, 126.965062 37.535896, 126.965041 37.535938, 126.965026 37.535981, 126.965016 37.536026, 126.964986 37.536208, 126.96492 37.536613))"
학교,폴리곤50m,"POLYGON ((126.97145 37.535049, 126.971407 37.535077, 126.971368 37.535109, 126.971332 37.535143, 126.971302 37.53518, 126.971276 37.53522, 126.971255 37.535261, 126.971239 37.535304, 126.971229 37.535348, 126.971224 37.535392, 126.971224 37.535437, 126.971231 37.535481, 126.971242 37.535524, 126.971259 37.535567, 126.971293 37.535638, 126.971295 37.535642, 126.971317 37.535688, 126.971368 37.535796, 126.971408 37.535882, 126.971409 37.535883, 126.971435 37.535937, 126.971443 37.535957, 126.971448 37.535966, 126.971461 37.535993, 126.971508 37.536093, 126.97153 37.536134, 126.971558 37.536173, 126.97159 37.53621, 126.971626 37.536244, 126.971666 37.536275, 126.971711 37.536302, 126.971758 37.536326, 126.971808 37.536346, 126.97186 37.536362, 126.971914 37.536374, 126.97197 37.536382, 126.972026 37.536385, 126.972082 37.536384, 126.972137 37.536378, 126.972192 37.536368, 126.972245 37.536354, 126.972479 37.53628, 126.972482 37.536279, 126.972706 37.536208, 126.972755 37.536193, 126.972761 37.536191, 126.973057 37.536101, 126.973392 37.535998, 126.973443 37.53598, 126.973492 37.535958, 126.973537 37.535932, 126.97358 37.535903, 126.973618 37.535871, 126.973653 37.535836, 126.973682 37.535798, 126.973707 37.535758, 126.973727 37.535716, 126.973742 37.535673, 126.973751 37.535629, 126.973754 37.535585, 126.973753 37.53554, 126.973745 37.535496, 126.973732 37.535452, 126.973714 37.53541, 126.973691 37.53537, 126.973662 37.535331, 126.973629 37.535295, 126.973477 37.535144, 126.973334 37.535003, 126.973333 37.535002, 126.973135 37.534806, 126.973132 37.534803, 126.972992 37.534667, 126.972955 37.534635, 126.972916 37.534606, 126.972873 37.53458, 126.972827 37.534558, 126.972778 37.534539, 126.972728 37.534524, 126.972675 37.534512, 126.972622 37.534505, 126.972568 37.534502, 126.972515 37.534503, 126.972461 37.534508, 126.972408 37.534517, 126.972357 37.53453, 126.972307 37.534547, 126.97226 37.534568, 126.972215 37.534592, 126.97145 37.535049))"
학교,폴리곤50m,"POLYGON ((126.971173 37.535437, 126.971175 37.535441, 126.971181 37.535452, 126.971188 37.535468, 126.971196 37.535483, 126.971235 37.535555, 126.971235 37.535556, 126.971272 37.535625, 126.971291 37.535661, 126.971294 37.535667, 126.971316 37.535708, 126.971323 37.535721, 126.971384 37.535826, 126.97141 37.535865, 126.97144 37.535903, 126.971476 37.535937, 126.971515 37.535969, 126.971558 37.535998, 126.971604 37.536022, 126.971654 37.536044, 126.971705 37.536061, 126.971759 37.536074, 126.971814 37.536083, 126.97187 37.536087, 126.971926 37.536087, 126.971982 37.536083, 126.972036 37.536074, 126.97209 37.536061, 126.972142 37.536043, 126.972191 37.536022, 126.972237 37.535997, 126.97228 37.535969, 126.97232 37.535937, 126.972355 37.535902, 126.972386 37.535865, 126.972411 37.535825, 126.972432 37.535784, 126.972448 37.535741, 126.972458 37.535697, 126.972463 37.535653, 126.972462 37.535608, 126.972456 37.535564, 126.972444 37.53552, 126.972427 37.535478, 126.972374 37.535367, 126.972373 37.535365, 126.972352 37.535321, 126.972317 37.535248, 126.972315 37.535244, 126.972303 37.535218, 126.972271 37.53515, 126.972219 37.535042, 126.972218 37.53504, 126.972213 37.53503, 126.972123 37.534841, 126.972051 37.534689, 126.97205 37.534687, 126.972044 37.534676, 126.972038 37.534663, 126.972051 37.534635, 126.972064 37.534591, 126.972071 37.534546, 126.972073 37.534501, 126.972069 37.534456, 126.972059 37.534412, 126.972044 37.534369, 126.972024 37.534327, 126.971998 37.534287, 126.971968 37.534249, 126.971933 37.534214, 126.971894 37.534181, 126.971851 37.534152, 126.971804 37.534127, 126.971755 37.534105, 126.971703 37.534087, 126.971649 37.534074, 126.971594 37.534065, 126.971537 37.53406, 126.971481 37.53406, 126.971425 37.534064, 126.971369 37.534073, 126.971315 37.534086, 126.971263 37.534103, 126.971214 37.534125, 126.971167 37.53415, 126.971008 37.534245, 126.970964 37.534274, 126.970924 37.534307, 126.970889 37.534343, 126.970858 37.534381, 126.970832 37.534422, 126.970811 37.534464, 126.970796 37.534508, 126.970786 37.534553, 126.970783 37.534599, 126.970785 37.534644, 126.970793 37.534689, 126.970806 37.534734, 126.970825 37.534776, 126.970853 37.53483, 126.970902 37.534926, 126.970904 37.53493, 126.970949 37.535014, 126.97095 37.535016, 126.970962 37.535039, 126.970963 37.53504, 126.97101 37.535126, 126.97101 37.535127, 126.971016 37.535139, 126.971018 37.535142, 126.971029 37.535166, 126.971059 37.535222, 126.97106 37.535223, 126.971135 37.535366, 126.971136 37.535369, 126.971163 37.535417, 126.971166 37.535423, 126.971171 37.535433, 126.971173 37.535437))"
학교,폴리곤50m,"POLYGON ((126.972894 37.535313, 126.972938 37.535284, 126.972978 37.535252, 126.973013 37.535216, 126.973044 37.535178, 126.97307 37.535138, 126.973091 37.535095, 126.973106 37.535051, 126.973116 37.535007, 126.97312 37.534961, 126.973118 37.534916, 126.973111 37.534871, 126.973098 37.534826, 126.973079 37.534784, 126.973055 37.534742, 126.973026 37.534703, 126.972992 37.534667, 126.972947 37.534623, 126.972856 37.534528, 126.972854 37.534526, 126.97269 37.534357, 126.972584 37.534246, 126.972518 37.534174, 126.972512 37.534168, 126.972443 37.534095, 126.972428 37.53408, 126.972333 37.533989, 126.972294 37.533956, 126.972251 37.533925, 126.972205 37.533899, 126.972155 37.533876, 126.972103 37.533857, 126.972048 37.533843, 126.971992 37.533833, 126.971935 37.533828, 126.971878 37.533827, 126.971821 37.533831, 126.971764 37.533839, 126.971709 37.533852, 126.971656 37.53387, 126.971606 37.533891, 126.971558 37.533917, 126.971316 37.534062, 126.971169 37.534149, 126.971132 37.534172, 126.971098 37.534199, 126.971067 37.534227, 126.971033 37.53426, 126.971001 37.534295, 126.970973 37.534333, 126.97095 37.534372, 126.970911 37.534447, 126.970892 37.53449, 126.970878 37.534536, 126.970871 37.534582, 126.970869 37.534628, 126.970873 37.534675, 126.970885 37.534748, 126.970897 37.5348, 126.970917 37.534851, 126.97098 37.534983, 126.970981 37.534984, 126.970988 37.534999, 126.970989 37.535, 126.970994 37.53501, 126.971065 37.53516, 126.971065 37.535161, 126.971154 37.535346, 126.971155 37.535348, 126.971159 37.535357, 126.971213 37.53547, 126.971213 37.535471, 126.971246 37.535539, 126.971246 37.53554, 126.971258 37.535565, 126.971259 37.535567, 126.971281 37.535607, 126.971308 37.535646, 126.971339 37.535682, 126.971374 37.535716, 126.971414 37.535746, 126.971457 37.535774, 126.971503 37.535798, 126.971552 37.535818, 126.971604 37.535835, 126.971657 37.535847, 126.971711 37.535855, 126.971766 37.535859, 126.971821 37.535859, 126.971876 37.535854, 126.97193 37.535845, 126.971983 37.535832, 126.972034 37.535815, 126.972083 37.535794, 126.972128 37.53577, 126.972894 37.535313))"
학교,폴리곤50m,"POLYGON ((126.974929 37.521788, 126.974951 37.521829, 126.974979 37.521868, 126.975011 37.521905, 126.975047 37.521939, 126.975088 37.52197, 126.975132 37.521997, 126.97518 37.522021, 126.97523 37.522041, 126.975283 37.522057, 126.975337 37.522069, 126.975392 37.522076, 126.975449 37.522079, 126.975505 37.522078, 126.975561 37.522072, 126.975615 37.522062, 126.975668 37.522047, 126.976218 37.521872, 126.97657 37.521761, 126.976572 37.52176, 126.976847 37.521672, 126.976853 37.52167, 126.977051 37.521605, 126.9771 37.521587, 126.977147 37.521565, 126.977191 37.521539, 126.977232 37.52151, 126.977269 37.521478, 126.977302 37.521443, 126.97733 37.521406, 126.977354 37.521367, 126.977373 37.521326, 126.977387 37.521284, 126.977396 37.521241, 126.9774 37.521197, 126.977398 37.521154, 126.977391 37.521111, 126.977379 37.521068, 126.977362 37.521027, 126.977328 37.520957, 126.977305 37.520916, 126.977277 37.520876, 126.977244 37.520839, 126.977206 37.520805, 126.977164 37.520774, 126.977119 37.520747, 126.97707 37.520723, 126.977019 37.520704, 126.976965 37.520688, 126.97691 37.520677, 126.976854 37.520671, 126.976797 37.520669, 126.97674 37.520671, 126.976683 37.520678, 126.976628 37.52069, 126.976575 37.520706, 126.976418 37.52076, 126.976379 37.520774, 126.976154 37.520852, 126.97615 37.520853, 126.976143 37.520855, 126.975986 37.5209, 126.975984 37.5209, 126.975913 37.52092, 126.975752 37.520965, 126.97574 37.520969, 126.975497 37.521042, 126.975496 37.521042, 126.975438 37.52106, 126.975315 37.521097, 126.975272 37.521106, 126.975219 37.521119, 126.975168 37.521137, 126.975119 37.521158, 126.975073 37.521183, 126.975031 37.521212, 126.974992 37.521244, 126.974957 37.521278, 126.974927 37.521316, 126.974902 37.521355, 126.974881 37.521396, 126.974866 37.521439, 126.974856 37.521482, 126.974851 37.521526, 126.974852 37.521571, 126.974859 37.521615, 126.97487 37.521658, 126.974887 37.5217, 126.974929 37.521788))"
학교,폴리곤50m,"POLYGON ((126.966556 37.523959, 126.966572 37.523999, 126.966595 37.524039, 126.966622 37.524078, 126.966654 37.524115, 126.967 37.524473, 126.967066 37.524542, 126.967067 37.524544, 126.967365 37.524855, 126.9674 37.524888, 126.967439 37.524919, 126.967482 37.524946, 126.967528 37.52497, 126.967576 37.524991, 126.967627 37.525007, 126.96768 37.52502, 126.967734 37.525028, 126.967788 37.525032, 126.967843 37.525032, 126.967898 37.525028, 126.967951 37.525019, 126.968004 37.525007, 126.968055 37.52499, 126.968103 37.52497, 126.968149 37.524946, 126.968209 37.524911, 126.968254 37.524882, 126.968294 37.52485, 126.968306 37.524838, 126.968317 37.524835, 126.968365 37.524814, 126.968411 37.52479, 126.968622 37.524665, 126.968666 37.524637, 126.968705 37.524606, 126.968741 37.524571, 126.968772 37.524534, 126.968798 37.524495, 126.968819 37.524453, 126.968835 37.524411, 126.968846 37.524367, 126.968851 37.524322, 126.968851 37.524278, 126.968845 37.524234, 126.968833 37.52419, 126.968817 37.524147, 126.968795 37.524106, 126.968768 37.524067, 126.968736 37.52403, 126.968637 37.523926, 126.968636 37.523926, 126.968435 37.523716, 126.968434 37.523715, 126.968063 37.52333, 126.967967 37.523229, 126.967932 37.523197, 126.967895 37.523167, 126.967853 37.52314, 126.967809 37.523117, 126.967762 37.523097, 126.967713 37.52308, 126.967663 37.523068, 126.967616 37.523058, 126.967562 37.523048, 126.967507 37.523043, 126.967451 37.523043, 126.967395 37.523047, 126.967341 37.523055, 126.967287 37.523067, 126.967236 37.523083, 126.967186 37.523104, 126.967186 37.523104, 126.967131 37.523133, 126.966713 37.523383, 126.96667 37.523411, 126.966631 37.523443, 126.966596 37.523477, 126.966566 37.523514, 126.96654 37.523553, 126.966519 37.523593, 126.966503 37.523636, 126.966493 37.523679, 126.966487 37.523723, 126.966488 37.523767, 126.966493 37.523811, 126.966504 37.523854, 126.96652 37.523896, 126.966542 37.523937, 126.966556 37.523959))"
학교,폴리곤50m,"POLYGON ((126.967526 37.52417, 126.967482 37.524199, 126.967442 37.524231, 126.967406 37.524266, 126.967374 37.524304, 126.967348 37.524344, 126.967327 37.524386, 126.967311 37.524429, 126.9673 37.524474, 126.967296 37.524519, 126.967297 37.524565, 126.967304 37.52461, 126.967316 37.524654, 126.967334 37.524697, 126.967358 37.524738, 126.967386 37.524777, 126.967419 37.524814, 126.967434 37.524828, 126.96747 37.524861, 126.96751 37.524891, 126.967553 37.524917, 126.967599 37.52494, 126.967648 37.524959, 126.967698 37.524975, 126.967751 37.524986, 126.967805 37.524994, 126.967859 37.524997, 126.967913 37.524996, 126.967967 37.524992, 126.968021 37.524982, 126.968073 37.524969, 126.968123 37.524952, 126.96817 37.524931, 126.968216 37.524907, 126.968414 37.524788, 126.968458 37.524759, 126.968497 37.524727, 126.968532 37.524693, 126.968563 37.524655, 126.968589 37.524615, 126.968609 37.524574, 126.968625 37.524531, 126.968635 37.524487, 126.96864 37.524443, 126.968639 37.524398, 126.968632 37.524353, 126.96862 37.52431, 126.968603 37.524267, 126.96858 37.524226, 126.968553 37.524187, 126.968521 37.524151, 126.968508 37.524138, 126.968473 37.524105, 126.968433 37.524075, 126.96839 37.524048, 126.968345 37.524025, 126.968296 37.524005, 126.968245 37.523989, 126.968193 37.523977, 126.96814 37.523969, 126.968085 37.523965, 126.968031 37.523965, 126.967976 37.52397, 126.967923 37.523979, 126.967871 37.523991, 126.96782 37.524008, 126.967772 37.524028, 126.967727 37.524052, 126.967526 37.52417))"
학교,폴리곤50m,"POLYGON ((126.967411 37.524805, 126.967446 37.524839, 126.967485 37.52487, 126.967528 37.524897, 126.967574 37.524921, 126.967623 37.524941, 126.967674 37.524958, 126.967726 37.52497, 126.96778 37.524979, 126.967835 37.524983, 126.96789 37.524983, 126.967945 37.524978, 126.967999 37.52497, 126.968051 37.524957, 126.968102 37.52494, 126.96815 37.52492, 126.968196 37.524896, 126.968397 37.524778, 126.96844 37.52475, 126.96848 37.524719, 126.968516 37.524684, 126.968547 37.524647, 126.968573 37.524608, 126.968594 37.524567, 126.968611 37.524525, 126.968622 37.524481, 126.968627 37.524437, 126.968627 37.524392, 126.968621 37.524348, 126.96861 37.524304, 126.968594 37.524262, 126.968572 37.524221, 126.968546 37.524182, 126.968515 37.524145, 126.968431 37.524056, 126.968395 37.524022, 126.968356 37.523991, 126.968312 37.523963, 126.968266 37.523938, 126.968217 37.523918, 126.968165 37.523901, 126.968111 37.523889, 126.968057 37.52388, 126.968001 37.523876, 126.967945 37.523877, 126.96789 37.523882, 126.967835 37.523891, 126.967782 37.523904, 126.967731 37.523921, 126.967682 37.523943, 126.967636 37.523968, 126.967437 37.524089, 126.967394 37.524117, 126.967356 37.524149, 126.967321 37.524183, 126.967291 37.52422, 126.967265 37.524259, 126.967245 37.524301, 126.967229 37.524343, 126.967219 37.524386, 126.967214 37.52443, 126.967215 37.524475, 126.967221 37.524519, 126.967232 37.524562, 126.967249 37.524604, 126.967271 37.524644, 126.967298 37.524683, 126.967329 37.52472, 126.967411 37.524805))"
학교,폴리곤50m,"POLYGON ((126.965653 37.525286, 126.965656 37.525292, 126.965684 37.525332, 126.965716 37.52537, 126.965788 37.525444, 126.965848 37.525506, 126.96589 37.525546, 126.965893 37.525548, 126.965943 37.5256, 126.965964 37.525622, 126.965974 37.525632, 126.966 37.525659, 126.966036 37.525692, 126.966076 37.525722, 126.966119 37.525749, 126.966165 37.525772, 126.966214 37.525792, 126.966265 37.525807, 126.966317 37.525819, 126.966371 37.525827, 126.966426 37.525831, 126.96648 37.52583, 126.966534 37.525825, 126.966588 37.525816, 126.96664 37.525803, 126.96669 37.525786, 126.966738 37.525765, 126.966784 37.525741, 126.967017 37.525602, 126.967023 37.525598, 126.967035 37.52559, 126.967188 37.525498, 126.967337 37.525411, 126.967338 37.525411, 126.967388 37.525382, 126.967428 37.525359, 126.967429 37.525359, 126.967554 37.525286, 126.967555 37.525286, 126.967622 37.525247, 126.967715 37.525194, 126.967719 37.525192, 126.967855 37.525112, 126.967993 37.525035, 126.967996 37.525033, 126.968085 37.524983, 126.968085 37.524982, 126.968145 37.524948, 126.968189 37.52492, 126.96823 37.524888, 126.968266 37.524854, 126.968298 37.524817, 126.968325 37.524777, 126.968347 37.524736, 126.968363 37.524693, 126.968374 37.524649, 126.96838 37.524604, 126.96838 37.524559, 126.968374 37.524514, 126.968363 37.52447, 126.968346 37.524427, 126.968324 37.524386, 126.968297 37.524346, 126.968265 37.524309, 126.967968 37.523999, 126.967901 37.523928, 126.967898 37.523924, 126.96755 37.523565, 126.967514 37.523531, 126.967474 37.523501, 126.967431 37.523474, 126.967385 37.52345, 126.967336 37.52343, 126.967285 37.523414, 126.967232 37.523401, 126.967178 37.523393, 126.967123 37.52339, 126.967068 37.52339, 126.967014 37.523395, 126.96696 37.523404, 126.966907 37.523417, 126.966857 37.523434, 126.966808 37.523455, 126.966763 37.523479, 126.966522 37.523623, 126.966433 37.523671, 126.966405 37.523687, 126.966325 37.523736, 126.966251 37.523782, 126.966169 37.523832, 126.966168 37.523833, 126.966074 37.523891, 126.966069 37.523894, 126.966027 37.523921, 126.965986 37.52395, 126.965949 37.523981, 126.965916 37.524015, 126.965887 37.524052, 126.965863 37.52409, 126.965843 37.52413, 126.965828 37.524172, 126.965819 37.524214, 126.965814 37.524257, 126.965815 37.5243, 126.965821 37.524343, 126.965831 37.524385, 126.965847 37.524426, 126.965868 37.524466, 126.965894 37.524504, 126.965924 37.52454, 126.965929 37.524546, 126.965898 37.524565, 126.965888 37.524571, 126.965861 37.52459, 126.965835 37.524605, 126.965831 37.524608, 126.965791 37.524633, 126.965787 37.524636, 126.965746 37.524663, 126.965703 37.524693, 126.965665 37.524727, 126.965631 37.524764, 126.965602 37.524803, 126.965578 37.524844, 126.965559 37.524887, 126.965546 37.524932, 126.965538 37.524977, 126.965537 37.525022, 126.965541 37.525068, 126.965551 37.525113, 126.965567 37.525157, 126.965588 37.525199, 126.965614 37.52524, 126.965645 37.525278, 126.965653 37.525286))"
학교,폴리곤50m,"POLYGON ((126.964499 37.525877, 126.964536 37.525911, 126.964577 37.525943, 126.964622 37.525971, 126.964671 37.525995, 126.964722 37.526015, 126.964775 37.526031, 126.96483 37.526042, 126.964887 37.526049, 126.964944 37.526052, 126.965001 37.52605, 126.965057 37.526043, 126.965112 37.526032, 126.965166 37.526017, 126.965217 37.525997, 126.965266 37.525974, 126.965311 37.525946, 126.965329 37.525934, 126.965465 37.525844, 126.965468 37.525842, 126.965615 37.525744, 126.965865 37.525582, 126.965894 37.525562, 126.96593 37.525539, 126.96597 37.52551, 126.966006 37.525478, 126.966038 37.525443, 126.966066 37.525406, 126.966089 37.525367, 126.966108 37.525327, 126.966122 37.525285, 126.96613 37.525243, 126.966134 37.5252, 126.966132 37.525157, 126.966125 37.525114, 126.966113 37.525072, 126.966097 37.525031, 126.966075 37.524992, 126.966049 37.524954, 126.966018 37.524919, 126.965943 37.52484, 126.965942 37.52484, 126.965887 37.524783, 126.965825 37.524718, 126.965823 37.524715, 126.965753 37.524644, 126.965683 37.524571, 126.965648 37.524537, 126.965608 37.524506, 126.965564 37.524478, 126.965518 37.524454, 126.965468 37.524434, 126.965416 37.524418, 126.965363 37.524406, 126.965308 37.524398, 126.965253 37.524394, 126.965197 37.524395, 126.965142 37.5244, 126.965088 37.524409, 126.965035 37.524422, 126.964984 37.52444, 126.964935 37.524462, 126.96489 37.524487, 126.964737 37.52458, 126.964506 37.524719, 126.964252 37.524874, 126.964209 37.524902, 126.964171 37.524934, 126.964166 37.524937, 126.964132 37.524972, 126.964101 37.525009, 126.964076 37.525049, 126.964055 37.52509, 126.964039 37.525132, 126.964029 37.525176, 126.964024 37.52522, 126.964025 37.525264, 126.964031 37.525308, 126.964043 37.525352, 126.96406 37.525394, 126.964082 37.525435, 126.964109 37.525474, 126.96414 37.52551, 126.964158 37.525528, 126.9642 37.525572, 126.964206 37.525578, 126.964265 37.525637, 126.964266 37.525639, 126.964308 37.52568, 126.964345 37.525717, 126.964384 37.525758, 126.964391 37.525766, 126.964443 37.525819, 126.964499 37.525877))"
학교,폴리곤50m,"POLYGON ((126.974668 37.517483, 126.974722 37.517472, 126.974774 37.517456, 126.974825 37.517437, 126.974873 37.517413, 126.974917 37.517386, 126.974958 37.517355, 126.974995 37.517321, 126.975028 37.517285, 126.975055 37.517246, 126.975078 37.517205, 126.975096 37.517163, 126.975108 37.517119, 126.975115 37.517075, 126.975116 37.51703, 126.975112 37.516986, 126.975102 37.516942, 126.975087 37.516899, 126.975087 37.516898, 126.975084 37.516893, 126.975069 37.516861, 126.975066 37.516854, 126.975042 37.516814, 126.975012 37.516776, 126.974979 37.516741, 126.974941 37.516708, 126.974899 37.516678, 126.974854 37.516652, 126.974806 37.51663, 126.974755 37.516611, 126.974702 37.516597, 126.974648 37.516586, 126.974592 37.516581, 126.974536 37.516579, 126.974481 37.516582, 126.974425 37.516589, 126.974372 37.516601, 126.974334 37.51661, 126.974212 37.516641, 126.97416 37.516657, 126.97411 37.516676, 126.974063 37.5167, 126.974019 37.516726, 126.973979 37.516756, 126.973942 37.51679, 126.97391 37.516825, 126.973882 37.516864, 126.973859 37.516904, 126.973841 37.516946, 126.973828 37.516989, 126.973821 37.517032, 126.973819 37.517076, 126.973822 37.517121, 126.973831 37.517164, 126.973845 37.517207, 126.973865 37.517248, 126.973889 37.517288, 126.973918 37.517325, 126.973952 37.517361, 126.97399 37.517393, 126.974031 37.517422, 126.974076 37.517448, 126.974124 37.51747, 126.974174 37.517489, 126.974227 37.517503, 126.974281 37.517513, 126.974336 37.517519, 126.974391 37.517521, 126.974446 37.517518, 126.974501 37.517511, 126.974668 37.517483))"
학교,폴리곤50m,"POLYGON ((126.976912 37.519078, 126.976889 37.519038, 126.976861 37.519, 126.976828 37.518964, 126.976792 37.518932, 126.976751 37.518902, 126.976707 37.518875, 126.97666 37.518852, 126.97661 37.518833, 126.976559 37.518817, 126.976505 37.518806, 126.976451 37.518799, 126.976395 37.518796, 126.97634 37.518798, 126.976285 37.518804, 126.976232 37.518814, 126.976179 37.518828, 126.975763 37.518959, 126.97576 37.51896, 126.975438 37.519063, 126.975323 37.519099, 126.97531 37.519104, 126.975122 37.519167, 126.974718 37.519294, 126.974712 37.519296, 126.97466 37.519313, 126.97461 37.519332, 126.974562 37.519354, 126.974517 37.51938, 126.974476 37.51941, 126.974438 37.519442, 126.974405 37.519477, 126.974376 37.519515, 126.974352 37.519555, 126.974333 37.519597, 126.974319 37.519639, 126.974311 37.519683, 126.974308 37.519727, 126.97431 37.519771, 126.974318 37.519815, 126.974331 37.519858, 126.974349 37.5199, 126.97439 37.519979, 126.974399 37.519998, 126.97443 37.520059, 126.974431 37.52006, 126.974472 37.520139, 126.97451 37.520214, 126.974549 37.520291, 126.974587 37.520366, 126.974588 37.520367, 126.974627 37.520442, 126.974665 37.520517, 126.974704 37.520592, 126.974742 37.520667, 126.974742 37.520667, 126.974782 37.520744, 126.974813 37.520804, 126.974836 37.520844, 126.974857 37.520876, 126.974898 37.520953, 126.974922 37.520992, 126.974951 37.521029, 126.974984 37.521063, 126.975021 37.521095, 126.975062 37.521124, 126.975105 37.52115, 126.975152 37.521172, 126.975202 37.521191, 126.975253 37.521206, 126.975306 37.521216, 126.97536 37.521223, 126.975414 37.521225, 126.975469 37.521223, 126.975523 37.521217, 126.975576 37.521207, 126.975628 37.521193, 126.97582 37.521132, 126.975948 37.521092, 126.976015 37.52107, 126.976122 37.521037, 126.976123 37.521036, 126.976283 37.520986, 126.97635 37.520965, 126.976355 37.520963, 126.976475 37.520924, 126.97654 37.520903, 126.976566 37.520895, 126.97657 37.520894, 126.976702 37.52085, 126.976869 37.520797, 126.97687 37.520797, 126.976929 37.520778, 126.976958 37.520768, 126.976961 37.520767, 126.977054 37.520737, 126.977056 37.520737, 126.977136 37.52071, 126.977186 37.520692, 126.977234 37.520669, 126.977279 37.520643, 126.97732 37.520613, 126.977357 37.520581, 126.977391 37.520545, 126.977419 37.520508, 126.977443 37.520468, 126.977462 37.520426, 126.977476 37.520383, 126.977484 37.52034, 126.977487 37.520295, 126.977485 37.520251, 126.977477 37.520207, 126.977464 37.520164, 126.977445 37.520123, 126.977403 37.520041, 126.977403 37.52004, 126.977358 37.519954, 126.977313 37.519866, 126.977313 37.519865, 126.977242 37.519727, 126.977241 37.519727, 126.977207 37.51966, 126.977053 37.519357, 126.976912 37.519078))"
학교,폴리곤50m,"POLYGON ((126.974012 37.517179, 126.974012 37.517179, 126.974014 37.517185, 126.974015 37.517186, 126.974023 37.517204, 126.97406 37.517281, 126.974061 37.517283, 126.974084 37.517331, 126.97409 37.517342, 126.974108 37.517377, 126.97411 37.51738, 126.974155 37.517472, 126.974185 37.517533, 126.97432 37.517807, 126.974362 37.517891, 126.974424 37.518017, 126.974472 37.518115, 126.974473 37.518117, 126.974509 37.518189, 126.974511 37.518193, 126.974557 37.518281, 126.97458 37.518321, 126.974608 37.518359, 126.974641 37.518394, 126.974678 37.518427, 126.974719 37.518457, 126.974763 37.518483, 126.974811 37.518506, 126.974861 37.518525, 126.974913 37.518541, 126.974966 37.518552, 126.975021 37.518558, 126.975076 37.518561, 126.975131 37.518559, 126.975186 37.518553, 126.97524 37.518542, 126.975292 37.518528, 126.975544 37.518447, 126.975833 37.518359, 126.975837 37.518357, 126.976258 37.518226, 126.976263 37.518224, 126.976638 37.518104, 126.976688 37.518085, 126.976736 37.518063, 126.976781 37.518037, 126.976822 37.518007, 126.97686 37.517975, 126.976893 37.51794, 126.976922 37.517902, 126.976947 37.517862, 126.976966 37.517821, 126.97698 37.517778, 126.976988 37.517735, 126.976992 37.517691, 126.976989 37.517646, 126.976982 37.517603, 126.976969 37.51756, 126.976951 37.517518, 126.976738 37.517097, 126.976711 37.517041, 126.976705 37.517029, 126.976619 37.516868, 126.976595 37.51682, 126.976571 37.516778, 126.976542 37.516739, 126.976509 37.516702, 126.976471 37.516668, 126.976429 37.516638, 126.976383 37.516611, 126.976334 37.516587, 126.976283 37.516568, 126.976229 37.516553, 126.976216 37.516551, 126.976204 37.516533, 126.976173 37.516498, 126.976139 37.516465, 126.9761 37.516435, 126.976058 37.516408, 126.976014 37.516384, 126.975966 37.516364, 126.975917 37.516348, 126.975865 37.516335, 126.975813 37.516326, 126.975759 37.516322, 126.975706 37.516321, 126.975652 37.516325, 126.975599 37.516332, 126.975446 37.51636, 126.975419 37.516364, 126.975213 37.516402, 126.975197 37.516405, 126.975055 37.516434, 126.975031 37.516439, 126.974832 37.516487, 126.97483 37.516488, 126.974574 37.516551, 126.974378 37.516599, 126.974326 37.516614, 126.974276 37.516633, 126.974228 37.516656, 126.974184 37.516683, 126.974143 37.516713, 126.974106 37.516746, 126.974073 37.516781, 126.974044 37.516819, 126.974021 37.516859, 126.974003 37.516901, 126.973989 37.516944, 126.973982 37.516988, 126.973979 37.517032, 126.973982 37.517077, 126.973991 37.51712, 126.974005 37.517163, 126.974012 37.517179))"
학교,폴리곤50m,"POLYGON ((126.974891 37.521708, 126.974914 37.521748, 126.974941 37.521786, 126.974973 37.521821, 126.975009 37.521854, 126.975049 37.521884, 126.975092 37.52191, 126.975138 37.521934, 126.975187 37.521953, 126.975238 37.521969, 126.975291 37.521981, 126.975345 37.521988, 126.975399 37.521992, 126.975454 37.521991, 126.975508 37.521986, 126.975562 37.521977, 126.975632 37.521962, 126.975686 37.521948, 126.975837 37.521903, 126.975839 37.521902, 126.975897 37.521885, 126.976133 37.521814, 126.976289 37.52177, 126.976291 37.52177, 126.976363 37.521749, 126.976541 37.521699, 126.976581 37.521686, 126.976606 37.521678, 126.976829 37.521601, 126.976868 37.521587, 126.976869 37.521587, 126.977026 37.521532, 126.977032 37.52153, 126.977165 37.521485, 126.977165 37.521485, 126.9772 37.521473, 126.977205 37.521471, 126.977404 37.521401, 126.977407 37.5214, 126.977412 37.521398, 126.977465 37.521382, 126.977516 37.521364, 126.977565 37.521342, 126.977611 37.521316, 126.977654 37.521287, 126.977692 37.521255, 126.977727 37.52122, 126.977757 37.521182, 126.977782 37.521142, 126.977802 37.5211, 126.977816 37.521057, 126.977825 37.521013, 126.977829 37.520968, 126.977827 37.520923, 126.97782 37.520879, 126.977807 37.520836, 126.977789 37.520793, 126.977754 37.520725, 126.977753 37.520723, 126.977705 37.520628, 126.977671 37.520561, 126.97767 37.52056, 126.977643 37.520508, 126.977586 37.520395, 126.977585 37.520394, 126.977543 37.520313, 126.977488 37.520205, 126.977465 37.520165, 126.977436 37.520127, 126.977404 37.520092, 126.977367 37.520059, 126.977326 37.520029, 126.977282 37.520003, 126.977235 37.51998, 126.977185 37.519961, 126.977133 37.519945, 126.977079 37.519934, 126.977025 37.519928, 126.976969 37.519925, 126.976914 37.519927, 126.976859 37.519933, 126.976806 37.519943, 126.976753 37.519957, 126.976545 37.520024, 126.976544 37.520024, 126.976424 37.520063, 126.976226 37.520127, 126.97606 37.52018, 126.97606 37.52018, 126.975957 37.520213, 126.975755 37.520278, 126.975641 37.520315, 126.975361 37.520405, 126.975348 37.520409, 126.975117 37.520489, 126.974912 37.520556, 126.974862 37.520575, 126.974814 37.520598, 126.974769 37.520624, 126.974728 37.520653, 126.97469 37.520686, 126.974657 37.520721, 126.974628 37.520759, 126.974604 37.520799, 126.974586 37.520841, 126.974572 37.520884, 126.974564 37.520927, 126.974561 37.520972, 126.974563 37.521016, 126.974571 37.521059, 126.974584 37.521102, 126.974603 37.521144, 126.974806 37.521538, 126.974811 37.521547, 126.974891 37.521708))"
학교,폴리곤50m,"POLYGON ((126.986712 37.535279, 126.986701 37.535316, 126.986694 37.535359, 126.986687 37.535434, 126.986685 37.535478, 126.986689 37.535522, 126.986698 37.535565, 126.986712 37.535608, 126.986732 37.535649, 126.986756 37.535688, 126.986785 37.535726, 126.986819 37.535761, 126.986856 37.535793, 126.986898 37.535822, 126.986942 37.535847, 126.98699 37.53587, 126.98704 37.535888, 126.987092 37.535902, 126.987146 37.535912, 126.9872 37.535918, 126.987266 37.535923, 126.987322 37.535925, 126.987378 37.535922, 126.987433 37.535915, 126.987487 37.535904, 126.987539 37.535889, 126.987589 37.535869, 126.987637 37.535846, 126.987681 37.535819, 126.987722 37.535789, 126.987759 37.535755, 126.987791 37.535719, 126.987819 37.535681, 126.987843 37.53564, 126.987861 37.535598, 126.987873 37.535555, 126.98788 37.535511, 126.987906 37.535264, 126.987908 37.535219, 126.987904 37.535175, 126.987895 37.535131, 126.98788 37.535088, 126.98786 37.535047, 126.987835 37.535007, 126.987806 37.534969, 126.987771 37.534934, 126.987733 37.534902, 126.987691 37.534873, 126.987645 37.534847, 126.987597 37.534825, 126.987546 37.534807, 126.987493 37.534793, 126.987438 37.534783, 126.987383 37.534778, 126.987326 37.534774, 126.98727 37.534773, 126.987215 37.534777, 126.987161 37.534784, 126.987108 37.534796, 126.987056 37.534812, 126.987007 37.534831, 126.98696 37.534855, 126.986916 37.534882, 126.986876 37.534912, 126.98684 37.534945, 126.986808 37.534981, 126.986781 37.53502, 126.986758 37.53506, 126.98674 37.535101, 126.986728 37.535144, 126.986721 37.535188, 126.986712 37.535279))"
학교,폴리곤50m,"POLYGON ((126.986693 37.535396, 126.986687 37.535435, 126.986662 37.53569, 126.98666 37.535736, 126.986664 37.535781, 126.986674 37.535826, 126.98669 37.535869, 126.986711 37.535911, 126.986737 37.535952, 126.986768 37.53599, 126.986804 37.536025, 126.986844 37.536057, 126.986888 37.536086, 126.986935 37.536112, 126.986985 37.536133, 126.987038 37.53615, 126.987081 37.53616, 126.987062 37.536215, 126.987046 37.536238, 126.987024 37.536276, 126.987006 37.536315, 126.986994 37.536356, 126.986985 37.536397, 126.986982 37.536439, 126.986984 37.53648, 126.986996 37.536603, 126.987003 37.536646, 126.987015 37.536688, 126.987032 37.53673, 126.987054 37.536769, 126.987081 37.536807, 126.987112 37.536843, 126.987148 37.536876, 126.987187 37.536906, 126.98723 37.536934, 126.987276 37.536957, 126.987324 37.536977, 126.987375 37.536993, 126.987427 37.537006, 126.987481 37.537014, 126.987536 37.537018, 126.98759 37.537018, 126.987645 37.537013, 126.987698 37.537004, 126.987751 37.536992, 126.987801 37.536975, 126.987832 37.536963, 126.987873 37.536946, 126.987894 37.536942, 126.987898 37.536943, 126.987953 37.536953, 126.988008 37.536959, 126.988033 37.536968, 126.988087 37.536982, 126.988142 37.536992, 126.988199 37.536997, 126.988255 37.536998, 126.988312 37.536994, 126.988368 37.536986, 126.988422 37.536973, 126.988439 37.536968, 126.988474 37.536968, 126.988531 37.536963, 126.988599 37.536955, 126.988654 37.536946, 126.988709 37.536932, 126.988761 37.536914, 126.988811 37.536892, 126.988858 37.536866, 126.988901 37.536836, 126.98894 37.536804, 126.988975 37.536768, 126.989005 37.536729, 126.98903 37.536689, 126.98905 37.536646, 126.989065 37.536602, 126.989074 37.536557, 126.989077 37.536512, 126.989074 37.536467, 126.989066 37.536422, 126.989052 37.536378, 126.989033 37.536335, 126.989003 37.53628, 126.989001 37.536264, 126.988991 37.536219, 126.988987 37.53621, 126.989005 37.5362, 126.989048 37.53617, 126.989086 37.536137, 126.989121 37.5361, 126.989151 37.536061, 126.989175 37.53602, 126.989194 37.535978, 126.989208 37.535933, 126.989216 37.535888, 126.989218 37.535843, 126.989215 37.535797, 126.989206 37.535752, 126.989191 37.535708, 126.989171 37.535666, 126.989145 37.535625, 126.989004 37.535427, 126.988916 37.535303, 126.988885 37.535265, 126.98885 37.535229, 126.98881 37.535196, 126.988787 37.53518, 126.988785 37.535174, 126.988768 37.535134, 126.988746 37.535095, 126.988719 37.535057, 126.988688 37.535022, 126.988653 37.53499, 126.988613 37.534956, 126.988574 37.534926, 126.988531 37.534899, 126.988485 37.534875, 126.988436 37.534855, 126.988385 37.534839, 126.988333 37.534827, 126.988279 37.534819, 126.988224 37.534815, 126.988169 37.534816, 126.988115 37.53482, 126.988072 37.534827, 126.988043 37.534805, 126.988 37.534778, 126.987953 37.534754, 126.987904 37.534734, 126.987853 37.534717, 126.987844 37.534715, 126.98783 37.534707, 126.987785 37.534684, 126.987736 37.534664, 126.987685 37.534648, 126.987676 37.534646, 126.987659 37.534638, 126.987609 37.534619, 126.987557 37.534605, 126.987503 37.534594, 126.987448 37.534587, 126.987393 37.534585, 126.987337 37.534587, 126.987282 37.534594, 126.987228 37.534605, 126.987176 37.53462, 126.987126 37.534639, 126.987078 37.534661, 126.987034 37.534688, 126.986993 37.534717, 126.986987 37.534722, 126.986959 37.534742, 126.986922 37.534774, 126.986888 37.534809, 126.986859 37.534846, 126.986835 37.534885, 126.986801 37.534947, 126.986783 37.534984, 126.986737 37.535094, 126.986719 37.535147, 126.98671 37.535201, 126.986694 37.535359, 126.986693 37.535396))"
학교,폴리곤50m,"POLYGON ((126.987463 37.536194, 126.987499 37.536205, 126.987552 37.536215, 126.987606 37.536222, 126.98766 37.536224, 126.987715 37.536222, 126.987769 37.536216, 126.987822 37.536206, 126.987874 37.536192, 126.987924 37.536174, 126.987971 37.536152, 126.988016 37.536127, 126.988057 37.536098, 126.988094 37.536066, 126.988128 37.536032, 126.988157 37.535995, 126.988181 37.535956, 126.988201 37.535915, 126.988216 37.535873, 126.988225 37.53583, 126.988229 37.535787, 126.988228 37.535743, 126.988226 37.535713, 126.988219 37.535669, 126.988207 37.535625, 126.98819 37.535582, 126.988167 37.535541, 126.988139 37.535502, 126.988107 37.535466, 126.98807 37.535432, 126.988029 37.535401, 126.987985 37.535374, 126.987937 37.53535, 126.987893 37.53533, 126.98785 37.535313, 126.987805 37.535299, 126.987764 37.535287, 126.987701 37.535273, 126.987677 37.535269, 126.987625 37.535261, 126.987571 37.535258, 126.987518 37.535259, 126.987431 37.535263, 126.987365 37.535269, 126.987296 37.535279, 126.987243 37.535289, 126.98719 37.535303, 126.98714 37.535322, 126.987093 37.535343, 126.987048 37.535369, 126.987006 37.535398, 126.986968 37.535429, 126.986935 37.535464, 126.986905 37.535501, 126.986881 37.53554, 126.986861 37.535581, 126.986858 37.535589, 126.986857 37.53559, 126.98685 37.535608, 126.986835 37.535651, 126.986826 37.535695, 126.986822 37.53574, 126.986824 37.535785, 126.986831 37.535829, 126.986844 37.535873, 126.986863 37.535916, 126.986886 37.535956, 126.986915 37.535995, 126.986948 37.536031, 126.986986 37.536065, 126.987027 37.536095, 126.987072 37.536122, 126.987121 37.536145, 126.987172 37.536164, 126.987225 37.536179, 126.987279 37.53619, 126.987335 37.536196, 126.987391 37.536198, 126.987448 37.536196, 126.987458 37.536195, 126.987463 37.536194))"
학교,폴리곤50m,"POLYGON ((126.995314 37.532555, 126.995276 37.532594, 126.995243 37.532635, 126.995216 37.53268, 126.995195 37.532726, 126.995147 37.532859, 126.995133 37.532903, 126.995126 37.532948, 126.995124 37.532993, 126.995128 37.533038, 126.995137 37.533083, 126.995152 37.533126, 126.995173 37.533169, 126.995198 37.533209, 126.995229 37.533247, 126.995264 37.533283, 126.995304 37.533315, 126.995348 37.533348, 126.995389 37.533375, 126.995433 37.5334, 126.99548 37.533421, 126.995529 37.533438, 126.99558 37.533452, 126.995632 37.533461, 126.995686 37.533467, 126.995739 37.533468, 126.995793 37.533466, 126.995846 37.533459, 126.995874 37.533455, 126.995887 37.533456, 126.996152 37.533504, 126.996206 37.533512, 126.996261 37.533515, 126.996316 37.533515, 126.99637 37.533509, 126.996424 37.5335, 126.996476 37.533487, 126.996524 37.53347, 126.996541 37.533473, 126.9966 37.533478, 126.996658 37.533479, 126.996686 37.533478, 126.99674 37.533474, 126.996792 37.533466, 126.996844 37.533455, 126.996894 37.533439, 126.996942 37.53342, 126.996987 37.533397, 126.997013 37.533383, 126.997082 37.533357, 126.997082 37.533357, 126.997115 37.533345, 126.997161 37.533323, 126.997204 37.533299, 126.997244 37.533271, 126.99728 37.53324, 126.997313 37.533206, 126.997342 37.53317, 126.997343 37.533169, 126.997422 37.533065, 126.997451 37.533022, 126.997473 37.532976, 126.99749 37.532929, 126.997514 37.532844, 126.997524 37.532791, 126.997527 37.532737, 126.997526 37.532686, 126.997522 37.532642, 126.997513 37.532599, 126.997506 37.532575, 126.997501 37.532557, 126.997493 37.532533, 126.99749 37.532526, 126.997467 37.532461, 126.997468 37.532459, 126.997474 37.532408, 126.997473 37.532357, 126.997469 37.532323, 126.997472 37.532299, 126.997476 37.53226, 126.997478 37.532235, 126.997479 37.532225, 126.99749 37.532198, 126.997504 37.532157, 126.997513 37.532115, 126.997517 37.532073, 126.997516 37.53203, 126.99751 37.531988, 126.997499 37.531946, 126.99749 37.53192, 126.997479 37.531891, 126.997447 37.531814, 126.997438 37.531794, 126.997429 37.531775, 126.99741 37.531737, 126.99739 37.5317, 126.997365 37.531664, 126.997336 37.53163, 126.997304 37.531599, 126.997268 37.53157, 126.997208 37.531525, 126.997205 37.531523, 126.997115 37.531457, 126.997072 37.531429, 126.997026 37.531404, 126.996998 37.531391, 126.996947 37.531369, 126.996892 37.531351, 126.996836 37.531338, 126.996779 37.531329, 126.99672 37.531325, 126.996662 37.531326, 126.996576 37.531332, 126.996524 37.531337, 126.996505 37.531337, 126.99645 37.531338, 126.996396 37.531344, 126.996343 37.531354, 126.996291 37.531369, 126.996241 37.531387, 126.996194 37.531408, 126.996149 37.531434, 126.996108 37.531462, 126.99607 37.531494, 126.996037 37.531528, 126.996008 37.531565, 126.99594 37.531661, 126.995939 37.531662, 126.995852 37.531784, 126.995849 37.531789, 126.995801 37.531859, 126.995801 37.53186, 126.995741 37.531947, 126.995675 37.532043, 126.995674 37.532044, 126.995612 37.532136, 126.99561 37.532139, 126.995591 37.532166, 126.99559 37.532169, 126.995552 37.532226, 126.995528 37.532267, 126.99551 37.532309, 126.995506 37.532322, 126.995465 37.532375, 126.995464 37.532377, 126.995413 37.532444, 126.995357 37.532517, 126.995314 37.532555))"
학교,폴리곤50m,"POLYGON ((126.987161 37.536112, 126.987192 37.53615, 126.987229 37.536185, 126.987269 37.536217, 126.987314 37.536246, 126.987362 37.536271, 126.987412 37.536292, 126.987466 37.536309, 126.987521 37.536321, 126.987577 37.536329, 126.987634 37.536332, 126.987691 37.536331, 126.987748 37.536325, 126.987803 37.536315, 126.987857 37.5363, 126.987909 37.536281, 126.987933 37.536271, 126.987979 37.536249, 126.988023 37.536224, 126.988063 37.536196, 126.9881 37.536165, 126.988133 37.536132, 126.988161 37.536095, 126.988186 37.536057, 126.988205 37.536018, 126.98822 37.535977, 126.98823 37.535935, 126.988235 37.535892, 126.988235 37.53585, 126.988229 37.535751, 126.988224 37.535709, 126.988214 37.535668, 126.988199 37.535628, 126.98818 37.535589, 126.988156 37.535551, 126.988127 37.535515, 126.988095 37.535482, 126.988059 37.535451, 126.98802 37.535423, 126.987977 37.535399, 126.987946 37.535382, 126.987897 37.535359, 126.987846 37.53534, 126.987793 37.535325, 126.987738 37.535315, 126.987682 37.535308, 126.987625 37.535307, 126.987569 37.53531, 126.987513 37.535317, 126.987458 37.535329, 126.987406 37.535345, 126.987355 37.535365, 126.987307 37.535389, 126.987263 37.535416, 126.987222 37.535447, 126.987185 37.535482, 126.987153 37.535519, 126.987125 37.535558, 126.987103 37.535599, 126.987086 37.535642, 126.987073 37.53568, 126.987062 37.535722, 126.987056 37.535764, 126.987055 37.535807, 126.987056 37.535861, 126.987061 37.535907, 126.987071 37.535952, 126.987087 37.535996, 126.987109 37.536039, 126.987136 37.536079, 126.987161 37.536112))"
학교,폴리곤50m,"POLYGON ((126.987056 37.53617, 126.98703 37.536201, 126.987004 37.536241, 126.986982 37.536283, 126.986966 37.536326, 126.986956 37.53637, 126.986951 37.536415, 126.986952 37.53646, 126.986958 37.536505, 126.98697 37.536549, 126.986987 37.536591, 126.98701 37.536633, 126.987038 37.536672, 126.987071 37.536709, 126.987108 37.536743, 126.987149 37.536774, 126.987193 37.536801, 126.987241 37.536825, 126.987273 37.536839, 126.987324 37.536859, 126.987377 37.536875, 126.987432 37.536886, 126.987488 37.536893, 126.987545 37.536896, 126.987602 37.536894, 126.987658 37.536887, 126.987713 37.536876, 126.987766 37.536861, 126.987818 37.536841, 126.987866 37.536818, 126.987911 37.536791, 126.987953 37.53676, 126.987991 37.536726, 126.988024 37.536689, 126.988062 37.536642, 126.98809 37.536602, 126.988114 37.536561, 126.988132 37.536517, 126.988183 37.536366, 126.988192 37.536339, 126.988238 37.536164, 126.988247 37.536116, 126.98825 37.536069, 126.988246 37.536021, 126.98824 37.535993, 126.988241 37.535953, 126.988235 37.535852, 126.98823 37.535807, 126.988219 37.535763, 126.988202 37.53572, 126.988181 37.535678, 126.988153 37.535638, 126.988122 37.535601, 126.988085 37.535566, 126.988044 37.535534, 126.988 37.535506, 126.987952 37.535482, 126.987902 37.535461, 126.987849 37.535445, 126.987794 37.535432, 126.987738 37.535425, 126.987681 37.535422, 126.987624 37.535423, 126.987568 37.535429, 126.987513 37.535439, 126.987459 37.535454, 126.987407 37.535473, 126.987384 37.535483, 126.987336 37.535505, 126.987292 37.535531, 126.987251 37.53556, 126.987214 37.535592, 126.98718 37.535627, 126.987151 37.535664, 126.987127 37.535703, 126.987108 37.535744, 126.987094 37.535787, 126.987085 37.53583, 126.987081 37.535873, 126.987083 37.535917, 126.987088 37.535972, 126.987089 37.535977, 126.987086 37.535995, 126.987081 37.536036, 126.987082 37.536077, 126.987083 37.536093, 126.98708 37.536099, 126.987062 37.536149, 126.987056 37.53617))"
학교,폴리곤50m,"POLYGON ((127.00925 37.535146, 127.009234 37.535122, 127.009203 37.535086, 127.009167 37.535053, 127.009128 37.535022, 127.009085 37.534994, 127.009039 37.53497, 127.008991 37.53495, 127.00894 37.534933, 127.008914 37.534926, 127.008861 37.534914, 127.008807 37.534905, 127.008751 37.534901, 127.008696 37.534901, 127.008641 37.534906, 127.008586 37.534915, 127.008533 37.534928, 127.008482 37.534945, 127.008433 37.534966, 127.008387 37.534991, 127.008344 37.535019, 127.008305 37.535051, 127.00827 37.535085, 127.00824 37.535122, 127.008214 37.535161, 127.008193 37.535202, 127.00819 37.535208, 127.008185 37.53522, 127.008169 37.535263, 127.008158 37.535307, 127.008153 37.535352, 127.008154 37.535397, 127.00816 37.535441, 127.008171 37.535485, 127.008193 37.535549, 127.008211 37.535593, 127.008234 37.535636, 127.008264 37.535677, 127.008298 37.535715, 127.008337 37.53575, 127.008381 37.535782, 127.008428 37.53581, 127.008541 37.535869, 127.008589 37.535892, 127.00864 37.53591, 127.008692 37.535925, 127.008746 37.535935, 127.008801 37.535941, 127.008857 37.535943, 127.008912 37.535941, 127.008967 37.535934, 127.009021 37.535923, 127.009073 37.535907, 127.009123 37.535888, 127.009171 37.535865, 127.009215 37.535838, 127.009256 37.535808, 127.009293 37.535775, 127.009326 37.535739, 127.009339 37.535723, 127.009367 37.535685, 127.009391 37.535644, 127.009409 37.535603, 127.009422 37.53556, 127.009429 37.535516, 127.009432 37.535472, 127.009428 37.535427, 127.009419 37.535384, 127.009405 37.535341, 127.009386 37.535299, 127.009362 37.53526, 127.009333 37.535222, 127.009299 37.535187, 127.009261 37.535154, 127.00925 37.535146))"
학교,폴리곤50m,"POLYGON ((127.01041 37.538621, 127.010411 37.538624, 127.010436 37.538663, 127.010465 37.538699, 127.010499 37.538734, 127.010537 37.538765, 127.010578 37.538794, 127.010623 37.538819, 127.01067 37.53884, 127.01072 37.538858, 127.010772 37.538872, 127.010825 37.538882, 127.010879 37.538888, 127.010896 37.538889, 127.010971 37.538894, 127.011026 37.538896, 127.011081 37.538893, 127.011136 37.538886, 127.011189 37.538875, 127.011241 37.53886, 127.01129 37.53884, 127.011337 37.538817, 127.011381 37.538791, 127.011422 37.538761, 127.011459 37.538728, 127.011491 37.538693, 127.011519 37.538655, 127.011543 37.538615, 127.011561 37.538574, 127.011574 37.538531, 127.011582 37.538488, 127.011585 37.538444, 127.011582 37.5384, 127.011576 37.538351, 127.011575 37.538349, 127.011566 37.538278, 127.011558 37.538235, 127.011544 37.538192, 127.011525 37.538151, 127.011501 37.538112, 127.011473 37.538074, 127.01144 37.538039, 127.011403 37.538007, 127.011363 37.537977, 127.011318 37.537951, 127.011271 37.537929, 127.011222 37.53791, 127.01117 37.537895, 127.011117 37.537884, 127.011075 37.537877, 127.011017 37.53787, 127.010958 37.537868, 127.010899 37.537871, 127.010834 37.537877, 127.010778 37.537884, 127.010724 37.537895, 127.010671 37.537911, 127.010621 37.537931, 127.010573 37.537955, 127.010529 37.537982, 127.010488 37.538013, 127.010451 37.538047, 127.010419 37.538083, 127.010391 37.538122, 127.010369 37.538163, 127.010348 37.538206, 127.01033 37.538249, 127.010318 37.538294, 127.010312 37.538339, 127.010311 37.538385, 127.010316 37.53843, 127.010327 37.538475, 127.010344 37.538519, 127.010366 37.538561, 127.010393 37.538601, 127.01041 37.538621))"
학교,폴리곤50m,"POLYGON ((127.0104 37.538369, 127.010409 37.538412, 127.010423 37.538454, 127.010441 37.538495, 127.010465 37.538534, 127.010494 37.538571, 127.010527 37.538606, 127.010563 37.538638, 127.010604 37.538667, 127.010648 37.538693, 127.010695 37.538716, 127.010744 37.538734, 127.010796 37.538749, 127.010849 37.53876, 127.01089 37.538767, 127.010946 37.538774, 127.011003 37.538776, 127.01106 37.538774, 127.011116 37.538767, 127.011171 37.538756, 127.011225 37.53874, 127.011276 37.53872, 127.011324 37.538696, 127.011369 37.538669, 127.011411 37.538638, 127.011448 37.538604, 127.011481 37.538567, 127.011509 37.538527, 127.011532 37.538486, 127.011549 37.538443, 127.011562 37.538399, 127.011568 37.538354, 127.011568 37.538336, 127.011576 37.538328, 127.011605 37.53829, 127.01163 37.53825, 127.011649 37.538208, 127.011663 37.538165, 127.011672 37.538121, 127.011675 37.538076, 127.011672 37.538032, 127.011664 37.537988, 127.011651 37.537944, 127.011632 37.537902, 127.011609 37.537862, 127.01158 37.537824, 127.011547 37.537788, 127.011509 37.537755, 127.011468 37.537725, 127.011423 37.537698, 127.011375 37.537676, 127.011324 37.537657, 127.01123 37.537626, 127.011179 37.537611, 127.011126 37.537601, 127.011072 37.537594, 127.011018 37.537592, 127.010963 37.537594, 127.010909 37.5376, 127.010856 37.53761, 127.010805 37.537624, 127.010755 37.537642, 127.010708 37.537664, 127.010664 37.537689, 127.01058 37.537742, 127.010537 37.537772, 127.010498 37.537806, 127.010463 37.537842, 127.010433 37.537881, 127.010408 37.537922, 127.010389 37.537965, 127.010375 37.53801, 127.010367 37.538055, 127.010365 37.5381, 127.010368 37.538146, 127.0104 37.538369))"
학교,폴리곤50m,"POLYGON ((127.003791 37.539404, 127.003784 37.539448, 127.003783 37.539492, 127.003787 37.539536, 127.003796 37.539579, 127.003811 37.539622, 127.00383 37.539663, 127.003855 37.539702, 127.003884 37.539739, 127.003918 37.539774, 127.003956 37.539806, 127.003998 37.539835, 127.004043 37.539861, 127.004091 37.539883, 127.004141 37.539901, 127.004193 37.539915, 127.004247 37.539925, 127.004418 37.53995, 127.004989 37.540033, 127.004991 37.540034, 127.005285 37.540076, 127.005806 37.540153, 127.005861 37.540159, 127.005916 37.540161, 127.005971 37.540158, 127.006026 37.540151, 127.00608 37.54014, 127.006132 37.540124, 127.006182 37.540105, 127.006229 37.540082, 127.006273 37.540055, 127.006314 37.540025, 127.006351 37.539992, 127.006383 37.539956, 127.006411 37.539918, 127.006435 37.539878, 127.006453 37.539836, 127.006466 37.539793, 127.006472 37.539765, 127.006474 37.539754, 127.006504 37.539609, 127.006555 37.539365, 127.006556 37.539363, 127.006606 37.539118, 127.006606 37.539117, 127.006618 37.539058, 127.006657 37.538867, 127.006704 37.538629, 127.00671 37.538586, 127.006711 37.538543, 127.006707 37.5385, 127.006697 37.538457, 127.006682 37.538415, 127.006663 37.538375, 127.006638 37.538336, 127.006609 37.538299, 127.006576 37.538265, 127.006538 37.538233, 127.006497 37.538205, 127.006453 37.53818, 127.006406 37.538158, 127.006356 37.53814, 127.006305 37.538126, 127.006252 37.538115, 127.006035 37.538083, 127.005838 37.538052, 127.005782 37.538046, 127.005725 37.538044, 127.005668 37.538047, 127.005612 37.538054, 127.005595 37.538058, 127.005566 37.538058, 127.005487 37.538053, 127.005063 37.537938, 127.004992 37.537923, 127.004764 37.537887, 127.004711 37.537881, 127.004657 37.537878, 127.004603 37.53788, 127.00455 37.537886, 127.004497 37.537896, 127.004446 37.53791, 127.004397 37.537927, 127.004351 37.537948, 127.004307 37.537973, 127.004266 37.538001, 127.004228 37.538032, 127.004195 37.538065, 127.004165 37.538101, 127.00414 37.538139, 127.00412 37.538179, 127.004104 37.53822, 127.004041 37.538423, 127.00404 37.538424, 127.004011 37.53852, 127.003942 37.538739, 127.003931 37.538774, 127.003922 37.538808, 127.003896 37.538926, 127.003872 37.539035, 127.003872 37.539036, 127.003816 37.539289, 127.003791 37.539404))"
학교,폴리곤50m,"POLYGON ((127.003719 37.539451, 127.003719 37.539496, 127.003725 37.539541, 127.003737 37.539586, 127.003754 37.539629, 127.003777 37.53967, 127.003804 37.53971, 127.003837 37.539747, 127.003874 37.539782, 127.003915 37.539813, 127.00396 37.539841, 127.004009 37.539865, 127.00406 37.539885, 127.004113 37.5399, 127.004168 37.539912, 127.004232 37.539923, 127.004288 37.53993, 127.004345 37.539932, 127.004402 37.53993, 127.004458 37.539924, 127.004513 37.539913, 127.004566 37.539898, 127.004617 37.539878, 127.004666 37.539855, 127.004711 37.539828, 127.004753 37.539797, 127.00479 37.539763, 127.004823 37.539726, 127.004852 37.539687, 127.004875 37.539646, 127.004893 37.539603, 127.004906 37.539559, 127.004931 37.539444, 127.004986 37.539191, 127.00501 37.539081, 127.005011 37.539081, 127.005033 37.53898, 127.005039 37.538961, 127.00504 37.538958, 127.005109 37.538737, 127.005139 37.538641, 127.005202 37.538438, 127.005213 37.538395, 127.005218 37.53835, 127.005218 37.538306, 127.005213 37.538262, 127.005202 37.538218, 127.005185 37.538176, 127.005164 37.538135, 127.005137 37.538096, 127.005106 37.538059, 127.005071 37.538025, 127.005031 37.537994, 127.004988 37.537966, 127.004941 37.537941, 127.004892 37.53792, 127.00484 37.537904, 127.004787 37.537891, 127.004732 37.537883, 127.004723 37.537882, 127.004666 37.537878, 127.004609 37.537878, 127.004552 37.537884, 127.004496 37.537893, 127.004442 37.537907, 127.00439 37.537926, 127.00434 37.537948, 127.004293 37.537975, 127.00425 37.538005, 127.004211 37.538038, 127.004177 37.538075, 127.004147 37.538114, 127.004122 37.538155, 127.004097 37.538204, 127.004083 37.538234, 127.004055 37.5383, 127.004055 37.538301, 127.004038 37.538341, 127.004031 37.538358, 127.004009 37.53842, 127.004005 37.538431, 127.003983 37.538499, 127.003902 37.538731, 127.003898 37.538742, 127.003881 37.538796, 127.00388 37.538798, 127.003789 37.539094, 127.003785 37.539105, 127.003765 37.539178, 127.00376 37.539199, 127.00373 37.53934, 127.003722 37.539396, 127.003719 37.539451))"
학교,폴리곤50m,"POLYGON ((126.992506 37.525225, 126.992531 37.525184, 126.992551 37.525143, 126.992566 37.525099, 126.992576 37.525055, 126.99258 37.52501, 126.992578 37.524965, 126.992571 37.524921, 126.992558 37.524877, 126.992539 37.524835, 126.992516 37.524794, 126.992487 37.524755, 126.992454 37.524719, 126.992417 37.524685, 126.992375 37.524655, 126.99233 37.524628, 126.992282 37.524605, 126.992231 37.524586, 126.992178 37.52457, 126.992123 37.52456, 126.992067 37.524553, 126.992011 37.524551, 126.991954 37.524554, 126.991899 37.524561, 126.991844 37.524572, 126.991791 37.524588, 126.991741 37.524607, 126.991693 37.524631, 126.991648 37.524658, 126.991485 37.524768, 126.991448 37.524796, 126.991415 37.524825, 126.991384 37.524857, 126.991358 37.524892, 126.991335 37.524927, 126.991313 37.524968, 126.991292 37.525009, 126.991277 37.525051, 126.991268 37.525095, 126.991263 37.525139, 126.991265 37.525183, 126.991271 37.525227, 126.991283 37.52527, 126.9913 37.525312, 126.991323 37.525353, 126.99135 37.525391, 126.991382 37.525428, 126.991418 37.525461, 126.991458 37.525492, 126.991501 37.525519, 126.991548 37.525543, 126.991598 37.525563, 126.991649 37.525579, 126.991703 37.525591, 126.991757 37.525599, 126.991813 37.525602, 126.991868 37.525601, 126.991923 37.525596, 126.99201 37.525584, 126.992064 37.525575, 126.992117 37.525561, 126.992168 37.525543, 126.992216 37.525522, 126.992262 37.525496, 126.992304 37.525467, 126.992342 37.525435, 126.992377 37.525401, 126.992407 37.525363, 126.992506 37.525225))"
학교,폴리곤50m,"POLYGON ((126.991236 37.522104, 126.9913 37.522106, 126.991314 37.522145, 126.991334 37.522184, 126.991358 37.522222, 126.991386 37.522257, 126.991419 37.52229, 126.991482 37.522349, 126.991519 37.522381, 126.99156 37.522409, 126.991605 37.522435, 126.991652 37.522457, 126.991702 37.522475, 126.991754 37.522489, 126.991807 37.522499, 126.991861 37.522505, 126.991916 37.522507, 126.99197 37.522504, 126.992025 37.522498, 126.992078 37.522487, 126.992129 37.522472, 126.992179 37.522453, 126.992225 37.522431, 126.992336 37.522372, 126.992379 37.522347, 126.992418 37.522319, 126.992454 37.522288, 126.992465 37.522278, 126.992498 37.522255, 126.992499 37.522254, 126.992527 37.522258, 126.992581 37.522262, 126.992656 37.522264, 126.992725 37.522263, 126.992794 37.522256, 126.992844 37.522248, 126.992933 37.522245, 126.992987 37.522241, 126.99304 37.522233, 126.993092 37.522221, 126.993143 37.522205, 126.993191 37.522186, 126.993236 37.522163, 126.993279 37.522136, 126.993318 37.522107, 126.993354 37.522074, 126.993385 37.522039, 126.993412 37.522002, 126.993435 37.521963, 126.993452 37.521922, 126.993465 37.52188, 126.993473 37.521838, 126.993475 37.521795, 126.993473 37.521752, 126.99347 37.521732, 126.993465 37.521669, 126.993459 37.521625, 126.993438 37.521523, 126.993434 37.521509, 126.993434 37.521474, 126.993429 37.521431, 126.993423 37.5214, 126.993426 37.521373, 126.993424 37.521333, 126.993419 37.521294, 126.993408 37.521254, 126.993366 37.521122, 126.993367 37.520997, 126.993367 37.520882, 126.993365 37.520839, 126.993358 37.520796, 126.993345 37.520755, 126.993327 37.520714, 126.993305 37.520675, 126.993278 37.520637, 126.993247 37.520602, 126.993212 37.52057, 126.993173 37.52054, 126.99313 37.520513, 126.993085 37.52049, 126.993037 37.52047, 126.992987 37.520454, 126.992935 37.520442, 126.992882 37.520434, 126.992828 37.52043, 126.992774 37.52043, 126.991701 37.520472, 126.991692 37.520473, 126.990828 37.520517, 126.990774 37.520522, 126.990721 37.520531, 126.99067 37.520544, 126.99062 37.520561, 126.990572 37.520581, 126.990527 37.520605, 126.990486 37.520632, 126.990447 37.520663, 126.990413 37.520696, 126.990382 37.520731, 126.990356 37.520769, 126.990335 37.520809, 126.990318 37.52085, 126.990307 37.520892, 126.9903 37.520935, 126.990299 37.520978, 126.990306 37.521214, 126.990308 37.521237, 126.990354 37.521735, 126.990361 37.521778, 126.990373 37.521821, 126.99039 37.521863, 126.990412 37.521903, 126.99044 37.521942, 126.990471 37.521978, 126.990507 37.522011, 126.990547 37.522042, 126.990591 37.522069, 126.990638 37.522093, 126.990687 37.522112, 126.990738 37.522128, 126.990792 37.52214, 126.990846 37.522148, 126.990901 37.522152, 126.990963 37.522153, 126.991017 37.522152, 126.991071 37.522147, 126.991124 37.522138, 126.991175 37.522126, 126.991225 37.522109, 126.991236 37.522104))"
학교,폴리곤50m,"POLYGON ((126.991576 37.522436, 126.991637 37.522521, 126.991655 37.522546, 126.991682 37.52258, 126.991714 37.522613, 126.991749 37.522643, 126.991787 37.52267, 126.991828 37.522694, 126.991871 37.522716, 126.991922 37.522738, 126.991966 37.522756, 126.992012 37.52277, 126.992059 37.522781, 126.992166 37.522803, 126.992167 37.522803, 126.992362 37.522842, 126.992363 37.522842, 126.992461 37.522861, 126.992524 37.52287, 126.992566 37.522887, 126.992618 37.522905, 126.992672 37.52292, 126.992727 37.522929, 126.992783 37.522935, 126.99284 37.522936, 126.992897 37.522932, 126.992952 37.522924, 126.993007 37.522911, 126.993059 37.522895, 126.99311 37.522874, 126.993157 37.522849, 126.993201 37.52282, 126.993241 37.522789, 126.993277 37.522754, 126.993309 37.522716, 126.993335 37.522676, 126.993357 37.522634, 126.993373 37.522591, 126.993383 37.522547, 126.993388 37.522502, 126.993391 37.522434, 126.99339 37.522388, 126.993384 37.522343, 126.993343 37.522148, 126.993343 37.522147, 126.993348 37.522141, 126.993374 37.522104, 126.993396 37.522065, 126.993414 37.522024, 126.993426 37.521983, 126.993427 37.521978, 126.993438 37.521959, 126.993456 37.521917, 126.993468 37.521873, 126.993475 37.521829, 126.993477 37.521784, 126.993472 37.52174, 126.993463 37.521696, 126.993448 37.521653, 126.993427 37.521611, 126.993402 37.521571, 126.993372 37.521533, 126.993337 37.521498, 126.993298 37.521466, 126.993255 37.521437, 126.993209 37.521412, 126.99316 37.52139, 126.993108 37.521373, 126.993055 37.521359, 126.993 37.52135, 126.992944 37.521345, 126.992888 37.521345, 126.992753 37.521349, 126.99271 37.521352, 126.992667 37.521357, 126.992645 37.521361, 126.992534 37.521348, 126.992481 37.521344, 126.992429 37.521344, 126.992376 37.521347, 126.992325 37.521355, 126.992311 37.521358, 126.992295 37.521361, 126.992133 37.521395, 126.992068 37.521412, 126.992006 37.521435, 126.991967 37.521452, 126.991903 37.521484, 126.991865 37.521507, 126.991851 37.521515, 126.991785 37.521557, 126.991763 37.521571, 126.991688 37.521623, 126.991652 37.52165, 126.991643 37.521658, 126.991582 37.52169, 126.991538 37.521716, 126.991497 37.521746, 126.99146 37.521778, 126.991427 37.521813, 126.991399 37.52185, 126.991375 37.52189, 126.991356 37.521931, 126.991342 37.521973, 126.991334 37.522017, 126.99133 37.52206, 126.991333 37.522104, 126.99134 37.522147, 126.991353 37.52219, 126.99137 37.522232, 126.991393 37.522271, 126.991421 37.522309, 126.991453 37.522345, 126.991489 37.522378, 126.991529 37.522408, 126.991572 37.522435, 126.991576 37.522436))"
학교,폴리곤50m,"POLYGON ((126.991406 37.523086, 126.990946 37.523122, 126.990892 37.523128, 126.990839 37.523139, 126.990788 37.523153, 126.990738 37.523171, 126.990691 37.523193, 126.990647 37.523219, 126.990607 37.523247, 126.990569 37.523279, 126.990536 37.523313, 126.990507 37.52335, 126.990483 37.523389, 126.990464 37.523429, 126.990449 37.523471, 126.99044 37.523514, 126.990435 37.523557, 126.990436 37.5236, 126.990443 37.523643, 126.990454 37.523686, 126.990471 37.523727, 126.990571 37.523943, 126.990595 37.524005, 126.990598 37.524012, 126.990665 37.524175, 126.990668 37.524183, 126.990892 37.524695, 126.990892 37.524696, 126.991139 37.525259, 126.991147 37.525281, 126.991166 37.52532, 126.991189 37.525359, 126.991216 37.525395, 126.991248 37.525429, 126.991283 37.525461, 126.991322 37.52549, 126.991364 37.525515, 126.991409 37.525538, 126.991457 37.525557, 126.991507 37.525572, 126.991558 37.525584, 126.99161 37.525592, 126.991648 37.525596, 126.991708 37.5256, 126.991759 37.525599, 126.991762 37.525599, 126.991817 37.525602, 126.991872 37.525601, 126.991927 37.525596, 126.99198 37.525586, 126.992033 37.525572, 126.992083 37.525554, 126.992131 37.525533, 126.992176 37.525507, 126.992218 37.525479, 126.992256 37.525447, 126.99229 37.525412, 126.992302 37.525398, 126.99238 37.525345, 126.992421 37.525315, 126.992458 37.525281, 126.99249 37.525245, 126.992518 37.525207, 126.992553 37.525151, 126.992621 37.525059, 126.992623 37.525057, 126.992647 37.525023, 126.992771 37.524869, 126.992844 37.524779, 126.992845 37.524778, 126.992956 37.52464, 126.992958 37.524638, 126.99316 37.524385, 126.993313 37.524202, 126.99334 37.524167, 126.993362 37.52413, 126.993472 37.523927, 126.99348 37.523912, 126.993569 37.523728, 126.993587 37.523686, 126.993599 37.523643, 126.993606 37.523599, 126.993608 37.523555, 126.993604 37.523511, 126.993603 37.523506, 126.993603 37.523496, 126.993601 37.523425, 126.993601 37.523425, 126.993601 37.52341, 126.993595 37.523365, 126.993584 37.52332, 126.993568 37.523277, 126.993546 37.523236, 126.993519 37.523196, 126.993488 37.523159, 126.993451 37.523124, 126.993411 37.523092, 126.993367 37.523064, 126.993319 37.52304, 126.993269 37.523019, 126.993216 37.523003, 126.993162 37.52299, 126.992975 37.522957, 126.992831 37.522897, 126.992784 37.52288, 126.992734 37.522866, 126.992683 37.522856, 126.992631 37.52285, 126.992578 37.522847, 126.992526 37.522849, 126.992474 37.522854, 126.99236 37.52287, 126.99231 37.522879, 126.992261 37.522892, 126.992214 37.522908, 126.992168 37.522927, 126.992125 37.52295, 126.992112 37.522958, 126.992071 37.522984, 126.991559 37.523048, 126.991508 37.523057, 126.991457 37.523069, 126.991408 37.523085, 126.991406 37.523086))"
학교,폴리곤50m,"POLYGON ((127.001198 37.523482, 127.001238 37.523451, 127.001273 37.523417, 127.001304 37.523381, 127.001331 37.523342, 127.001353 37.523301, 127.001369 37.523259, 127.00138 37.523216, 127.001386 37.523172, 127.001387 37.523128, 127.001382 37.523084, 127.001371 37.52304, 127.001355 37.522998, 127.001335 37.522957, 127.001309 37.522918, 127.001278 37.522881, 127.001245 37.522845, 127.001243 37.522842, 127.001195 37.52279, 127.001161 37.522758, 127.001124 37.522727, 127.001083 37.5227, 127.00104 37.522676, 127.000994 37.522656, 127.000945 37.522639, 127.000895 37.522625, 127.000794 37.522602, 127.00074 37.522592, 127.000685 37.522587, 127.00063 37.522585, 127.000575 37.522588, 127.000521 37.522595, 127.000468 37.522606, 127.000416 37.522622, 127.000366 37.522641, 127.000319 37.522664, 127.000275 37.52269, 127.000235 37.52272, 127.000198 37.522753, 127.000166 37.522789, 127.000138 37.522827, 127.000115 37.522866, 127.000097 37.522908, 127.000084 37.52295, 127.000076 37.522994, 127.000073 37.523038, 127.000076 37.523082, 127.000085 37.523125, 127.000098 37.523168, 127.000117 37.523209, 127.000141 37.523249, 127.000169 37.523286, 127.000202 37.523322, 127.000239 37.523354, 127.000255 37.523367, 127.000273 37.523383, 127.000358 37.523462, 127.000396 37.523495, 127.000439 37.523524, 127.000485 37.52355, 127.000534 37.523572, 127.000585 37.52359, 127.000639 37.523604, 127.000694 37.523614, 127.00075 37.523619, 127.000806 37.52362, 127.000862 37.523617, 127.000918 37.523608, 127.000972 37.523596, 127.001024 37.523579, 127.001074 37.523559, 127.001121 37.523534, 127.001165 37.523506, 127.001198 37.523482))"
학교,폴리곤50m,"POLYGON ((126.999659 37.522314, 126.999618 37.522345, 126.999582 37.522379, 126.999549 37.522416, 126.999522 37.522456, 126.9995 37.522497, 126.999483 37.52254, 126.999471 37.522584, 126.999465 37.522629, 126.999465 37.522674, 126.99947 37.522718, 126.999481 37.522763, 126.999497 37.522806, 126.999519 37.522847, 126.999546 37.522887, 126.999577 37.522924, 126.999613 37.522959, 126.999654 37.52299, 126.999698 37.523019, 126.999882 37.523125, 127.000053 37.523234, 127.000118 37.523278, 127.000164 37.523311, 127.000208 37.523339, 127.000254 37.523363, 127.000304 37.523383, 127.000355 37.5234, 127.000409 37.523412, 127.000463 37.52342, 127.000519 37.523424, 127.000574 37.523424, 127.00063 37.523419, 127.000684 37.52341, 127.000737 37.523396, 127.000788 37.523379, 127.000837 37.523357, 127.000883 37.523332, 127.000925 37.523304, 127.000964 37.523272, 127.000999 37.523237, 127.001029 37.5232, 127.001054 37.523161, 127.001075 37.523119, 127.00109 37.523077, 127.0011 37.523033, 127.001105 37.522989, 127.001104 37.522945, 127.001098 37.522901, 127.001086 37.522857, 127.001069 37.522815, 127.001047 37.522775, 127.00102 37.522732, 127.000994 37.522694, 127.000963 37.522658, 127.000928 37.522625, 127.000889 37.522595, 127.000847 37.522568, 127.000841 37.522565, 127.000782 37.522526, 127.00073 37.522492, 127.000702 37.522465, 127.000622 37.522388, 127.000579 37.522351, 127.000506 37.522295, 127.000466 37.522266, 127.000422 37.522241, 127.000375 37.522219, 127.000325 37.522201, 127.000274 37.522187, 127.000221 37.522177, 127.000168 37.52217, 127.000113 37.522168, 127.000059 37.52217, 127.000005 37.522177, 126.999953 37.522187, 126.999901 37.522201, 126.999841 37.522221, 126.999784 37.522242, 126.999731 37.522268, 126.999682 37.522298, 126.999659 37.522314))"
학교,폴리곤50m,"POLYGON ((126.976764 37.521189, 126.976785 37.521229, 126.97681 37.521268, 126.976839 37.521304, 126.976873 37.521338, 126.97691 37.521369, 126.976952 37.521397, 126.976996 37.521422, 126.977043 37.521443, 126.977093 37.521461, 126.977144 37.521475, 126.977197 37.521485, 126.977251 37.52149, 126.977305 37.521492, 126.977359 37.521489, 126.977413 37.521483, 126.977465 37.521472, 126.977517 37.521457, 126.977548 37.521447, 126.9776 37.521427, 126.977649 37.521403, 126.977694 37.521376, 126.977736 37.521345, 126.977774 37.521311, 126.977807 37.521274, 126.977835 37.521235, 126.977858 37.521193, 126.977876 37.52115, 126.977888 37.521106, 126.977895 37.52106, 126.977896 37.521015, 126.977891 37.52097, 126.97788 37.520925, 126.977864 37.520881, 126.977829 37.520802, 126.977808 37.52076, 126.977781 37.52072, 126.977749 37.520683, 126.977713 37.520648, 126.977673 37.520616, 126.977629 37.520587, 126.977581 37.520563, 126.977531 37.520542, 126.977478 37.520525, 126.977423 37.520513, 126.977368 37.520505, 126.977311 37.520501, 126.977254 37.520502, 126.977198 37.520508, 126.977142 37.520518, 126.977089 37.520532, 126.977078 37.520536, 126.977071 37.520537, 126.977021 37.520554, 126.976972 37.520575, 126.976926 37.520599, 126.976884 37.520627, 126.976845 37.520658, 126.97681 37.520692, 126.976779 37.520728, 126.976753 37.520767, 126.976732 37.520807, 126.976716 37.520849, 126.976705 37.520892, 126.976699 37.520936, 126.976698 37.52098, 126.976703 37.521024, 126.976714 37.521067, 126.976729 37.521109, 126.976764 37.521189))"
학교,폴리곤50m,"POLYGON ((126.977511 37.521459, 126.977563 37.52144, 126.977612 37.521416, 126.977658 37.521389, 126.977701 37.521359, 126.977739 37.521325, 126.977772 37.521288, 126.977801 37.521248, 126.977825 37.521207, 126.977843 37.521163, 126.977856 37.521119, 126.977863 37.521074, 126.977864 37.521028, 126.977859 37.520983, 126.977849 37.520938, 126.977833 37.520894, 126.977798 37.520813, 126.977777 37.520771, 126.97775 37.520732, 126.977719 37.520694, 126.977683 37.520659, 126.977643 37.520627, 126.9776 37.520599, 126.977553 37.520574, 126.977503 37.520553, 126.97745 37.520536, 126.977396 37.520523, 126.97734 37.520515, 126.977284 37.520511, 126.977228 37.520511, 126.977171 37.520516, 126.977116 37.520526, 126.977062 37.52054, 126.976995 37.52056, 126.976965 37.52057, 126.976946 37.520577, 126.976749 37.520646, 126.976718 37.520657, 126.976584 37.520703, 126.976582 37.520704, 126.976575 37.520706, 126.976527 37.520725, 126.976481 37.520748, 126.976438 37.520774, 126.976398 37.520803, 126.976362 37.520835, 126.97633 37.520869, 126.976302 37.520906, 126.976279 37.520945, 126.97626 37.520986, 126.976247 37.521027, 126.976238 37.52107, 126.976235 37.521113, 126.976237 37.521156, 126.976244 37.521199, 126.976256 37.52124, 126.976273 37.521281, 126.976307 37.521351, 126.976329 37.521392, 126.976357 37.52143, 126.976389 37.521467, 126.976425 37.5215, 126.976466 37.521531, 126.97651 37.521558, 126.976557 37.521582, 126.976607 37.521601, 126.976659 37.521617, 126.976712 37.521629, 126.976767 37.521636, 126.976823 37.521639, 126.976879 37.521638, 126.976934 37.521633, 126.976988 37.521623, 126.977041 37.521608, 126.977264 37.521539, 126.97727 37.521537, 126.977511 37.521459))"
학교,폴리곤50m,"POLYGON ((126.991681 37.524696, 126.991655 37.524696, 126.991601 37.5247, 126.991548 37.524709, 126.991496 37.524722, 126.991446 37.524738, 126.991397 37.524759, 126.991352 37.524783, 126.99131 37.52481, 126.991271 37.52484, 126.991236 37.524874, 126.991205 37.524909, 126.991179 37.524947, 126.991158 37.524987, 126.991141 37.525029, 126.991129 37.525071, 126.991123 37.525114, 126.991122 37.525157, 126.991126 37.525201, 126.991135 37.525243, 126.991149 37.525285, 126.991214 37.525443, 126.991233 37.525484, 126.991258 37.525523, 126.991287 37.52556, 126.99132 37.525595, 126.991358 37.525627, 126.991399 37.525656, 126.991444 37.525681, 126.991492 37.525703, 126.991542 37.525721, 126.991594 37.525736, 126.991647 37.525746, 126.991723 37.525757, 126.991778 37.525763, 126.991834 37.525765, 126.99189 37.525762, 126.991945 37.525755, 126.991998 37.525744, 126.992051 37.525729, 126.992101 37.525709, 126.992148 37.525686, 126.992192 37.525659, 126.992233 37.525629, 126.99227 37.525596, 126.992302 37.52556, 126.99233 37.525521, 126.992353 37.525481, 126.99244 37.525307, 126.992458 37.525266, 126.992471 37.525224, 126.992478 37.525181, 126.992481 37.525138, 126.992478 37.525094, 126.99247 37.525051, 126.992456 37.525009, 126.992438 37.524969, 126.992415 37.524929, 126.992387 37.524892, 126.992355 37.524857, 126.992319 37.524825, 126.992279 37.524795, 126.992235 37.524769, 126.992189 37.524746, 126.99214 37.524727, 126.992089 37.524712, 126.992037 37.5247, 126.991983 37.524693, 126.991929 37.52469, 126.991874 37.524691, 126.99182 37.524696, 126.991815 37.524697, 126.991807 37.524696, 126.991748 37.524693, 126.99169 37.524695, 126.991681 37.524696))"
학교,폴리곤50m,"POLYGON ((126.997984 37.524859, 126.997982 37.524871, 126.99798 37.524914, 126.997983 37.524958, 126.997991 37.525001, 126.998023 37.525122, 126.998029 37.525141, 126.998059 37.525235, 126.998059 37.525237, 126.998082 37.525306, 126.998096 37.52535, 126.998112 37.525393, 126.998134 37.525435, 126.998161 37.525474, 126.998193 37.525511, 126.998226 37.525543, 126.998236 37.52556, 126.998245 37.525576, 126.998289 37.525647, 126.998317 37.525686, 126.99835 37.525724, 126.998387 37.525758, 126.998428 37.52579, 126.998473 37.525817, 126.998522 37.525841, 126.998573 37.525861, 126.998627 37.525877, 126.998682 37.525889, 126.998738 37.525896, 126.998795 37.525898, 126.998852 37.525896, 126.998909 37.525889, 126.998964 37.525878, 126.999018 37.525862, 126.999115 37.525829, 126.999155 37.525814, 126.999171 37.525814, 126.999266 37.525807, 126.999374 37.525804, 126.999426 37.525801, 126.999478 37.525794, 126.999529 37.525783, 126.999556 37.525776, 126.999555 37.525792, 126.999559 37.525835, 126.999567 37.525877, 126.99958 37.525918, 126.999598 37.525959, 126.999621 37.525997, 126.999648 37.526034, 126.999679 37.526068, 126.999715 37.5261, 126.999754 37.52613, 126.999814 37.526171, 126.999861 37.526199, 126.999911 37.526224, 126.999965 37.526244, 127.00002 37.52626, 127.000077 37.526271, 127.000208 37.52629, 127.000264 37.526296, 127.000321 37.526298, 127.000378 37.526295, 127.000434 37.526287, 127.000489 37.526275, 127.000542 37.526259, 127.000593 37.526238, 127.000629 37.52622, 127.000677 37.526219, 127.000733 37.526217, 127.000789 37.52621, 127.000843 37.526198, 127.000895 37.526183, 127.000946 37.526163, 127.000993 37.52614, 127.001038 37.526113, 127.001079 37.526082, 127.001116 37.526048, 127.001148 37.526012, 127.001176 37.525973, 127.001199 37.525933, 127.001217 37.52589, 127.001229 37.525847, 127.001236 37.525803, 127.001238 37.525758, 127.001233 37.525713, 127.001228 37.525681, 127.001223 37.525645, 127.001214 37.525603, 127.0012 37.525562, 127.001181 37.525521, 127.001158 37.525484, 127.001156 37.525471, 127.001146 37.525427, 127.00113 37.525384, 127.001112 37.525348, 127.001113 37.525342, 127.00111 37.525297, 127.001102 37.525253, 127.001095 37.525228, 127.001105 37.525214, 127.001127 37.525175, 127.001145 37.525133, 127.001158 37.52509, 127.001165 37.525047, 127.001167 37.525003, 127.001164 37.524964, 127.001185 37.524931, 127.001205 37.52489, 127.001221 37.524847, 127.001231 37.524803, 127.001235 37.524759, 127.001234 37.524714, 127.001228 37.52467, 127.001215 37.524626, 127.001198 37.524584, 127.001175 37.524543, 127.001148 37.524504, 127.001116 37.524468, 127.001105 37.524458, 127.001122 37.524446, 127.001159 37.524412, 127.001193 37.524376, 127.001216 37.524344, 127.00123 37.524339, 127.00128 37.52432, 127.001328 37.524296, 127.001372 37.524269, 127.001412 37.524238, 127.001449 37.524204, 127.001481 37.524168, 127.001503 37.524136, 127.00152 37.524124, 127.001558 37.524093, 127.001591 37.524058, 127.00162 37.524021, 127.001644 37.523982, 127.001693 37.523894, 127.001713 37.523853, 127.001727 37.523811, 127.001737 37.523768, 127.001741 37.523725, 127.00174 37.523681, 127.001733 37.523638, 127.001722 37.523596, 127.001705 37.523554, 127.001683 37.523514, 127.001657 37.523476, 127.001626 37.52344, 127.001574 37.523386, 127.001553 37.523322, 127.001528 37.523247, 127.001525 37.523237, 127.001512 37.5232, 127.001506 37.523186, 127.001498 37.523165, 127.001476 37.523119, 127.001448 37.523076, 127.001418 37.523036, 127.001389 37.523, 127.001354 37.522966, 127.001316 37.522935, 127.001275 37.522906, 127.00123 37.522882, 127.001183 37.52286, 127.001133 37.522843, 127.001081 37.522829, 127.001028 37.52282, 127.000973 37.522814, 127.000936 37.522813, 127.000926 37.522811, 127.00087 37.522802, 127.000812 37.522797, 127.000754 37.522797, 127.000697 37.522802, 127.00064 37.522812, 127.000586 37.522826, 127.000533 37.522844, 127.000482 37.522867, 127.000435 37.522893, 127.000363 37.522939, 127.000327 37.522964, 127.000186 37.523068, 127.000166 37.523085, 127.000125 37.523096, 127.00007 37.523116, 127.000017 37.523142, 126.999969 37.523171, 126.999796 37.523289, 126.999756 37.523318, 126.999721 37.523351, 126.999689 37.523385, 126.999668 37.523414, 126.999651 37.523418, 126.999595 37.523439, 126.999479 37.523487, 126.999413 37.52352, 126.999367 37.523546, 126.999354 37.523551, 126.999344 37.52355, 126.999287 37.523551, 126.999232 37.523556, 126.999177 37.523566, 126.999138 37.523576, 126.999071 37.52358, 126.999019 37.523585, 126.998968 37.523594, 126.998918 37.523607, 126.99887 37.523623, 126.998823 37.523643, 126.998643 37.523728, 126.998598 37.523752, 126.998556 37.523779, 126.998518 37.523809, 126.998502 37.523824, 126.998492 37.523827, 126.998443 37.523846, 126.998396 37.523868, 126.998353 37.523894, 126.998312 37.523923, 126.998297 37.523935, 126.998283 37.523943, 126.998256 37.523957, 126.998233 37.52397, 126.99823 37.523971, 126.998177 37.523983, 126.998126 37.523999, 126.998077 37.524019, 126.99803 37.524043, 126.997987 37.524071, 126.997947 37.524101, 126.997911 37.524135, 126.99788 37.524171, 126.997853 37.524209, 126.997831 37.52425, 126.997814 37.524292, 126.997802 37.524335, 126.997795 37.524378, 126.997794 37.524422, 126.997797 37.524508, 126.997802 37.524554, 126.997813 37.524599, 126.997829 37.524644, 126.997851 37.524687, 126.997878 37.524728, 126.997924 37.524788, 126.997939 37.524807, 126.997984 37.524859))"
학교,폴리곤50m,"POLYGON ((126.997609 37.523249, 126.997592 37.523291, 126.99758 37.523334, 126.997574 37.523378, 126.997573 37.523422, 126.997577 37.523465, 126.997587 37.523509, 126.997602 37.523551, 126.997622 37.523592, 126.997646 37.523631, 126.997676 37.523668, 126.99771 37.523702, 126.997736 37.523724, 126.997734 37.523752, 126.997736 37.523797, 126.997744 37.523842, 126.997757 37.523887, 126.997776 37.523929, 126.997801 37.523971, 126.99783 37.524009, 126.997839 37.524019, 126.997835 37.524031, 126.997819 37.524088, 126.997808 37.524151, 126.997787 37.524205, 126.997774 37.524245, 126.997766 37.524285, 126.997762 37.524326, 126.997763 37.524367, 126.997769 37.524408, 126.99778 37.524449, 126.997795 37.524488, 126.997827 37.52456, 126.997847 37.524601, 126.997873 37.524639, 126.997904 37.524676, 126.997938 37.52471, 126.997977 37.524741, 126.998019 37.524769, 126.998065 37.524794, 126.998113 37.524815, 126.998163 37.524832, 126.998216 37.524845, 126.99827 37.524854, 126.998324 37.524859, 126.998415 37.524863, 126.998467 37.524864, 126.99852 37.524861, 126.998572 37.524854, 126.998623 37.524843, 126.998672 37.524828, 126.99872 37.52481, 126.998765 37.524788, 126.998863 37.524736, 126.998904 37.524712, 126.998941 37.524685, 126.998971 37.52466, 126.998972 37.52466, 126.999016 37.524634, 126.999057 37.524604, 126.999111 37.524561, 126.999121 37.524553, 126.999142 37.524535, 126.999183 37.524519, 126.999222 37.524502, 126.999259 37.524485, 126.999265 37.524485, 126.999319 37.524486, 126.999372 37.524483, 126.999425 37.524476, 126.999466 37.524467, 126.999467 37.524467, 126.999522 37.524466, 126.999576 37.524461, 126.99963 37.524452, 126.999682 37.524439, 126.999732 37.524422, 126.99978 37.524401, 126.999825 37.524376, 126.999853 37.524359, 126.999908 37.524338, 126.999949 37.52432, 126.999988 37.5243, 127.000039 37.52427, 127.000065 37.52426, 127.000159 37.52424, 127.000212 37.524226, 127.000263 37.524209, 127.000311 37.524187, 127.000357 37.524162, 127.000399 37.524134, 127.000438 37.524102, 127.00047 37.524069, 127.000489 37.524058, 127.000528 37.524028, 127.000563 37.523996, 127.000594 37.523962, 127.000621 37.523925, 127.000644 37.523886, 127.000655 37.523864, 127.0007 37.523844, 127.00075 37.523816, 127.000791 37.52379, 127.000966 37.52368, 127.000998 37.523658, 127.001028 37.523635, 127.001075 37.523595, 127.001095 37.523577, 127.001134 37.523541, 127.001173 37.523504, 127.001188 37.523488, 127.001218 37.523463, 127.001253 37.523427, 127.001283 37.523388, 127.001308 37.523348, 127.001328 37.523305, 127.001342 37.523261, 127.001351 37.523216, 127.001354 37.523171, 127.001351 37.523125, 127.001343 37.52308, 127.001328 37.523036, 127.001309 37.522993, 127.001284 37.522953, 127.001254 37.522914, 127.001219 37.522878, 127.00113 37.522795, 127.001121 37.522787, 127.001088 37.522757, 127.001066 37.522739, 127.001039 37.522717, 127.000996 37.522686, 127.00095 37.522659, 127.000934 37.522651, 127.000915 37.522637, 127.000866 37.522602, 127.00086 37.522598, 127.000783 37.522546, 127.000767 37.522535, 127.000578 37.522415, 127.000557 37.522402, 127.000362 37.522289, 127.000316 37.522266, 127.000268 37.522246, 127.000218 37.522229, 127.000166 37.522217, 127.000113 37.522208, 127.000058 37.522204, 127.000004 37.522204, 126.99995 37.522208, 126.999897 37.522216, 126.999844 37.522228, 126.999794 37.522245, 126.999746 37.522264, 126.9997 37.522288, 126.999657 37.522315, 126.999536 37.522399, 126.999502 37.522425, 126.999422 37.522491, 126.999402 37.522507, 126.99936 37.522544, 126.999351 37.522554, 126.999344 37.522552, 126.99932 37.522546, 126.999307 37.52254, 126.999258 37.522519, 126.999207 37.522501, 126.999153 37.522488, 126.999099 37.52248, 126.998956 37.522462, 126.9989 37.522458, 126.998844 37.522458, 126.998788 37.522462, 126.998733 37.522471, 126.99868 37.522484, 126.998628 37.522501, 126.998578 37.522522, 126.998532 37.522547, 126.998489 37.522576, 126.998449 37.522608, 126.998414 37.522642, 126.998383 37.52268, 126.998367 37.522705, 126.99836 37.52271, 126.998314 37.522705, 126.99826 37.522704, 126.998205 37.522706, 126.998151 37.522713, 126.998098 37.522724, 126.998046 37.522739, 126.997997 37.522758, 126.99795 37.522781, 126.997906 37.522807, 126.997865 37.522837, 126.997829 37.522869, 126.997796 37.522904, 126.997768 37.522942, 126.997744 37.522981, 126.997725 37.523019, 126.997724 37.523021, 126.997649 37.523165, 126.99765 37.523165, 126.997641 37.523181, 126.997609 37.523249))"
어린이집,점50m,"POLYGON ((126.976282 37.546236, 126.976279 37.546192, 126.976271 37.546148, 126.976257 37.546105, 126.976239 37.546064, 126.976215 37.546024, 126.976187 37.545986, 126.976153 37.54595, 126.976116 37.545917, 126.976075 37.545888, 126.97603 37.545861, 126.975983 37.545839, 126.975933 37.54582, 126.97588 37.545805, 126.975827 37.545794, 126.975772 37.545788, 126.975716 37.545785, 126.975661 37.545787, 126.975606 37.545794, 126.975552 37.545805, 126.9755 37.54582, 126.975449 37.545838, 126.975402 37.545861, 126.975357 37.545888, 126.975316 37.545917, 126.975279 37.54595, 126.975246 37.545985, 126.975217 37.546023, 126.975193 37.546063, 126.975175 37.546105, 126.975161 37.546148, 126.975153 37.546192, 126.97515 37.546236, 126.975153 37.54628, 126.975161 37.546324, 126.975175 37.546367, 126.975193 37.546408, 126.975217 37.546448, 126.975245 37.546486, 126.975279 37.546522, 126.975316 37.546554, 126.975357 37.546584, 126.975402 37.54661, 126.975449 37.546633, 126.975499 37.546652, 126.975552 37.546667, 126.975605 37.546678, 126.97566 37.546684, 126.975716 37.546686, 126.975771 37.546684, 126.975826 37.546678, 126.97588 37.546667, 126.975932 37.546652, 126.975983 37.546633, 126.97603 37.54661, 126.976075 37.546584, 126.976116 37.546554, 126.976153 37.546522, 126.976186 37.546486, 126.976215 37.546448, 126.976239 37.546408, 126.976257 37.546367, 126.976271 37.546324, 126.976279 37.54628, 126.976282 37.546236))"
어린이집,점50m,"POLYGON ((126.963472 37.54753, 126.963469 37.547486, 126.963461 37.547442, 126.963447 37.547399, 126.963429 37.547358, 126.963405 37.547318, 126.963376 37.54728, 126.963343 37.547244, 126.963306 37.547212, 126.963265 37.547182, 126.96322 37.547155, 126.963173 37.547133, 126.963122 37.547114, 126.96307 37.547099, 126.963016 37.547088, 126.962961 37.547082, 126.962906 37.547079, 126.96285 37.547082, 126.962796 37.547088, 126.962742 37.547099, 126.962689 37.547114, 126.962639 37.547133, 126.962592 37.547155, 126.962547 37.547182, 126.962506 37.547211, 126.962468 37.547244, 126.962435 37.54728, 126.962407 37.547317, 126.962383 37.547357, 126.962364 37.547399, 126.962351 37.547442, 126.962343 37.547486, 126.96234 37.54753, 126.962343 37.547574, 126.962351 37.547618, 126.962364 37.547661, 126.962383 37.547702, 126.962407 37.547742, 126.962435 37.54778, 126.962468 37.547816, 126.962505 37.547848, 126.962547 37.547878, 126.962591 37.547904, 126.962639 37.547927, 126.962689 37.547946, 126.962741 37.547961, 126.962795 37.547972, 126.96285 37.547978, 126.962905 37.54798, 126.962961 37.547978, 126.963016 37.547972, 126.96307 37.547961, 126.963122 37.547946, 126.963172 37.547927, 126.96322 37.547905, 126.963264 37.547878, 126.963306 37.547849, 126.963343 37.547816, 126.963376 37.54778, 126.963405 37.547742, 126.963428 37.547703, 126.963447 37.547661, 126.963461 37.547618, 126.963469 37.547574, 126.963472 37.54753))"
어린이집,점50m,"POLYGON ((126.969947 37.541459, 126.969944 37.541415, 126.969936 37.541371, 126.969922 37.541328, 126.969904 37.541287, 126.96988 37.541247, 126.969852 37.541209, 126.969818 37.541173, 126.969781 37.541141, 126.96974 37.541111, 126.969695 37.541085, 126.969648 37.541062, 126.969598 37.541043, 126.969545 37.541028, 126.969492 37.541017, 126.969437 37.541011, 126.969381 37.541009, 126.969326 37.541011, 126.969271 37.541017, 126.969217 37.541028, 126.969165 37.541043, 126.969114 37.541062, 126.969067 37.541084, 126.969022 37.541111, 126.968981 37.54114, 126.968944 37.541173, 126.968911 37.541209, 126.968882 37.541247, 126.968858 37.541287, 126.96884 37.541328, 126.968826 37.541371, 126.968818 37.541415, 126.968815 37.541459, 126.968818 37.541503, 126.968826 37.541547, 126.96884 37.54159, 126.968858 37.541631, 126.968882 37.541671, 126.96891 37.541709, 126.968944 37.541745, 126.968981 37.541778, 126.969022 37.541807, 126.969067 37.541834, 126.969114 37.541856, 126.969164 37.541875, 126.969217 37.54189, 126.96927 37.541901, 126.969325 37.541907, 126.969381 37.54191, 126.969436 37.541907, 126.969491 37.541901, 126.969545 37.54189, 126.969597 37.541875, 126.969648 37.541856, 126.969695 37.541834, 126.96974 37.541807, 126.969781 37.541778, 126.969818 37.541745, 126.969851 37.541709, 126.96988 37.541672, 126.969904 37.541632, 126.969922 37.54159, 126.969936 37.541547, 126.969944 37.541503, 126.969947 37.541459))"
어린이집,점50m,"POLYGON ((126.994239 37.529108, 126.994237 37.529064, 126.994228 37.52902, 126.994215 37.528978, 126.994196 37.528936, 126.994172 37.528896, 126.994144 37.528858, 126.994111 37.528823, 126.994074 37.52879, 126.994032 37.52876, 126.993988 37.528734, 126.99394 37.528711, 126.99389 37.528692, 126.993838 37.528677, 126.993784 37.528667, 126.993729 37.52866, 126.993674 37.528658, 126.993618 37.52866, 126.993563 37.528666, 126.993509 37.528677, 126.993457 37.528692, 126.993407 37.528711, 126.993359 37.528734, 126.993315 37.52876, 126.993274 37.52879, 126.993236 37.528823, 126.993203 37.528858, 126.993175 37.528896, 126.993151 37.528936, 126.993132 37.528978, 126.993119 37.52902, 126.993111 37.529064, 126.993108 37.529108, 126.993111 37.529152, 126.993119 37.529196, 126.993132 37.529239, 126.993151 37.529281, 126.993175 37.529321, 126.993203 37.529359, 126.993236 37.529394, 126.993274 37.529427, 126.993315 37.529457, 126.993359 37.529483, 126.993407 37.529506, 126.993457 37.529525, 126.993509 37.529539, 126.993563 37.52955, 126.993618 37.529557, 126.993674 37.529559, 126.993729 37.529557, 126.993784 37.52955, 126.993838 37.529539, 126.99389 37.529525, 126.99394 37.529506, 126.993988 37.529483, 126.994032 37.529457, 126.994074 37.529427, 126.994111 37.529394, 126.994144 37.529359, 126.994172 37.529321, 126.994196 37.529281, 126.994215 37.529239, 126.994228 37.529196, 126.994237 37.529153, 126.994239 37.529108))"
어린이집,점50m,"POLYGON ((126.972212 37.535824, 126.972209 37.53578, 126.972201 37.535736, 126.972188 37.535693, 126.972169 37.535652, 126.972145 37.535612, 126.972117 37.535574, 126.972084 37.535538, 126.972046 37.535505, 126.972005 37.535476, 126.971961 37.535449, 126.971913 37.535427, 126.971863 37.535408, 126.971811 37.535393, 126.971757 37.535382, 126.971702 37.535376, 126.971646 37.535373, 126.971591 37.535376, 126.971536 37.535382, 126.971482 37.535393, 126.97143 37.535408, 126.97138 37.535427, 126.971332 37.535449, 126.971287 37.535476, 126.971246 37.535505, 126.971209 37.535538, 126.971176 37.535573, 126.971147 37.535611, 126.971124 37.535651, 126.971105 37.535693, 126.971091 37.535736, 126.971083 37.53578, 126.97108 37.535824, 126.971083 37.535868, 126.971091 37.535912, 126.971105 37.535955, 126.971123 37.535996, 126.971147 37.536036, 126.971176 37.536074, 126.971209 37.53611, 126.971246 37.536142, 126.971287 37.536172, 126.971332 37.536198, 126.971379 37.536221, 126.97143 37.53624, 126.971482 37.536255, 126.971536 37.536266, 126.971591 37.536272, 126.971646 37.536274, 126.971701 37.536272, 126.971756 37.536266, 126.97181 37.536255, 126.971863 37.53624, 126.971913 37.536221, 126.97196 37.536199, 126.972005 37.536172, 126.972046 37.536143, 126.972083 37.53611, 126.972116 37.536074, 126.972145 37.536036, 126.972169 37.535996, 126.972188 37.535955, 126.972201 37.535912, 126.972209 37.535868, 126.972212 37.535824))"
어린이집,점50m,"POLYGON ((126.968461 37.525255, 126.968459 37.525211, 126.968451 37.525168, 126.968437 37.525125, 126.968418 37.525083, 126.968395 37.525043, 126.968366 37.525005, 126.968333 37.52497, 126.968296 37.524937, 126.968255 37.524907, 126.96821 37.524881, 126.968163 37.524858, 126.968112 37.524839, 126.96806 37.524824, 126.968006 37.524813, 126.967951 37.524807, 126.967896 37.524805, 126.967841 37.524807, 126.967786 37.524813, 126.967732 37.524824, 126.96768 37.524839, 126.967629 37.524858, 126.967582 37.524881, 126.967537 37.524907, 126.967496 37.524937, 126.967459 37.524969, 126.967426 37.525005, 126.967397 37.525043, 126.967373 37.525083, 126.967355 37.525124, 126.967341 37.525167, 126.967333 37.525211, 126.96733 37.525255, 126.967333 37.525299, 126.967341 37.525343, 126.967354 37.525386, 126.967373 37.525428, 126.967397 37.525468, 126.967425 37.525505, 126.967458 37.525541, 126.967496 37.525574, 126.967537 37.525603, 126.967581 37.52563, 126.967629 37.525653, 126.967679 37.525671, 126.967731 37.525686, 126.967785 37.525697, 126.96784 37.525704, 126.967896 37.525706, 126.967951 37.525704, 126.968006 37.525697, 126.96806 37.525686, 126.968112 37.525672, 126.968162 37.525653, 126.96821 37.52563, 126.968254 37.525604, 126.968296 37.525574, 126.968333 37.525541, 126.968366 37.525506, 126.968395 37.525468, 126.968418 37.525428, 126.968437 37.525386, 126.968451 37.525343, 126.968459 37.5253, 126.968461 37.525255))"
어린이집,점50m,"POLYGON ((126.978167 37.523495, 126.978164 37.523451, 126.978156 37.523407, 126.978143 37.523364, 126.978124 37.523323, 126.9781 37.523283, 126.978072 37.523245, 126.978039 37.523209, 126.978001 37.523176, 126.97796 37.523147, 126.977916 37.52312, 126.977868 37.523098, 126.977818 37.523079, 126.977766 37.523064, 126.977712 37.523053, 126.977657 37.523047, 126.977601 37.523044, 126.977546 37.523047, 126.977491 37.523053, 126.977437 37.523064, 126.977385 37.523079, 126.977335 37.523098, 126.977287 37.52312, 126.977242 37.523147, 126.977201 37.523176, 126.977164 37.523209, 126.977131 37.523245, 126.977102 37.523282, 126.977079 37.523322, 126.97706 37.523364, 126.977046 37.523407, 126.977038 37.523451, 126.977036 37.523495, 126.977038 37.523539, 126.977046 37.523583, 126.97706 37.523626, 126.977079 37.523667, 126.977102 37.523707, 126.977131 37.523745, 126.977164 37.523781, 126.977201 37.523813, 126.977242 37.523843, 126.977287 37.523869, 126.977334 37.523892, 126.977385 37.523911, 126.977437 37.523926, 126.977491 37.523937, 126.977546 37.523943, 126.977601 37.523945, 126.977657 37.523943, 126.977711 37.523937, 126.977765 37.523926, 126.977818 37.523911, 126.977868 37.523892, 126.977915 37.52387, 126.97796 37.523843, 126.978001 37.523814, 126.978038 37.523781, 126.978071 37.523745, 126.9781 37.523707, 126.978124 37.523667, 126.978142 37.523626, 126.978156 37.523583, 126.978164 37.523539, 126.978167 37.523495))"
어린이집,점50m,"POLYGON ((126.991491 37.539048, 126.991489 37.539004, 126.99148 37.53896, 126.991467 37.538917, 126.991448 37.538876, 126.991424 37.538836, 126.991396 37.538798, 126.991363 37.538762, 126.991326 37.538729, 126.991284 37.5387, 126.99124 37.538673, 126.991192 37.538651, 126.991142 37.538632, 126.99109 37.538617, 126.991036 37.538606, 126.990981 37.5386, 126.990926 37.538598, 126.99087 37.5386, 126.990815 37.538606, 126.990761 37.538617, 126.990709 37.538632, 126.990659 37.538651, 126.990611 37.538673, 126.990567 37.5387, 126.990525 37.538729, 126.990488 37.538762, 126.990455 37.538798, 126.990427 37.538836, 126.990403 37.538876, 126.990384 37.538917, 126.990371 37.53896, 126.990362 37.539004, 126.99036 37.539048, 126.990362 37.539092, 126.990371 37.539136, 126.990384 37.539179, 126.990403 37.53922, 126.990427 37.53926, 126.990455 37.539298, 126.990488 37.539334, 126.990525 37.539367, 126.990567 37.539396, 126.990611 37.539423, 126.990659 37.539445, 126.990709 37.539464, 126.990761 37.539479, 126.990815 37.53949, 126.99087 37.539496, 126.990925 37.539499, 126.990981 37.539496, 126.991036 37.53949, 126.99109 37.539479, 126.991142 37.539464, 126.991192 37.539445, 126.99124 37.539423, 126.991284 37.539396, 126.991326 37.539367, 126.991363 37.539334, 126.991396 37.539298, 126.991424 37.53926, 126.991448 37.53922, 126.991467 37.539179, 126.99148 37.539136, 126.991489 37.539092, 126.991491 37.539048))"
어린이집,점50m,"POLYGON ((126.972145 37.53409, 126.972142 37.534045, 126.972134 37.534002, 126.97212 37.533959, 126.972102 37.533917, 126.972078 37.533877, 126.972049 37.533839, 126.972016 37.533804, 126.971979 37.533771, 126.971938 37.533741, 126.971893 37.533715, 126.971846 37.533692, 126.971796 37.533673, 126.971743 37.533658, 126.97169 37.533648, 126.971635 37.533641, 126.971579 37.533639, 126.971524 37.533641, 126.971469 37.533648, 126.971415 37.533658, 126.971363 37.533673, 126.971312 37.533692, 126.971265 37.533715, 126.97122 37.533741, 126.971179 37.533771, 126.971142 37.533804, 126.971109 37.533839, 126.97108 37.533877, 126.971056 37.533917, 126.971038 37.533959, 126.971024 37.534001, 126.971016 37.534045, 126.971013 37.534089, 126.971016 37.534133, 126.971024 37.534177, 126.971038 37.53422, 126.971056 37.534262, 126.97108 37.534302, 126.971109 37.53434, 126.971142 37.534375, 126.971179 37.534408, 126.97122 37.534438, 126.971265 37.534464, 126.971312 37.534487, 126.971362 37.534506, 126.971415 37.534521, 126.971468 37.534531, 126.971523 37.534538, 126.971579 37.53454, 126.971634 37.534538, 126.971689 37.534531, 126.971743 37.534521, 126.971795 37.534506, 126.971846 37.534487, 126.971893 37.534464, 126.971938 37.534438, 126.971979 37.534408, 126.972016 37.534375, 126.972049 37.53434, 126.972078 37.534302, 126.972102 37.534262, 126.97212 37.53422, 126.972134 37.534177, 126.972142 37.534134, 126.972145 37.53409))"
어린이집,점50m,"POLYGON ((126.963639 37.539818, 126.963637 37.539773, 126.963629 37.53973, 126.963615 37.539687, 126.963596 37.539645, 126.963573 37.539605, 126.963544 37.539567, 126.963511 37.539532, 126.963474 37.539499, 126.963433 37.539469, 126.963388 37.539443, 126.96334 37.53942, 126.96329 37.539401, 126.963238 37.539386, 126.963184 37.539376, 126.963129 37.539369, 126.963074 37.539367, 126.963018 37.539369, 126.962963 37.539376, 126.96291 37.539386, 126.962857 37.539401, 126.962807 37.53942, 126.962759 37.539443, 126.962715 37.539469, 126.962674 37.539499, 126.962636 37.539532, 126.962603 37.539567, 126.962575 37.539605, 126.962551 37.539645, 126.962532 37.539687, 126.962519 37.539729, 126.962511 37.539773, 126.962508 37.539817, 126.962511 37.539861, 126.962519 37.539905, 126.962532 37.539948, 126.962551 37.53999, 126.962575 37.54003, 126.962603 37.540068, 126.962636 37.540103, 126.962673 37.540136, 126.962715 37.540166, 126.962759 37.540192, 126.962807 37.540215, 126.962857 37.540234, 126.962909 37.540249, 126.962963 37.540259, 126.963018 37.540266, 126.963073 37.540268, 126.963129 37.540266, 126.963184 37.540259, 126.963238 37.540249, 126.96329 37.540234, 126.96334 37.540215, 126.963388 37.540192, 126.963432 37.540166, 126.963473 37.540136, 126.963511 37.540103, 126.963544 37.540068, 126.963572 37.54003, 126.963596 37.53999, 126.963615 37.539948, 126.963628 37.539906, 126.963637 37.539862, 126.963639 37.539818))"
어린이집,점50m,"POLYGON ((126.95723 37.523637, 126.957227 37.523593, 126.957219 37.523549, 126.957205 37.523506, 126.957187 37.523465, 126.957163 37.523425, 126.957134 37.523387, 126.957101 37.523351, 126.957064 37.523318, 126.957023 37.523289, 126.956978 37.523262, 126.956931 37.52324, 126.956881 37.523221, 126.956828 37.523206, 126.956775 37.523195, 126.95672 37.523189, 126.956664 37.523186, 126.956609 37.523189, 126.956554 37.523195, 126.9565 37.523206, 126.956448 37.523221, 126.956398 37.523239, 126.95635 37.523262, 126.956305 37.523289, 126.956264 37.523318, 126.956227 37.523351, 126.956194 37.523386, 126.956165 37.523424, 126.956142 37.523464, 126.956123 37.523506, 126.956109 37.523549, 126.956101 37.523593, 126.956098 37.523637, 126.956101 37.523681, 126.956109 37.523725, 126.956123 37.523767, 126.956141 37.523809, 126.956165 37.523849, 126.956194 37.523887, 126.956227 37.523923, 126.956264 37.523955, 126.956305 37.523985, 126.95635 37.524011, 126.956397 37.524034, 126.956447 37.524053, 126.9565 37.524068, 126.956553 37.524079, 126.956608 37.524085, 126.956664 37.524087, 126.956719 37.524085, 126.956774 37.524079, 126.956828 37.524068, 126.95688 37.524053, 126.95693 37.524034, 126.956978 37.524012, 126.957023 37.523985, 126.957064 37.523956, 126.957101 37.523923, 126.957134 37.523887, 126.957163 37.523849, 126.957186 37.523809, 126.957205 37.523768, 126.957219 37.523725, 126.957227 37.523681, 126.95723 37.523637))"
어린이집,점50m,"POLYGON ((126.968959 37.521594, 126.968957 37.52155, 126.968948 37.521506, 126.968935 37.521463, 126.968916 37.521421, 126.968893 37.521381, 126.968864 37.521343, 126.968831 37.521308, 126.968794 37.521275, 126.968753 37.521245, 126.968708 37.521219, 126.96866 37.521196, 126.96861 37.521177, 126.968558 37.521162, 126.968504 37.521152, 126.968449 37.521145, 126.968394 37.521143, 126.968338 37.521145, 126.968284 37.521152, 126.96823 37.521162, 126.968177 37.521177, 126.968127 37.521196, 126.96808 37.521219, 126.968035 37.521245, 126.967994 37.521275, 126.967957 37.521308, 126.967924 37.521343, 126.967895 37.521381, 126.967871 37.521421, 126.967853 37.521463, 126.967839 37.521506, 126.967831 37.521549, 126.967828 37.521593, 126.967831 37.521638, 126.967839 37.521681, 126.967852 37.521724, 126.967871 37.521766, 126.967895 37.521806, 126.967923 37.521844, 126.967956 37.521879, 126.967994 37.521912, 126.968035 37.521942, 126.968079 37.521968, 126.968127 37.521991, 126.968177 37.52201, 126.968229 37.522025, 126.968283 37.522035, 126.968338 37.522042, 126.968394 37.522044, 126.968449 37.522042, 126.968504 37.522035, 126.968558 37.522025, 126.96861 37.52201, 126.96866 37.521991, 126.968708 37.521968, 126.968752 37.521942, 126.968794 37.521912, 126.968831 37.521879, 126.968864 37.521844, 126.968892 37.521806, 126.968916 37.521766, 126.968935 37.521724, 126.968948 37.521682, 126.968957 37.521638, 126.968959 37.521594))"
어린이집,점50m,"POLYGON ((126.96796 37.529547, 126.967958 37.529503, 126.96795 37.52946, 126.967936 37.529417, 126.967917 37.529375, 126.967894 37.529335, 126.967865 37.529297, 126.967832 37.529262, 126.967795 37.529229, 126.967754 37.529199, 126.967709 37.529173, 126.967662 37.52915, 126.967611 37.529131, 126.967559 37.529116, 126.967505 37.529105, 126.96745 37.529099, 126.967395 37.529097, 126.967339 37.529099, 126.967285 37.529105, 126.967231 37.529116, 126.967178 37.529131, 126.967128 37.52915, 126.967081 37.529173, 126.967036 37.529199, 126.966995 37.529229, 126.966958 37.529261, 126.966924 37.529297, 126.966896 37.529335, 126.966872 37.529375, 126.966853 37.529416, 126.96684 37.529459, 126.966832 37.529503, 126.966829 37.529547, 126.966832 37.529591, 126.96684 37.529635, 126.966853 37.529678, 126.966872 37.52972, 126.966896 37.52976, 126.966924 37.529797, 126.966957 37.529833, 126.966995 37.529866, 126.967036 37.529895, 126.96708 37.529922, 126.967128 37.529945, 126.967178 37.529963, 126.96723 37.529978, 126.967284 37.529989, 126.967339 37.529996, 126.967395 37.529998, 126.96745 37.529996, 126.967505 37.529989, 126.967559 37.529978, 126.967611 37.529964, 126.967661 37.529945, 126.967709 37.529922, 126.967753 37.529896, 126.967795 37.529866, 126.967832 37.529833, 126.967865 37.529798, 126.967893 37.52976, 126.967917 37.52972, 126.967936 37.529678, 126.967949 37.529635, 126.967958 37.529592, 126.96796 37.529547))"
어린이집,점50m,"POLYGON ((126.967093 37.536723, 126.96709 37.536679, 126.967082 37.536635, 126.967069 37.536592, 126.96705 37.53655, 126.967026 37.53651, 126.966998 37.536472, 126.966965 37.536437, 126.966927 37.536404, 126.966886 37.536374, 126.966842 37.536348, 126.966794 37.536325, 126.966744 37.536306, 126.966692 37.536292, 126.966638 37.536281, 126.966583 37.536274, 126.966527 37.536272, 126.966472 37.536274, 126.966417 37.536281, 126.966363 37.536291, 126.966311 37.536306, 126.966261 37.536325, 126.966213 37.536348, 126.966168 37.536374, 126.966127 37.536404, 126.96609 37.536437, 126.966057 37.536472, 126.966028 37.53651, 126.966005 37.53655, 126.965986 37.536592, 126.965972 37.536635, 126.965964 37.536678, 126.965961 37.536722, 126.965964 37.536767, 126.965972 37.53681, 126.965986 37.536853, 126.966004 37.536895, 126.966028 37.536935, 126.966057 37.536973, 126.96609 37.537008, 126.966127 37.537041, 126.966168 37.537071, 126.966213 37.537097, 126.96626 37.53712, 126.966311 37.537139, 126.966363 37.537154, 126.966417 37.537164, 126.966472 37.537171, 126.966527 37.537173, 126.966582 37.537171, 126.966637 37.537165, 126.966691 37.537154, 126.966744 37.537139, 126.966794 37.53712, 126.966841 37.537097, 126.966886 37.537071, 126.966927 37.537041, 126.966964 37.537009, 126.966997 37.536973, 126.967026 37.536935, 126.96705 37.536895, 126.967069 37.536854, 126.967082 37.536811, 126.96709 37.536767, 126.967093 37.536723))"
어린이집,점50m,"POLYGON ((126.979382 37.546354, 126.97938 37.54631, 126.979371 37.546266, 126.979358 37.546223, 126.979339 37.546181, 126.979316 37.546141, 126.979287 37.546103, 126.979254 37.546068, 126.979217 37.546035, 126.979176 37.546005, 126.979131 37.545979, 126.979083 37.545956, 126.979033 37.545937, 126.978981 37.545922, 126.978927 37.545912, 126.978872 37.545905, 126.978817 37.545903, 126.978761 37.545905, 126.978706 37.545912, 126.978652 37.545922, 126.9786 37.545937, 126.97855 37.545956, 126.978502 37.545979, 126.978458 37.546005, 126.978417 37.546035, 126.978379 37.546068, 126.978346 37.546103, 126.978318 37.546141, 126.978294 37.546181, 126.978275 37.546223, 126.978262 37.546266, 126.978253 37.546309, 126.978251 37.546353, 126.978253 37.546398, 126.978262 37.546441, 126.978275 37.546484, 126.978294 37.546526, 126.978317 37.546566, 126.978346 37.546604, 126.978379 37.546639, 126.978416 37.546672, 126.978457 37.546702, 126.978502 37.546728, 126.97855 37.546751, 126.9786 37.54677, 126.978652 37.546785, 126.978706 37.546795, 126.978761 37.546802, 126.978816 37.546804, 126.978872 37.546802, 126.978927 37.546795, 126.978981 37.546785, 126.979033 37.54677, 126.979083 37.546751, 126.979131 37.546728, 126.979175 37.546702, 126.979216 37.546672, 126.979254 37.546639, 126.979287 37.546604, 126.979315 37.546566, 126.979339 37.546526, 126.979358 37.546484, 126.979371 37.546442, 126.97938 37.546398, 126.979382 37.546354))"
어린이집,점50m,"POLYGON ((127.003861 37.545038, 127.003858 37.544994, 127.00385 37.54495, 127.003837 37.544907, 127.003818 37.544866, 127.003794 37.544826, 127.003766 37.544788, 127.003732 37.544752, 127.003695 37.54472, 127.003654 37.54469, 127.003609 37.544664, 127.003562 37.544641, 127.003512 37.544622, 127.003459 37.544607, 127.003405 37.544596, 127.003351 37.54459, 127.003295 37.544588, 127.00324 37.54459, 127.003185 37.544596, 127.003131 37.544607, 127.003079 37.544622, 127.003028 37.544641, 127.002981 37.544664, 127.002936 37.54469, 127.002895 37.54472, 127.002858 37.544752, 127.002825 37.544788, 127.002796 37.544826, 127.002772 37.544866, 127.002754 37.544907, 127.00274 37.54495, 127.002732 37.544994, 127.002729 37.545038, 127.002732 37.545082, 127.00274 37.545126, 127.002754 37.545169, 127.002772 37.545211, 127.002796 37.545251, 127.002825 37.545288, 127.002858 37.545324, 127.002895 37.545357, 127.002936 37.545386, 127.002981 37.545413, 127.003028 37.545435, 127.003079 37.545454, 127.003131 37.545469, 127.003185 37.54548, 127.00324 37.545486, 127.003295 37.545489, 127.003351 37.545486, 127.003405 37.54548, 127.003459 37.545469, 127.003512 37.545454, 127.003562 37.545435, 127.003609 37.545413, 127.003654 37.545386, 127.003695 37.545357, 127.003732 37.545324, 127.003766 37.545288, 127.003794 37.545251, 127.003818 37.545211, 127.003837 37.545169, 127.00385 37.545126, 127.003858 37.545082, 127.003861 37.545038))"
어린이집,점50m,"POLYGON ((126.969241 37.528791, 126.969239 37.528747, 126.969231 37.528703, 126.969217 37.52866, 126.969198 37.528619, 126.969175 37.528579, 126.969146 37.528541, 126.969113 37.528505, 126.969076 37.528472, 126.969035 37.528443, 126.96899 37.528416, 126.968943 37.528394, 126.968892 37.528375, 126.96884 37.52836, 126.968786 37.528349, 126.968731 37.528343, 126.968676 37.52834, 126.96862 37.528342, 126.968566 37.528349, 126.968512 37.52836, 126.968459 37.528375, 126.968409 37.528393, 126.968362 37.528416, 126.968317 37.528442, 126.968276 37.528472, 126.968239 37.528505, 126.968205 37.52854, 126.968177 37.528578, 126.968153 37.528618, 126.968134 37.52866, 126.968121 37.528703, 126.968113 37.528747, 126.96811 37.528791, 126.968113 37.528835, 126.968121 37.528879, 126.968134 37.528921, 126.968153 37.528963, 126.968177 37.529003, 126.968205 37.529041, 126.968238 37.529076, 126.968276 37.529109, 126.968317 37.529139, 126.968361 37.529165, 126.968409 37.529188, 126.968459 37.529207, 126.968511 37.529222, 126.968565 37.529233, 126.96862 37.529239, 126.968676 37.529241, 126.968731 37.529239, 126.968786 37.529233, 126.96884 37.529222, 126.968892 37.529207, 126.968942 37.529188, 126.96899 37.529165, 126.969034 37.529139, 126.969076 37.529109, 126.969113 37.529077, 126.969146 37.529041, 126.969174 37.529003, 126.969198 37.528963, 126.969217 37.528922, 126.96923 37.528879, 126.969239 37.528835, 126.969241 37.528791))"
어린이집,점50m,"POLYGON ((126.966358 37.538397, 126.966356 37.538353, 126.966348 37.538309, 126.966334 37.538266, 126.966315 37.538225, 126.966292 37.538185, 126.966263 37.538147, 126.96623 37.538111, 126.966193 37.538079, 126.966152 37.538049, 126.966107 37.538022, 126.96606 37.538, 126.966009 37.537981, 126.965957 37.537966, 126.965903 37.537955, 126.965848 37.537949, 126.965793 37.537946, 126.965737 37.537949, 126.965683 37.537955, 126.965629 37.537966, 126.965576 37.537981, 126.965526 37.538, 126.965479 37.538022, 126.965434 37.538049, 126.965393 37.538078, 126.965356 37.538111, 126.965322 37.538147, 126.965294 37.538184, 126.96527 37.538224, 126.965251 37.538266, 126.965238 37.538309, 126.96523 37.538353, 126.965227 37.538397, 126.96523 37.538441, 126.965238 37.538485, 126.965251 37.538528, 126.96527 37.538569, 126.965294 37.538609, 126.965322 37.538647, 126.965355 37.538683, 126.965393 37.538715, 126.965434 37.538745, 126.965478 37.538771, 126.965526 37.538794, 126.965576 37.538813, 126.965628 37.538828, 126.965682 37.538839, 126.965737 37.538845, 126.965792 37.538847, 126.965848 37.538845, 126.965903 37.538839, 126.965957 37.538828, 126.966009 37.538813, 126.966059 37.538794, 126.966107 37.538772, 126.966151 37.538745, 126.966193 37.538716, 126.96623 37.538683, 126.966263 37.538647, 126.966292 37.538609, 126.966315 37.538569, 126.966334 37.538528, 126.966348 37.538485, 126.966356 37.538441, 126.966358 37.538397))"
어린이집,점50m,"POLYGON ((126.959687 37.536416, 126.959684 37.536372, 126.959676 37.536329, 126.959663 37.536286, 126.959644 37.536244, 126.95962 37.536204, 126.959592 37.536166, 126.959559 37.536131, 126.959521 37.536098, 126.95948 37.536068, 126.959436 37.536042, 126.959388 37.536019, 126.959338 37.536, 126.959286 37.535985, 126.959232 37.535974, 126.959177 37.535968, 126.959121 37.535966, 126.959066 37.535968, 126.959011 37.535974, 126.958957 37.535985, 126.958905 37.536, 126.958855 37.536019, 126.958807 37.536042, 126.958762 37.536068, 126.958721 37.536098, 126.958684 37.53613, 126.958651 37.536166, 126.958622 37.536204, 126.958599 37.536244, 126.95858 37.536285, 126.958566 37.536328, 126.958558 37.536372, 126.958555 37.536416, 126.958558 37.53646, 126.958566 37.536504, 126.95858 37.536547, 126.958598 37.536589, 126.958622 37.536628, 126.958651 37.536666, 126.958684 37.536702, 126.958721 37.536735, 126.958762 37.536764, 126.958807 37.536791, 126.958854 37.536814, 126.958904 37.536832, 126.958957 37.536847, 126.95901 37.536858, 126.959065 37.536865, 126.959121 37.536867, 126.959176 37.536865, 126.959231 37.536858, 126.959285 37.536847, 126.959337 37.536833, 126.959388 37.536814, 126.959435 37.536791, 126.95948 37.536765, 126.959521 37.536735, 126.959558 37.536702, 126.959591 37.536667, 126.95962 37.536629, 126.959644 37.536589, 126.959662 37.536547, 126.959676 37.536504, 126.959684 37.536461, 126.959687 37.536416))"
어린이집,점50m,"POLYGON ((126.955757 37.534894, 126.955754 37.53485, 126.955746 37.534806, 126.955733 37.534764, 126.955714 37.534722, 126.95569 37.534682, 126.955662 37.534644, 126.955629 37.534609, 126.955592 37.534576, 126.95555 37.534546, 126.955506 37.53452, 126.955458 37.534497, 126.955408 37.534478, 126.955356 37.534463, 126.955302 37.534452, 126.955247 37.534446, 126.955192 37.534444, 126.955136 37.534446, 126.955081 37.534452, 126.955027 37.534463, 126.954975 37.534478, 126.954925 37.534497, 126.954877 37.534519, 126.954833 37.534546, 126.954792 37.534575, 126.954754 37.534608, 126.954721 37.534644, 126.954693 37.534682, 126.954669 37.534722, 126.95465 37.534763, 126.954637 37.534806, 126.954628 37.53485, 126.954626 37.534894, 126.954628 37.534938, 126.954637 37.534982, 126.95465 37.535025, 126.954669 37.535066, 126.954692 37.535106, 126.954721 37.535144, 126.954754 37.53518, 126.954791 37.535213, 126.954832 37.535242, 126.954877 37.535269, 126.954924 37.535291, 126.954975 37.53531, 126.955027 37.535325, 126.955081 37.535336, 126.955136 37.535342, 126.955191 37.535345, 126.955247 37.535342, 126.955302 37.535336, 126.955355 37.535325, 126.955408 37.53531, 126.955458 37.535292, 126.955505 37.535269, 126.95555 37.535243, 126.955591 37.535213, 126.955629 37.53518, 126.955662 37.535145, 126.95569 37.535107, 126.955714 37.535067, 126.955733 37.535025, 126.955746 37.534982, 126.955754 37.534938, 126.955757 37.534894))"
어린이집,점50m,"POLYGON ((126.955733 37.525047, 126.955731 37.525003, 126.955723 37.52496, 126.955709 37.524917, 126.95569 37.524875, 126.955667 37.524835, 126.955638 37.524797, 126.955605 37.524762, 126.955568 37.524729, 126.955527 37.524699, 126.955482 37.524673, 126.955435 37.52465, 126.955385 37.524631, 126.955332 37.524616, 126.955278 37.524605, 126.955224 37.524599, 126.955168 37.524597, 126.955113 37.524599, 126.955058 37.524605, 126.955004 37.524616, 126.954952 37.524631, 126.954901 37.52465, 126.954854 37.524673, 126.954809 37.524699, 126.954768 37.524728, 126.954731 37.524761, 126.954698 37.524797, 126.954669 37.524835, 126.954645 37.524875, 126.954627 37.524916, 126.954613 37.524959, 126.954605 37.525003, 126.954602 37.525047, 126.954605 37.525091, 126.954613 37.525135, 126.954626 37.525178, 126.954645 37.525219, 126.954669 37.525259, 126.954697 37.525297, 126.95473 37.525333, 126.954768 37.525366, 126.954809 37.525395, 126.954853 37.525422, 126.954901 37.525444, 126.954951 37.525463, 126.955003 37.525478, 126.955057 37.525489, 126.955112 37.525496, 126.955168 37.525498, 126.955223 37.525496, 126.955278 37.525489, 126.955332 37.525478, 126.955384 37.525463, 126.955434 37.525445, 126.955482 37.525422, 126.955526 37.525396, 126.955568 37.525366, 126.955605 37.525333, 126.955638 37.525298, 126.955667 37.52526, 126.95569 37.52522, 126.955709 37.525178, 126.955723 37.525135, 126.955731 37.525092, 126.955733 37.525047))"
어린이집,점50m,"POLYGON ((126.972529 37.522312, 126.972526 37.522268, 126.972518 37.522224, 126.972505 37.522181, 126.972486 37.522139, 126.972462 37.522099, 126.972434 37.522061, 126.972401 37.522026, 126.972364 37.521993, 126.972322 37.521963, 126.972278 37.521937, 126.97223 37.521914, 126.97218 37.521895, 126.972128 37.521881, 126.972074 37.52187, 126.972019 37.521863, 126.971964 37.521861, 126.971908 37.521863, 126.971853 37.52187, 126.971799 37.52188, 126.971747 37.521895, 126.971697 37.521914, 126.971649 37.521937, 126.971605 37.521963, 126.971564 37.521993, 126.971526 37.522026, 126.971493 37.522061, 126.971465 37.522099, 126.971441 37.522139, 126.971422 37.522181, 126.971409 37.522224, 126.971401 37.522267, 126.971398 37.522312, 126.971401 37.522356, 126.971409 37.522399, 126.971422 37.522442, 126.971441 37.522484, 126.971465 37.522524, 126.971493 37.522562, 126.971526 37.522597, 126.971563 37.52263, 126.971605 37.52266, 126.971649 37.522686, 126.971697 37.522709, 126.971747 37.522728, 126.971799 37.522743, 126.971853 37.522753, 126.971908 37.52276, 126.971963 37.522762, 126.972019 37.52276, 126.972074 37.522754, 126.972128 37.522743, 126.97218 37.522728, 126.97223 37.522709, 126.972278 37.522686, 126.972322 37.52266, 126.972363 37.52263, 126.972401 37.522598, 126.972434 37.522562, 126.972462 37.522524, 126.972486 37.522484, 126.972505 37.522443, 126.972518 37.5224, 126.972526 37.522356, 126.972529 37.522312))"
어린이집,점50m,"POLYGON ((126.958898 37.54024, 126.958895 37.540195, 126.958887 37.540152, 126.958874 37.540109, 126.958855 37.540067, 126.958831 37.540027, 126.958803 37.539989, 126.95877 37.539954, 126.958733 37.539921, 126.958692 37.539891, 126.958647 37.539865, 126.958599 37.539842, 126.958549 37.539823, 126.958497 37.539808, 126.958443 37.539798, 126.958388 37.539791, 126.958333 37.539789, 126.958277 37.539791, 126.958222 37.539797, 126.958168 37.539808, 126.958116 37.539823, 126.958066 37.539842, 126.958018 37.539865, 126.957974 37.539891, 126.957933 37.539921, 126.957895 37.539953, 126.957862 37.539989, 126.957834 37.540027, 126.95781 37.540067, 126.957791 37.540108, 126.957778 37.540151, 126.957769 37.540195, 126.957767 37.540239, 126.957769 37.540283, 126.957777 37.540327, 126.957791 37.54037, 126.95781 37.540412, 126.957833 37.540452, 126.957862 37.540489, 126.957895 37.540525, 126.957932 37.540558, 126.957973 37.540587, 126.958018 37.540614, 126.958065 37.540637, 126.958116 37.540655, 126.958168 37.54067, 126.958222 37.540681, 126.958277 37.540688, 126.958332 37.54069, 126.958388 37.540688, 126.958443 37.540681, 126.958496 37.54067, 126.958549 37.540656, 126.958599 37.540637, 126.958647 37.540614, 126.958691 37.540588, 126.958732 37.540558, 126.95877 37.540525, 126.958803 37.54049, 126.958831 37.540452, 126.958855 37.540412, 126.958874 37.54037, 126.958887 37.540327, 126.958895 37.540284, 126.958898 37.54024))"
어린이집,점50m,"POLYGON ((126.95516 37.53421, 126.955157 37.534166, 126.955149 37.534123, 126.955136 37.53408, 126.955117 37.534038, 126.955093 37.533998, 126.955065 37.53396, 126.955032 37.533925, 126.954994 37.533892, 126.954953 37.533862, 126.954909 37.533836, 126.954861 37.533813, 126.954811 37.533794, 126.954759 37.533779, 126.954705 37.533768, 126.95465 37.533762, 126.954594 37.53376, 126.954539 37.533762, 126.954484 37.533768, 126.95443 37.533779, 126.954378 37.533794, 126.954328 37.533813, 126.95428 37.533836, 126.954236 37.533862, 126.954194 37.533892, 126.954157 37.533924, 126.954124 37.53396, 126.954095 37.533998, 126.954072 37.534038, 126.954053 37.534079, 126.954039 37.534122, 126.954031 37.534166, 126.954028 37.53421, 126.954031 37.534254, 126.954039 37.534298, 126.954053 37.534341, 126.954071 37.534382, 126.954095 37.534422, 126.954124 37.53446, 126.954157 37.534496, 126.954194 37.534529, 126.954235 37.534558, 126.95428 37.534585, 126.954327 37.534607, 126.954377 37.534626, 126.95443 37.534641, 126.954484 37.534652, 126.954538 37.534659, 126.954594 37.534661, 126.954649 37.534659, 126.954704 37.534652, 126.954758 37.534641, 126.95481 37.534627, 126.954861 37.534608, 126.954908 37.534585, 126.954953 37.534559, 126.954994 37.534529, 126.955031 37.534496, 126.955064 37.534461, 126.955093 37.534423, 126.955117 37.534383, 126.955135 37.534341, 126.955149 37.534298, 126.955157 37.534255, 126.95516 37.53421))"
어린이집,점50m,"POLYGON ((127.005378 37.531674, 127.005376 37.53163, 127.005368 37.531586, 127.005354 37.531544, 127.005335 37.531502, 127.005312 37.531462, 127.005283 37.531424, 127.00525 37.531388, 127.005213 37.531356, 127.005172 37.531326, 127.005127 37.5313, 127.005079 37.531277, 127.005029 37.531258, 127.004977 37.531243, 127.004923 37.531232, 127.004868 37.531226, 127.004813 37.531224, 127.004757 37.531226, 127.004702 37.531232, 127.004649 37.531243, 127.004596 37.531258, 127.004546 37.531277, 127.004498 37.5313, 127.004454 37.531326, 127.004413 37.531356, 127.004376 37.531389, 127.004342 37.531424, 127.004314 37.531462, 127.00429 37.531502, 127.004271 37.531544, 127.004258 37.531586, 127.00425 37.53163, 127.004247 37.531674, 127.00425 37.531718, 127.004258 37.531762, 127.004271 37.531805, 127.00429 37.531847, 127.004314 37.531887, 127.004342 37.531925, 127.004376 37.53196, 127.004413 37.531993, 127.004454 37.532023, 127.004499 37.532049, 127.004546 37.532072, 127.004596 37.532091, 127.004649 37.532105, 127.004702 37.532116, 127.004757 37.532123, 127.004813 37.532125, 127.004868 37.532123, 127.004923 37.532116, 127.004977 37.532105, 127.005029 37.53209, 127.005079 37.532072, 127.005127 37.532049, 127.005172 37.532023, 127.005213 37.531993, 127.00525 37.53196, 127.005283 37.531925, 127.005312 37.531887, 127.005335 37.531847, 127.005354 37.531805, 127.005368 37.531762, 127.005376 37.531718, 127.005378 37.531674))"
어린이집,점50m,"POLYGON ((126.992763 37.53938, 126.99276 37.539336, 126.992752 37.539292, 126.992739 37.539249, 126.99272 37.539207, 126.992696 37.539167, 126.992668 37.539129, 126.992635 37.539094, 126.992597 37.539061, 126.992556 37.539031, 126.992512 37.539005, 126.992464 37.538982, 126.992414 37.538963, 126.992361 37.538949, 126.992308 37.538938, 126.992253 37.538931, 126.992197 37.538929, 126.992142 37.538931, 126.992087 37.538938, 126.992033 37.538949, 126.991981 37.538963, 126.991931 37.538982, 126.991883 37.539005, 126.991838 37.539031, 126.991797 37.539061, 126.99176 37.539094, 126.991727 37.539129, 126.991698 37.539167, 126.991675 37.539207, 126.991656 37.539249, 126.991642 37.539292, 126.991634 37.539335, 126.991631 37.53938, 126.991634 37.539424, 126.991642 37.539468, 126.991656 37.53951, 126.991675 37.539552, 126.991698 37.539592, 126.991727 37.53963, 126.99176 37.539665, 126.991797 37.539698, 126.991838 37.539728, 126.991883 37.539754, 126.99193 37.539777, 126.991981 37.539796, 126.992033 37.539811, 126.992087 37.539822, 126.992142 37.539828, 126.992197 37.53983, 126.992253 37.539828, 126.992308 37.539822, 126.992361 37.539811, 126.992414 37.539796, 126.992464 37.539777, 126.992511 37.539754, 126.992556 37.539728, 126.992597 37.539698, 126.992634 37.539665, 126.992668 37.53963, 126.992696 37.539592, 126.99272 37.539552, 126.992739 37.53951, 126.992752 37.539468, 126.99276 37.539424, 126.992763 37.53938))"
어린이집,점50m,"POLYGON ((126.970282 37.540396, 126.970279 37.540352, 126.970271 37.540308, 126.970258 37.540265, 126.970239 37.540224, 126.970215 37.540184, 126.970187 37.540146, 126.970154 37.54011, 126.970117 37.540078, 126.970075 37.540048, 126.970031 37.540021, 126.969983 37.539999, 126.969933 37.53998, 126.969881 37.539965, 126.969827 37.539954, 126.969772 37.539948, 126.969717 37.539945, 126.969661 37.539948, 126.969606 37.539954, 126.969552 37.539965, 126.9695 37.53998, 126.96945 37.539999, 126.969402 37.540021, 126.969358 37.540048, 126.969316 37.540077, 126.969279 37.54011, 126.969246 37.540146, 126.969218 37.540183, 126.969194 37.540223, 126.969175 37.540265, 126.969162 37.540308, 126.969153 37.540352, 126.969151 37.540396, 126.969153 37.54044, 126.969161 37.540484, 126.969175 37.540527, 126.969194 37.540568, 126.969217 37.540608, 126.969246 37.540646, 126.969279 37.540682, 126.969316 37.540714, 126.969357 37.540744, 126.969402 37.54077, 126.96945 37.540793, 126.9695 37.540812, 126.969552 37.540827, 126.969606 37.540838, 126.969661 37.540844, 126.969716 37.540846, 126.969772 37.540844, 126.969827 37.540838, 126.96988 37.540827, 126.969933 37.540812, 126.969983 37.540793, 126.970031 37.540771, 126.970075 37.540744, 126.970116 37.540715, 126.970154 37.540682, 126.970187 37.540646, 126.970215 37.540608, 126.970239 37.540569, 126.970258 37.540527, 126.970271 37.540484, 126.970279 37.54044, 126.970282 37.540396))"
어린이집,점50m,"POLYGON ((126.951368 37.534879, 126.951366 37.534835, 126.951358 37.534791, 126.951344 37.534748, 126.951325 37.534707, 126.951302 37.534667, 126.951273 37.534629, 126.95124 37.534593, 126.951203 37.53456, 126.951162 37.534531, 126.951117 37.534504, 126.95107 37.534482, 126.951019 37.534463, 126.950967 37.534448, 126.950913 37.534437, 126.950858 37.534431, 126.950803 37.534428, 126.950748 37.534431, 126.950693 37.534437, 126.950639 37.534448, 126.950586 37.534463, 126.950536 37.534481, 126.950489 37.534504, 126.950444 37.53453, 126.950403 37.53456, 126.950366 37.534593, 126.950332 37.534628, 126.950304 37.534666, 126.95028 37.534706, 126.950261 37.534748, 126.950248 37.534791, 126.95024 37.534834, 126.950237 37.534879, 126.95024 37.534923, 126.950248 37.534967, 126.950261 37.535009, 126.95028 37.535051, 126.950304 37.535091, 126.950332 37.535129, 126.950365 37.535164, 126.950402 37.535197, 126.950444 37.535227, 126.950488 37.535253, 126.950536 37.535276, 126.950586 37.535295, 126.950638 37.53531, 126.950692 37.535321, 126.950747 37.535327, 126.950802 37.535329, 126.950858 37.535327, 126.950913 37.535321, 126.950967 37.53531, 126.951019 37.535295, 126.951069 37.535276, 126.951117 37.535254, 126.951161 37.535227, 126.951203 37.535198, 126.95124 37.535165, 126.951273 37.535129, 126.951301 37.535091, 126.951325 37.535051, 126.951344 37.53501, 126.951357 37.534967, 126.951366 37.534923, 126.951368 37.534879))"
어린이집,점50m,"POLYGON ((126.977861 37.551398, 126.977858 37.551354, 126.97785 37.55131, 126.977837 37.551267, 126.977818 37.551226, 126.977794 37.551186, 126.977766 37.551148, 126.977732 37.551112, 126.977695 37.551079, 126.977654 37.55105, 126.977609 37.551023, 126.977562 37.551001, 126.977512 37.550982, 126.977459 37.550967, 126.977406 37.550956, 126.977351 37.550949, 126.977295 37.550947, 126.97724 37.550949, 126.977185 37.550956, 126.977131 37.550967, 126.977079 37.550982, 126.977028 37.551, 126.976981 37.551023, 126.976936 37.551049, 126.976895 37.551079, 126.976858 37.551112, 126.976825 37.551147, 126.976796 37.551185, 126.976772 37.551225, 126.976754 37.551267, 126.97674 37.55131, 126.976732 37.551354, 126.976729 37.551398, 126.976732 37.551442, 126.97674 37.551486, 126.976753 37.551528, 126.976772 37.55157, 126.976796 37.55161, 126.976824 37.551648, 126.976858 37.551684, 126.976895 37.551716, 126.976936 37.551746, 126.976981 37.551772, 126.977028 37.551795, 126.977078 37.551814, 126.977131 37.551829, 126.977184 37.55184, 126.977239 37.551846, 126.977295 37.551848, 126.97735 37.551846, 126.977405 37.55184, 126.977459 37.551829, 126.977511 37.551814, 126.977562 37.551795, 126.977609 37.551772, 126.977654 37.551746, 126.977695 37.551716, 126.977732 37.551684, 126.977765 37.551648, 126.977794 37.55161, 126.977818 37.55157, 126.977836 37.551529, 126.97785 37.551486, 126.977858 37.551442, 126.977861 37.551398))"
어린이집,점50m,"POLYGON ((126.965641 37.545473, 126.965638 37.545429, 126.96563 37.545385, 126.965616 37.545342, 126.965598 37.5453, 126.965574 37.545261, 126.965545 37.545223, 126.965512 37.545187, 126.965475 37.545154, 126.965434 37.545125, 126.965389 37.545098, 126.965342 37.545076, 126.965292 37.545057, 126.965239 37.545042, 126.965185 37.545031, 126.96513 37.545024, 126.965075 37.545022, 126.96502 37.545024, 126.964965 37.545031, 126.964911 37.545042, 126.964858 37.545056, 126.964808 37.545075, 126.964761 37.545098, 126.964716 37.545124, 126.964675 37.545154, 126.964638 37.545187, 126.964604 37.545222, 126.964576 37.54526, 126.964552 37.5453, 126.964533 37.545342, 126.96452 37.545385, 126.964512 37.545428, 126.964509 37.545473, 126.964512 37.545517, 126.96452 37.54556, 126.964533 37.545603, 126.964552 37.545645, 126.964576 37.545685, 126.964604 37.545723, 126.964637 37.545758, 126.964675 37.545791, 126.964716 37.545821, 126.96476 37.545847, 126.964808 37.54587, 126.964858 37.545889, 126.96491 37.545904, 126.964964 37.545915, 126.965019 37.545921, 126.965075 37.545923, 126.96513 37.545921, 126.965185 37.545915, 126.965239 37.545904, 126.965291 37.545889, 126.965341 37.54587, 126.965389 37.545847, 126.965434 37.545821, 126.965475 37.545791, 126.965512 37.545759, 126.965545 37.545723, 126.965574 37.545685, 126.965597 37.545645, 126.965616 37.545604, 126.96563 37.545561, 126.965638 37.545517, 126.965641 37.545473))"
어린이집,점50m,"POLYGON ((126.974129 37.553462, 126.974127 37.553417, 126.974118 37.553374, 126.974105 37.553331, 126.974086 37.553289, 126.974063 37.553249, 126.974034 37.553211, 126.974001 37.553176, 126.973964 37.553143, 126.973922 37.553113, 126.973878 37.553087, 126.97383 37.553064, 126.97378 37.553045, 126.973728 37.55303, 126.973674 37.55302, 126.973619 37.553013, 126.973564 37.553011, 126.973508 37.553013, 126.973453 37.55302, 126.973399 37.55303, 126.973347 37.553045, 126.973297 37.553064, 126.973249 37.553087, 126.973205 37.553113, 126.973163 37.553143, 126.973126 37.553175, 126.973093 37.553211, 126.973064 37.553249, 126.973041 37.553289, 126.973022 37.55333, 126.973008 37.553373, 126.973 37.553417, 126.972998 37.553461, 126.973 37.553505, 126.973008 37.553549, 126.973022 37.553592, 126.973041 37.553634, 126.973064 37.553674, 126.973093 37.553712, 126.973126 37.553747, 126.973163 37.55378, 126.973204 37.55381, 126.973249 37.553836, 126.973297 37.553859, 126.973347 37.553878, 126.973399 37.553892, 126.973453 37.553903, 126.973508 37.55391, 126.973563 37.553912, 126.973619 37.55391, 126.973674 37.553903, 126.973728 37.553893, 126.97378 37.553878, 126.97383 37.553859, 126.973878 37.553836, 126.973922 37.55381, 126.973963 37.55378, 126.974001 37.553747, 126.974034 37.553712, 126.974062 37.553674, 126.974086 37.553634, 126.974105 37.553592, 126.974118 37.553549, 126.974127 37.553506, 126.974129 37.553462))"
어린이집,점50m,"POLYGON ((126.978875 37.549037, 126.978872 37.548993, 126.978864 37.548949, 126.97885 37.548906, 126.978832 37.548864, 126.978808 37.548824, 126.978779 37.548786, 126.978746 37.548751, 126.978709 37.548718, 126.978668 37.548688, 126.978623 37.548662, 126.978576 37.548639, 126.978525 37.54862, 126.978473 37.548606, 126.978419 37.548595, 126.978364 37.548588, 126.978309 37.548586, 126.978253 37.548588, 126.978199 37.548595, 126.978145 37.548606, 126.978092 37.54862, 126.978042 37.548639, 126.977995 37.548662, 126.97795 37.548688, 126.977909 37.548718, 126.977872 37.548751, 126.977838 37.548786, 126.97781 37.548824, 126.977786 37.548864, 126.977767 37.548906, 126.977754 37.548949, 126.977746 37.548992, 126.977743 37.549037, 126.977746 37.549081, 126.977754 37.549124, 126.977767 37.549167, 126.977786 37.549209, 126.97781 37.549249, 126.977838 37.549287, 126.977871 37.549322, 126.977909 37.549355, 126.97795 37.549385, 126.977994 37.549411, 126.978042 37.549434, 126.978092 37.549453, 126.978144 37.549468, 126.978198 37.549478, 126.978253 37.549485, 126.978309 37.549487, 126.978364 37.549485, 126.978419 37.549479, 126.978473 37.549468, 126.978525 37.549453, 126.978575 37.549434, 126.978623 37.549411, 126.978668 37.549385, 126.978709 37.549355, 126.978746 37.549323, 126.978779 37.549287, 126.978808 37.549249, 126.978831 37.549209, 126.97885 37.549168, 126.978864 37.549125, 126.978872 37.549081, 126.978875 37.549037))"
어린이집,점50m,"POLYGON ((126.971228 37.522154, 126.971225 37.52211, 126.971217 37.522066, 126.971203 37.522023, 126.971185 37.521981, 126.971161 37.521941, 126.971132 37.521903, 126.971099 37.521868, 126.971062 37.521835, 126.971021 37.521805, 126.970976 37.521779, 126.970929 37.521756, 126.970879 37.521737, 126.970826 37.521723, 126.970772 37.521712, 126.970718 37.521705, 126.970662 37.521703, 126.970607 37.521705, 126.970552 37.521712, 126.970498 37.521722, 126.970446 37.521737, 126.970395 37.521756, 126.970348 37.521779, 126.970303 37.521805, 126.970262 37.521835, 126.970225 37.521868, 126.970192 37.521903, 126.970163 37.521941, 126.970139 37.521981, 126.970121 37.522023, 126.970107 37.522066, 126.970099 37.522109, 126.970096 37.522153, 126.970099 37.522198, 126.970107 37.522241, 126.970121 37.522284, 126.970139 37.522326, 126.970163 37.522366, 126.970192 37.522404, 126.970225 37.522439, 126.970262 37.522472, 126.970303 37.522502, 126.970348 37.522528, 126.970395 37.522551, 126.970445 37.52257, 126.970498 37.522585, 126.970551 37.522595, 126.970606 37.522602, 126.970662 37.522604, 126.970717 37.522602, 126.970772 37.522596, 126.970826 37.522585, 126.970878 37.52257, 126.970928 37.522551, 126.970976 37.522528, 126.971021 37.522502, 126.971062 37.522472, 126.971099 37.52244, 126.971132 37.522404, 126.971161 37.522366, 126.971184 37.522326, 126.971203 37.522285, 126.971217 37.522242, 126.971225 37.522198, 126.971228 37.522154))"
어린이집,점50m,"POLYGON ((126.971503 37.522431, 126.971501 37.522387, 126.971493 37.522343, 126.971479 37.522301, 126.97146 37.522259, 126.971437 37.522219, 126.971408 37.522181, 126.971375 37.522146, 126.971338 37.522113, 126.971297 37.522083, 126.971252 37.522057, 126.971205 37.522034, 126.971154 37.522015, 126.971102 37.522, 126.971048 37.521989, 126.970993 37.521983, 126.970938 37.521981, 126.970883 37.521983, 126.970828 37.521989, 126.970774 37.522, 126.970722 37.522015, 126.970671 37.522034, 126.970624 37.522057, 126.970579 37.522083, 126.970538 37.522113, 126.970501 37.522145, 126.970468 37.522181, 126.970439 37.522219, 126.970415 37.522259, 126.970397 37.5223, 126.970383 37.522343, 126.970375 37.522387, 126.970372 37.522431, 126.970375 37.522475, 126.970383 37.522519, 126.970396 37.522562, 126.970415 37.522603, 126.970439 37.522643, 126.970467 37.522681, 126.9705 37.522717, 126.970538 37.52275, 126.970579 37.522779, 126.970623 37.522806, 126.970671 37.522828, 126.970721 37.522847, 126.970773 37.522862, 126.970827 37.522873, 126.970882 37.52288, 126.970938 37.522882, 126.970993 37.52288, 126.971048 37.522873, 126.971102 37.522862, 126.971154 37.522847, 126.971204 37.522829, 126.971252 37.522806, 126.971296 37.52278, 126.971338 37.52275, 126.971375 37.522717, 126.971408 37.522682, 126.971437 37.522644, 126.97146 37.522604, 126.971479 37.522562, 126.971493 37.522519, 126.971501 37.522476, 126.971503 37.522431))"
어린이집,점50m,"POLYGON ((127.007622 37.535067, 127.007619 37.535023, 127.007611 37.534979, 127.007598 37.534936, 127.007579 37.534895, 127.007555 37.534855, 127.007527 37.534817, 127.007494 37.534781, 127.007456 37.534748, 127.007415 37.534719, 127.007371 37.534692, 127.007323 37.53467, 127.007273 37.534651, 127.007221 37.534636, 127.007167 37.534625, 127.007112 37.534619, 127.007056 37.534616, 127.007001 37.534619, 127.006946 37.534625, 127.006892 37.534636, 127.00684 37.534651, 127.00679 37.53467, 127.006742 37.534692, 127.006698 37.534719, 127.006656 37.534748, 127.006619 37.534781, 127.006586 37.534817, 127.006558 37.534855, 127.006534 37.534895, 127.006515 37.534936, 127.006502 37.534979, 127.006494 37.535023, 127.006491 37.535067, 127.006494 37.535111, 127.006502 37.535155, 127.006515 37.535198, 127.006534 37.535239, 127.006558 37.535279, 127.006586 37.535317, 127.006619 37.535353, 127.006657 37.535386, 127.006698 37.535415, 127.006742 37.535442, 127.00679 37.535464, 127.00684 37.535483, 127.006892 37.535498, 127.006946 37.535509, 127.007001 37.535515, 127.007057 37.535517, 127.007112 37.535515, 127.007167 37.535509, 127.007221 37.535498, 127.007273 37.535483, 127.007323 37.535464, 127.007371 37.535442, 127.007415 37.535415, 127.007457 37.535386, 127.007494 37.535353, 127.007527 37.535317, 127.007555 37.535279, 127.007579 37.535239, 127.007598 37.535198, 127.007611 37.535155, 127.007619 37.535111, 127.007622 37.535067))"
어린이집,점50m,"POLYGON ((126.958833 37.524251, 126.958831 37.524207, 126.958823 37.524163, 126.958809 37.52412, 126.95879 37.524079, 126.958767 37.524039, 126.958738 37.524001, 126.958705 37.523965, 126.958668 37.523933, 126.958627 37.523903, 126.958582 37.523877, 126.958535 37.523854, 126.958484 37.523835, 126.958432 37.52382, 126.958378 37.523809, 126.958323 37.523803, 126.958268 37.523801, 126.958213 37.523803, 126.958158 37.523809, 126.958104 37.52382, 126.958051 37.523835, 126.958001 37.523854, 126.957954 37.523876, 126.957909 37.523903, 126.957868 37.523932, 126.957831 37.523965, 126.957798 37.524001, 126.957769 37.524039, 126.957745 37.524078, 126.957726 37.52412, 126.957713 37.524163, 126.957705 37.524207, 126.957702 37.524251, 126.957705 37.524295, 126.957713 37.524339, 126.957726 37.524382, 126.957745 37.524423, 126.957769 37.524463, 126.957797 37.524501, 126.95783 37.524537, 126.957868 37.524569, 126.957909 37.524599, 126.957953 37.524626, 126.958001 37.524648, 126.958051 37.524667, 126.958103 37.524682, 126.958157 37.524693, 126.958212 37.524699, 126.958267 37.524702, 126.958323 37.524699, 126.958378 37.524693, 126.958432 37.524682, 126.958484 37.524667, 126.958534 37.524648, 126.958582 37.524626, 126.958626 37.524599, 126.958667 37.52457, 126.958705 37.524537, 126.958738 37.524502, 126.958766 37.524464, 126.95879 37.524424, 126.958809 37.524382, 126.958822 37.524339, 126.958831 37.524295, 126.958833 37.524251))"
어린이집,점50m,"POLYGON ((126.970721 37.52135, 126.970718 37.521306, 126.97071 37.521262, 126.970697 37.521219, 126.970678 37.521178, 126.970654 37.521138, 126.970626 37.5211, 126.970593 37.521064, 126.970555 37.521031, 126.970514 37.521002, 126.97047 37.520975, 126.970422 37.520953, 126.970372 37.520934, 126.97032 37.520919, 126.970266 37.520908, 126.970211 37.520901, 126.970156 37.520899, 126.9701 37.520901, 126.970045 37.520908, 126.969991 37.520919, 126.969939 37.520934, 126.969889 37.520952, 126.969841 37.520975, 126.969797 37.521001, 126.969756 37.521031, 126.969718 37.521064, 126.969685 37.521099, 126.969657 37.521137, 126.969633 37.521177, 126.969614 37.521219, 126.969601 37.521262, 126.969593 37.521306, 126.96959 37.52135, 126.969592 37.521394, 126.969601 37.521438, 126.969614 37.52148, 126.969633 37.521522, 126.969656 37.521562, 126.969685 37.5216, 126.969718 37.521635, 126.969755 37.521668, 126.969796 37.521698, 126.969841 37.521724, 126.969889 37.521747, 126.969939 37.521766, 126.969991 37.521781, 126.970045 37.521792, 126.9701 37.521798, 126.970155 37.5218, 126.970211 37.521798, 126.970266 37.521792, 126.970319 37.521781, 126.970372 37.521766, 126.970422 37.521747, 126.970469 37.521724, 126.970514 37.521698, 126.970555 37.521668, 126.970593 37.521636, 126.970626 37.5216, 126.970654 37.521562, 126.970678 37.521522, 126.970697 37.521481, 126.97071 37.521438, 126.970718 37.521394, 126.970721 37.52135))"
어린이집,점50m,"POLYGON ((126.996148 37.525871, 126.996145 37.525827, 126.996137 37.525783, 126.996124 37.52574, 126.996105 37.525699, 126.996081 37.525659, 126.996053 37.525621, 126.99602 37.525585, 126.995982 37.525553, 126.995941 37.525523, 126.995897 37.525497, 126.995849 37.525474, 126.995799 37.525455, 126.995747 37.52544, 126.995693 37.525429, 126.995638 37.525423, 126.995582 37.525421, 126.995527 37.525423, 126.995472 37.525429, 126.995418 37.52544, 126.995366 37.525455, 126.995316 37.525474, 126.995268 37.525497, 126.995223 37.525523, 126.995182 37.525553, 126.995145 37.525585, 126.995112 37.525621, 126.995083 37.525659, 126.99506 37.525699, 126.995041 37.52574, 126.995028 37.525783, 126.995019 37.525827, 126.995017 37.525871, 126.995019 37.525915, 126.995028 37.525959, 126.995041 37.526002, 126.99506 37.526044, 126.995083 37.526083, 126.995112 37.526121, 126.995145 37.526157, 126.995182 37.52619, 126.995223 37.526219, 126.995268 37.526246, 126.995316 37.526268, 126.995366 37.526287, 126.995418 37.526302, 126.995472 37.526313, 126.995527 37.526319, 126.995582 37.526322, 126.995638 37.526319, 126.995693 37.526313, 126.995746 37.526302, 126.995799 37.526287, 126.995849 37.526268, 126.995897 37.526246, 126.995941 37.526219, 126.995982 37.52619, 126.99602 37.526157, 126.996053 37.526121, 126.996081 37.526084, 126.996105 37.526044, 126.996124 37.526002, 126.996137 37.525959, 126.996145 37.525915, 126.996148 37.525871))"
어린이집,점50m,"POLYGON ((126.966261 37.535962, 126.966258 37.535918, 126.96625 37.535874, 126.966236 37.535831, 126.966218 37.53579, 126.966194 37.53575, 126.966165 37.535712, 126.966132 37.535676, 126.966095 37.535644, 126.966054 37.535614, 126.966009 37.535587, 126.965962 37.535565, 126.965911 37.535546, 126.965859 37.535531, 126.965805 37.53552, 126.96575 37.535514, 126.965695 37.535511, 126.96564 37.535514, 126.965585 37.53552, 126.965531 37.535531, 126.965479 37.535546, 126.965428 37.535565, 126.965381 37.535587, 126.965336 37.535614, 126.965295 37.535643, 126.965258 37.535676, 126.965225 37.535712, 126.965196 37.535749, 126.965172 37.535789, 126.965154 37.535831, 126.96514 37.535874, 126.965132 37.535918, 126.965129 37.535962, 126.965132 37.536006, 126.96514 37.53605, 126.965153 37.536093, 126.965172 37.536134, 126.965196 37.536174, 126.965224 37.536212, 126.965257 37.536248, 126.965295 37.53628, 126.965336 37.53631, 126.96538 37.536336, 126.965428 37.536359, 126.965478 37.536378, 126.96553 37.536393, 126.965584 37.536404, 126.965639 37.53641, 126.965695 37.536412, 126.96575 37.53641, 126.965805 37.536404, 126.965859 37.536393, 126.965911 37.536378, 126.965961 37.536359, 126.966009 37.536337, 126.966054 37.53631, 126.966095 37.536281, 126.966132 37.536248, 126.966165 37.536212, 126.966194 37.536174, 126.966217 37.536135, 126.966236 37.536093, 126.96625 37.53605, 126.966258 37.536006, 126.966261 37.535962))"
어린이집,점50m,"POLYGON ((127.002305 37.525744, 127.002302 37.5257, 127.002294 37.525656, 127.00228 37.525613, 127.002261 37.525572, 127.002238 37.525532, 127.002209 37.525494, 127.002176 37.525458, 127.002139 37.525426, 127.002098 37.525396, 127.002053 37.52537, 127.002006 37.525347, 127.001955 37.525328, 127.001903 37.525313, 127.001849 37.525302, 127.001794 37.525296, 127.001739 37.525294, 127.001683 37.525296, 127.001629 37.525302, 127.001575 37.525313, 127.001522 37.525328, 127.001472 37.525347, 127.001425 37.52537, 127.00138 37.525396, 127.001339 37.525426, 127.001302 37.525458, 127.001269 37.525494, 127.00124 37.525532, 127.001216 37.525572, 127.001198 37.525613, 127.001184 37.525656, 127.001176 37.5257, 127.001173 37.525744, 127.001176 37.525788, 127.001184 37.525832, 127.001198 37.525875, 127.001216 37.525917, 127.00124 37.525957, 127.001269 37.525994, 127.001302 37.52603, 127.001339 37.526063, 127.00138 37.526092, 127.001425 37.526119, 127.001472 37.526141, 127.001522 37.52616, 127.001575 37.526175, 127.001629 37.526186, 127.001683 37.526193, 127.001739 37.526195, 127.001794 37.526193, 127.001849 37.526186, 127.001903 37.526175, 127.001955 37.52616, 127.002006 37.526141, 127.002053 37.526119, 127.002098 37.526092, 127.002139 37.526063, 127.002176 37.52603, 127.002209 37.525994, 127.002238 37.525957, 127.002261 37.525917, 127.00228 37.525875, 127.002294 37.525832, 127.002302 37.525788, 127.002305 37.525744))"
어린이집,점50m,"POLYGON ((126.995296 37.525199, 126.995294 37.525155, 126.995286 37.525111, 126.995272 37.525068, 126.995253 37.525027, 126.99523 37.524987, 126.995201 37.524949, 126.995168 37.524913, 126.995131 37.524881, 126.99509 37.524851, 126.995045 37.524824, 126.994997 37.524802, 126.994947 37.524783, 126.994895 37.524768, 126.994841 37.524757, 126.994786 37.524751, 126.994731 37.524749, 126.994675 37.524751, 126.99462 37.524757, 126.994567 37.524768, 126.994514 37.524783, 126.994464 37.524802, 126.994417 37.524824, 126.994372 37.524851, 126.994331 37.52488, 126.994294 37.524913, 126.994261 37.524949, 126.994232 37.524987, 126.994208 37.525027, 126.99419 37.525068, 126.994176 37.525111, 126.994168 37.525155, 126.994165 37.525199, 126.994168 37.525243, 126.994176 37.525287, 126.99419 37.52533, 126.994208 37.525371, 126.994232 37.525411, 126.99426 37.525449, 126.994294 37.525485, 126.994331 37.525518, 126.994372 37.525547, 126.994417 37.525574, 126.994464 37.525596, 126.994514 37.525615, 126.994567 37.52563, 126.99462 37.525641, 126.994675 37.525647, 126.994731 37.52565, 126.994786 37.525647, 126.994841 37.525641, 126.994895 37.52563, 126.994947 37.525615, 126.994997 37.525596, 126.995045 37.525574, 126.99509 37.525547, 126.995131 37.525518, 126.995168 37.525485, 126.995201 37.525449, 126.99523 37.525411, 126.995253 37.525371, 126.995272 37.52533, 126.995286 37.525287, 126.995294 37.525243, 126.995296 37.525199))"
어린이집,점50m,"POLYGON ((126.955825 37.538307, 126.955822 37.538263, 126.955814 37.53822, 126.955801 37.538177, 126.955782 37.538135, 126.955758 37.538095, 126.95573 37.538057, 126.955697 37.538022, 126.95566 37.537989, 126.955618 37.537959, 126.955574 37.537933, 126.955526 37.53791, 126.955476 37.537891, 126.955424 37.537876, 126.95537 37.537865, 126.955315 37.537859, 126.95526 37.537857, 126.955204 37.537859, 126.955149 37.537865, 126.955095 37.537876, 126.955043 37.537891, 126.954993 37.53791, 126.954945 37.537933, 126.954901 37.537959, 126.954859 37.537988, 126.954822 37.538021, 126.954789 37.538057, 126.95476 37.538095, 126.954737 37.538135, 126.954718 37.538176, 126.954704 37.538219, 126.954696 37.538263, 126.954694 37.538307, 126.954696 37.538351, 126.954704 37.538395, 126.954718 37.538438, 126.954737 37.538479, 126.95476 37.538519, 126.954789 37.538557, 126.954822 37.538593, 126.954859 37.538626, 126.9549 37.538655, 126.954945 37.538682, 126.954992 37.538704, 126.955043 37.538723, 126.955095 37.538738, 126.955149 37.538749, 126.955204 37.538756, 126.955259 37.538758, 126.955314 37.538756, 126.955369 37.538749, 126.955423 37.538738, 126.955476 37.538723, 126.955526 37.538705, 126.955573 37.538682, 126.955618 37.538656, 126.955659 37.538626, 126.955696 37.538593, 126.95573 37.538558, 126.955758 37.53852, 126.955782 37.53848, 126.955801 37.538438, 126.955814 37.538395, 126.955822 37.538352, 126.955825 37.538307))"
어린이집,점50m,"POLYGON ((126.990912 37.532442, 126.99091 37.532398, 126.990901 37.532354, 126.990888 37.532311, 126.990869 37.53227, 126.990846 37.53223, 126.990817 37.532192, 126.990784 37.532156, 126.990747 37.532124, 126.990706 37.532094, 126.990661 37.532068, 126.990613 37.532045, 126.990563 37.532026, 126.990511 37.532011, 126.990457 37.532, 126.990402 37.531994, 126.990347 37.531992, 126.990291 37.531994, 126.990236 37.532, 126.990182 37.532011, 126.99013 37.532026, 126.99008 37.532045, 126.990032 37.532067, 126.989988 37.532094, 126.989947 37.532123, 126.989909 37.532156, 126.989876 37.532192, 126.989848 37.53223, 126.989824 37.53227, 126.989805 37.532311, 126.989792 37.532354, 126.989784 37.532398, 126.989781 37.532442, 126.989784 37.532486, 126.989792 37.53253, 126.989805 37.532573, 126.989824 37.532614, 126.989848 37.532654, 126.989876 37.532692, 126.989909 37.532728, 126.989947 37.532761, 126.989988 37.53279, 126.990032 37.532817, 126.99008 37.532839, 126.99013 37.532858, 126.990182 37.532873, 126.990236 37.532884, 126.990291 37.53289, 126.990347 37.532893, 126.990402 37.53289, 126.990457 37.532884, 126.990511 37.532873, 126.990563 37.532858, 126.990613 37.532839, 126.990661 37.532817, 126.990705 37.53279, 126.990747 37.532761, 126.990784 37.532728, 126.990817 37.532692, 126.990845 37.532654, 126.990869 37.532615, 126.990888 37.532573, 126.990901 37.53253, 126.99091 37.532486, 126.990912 37.532442))"
어린이집,점50m,"POLYGON ((126.951368 37.534879, 126.951366 37.534835, 126.951358 37.534791, 126.951344 37.534748, 126.951325 37.534707, 126.951302 37.534667, 126.951273 37.534629, 126.95124 37.534593, 126.951203 37.53456, 126.951162 37.534531, 126.951117 37.534504, 126.95107 37.534482, 126.951019 37.534463, 126.950967 37.534448, 126.950913 37.534437, 126.950858 37.534431, 126.950803 37.534428, 126.950748 37.534431, 126.950693 37.534437, 126.950639 37.534448, 126.950586 37.534463, 126.950536 37.534481, 126.950489 37.534504, 126.950444 37.53453, 126.950403 37.53456, 126.950366 37.534593, 126.950332 37.534628, 126.950304 37.534666, 126.95028 37.534706, 126.950261 37.534748, 126.950248 37.534791, 126.95024 37.534834, 126.950237 37.534879, 126.95024 37.534923, 126.950248 37.534967, 126.950261 37.535009, 126.95028 37.535051, 126.950304 37.535091, 126.950332 37.535129, 126.950365 37.535164, 126.950402 37.535197, 126.950444 37.535227, 126.950488 37.535253, 126.950536 37.535276, 126.950586 37.535295, 126.950638 37.53531, 126.950692 37.535321, 126.950747 37.535327, 126.950802 37.535329, 126.950858 37.535327, 126.950913 37.535321, 126.950967 37.53531, 126.951019 37.535295, 126.951069 37.535276, 126.951117 37.535254, 126.951161 37.535227, 126.951203 37.535198, 126.95124 37.535165, 126.951273 37.535129, 126.951301 37.535091, 126.951325 37.535051, 126.951344 37.53501, 126.951357 37.534967, 126.951366 37.534923, 126.951368 37.534879))"
어린이집,점50m,"POLYGON ((126.969309 37.524673, 126.969306 37.524629, 126.969298 37.524586, 126.969284 37.524543, 126.969266 37.524501, 126.969242 37.524461, 126.969214 37.524423, 126.96918 37.524388, 126.969143 37.524355, 126.969102 37.524325, 126.969058 37.524299, 126.96901 37.524276, 126.96896 37.524257, 126.968907 37.524242, 126.968854 37.524231, 126.968799 37.524225, 126.968743 37.524223, 126.968688 37.524225, 126.968633 37.524231, 126.968579 37.524242, 126.968527 37.524257, 126.968477 37.524276, 126.968429 37.524299, 126.968384 37.524325, 126.968343 37.524355, 126.968306 37.524387, 126.968273 37.524423, 126.968244 37.524461, 126.968221 37.524501, 126.968202 37.524542, 126.968188 37.524585, 126.96818 37.524629, 126.968177 37.524673, 126.96818 37.524717, 126.968188 37.524761, 126.968202 37.524804, 126.96822 37.524846, 126.968244 37.524885, 126.968273 37.524923, 126.968306 37.524959, 126.968343 37.524992, 126.968384 37.525021, 126.968429 37.525048, 126.968476 37.52507, 126.968526 37.525089, 126.968579 37.525104, 126.968633 37.525115, 126.968687 37.525122, 126.968743 37.525124, 126.968798 37.525122, 126.968853 37.525115, 126.968907 37.525104, 126.968959 37.52509, 126.96901 37.525071, 126.969057 37.525048, 126.969102 37.525022, 126.969143 37.524992, 126.96918 37.524959, 126.969213 37.524924, 126.969242 37.524886, 126.969266 37.524846, 126.969284 37.524804, 126.969298 37.524761, 126.969306 37.524718, 126.969309 37.524673))"
어린이집,점50m,"POLYGON ((126.978237 37.533583, 126.978234 37.533539, 126.978226 37.533495, 126.978213 37.533452, 126.978194 37.53341, 126.97817 37.533371, 126.978142 37.533333, 126.978109 37.533297, 126.978072 37.533264, 126.97803 37.533235, 126.977986 37.533208, 126.977938 37.533186, 126.977888 37.533167, 126.977836 37.533152, 126.977782 37.533141, 126.977727 37.533134, 126.977672 37.533132, 126.977616 37.533134, 126.977561 37.533141, 126.977507 37.533152, 126.977455 37.533167, 126.977405 37.533185, 126.977357 37.533208, 126.977313 37.533234, 126.977271 37.533264, 126.977234 37.533297, 126.977201 37.533332, 126.977173 37.53337, 126.977149 37.53341, 126.97713 37.533452, 126.977117 37.533495, 126.977108 37.533539, 126.977106 37.533583, 126.977108 37.533627, 126.977117 37.533671, 126.97713 37.533713, 126.977149 37.533755, 126.977172 37.533795, 126.977201 37.533833, 126.977234 37.533868, 126.977271 37.533901, 126.977312 37.533931, 126.977357 37.533957, 126.977405 37.53398, 126.977455 37.533999, 126.977507 37.534014, 126.977561 37.534025, 126.977616 37.534031, 126.977671 37.534033, 126.977727 37.534031, 126.977782 37.534025, 126.977835 37.534014, 126.977888 37.533999, 126.977938 37.53398, 126.977986 37.533957, 126.97803 37.533931, 126.978071 37.533901, 126.978109 37.533869, 126.978142 37.533833, 126.97817 37.533795, 126.978194 37.533755, 126.978213 37.533714, 126.978226 37.533671, 126.978234 37.533627, 126.978237 37.533583))"
어린이집,점50m,"POLYGON ((126.990204 37.519039, 126.990201 37.518994, 126.990193 37.518951, 126.99018 37.518908, 126.990161 37.518866, 126.990137 37.518826, 126.990109 37.518788, 126.990076 37.518753, 126.990038 37.51872, 126.989997 37.51869, 126.989953 37.518664, 126.989905 37.518641, 126.989855 37.518622, 126.989803 37.518607, 126.989749 37.518597, 126.989694 37.51859, 126.989638 37.518588, 126.989583 37.51859, 126.989528 37.518597, 126.989474 37.518607, 126.989422 37.518622, 126.989372 37.518641, 126.989324 37.518664, 126.98928 37.51869, 126.989239 37.51872, 126.989201 37.518753, 126.989168 37.518788, 126.98914 37.518826, 126.989116 37.518866, 126.989097 37.518908, 126.989084 37.518951, 126.989076 37.518994, 126.989073 37.519038, 126.989076 37.519083, 126.989084 37.519126, 126.989097 37.519169, 126.989116 37.519211, 126.98914 37.519251, 126.989168 37.519289, 126.989201 37.519324, 126.989238 37.519357, 126.98928 37.519387, 126.989324 37.519413, 126.989372 37.519436, 126.989422 37.519455, 126.989474 37.51947, 126.989528 37.51948, 126.989583 37.519487, 126.989638 37.519489, 126.989694 37.519487, 126.989749 37.51948, 126.989803 37.51947, 126.989855 37.519455, 126.989905 37.519436, 126.989953 37.519413, 126.989997 37.519387, 126.990038 37.519357, 126.990076 37.519324, 126.990109 37.519289, 126.990137 37.519251, 126.990161 37.519211, 126.99018 37.519169, 126.990193 37.519126, 126.990201 37.519083, 126.990204 37.519039))"
어린이집,점50m,"POLYGON ((126.960313 37.525468, 126.960311 37.525424, 126.960302 37.525381, 126.960289 37.525338, 126.96027 37.525296, 126.960247 37.525256, 126.960218 37.525218, 126.960185 37.525183, 126.960148 37.52515, 126.960107 37.52512, 126.960062 37.525094, 126.960014 37.525071, 126.959964 37.525052, 126.959912 37.525037, 126.959858 37.525026, 126.959803 37.52502, 126.959748 37.525018, 126.959692 37.52502, 126.959637 37.525026, 126.959584 37.525037, 126.959531 37.525052, 126.959481 37.525071, 126.959434 37.525094, 126.959389 37.52512, 126.959348 37.52515, 126.959311 37.525182, 126.959277 37.525218, 126.959249 37.525256, 126.959225 37.525296, 126.959206 37.525337, 126.959193 37.52538, 126.959185 37.525424, 126.959182 37.525468, 126.959185 37.525512, 126.959193 37.525556, 126.959206 37.525599, 126.959225 37.52564, 126.959249 37.52568, 126.959277 37.525718, 126.95931 37.525754, 126.959347 37.525787, 126.959389 37.525816, 126.959433 37.525843, 126.959481 37.525865, 126.959531 37.525884, 126.959583 37.525899, 126.959637 37.52591, 126.959692 37.525917, 126.959747 37.525919, 126.959803 37.525917, 126.959858 37.52591, 126.959912 37.525899, 126.959964 37.525885, 126.960014 37.525866, 126.960062 37.525843, 126.960106 37.525817, 126.960147 37.525787, 126.960185 37.525754, 126.960218 37.525719, 126.960246 37.525681, 126.96027 37.525641, 126.960289 37.525599, 126.960302 37.525556, 126.96031 37.525513, 126.960313 37.525468))"
어린이집,점50m,"POLYGON ((126.999859 37.537465, 126.999857 37.537421, 126.999848 37.537377, 126.999835 37.537334, 126.999816 37.537293, 126.999793 37.537253, 126.999764 37.537215, 126.999731 37.537179, 126.999694 37.537146, 126.999652 37.537117, 126.999608 37.53709, 126.99956 37.537068, 126.99951 37.537049, 126.999458 37.537034, 126.999404 37.537023, 126.999349 37.537017, 126.999294 37.537014, 126.999238 37.537017, 126.999183 37.537023, 126.999129 37.537034, 126.999077 37.537049, 126.999027 37.537068, 126.998979 37.53709, 126.998935 37.537117, 126.998894 37.537146, 126.998856 37.537179, 126.998823 37.537215, 126.998795 37.537253, 126.998771 37.537293, 126.998752 37.537334, 126.998739 37.537377, 126.998731 37.537421, 126.998728 37.537465, 126.998731 37.537509, 126.998739 37.537553, 126.998752 37.537596, 126.998771 37.537637, 126.998795 37.537677, 126.998823 37.537715, 126.998856 37.537751, 126.998894 37.537784, 126.998935 37.537813, 126.998979 37.53784, 126.999027 37.537862, 126.999077 37.537881, 126.999129 37.537896, 126.999183 37.537907, 126.999238 37.537913, 126.999294 37.537915, 126.999349 37.537913, 126.999404 37.537907, 126.999458 37.537896, 126.99951 37.537881, 126.99956 37.537862, 126.999608 37.53784, 126.999652 37.537813, 126.999694 37.537784, 126.999731 37.537751, 126.999764 37.537715, 126.999793 37.537677, 126.999816 37.537637, 126.999835 37.537596, 126.999848 37.537553, 126.999857 37.537509, 126.999859 37.537465))"
어린이집,점50m,"POLYGON ((126.967262 37.548094, 126.967259 37.54805, 126.967251 37.548006, 126.967238 37.547963, 126.967219 37.547922, 126.967195 37.547882, 126.967167 37.547844, 126.967134 37.547808, 126.967097 37.547776, 126.967055 37.547746, 126.967011 37.54772, 126.966963 37.547697, 126.966913 37.547678, 126.966861 37.547663, 126.966807 37.547652, 126.966752 37.547646, 126.966697 37.547644, 126.966641 37.547646, 126.966586 37.547652, 126.966532 37.547663, 126.96648 37.547678, 126.96643 37.547697, 126.966382 37.547719, 126.966338 37.547746, 126.966296 37.547775, 126.966259 37.547808, 126.966226 37.547844, 126.966197 37.547881, 126.966174 37.547921, 126.966155 37.547963, 126.966141 37.548006, 126.966133 37.54805, 126.96613 37.548094, 126.966133 37.548138, 126.966141 37.548182, 126.966155 37.548225, 126.966173 37.548266, 126.966197 37.548306, 126.966226 37.548344, 126.966259 37.54838, 126.966296 37.548412, 126.966337 37.548442, 126.966382 37.548468, 126.966429 37.548491, 126.96648 37.54851, 126.966532 37.548525, 126.966586 37.548536, 126.966641 37.548542, 126.966696 37.548544, 126.966752 37.548542, 126.966806 37.548536, 126.96686 37.548525, 126.966913 37.54851, 126.966963 37.548491, 126.96701 37.548469, 126.967055 37.548442, 126.967096 37.548413, 126.967134 37.54838, 126.967167 37.548344, 126.967195 37.548307, 126.967219 37.548267, 126.967238 37.548225, 126.967251 37.548182, 126.967259 37.548138, 126.967262 37.548094))"
어린이집,점50m,"POLYGON ((126.969142 37.53672, 126.96914 37.536675, 126.969131 37.536632, 126.969118 37.536589, 126.969099 37.536547, 126.969076 37.536507, 126.969047 37.536469, 126.969014 37.536434, 126.968977 37.536401, 126.968936 37.536371, 126.968891 37.536345, 126.968843 37.536322, 126.968793 37.536303, 126.968741 37.536288, 126.968687 37.536278, 126.968632 37.536271, 126.968577 37.536269, 126.968521 37.536271, 126.968466 37.536278, 126.968412 37.536288, 126.96836 37.536303, 126.96831 37.536322, 126.968262 37.536345, 126.968218 37.536371, 126.968177 37.536401, 126.968139 37.536434, 126.968106 37.536469, 126.968078 37.536507, 126.968054 37.536547, 126.968035 37.536589, 126.968022 37.536631, 126.968014 37.536675, 126.968011 37.536719, 126.968013 37.536764, 126.968022 37.536807, 126.968035 37.53685, 126.968054 37.536892, 126.968077 37.536932, 126.968106 37.53697, 126.968139 37.537005, 126.968176 37.537038, 126.968217 37.537068, 126.968262 37.537094, 126.96831 37.537117, 126.96836 37.537136, 126.968412 37.537151, 126.968466 37.537161, 126.968521 37.537168, 126.968576 37.53717, 126.968632 37.537168, 126.968687 37.537161, 126.968741 37.537151, 126.968793 37.537136, 126.968843 37.537117, 126.968891 37.537094, 126.968935 37.537068, 126.968976 37.537038, 126.969014 37.537005, 126.969047 37.53697, 126.969075 37.536932, 126.969099 37.536892, 126.969118 37.53685, 126.969131 37.536808, 126.969139 37.536764, 126.969142 37.53672))"
어린이집,점50m,"POLYGON ((126.982256 37.547431, 126.982253 37.547386, 126.982245 37.547343, 126.982231 37.5473, 126.982213 37.547258, 126.982189 37.547218, 126.98216 37.54718, 126.982127 37.547145, 126.98209 37.547112, 126.982049 37.547082, 126.982004 37.547056, 126.981957 37.547033, 126.981906 37.547014, 126.981854 37.546999, 126.9818 37.546989, 126.981745 37.546982, 126.98169 37.54698, 126.981634 37.546982, 126.98158 37.546989, 126.981526 37.546999, 126.981473 37.547014, 126.981423 37.547033, 126.981376 37.547056, 126.981331 37.547082, 126.98129 37.547112, 126.981252 37.547145, 126.981219 37.54718, 126.981191 37.547218, 126.981167 37.547258, 126.981148 37.5473, 126.981135 37.547342, 126.981127 37.547386, 126.981124 37.54743, 126.981127 37.547475, 126.981135 37.547518, 126.981148 37.547561, 126.981167 37.547603, 126.981191 37.547643, 126.981219 37.547681, 126.981252 37.547716, 126.98129 37.547749, 126.981331 37.547779, 126.981375 37.547805, 126.981423 37.547828, 126.981473 37.547847, 126.981525 37.547862, 126.981579 37.547872, 126.981634 37.547879, 126.98169 37.547881, 126.981745 37.547879, 126.9818 37.547872, 126.981854 37.547862, 126.981906 37.547847, 126.981956 37.547828, 126.982004 37.547805, 126.982049 37.547779, 126.98209 37.547749, 126.982127 37.547716, 126.98216 37.547681, 126.982189 37.547643, 126.982212 37.547603, 126.982231 37.547561, 126.982245 37.547518, 126.982253 37.547475, 126.982256 37.547431))"
어린이집,점50m,"POLYGON ((127.001038 37.534533, 127.001035 37.534489, 127.001027 37.534445, 127.001014 37.534402, 127.000995 37.534361, 127.000971 37.534321, 127.000943 37.534283, 127.000909 37.534247, 127.000872 37.534214, 127.000831 37.534185, 127.000786 37.534158, 127.000739 37.534136, 127.000689 37.534117, 127.000636 37.534102, 127.000583 37.534091, 127.000528 37.534085, 127.000472 37.534083, 127.000417 37.534085, 127.000362 37.534091, 127.000308 37.534102, 127.000256 37.534117, 127.000206 37.534136, 127.000158 37.534158, 127.000113 37.534185, 127.000072 37.534214, 127.000035 37.534247, 127.000002 37.534283, 126.999973 37.534321, 126.99995 37.534361, 126.999931 37.534402, 126.999917 37.534445, 126.999909 37.534489, 126.999906 37.534533, 126.999909 37.534577, 126.999917 37.534621, 126.999931 37.534664, 126.99995 37.534705, 126.999973 37.534745, 127.000002 37.534783, 127.000035 37.534819, 127.000072 37.534852, 127.000113 37.534881, 127.000158 37.534908, 127.000206 37.53493, 127.000256 37.534949, 127.000308 37.534964, 127.000362 37.534975, 127.000417 37.534981, 127.000472 37.534984, 127.000528 37.534981, 127.000583 37.534975, 127.000636 37.534964, 127.000689 37.534949, 127.000739 37.53493, 127.000786 37.534908, 127.000831 37.534881, 127.000872 37.534852, 127.00091 37.534819, 127.000943 37.534783, 127.000971 37.534745, 127.000995 37.534705, 127.001014 37.534664, 127.001027 37.534621, 127.001035 37.534577, 127.001038 37.534533))"
어린이집,점50m,"POLYGON ((126.967538 37.549425, 126.967535 37.549381, 126.967527 37.549337, 126.967514 37.549294, 126.967495 37.549252, 126.967471 37.549212, 126.967443 37.549174, 126.96741 37.549139, 126.967372 37.549106, 126.967331 37.549076, 126.967287 37.54905, 126.967239 37.549027, 126.967189 37.549008, 126.967137 37.548993, 126.967083 37.548983, 126.967028 37.548976, 126.966972 37.548974, 126.966917 37.548976, 126.966862 37.548983, 126.966808 37.548993, 126.966756 37.549008, 126.966706 37.549027, 126.966658 37.54905, 126.966613 37.549076, 126.966572 37.549106, 126.966535 37.549139, 126.966502 37.549174, 126.966473 37.549212, 126.96645 37.549252, 126.966431 37.549294, 126.966417 37.549336, 126.966409 37.54938, 126.966406 37.549424, 126.966409 37.549469, 126.966417 37.549512, 126.966431 37.549555, 126.966449 37.549597, 126.966473 37.549637, 126.966502 37.549675, 126.966535 37.54971, 126.966572 37.549743, 126.966613 37.549773, 126.966658 37.549799, 126.966705 37.549822, 126.966755 37.549841, 126.966808 37.549856, 126.966862 37.549866, 126.966917 37.549873, 126.966972 37.549875, 126.967027 37.549873, 126.967082 37.549866, 126.967136 37.549856, 126.967189 37.549841, 126.967239 37.549822, 126.967286 37.549799, 126.967331 37.549773, 126.967372 37.549743, 126.967409 37.54971, 126.967443 37.549675, 126.967471 37.549637, 126.967495 37.549597, 126.967514 37.549555, 126.967527 37.549513, 126.967535 37.549469, 126.967538 37.549425))"
어린이집,점50m,"POLYGON ((126.963923 37.543547, 126.96392 37.543503, 126.963912 37.543459, 126.963899 37.543416, 126.96388 37.543375, 126.963856 37.543335, 126.963828 37.543297, 126.963795 37.543261, 126.963758 37.543229, 126.963716 37.543199, 126.963672 37.543172, 126.963624 37.54315, 126.963574 37.543131, 126.963522 37.543116, 126.963468 37.543105, 126.963413 37.543099, 126.963358 37.543096, 126.963302 37.543099, 126.963247 37.543105, 126.963193 37.543116, 126.963141 37.543131, 126.963091 37.54315, 126.963043 37.543172, 126.962999 37.543199, 126.962957 37.543228, 126.96292 37.543261, 126.962887 37.543296, 126.962859 37.543334, 126.962835 37.543374, 126.962816 37.543416, 126.962803 37.543459, 126.962794 37.543503, 126.962792 37.543547, 126.962794 37.543591, 126.962802 37.543635, 126.962816 37.543678, 126.962835 37.543719, 126.962858 37.543759, 126.962887 37.543797, 126.96292 37.543833, 126.962957 37.543865, 126.962998 37.543895, 126.963043 37.543921, 126.96309 37.543944, 126.963141 37.543963, 126.963193 37.543978, 126.963247 37.543989, 126.963302 37.543995, 126.963357 37.543997, 126.963413 37.543995, 126.963468 37.543989, 126.963521 37.543978, 126.963574 37.543963, 126.963624 37.543944, 126.963672 37.543922, 126.963716 37.543895, 126.963757 37.543866, 126.963795 37.543833, 126.963828 37.543797, 126.963856 37.543759, 126.96388 37.543719, 126.963899 37.543678, 126.963912 37.543635, 126.96392 37.543591, 126.963923 37.543547))"
어린이집,점50m,"POLYGON ((126.986383 37.546136, 126.986381 37.546092, 126.986372 37.546048, 126.986359 37.546005, 126.98634 37.545964, 126.986317 37.545924, 126.986288 37.545886, 126.986255 37.54585, 126.986218 37.545818, 126.986177 37.545788, 126.986132 37.545761, 126.986084 37.545739, 126.986034 37.54572, 126.985982 37.545705, 126.985928 37.545694, 126.985873 37.545688, 126.985818 37.545686, 126.985762 37.545688, 126.985707 37.545694, 126.985653 37.545705, 126.985601 37.54572, 126.985551 37.545739, 126.985503 37.545761, 126.985459 37.545788, 126.985417 37.545817, 126.98538 37.54585, 126.985347 37.545886, 126.985319 37.545924, 126.985295 37.545964, 126.985276 37.546005, 126.985263 37.546048, 126.985254 37.546092, 126.985252 37.546136, 126.985254 37.54618, 126.985263 37.546224, 126.985276 37.546267, 126.985295 37.546308, 126.985318 37.546348, 126.985347 37.546386, 126.98538 37.546422, 126.985417 37.546455, 126.985458 37.546484, 126.985503 37.546511, 126.985551 37.546533, 126.985601 37.546552, 126.985653 37.546567, 126.985707 37.546578, 126.985762 37.546584, 126.985817 37.546587, 126.985873 37.546584, 126.985928 37.546578, 126.985982 37.546567, 126.986034 37.546552, 126.986084 37.546533, 126.986132 37.546511, 126.986176 37.546484, 126.986218 37.546455, 126.986255 37.546422, 126.986288 37.546386, 126.986316 37.546348, 126.98634 37.546308, 126.986359 37.546267, 126.986372 37.546224, 126.986381 37.54618, 126.986383 37.546136))"
어린이집,점50m,"POLYGON ((126.966593 37.553997, 126.966591 37.553953, 126.966582 37.553909, 126.966569 37.553867, 126.96655 37.553825, 126.966527 37.553785, 126.966498 37.553747, 126.966465 37.553711, 126.966428 37.553679, 126.966387 37.553649, 126.966342 37.553623, 126.966294 37.5536, 126.966244 37.553581, 126.966192 37.553566, 126.966138 37.553555, 126.966083 37.553549, 126.966028 37.553547, 126.965972 37.553549, 126.965917 37.553555, 126.965863 37.553566, 126.965811 37.553581, 126.965761 37.5536, 126.965713 37.553622, 126.965669 37.553649, 126.965627 37.553678, 126.96559 37.553711, 126.965557 37.553747, 126.965528 37.553785, 126.965505 37.553825, 126.965486 37.553866, 126.965472 37.553909, 126.965464 37.553953, 126.965462 37.553997, 126.965464 37.554041, 126.965472 37.554085, 126.965486 37.554128, 126.965505 37.554169, 126.965528 37.554209, 126.965557 37.554247, 126.96559 37.554283, 126.965627 37.554316, 126.965668 37.554345, 126.965713 37.554372, 126.96576 37.554394, 126.965811 37.554413, 126.965863 37.554428, 126.965917 37.554439, 126.965972 37.554445, 126.966027 37.554448, 126.966083 37.554445, 126.966138 37.554439, 126.966191 37.554428, 126.966244 37.554413, 126.966294 37.554395, 126.966342 37.554372, 126.966386 37.554345, 126.966427 37.554316, 126.966465 37.554283, 126.966498 37.554248, 126.966526 37.55421, 126.96655 37.55417, 126.966569 37.554128, 126.966582 37.554085, 126.966591 37.554041, 126.966593 37.553997))"
어린이집,점50m,"POLYGON ((126.955825 37.538307, 126.955822 37.538263, 126.955814 37.53822, 126.955801 37.538177, 126.955782 37.538135, 126.955758 37.538095, 126.95573 37.538057, 126.955697 37.538022, 126.95566 37.537989, 126.955618 37.537959, 126.955574 37.537933, 126.955526 37.53791, 126.955476 37.537891, 126.955424 37.537876, 126.95537 37.537865, 126.955315 37.537859, 126.95526 37.537857, 126.955204 37.537859, 126.955149 37.537865, 126.955095 37.537876, 126.955043 37.537891, 126.954993 37.53791, 126.954945 37.537933, 126.954901 37.537959, 126.954859 37.537988, 126.954822 37.538021, 126.954789 37.538057, 126.95476 37.538095, 126.954737 37.538135, 126.954718 37.538176, 126.954704 37.538219, 126.954696 37.538263, 126.954694 37.538307, 126.954696 37.538351, 126.954704 37.538395, 126.954718 37.538438, 126.954737 37.538479, 126.95476 37.538519, 126.954789 37.538557, 126.954822 37.538593, 126.954859 37.538626, 126.9549 37.538655, 126.954945 37.538682, 126.954992 37.538704, 126.955043 37.538723, 126.955095 37.538738, 126.955149 37.538749, 126.955204 37.538756, 126.955259 37.538758, 126.955314 37.538756, 126.955369 37.538749, 126.955423 37.538738, 126.955476 37.538723, 126.955526 37.538705, 126.955573 37.538682, 126.955618 37.538656, 126.955659 37.538626, 126.955696 37.538593, 126.95573 37.538558, 126.955758 37.53852, 126.955782 37.53848, 126.955801 37.538438, 126.955814 37.538395, 126.955822 37.538352, 126.955825 37.538307))"
어린이집,점50m,"POLYGON ((126.963548 37.541234, 126.963545 37.54119, 126.963537 37.541147, 126.963524 37.541104, 126.963505 37.541062, 126.963481 37.541022, 126.963453 37.540984, 126.96342 37.540949, 126.963382 37.540916, 126.963341 37.540886, 126.963297 37.54086, 126.963249 37.540837, 126.963199 37.540818, 126.963147 37.540803, 126.963093 37.540792, 126.963038 37.540786, 126.962982 37.540784, 126.962927 37.540786, 126.962872 37.540792, 126.962818 37.540803, 126.962766 37.540818, 126.962716 37.540837, 126.962668 37.54086, 126.962623 37.540886, 126.962582 37.540916, 126.962545 37.540948, 126.962512 37.540984, 126.962483 37.541022, 126.962459 37.541062, 126.962441 37.541103, 126.962427 37.541146, 126.962419 37.54119, 126.962416 37.541234, 126.962419 37.541278, 126.962427 37.541322, 126.962441 37.541365, 126.962459 37.541407, 126.962483 37.541446, 126.962512 37.541484, 126.962545 37.54152, 126.962582 37.541553, 126.962623 37.541582, 126.962668 37.541609, 126.962715 37.541631, 126.962765 37.54165, 126.962818 37.541665, 126.962872 37.541676, 126.962926 37.541683, 126.962982 37.541685, 126.963037 37.541683, 126.963092 37.541676, 126.963146 37.541665, 126.963198 37.541651, 126.963249 37.541632, 126.963296 37.541609, 126.963341 37.541583, 126.963382 37.541553, 126.963419 37.54152, 126.963452 37.541485, 126.963481 37.541447, 126.963505 37.541407, 126.963523 37.541365, 126.963537 37.541322, 126.963545 37.541279, 126.963548 37.541234))"
어린이집,점50m,"POLYGON ((126.973923 37.552385, 126.97392 37.552341, 126.973912 37.552297, 126.973899 37.552255, 126.97388 37.552213, 126.973856 37.552173, 126.973828 37.552135, 126.973795 37.552099, 126.973758 37.552067, 126.973716 37.552037, 126.973672 37.552011, 126.973624 37.551988, 126.973574 37.551969, 126.973522 37.551954, 126.973468 37.551943, 126.973413 37.551937, 126.973357 37.551935, 126.973302 37.551937, 126.973247 37.551943, 126.973193 37.551954, 126.973141 37.551969, 126.973091 37.551988, 126.973043 37.552011, 126.972998 37.552037, 126.972957 37.552067, 126.97292 37.552099, 126.972887 37.552135, 126.972858 37.552173, 126.972835 37.552213, 126.972816 37.552254, 126.972802 37.552297, 126.972794 37.552341, 126.972791 37.552385, 126.972794 37.552429, 126.972802 37.552473, 126.972816 37.552516, 126.972834 37.552557, 126.972858 37.552597, 126.972887 37.552635, 126.97292 37.552671, 126.972957 37.552704, 126.972998 37.552733, 126.973043 37.55276, 126.97309 37.552782, 126.973141 37.552801, 126.973193 37.552816, 126.973247 37.552827, 126.973302 37.552833, 126.973357 37.552836, 126.973413 37.552834, 126.973468 37.552827, 126.973521 37.552816, 126.973574 37.552801, 126.973624 37.552783, 126.973672 37.55276, 126.973716 37.552734, 126.973757 37.552704, 126.973795 37.552671, 126.973828 37.552636, 126.973856 37.552598, 126.97388 37.552558, 126.973899 37.552516, 126.973912 37.552473, 126.97392 37.552429, 126.973923 37.552385))"
어린이집,점50m,"POLYGON ((126.95605 37.539108, 126.956048 37.539064, 126.956039 37.53902, 126.956026 37.538977, 126.956007 37.538935, 126.955984 37.538895, 126.955955 37.538857, 126.955922 37.538822, 126.955885 37.538789, 126.955844 37.538759, 126.955799 37.538733, 126.955751 37.53871, 126.955701 37.538691, 126.955649 37.538677, 126.955595 37.538666, 126.95554 37.538659, 126.955485 37.538657, 126.955429 37.538659, 126.955374 37.538666, 126.955321 37.538676, 126.955268 37.538691, 126.955218 37.53871, 126.95517 37.538733, 126.955126 37.538759, 126.955085 37.538789, 126.955047 37.538822, 126.955014 37.538857, 126.954986 37.538895, 126.954962 37.538935, 126.954943 37.538977, 126.95493 37.539019, 126.954922 37.539063, 126.954919 37.539107, 126.954921 37.539151, 126.95493 37.539195, 126.954943 37.539238, 126.954962 37.53928, 126.954985 37.53932, 126.955014 37.539358, 126.955047 37.539393, 126.955084 37.539426, 126.955125 37.539456, 126.95517 37.539482, 126.955218 37.539505, 126.955268 37.539524, 126.95532 37.539539, 126.955374 37.539549, 126.955429 37.539556, 126.955484 37.539558, 126.95554 37.539556, 126.955595 37.539549, 126.955648 37.539539, 126.955701 37.539524, 126.955751 37.539505, 126.955799 37.539482, 126.955843 37.539456, 126.955884 37.539426, 126.955922 37.539394, 126.955955 37.539358, 126.955983 37.53932, 126.956007 37.53928, 126.956026 37.539239, 126.956039 37.539196, 126.956047 37.539152, 126.95605 37.539108))"
어린이집,점50m,"POLYGON ((127.000711 37.5263, 127.000708 37.526256, 127.0007 37.526212, 127.000687 37.526169, 127.000668 37.526128, 127.000644 37.526088, 127.000616 37.52605, 127.000583 37.526014, 127.000545 37.525982, 127.000504 37.525952, 127.00046 37.525926, 127.000412 37.525903, 127.000362 37.525884, 127.000309 37.525869, 127.000256 37.525858, 127.000201 37.525852, 127.000145 37.52585, 127.00009 37.525852, 127.000035 37.525858, 126.999981 37.525869, 126.999929 37.525884, 126.999879 37.525903, 126.999831 37.525926, 126.999786 37.525952, 126.999745 37.525982, 126.999708 37.526014, 126.999675 37.52605, 126.999646 37.526088, 126.999623 37.526128, 126.999604 37.526169, 126.999591 37.526212, 126.999582 37.526256, 126.99958 37.5263, 126.999582 37.526344, 126.999591 37.526388, 126.999604 37.526431, 126.999623 37.526473, 126.999646 37.526513, 126.999675 37.52655, 126.999708 37.526586, 126.999745 37.526619, 126.999786 37.526648, 126.999831 37.526675, 126.999879 37.526697, 126.999929 37.526716, 126.999981 37.526731, 127.000035 37.526742, 127.00009 37.526748, 127.000145 37.526751, 127.000201 37.526748, 127.000256 37.526742, 127.00031 37.526731, 127.000362 37.526716, 127.000412 37.526697, 127.00046 37.526675, 127.000504 37.526648, 127.000545 37.526619, 127.000583 37.526586, 127.000616 37.52655, 127.000644 37.526513, 127.000668 37.526473, 127.000687 37.526431, 127.0007 37.526388, 127.000708 37.526344, 127.000711 37.5263))"
어린이집,점50m,"POLYGON ((126.963229 37.543616, 126.963226 37.543572, 126.963218 37.543528, 126.963204 37.543485, 126.963186 37.543443, 126.963162 37.543403, 126.963133 37.543365, 126.9631 37.54333, 126.963063 37.543297, 126.963022 37.543267, 126.962977 37.543241, 126.96293 37.543218, 126.96288 37.543199, 126.962827 37.543185, 126.962773 37.543174, 126.962718 37.543167, 126.962663 37.543165, 126.962608 37.543167, 126.962553 37.543174, 126.962499 37.543184, 126.962446 37.543199, 126.962396 37.543218, 126.962349 37.543241, 126.962304 37.543267, 126.962263 37.543297, 126.962226 37.54333, 126.962192 37.543365, 126.962164 37.543403, 126.96214 37.543443, 126.962121 37.543485, 126.962108 37.543528, 126.9621 37.543571, 126.962097 37.543615, 126.9621 37.54366, 126.962108 37.543703, 126.962121 37.543746, 126.96214 37.543788, 126.962164 37.543828, 126.962192 37.543866, 126.962225 37.543901, 126.962263 37.543934, 126.962304 37.543964, 126.962348 37.54399, 126.962396 37.544013, 126.962446 37.544032, 126.962498 37.544047, 126.962552 37.544057, 126.962607 37.544064, 126.962663 37.544066, 126.962718 37.544064, 126.962773 37.544057, 126.962827 37.544047, 126.962879 37.544032, 126.962929 37.544013, 126.962977 37.54399, 126.963022 37.543964, 126.963063 37.543934, 126.9631 37.543902, 126.963133 37.543866, 126.963162 37.543828, 126.963185 37.543788, 126.963204 37.543747, 126.963218 37.543704, 126.963226 37.54366, 126.963229 37.543616))"
어린이집,점50m,"POLYGON ((126.97924 37.520005, 126.979237 37.519961, 126.979229 37.519917, 126.979216 37.519874, 126.979197 37.519832, 126.979173 37.519792, 126.979145 37.519754, 126.979112 37.519719, 126.979075 37.519686, 126.979033 37.519656, 126.978989 37.51963, 126.978941 37.519607, 126.978891 37.519588, 126.978839 37.519574, 126.978785 37.519563, 126.97873 37.519556, 126.978675 37.519554, 126.978619 37.519556, 126.978564 37.519563, 126.97851 37.519574, 126.978458 37.519588, 126.978408 37.519607, 126.97836 37.51963, 126.978316 37.519656, 126.978275 37.519686, 126.978237 37.519719, 126.978204 37.519754, 126.978176 37.519792, 126.978152 37.519832, 126.978133 37.519874, 126.97812 37.519917, 126.978112 37.51996, 126.978109 37.520005, 126.978112 37.520049, 126.97812 37.520092, 126.978133 37.520135, 126.978152 37.520177, 126.978176 37.520217, 126.978204 37.520255, 126.978237 37.52029, 126.978274 37.520323, 126.978316 37.520353, 126.97836 37.520379, 126.978408 37.520402, 126.978458 37.520421, 126.97851 37.520436, 126.978564 37.520446, 126.978619 37.520453, 126.978674 37.520455, 126.97873 37.520453, 126.978785 37.520447, 126.978839 37.520436, 126.978891 37.520421, 126.978941 37.520402, 126.978989 37.520379, 126.979033 37.520353, 126.979074 37.520323, 126.979112 37.520291, 126.979145 37.520255, 126.979173 37.520217, 126.979197 37.520177, 126.979216 37.520136, 126.979229 37.520093, 126.979237 37.520049, 126.97924 37.520005))"
어린이집,점50m,"POLYGON ((126.97924 37.520005, 126.979237 37.519961, 126.979229 37.519917, 126.979216 37.519874, 126.979197 37.519832, 126.979173 37.519792, 126.979145 37.519754, 126.979112 37.519719, 126.979075 37.519686, 126.979033 37.519656, 126.978989 37.51963, 126.978941 37.519607, 126.978891 37.519588, 126.978839 37.519574, 126.978785 37.519563, 126.97873 37.519556, 126.978675 37.519554, 126.978619 37.519556, 126.978564 37.519563, 126.97851 37.519574, 126.978458 37.519588, 126.978408 37.519607, 126.97836 37.51963, 126.978316 37.519656, 126.978275 37.519686, 126.978237 37.519719, 126.978204 37.519754, 126.978176 37.519792, 126.978152 37.519832, 126.978133 37.519874, 126.97812 37.519917, 126.978112 37.51996, 126.978109 37.520005, 126.978112 37.520049, 126.97812 37.520092, 126.978133 37.520135, 126.978152 37.520177, 126.978176 37.520217, 126.978204 37.520255, 126.978237 37.52029, 126.978274 37.520323, 126.978316 37.520353, 126.97836 37.520379, 126.978408 37.520402, 126.978458 37.520421, 126.97851 37.520436, 126.978564 37.520446, 126.978619 37.520453, 126.978674 37.520455, 126.97873 37.520453, 126.978785 37.520447, 126.978839 37.520436, 126.978891 37.520421, 126.978941 37.520402, 126.978989 37.520379, 126.979033 37.520353, 126.979074 37.520323, 126.979112 37.520291, 126.979145 37.520255, 126.979173 37.520217, 126.979197 37.520177, 126.979216 37.520136, 126.979229 37.520093, 126.979237 37.520049, 126.97924 37.520005))"
어린이집,점50m,"POLYGON ((126.961257 37.541565, 126.961254 37.541521, 126.961246 37.541477, 126.961232 37.541434, 126.961214 37.541392, 126.96119 37.541352, 126.961161 37.541314, 126.961128 37.541279, 126.961091 37.541246, 126.96105 37.541216, 126.961005 37.54119, 126.960958 37.541167, 126.960908 37.541148, 126.960855 37.541134, 126.960802 37.541123, 126.960747 37.541116, 126.960691 37.541114, 126.960636 37.541116, 126.960581 37.541123, 126.960527 37.541133, 126.960475 37.541148, 126.960424 37.541167, 126.960377 37.54119, 126.960332 37.541216, 126.960291 37.541246, 126.960254 37.541279, 126.960221 37.541314, 126.960192 37.541352, 126.960168 37.541392, 126.96015 37.541434, 126.960136 37.541477, 126.960128 37.54152, 126.960125 37.541564, 126.960128 37.541609, 126.960136 37.541652, 126.960149 37.541695, 126.960168 37.541737, 126.960192 37.541777, 126.96022 37.541815, 126.960253 37.54185, 126.960291 37.541883, 126.960332 37.541913, 126.960376 37.541939, 126.960424 37.541962, 126.960474 37.541981, 126.960526 37.541996, 126.96058 37.542006, 126.960635 37.542013, 126.960691 37.542015, 126.960746 37.542013, 126.960801 37.542007, 126.960855 37.541996, 126.960907 37.541981, 126.960957 37.541962, 126.961005 37.541939, 126.96105 37.541913, 126.961091 37.541883, 126.961128 37.541851, 126.961161 37.541815, 126.96119 37.541777, 126.961214 37.541737, 126.961232 37.541696, 126.961246 37.541653, 126.961254 37.541609, 126.961257 37.541565))"
어린이집,점50m,"POLYGON ((126.995952 37.535325, 126.995949 37.535281, 126.995941 37.535237, 126.995927 37.535194, 126.995908 37.535153, 126.995885 37.535113, 126.995856 37.535075, 126.995823 37.535039, 126.995786 37.535007, 126.995745 37.534977, 126.9957 37.534951, 126.995652 37.534928, 126.995602 37.534909, 126.99555 37.534894, 126.995496 37.534883, 126.995441 37.534877, 126.995386 37.534875, 126.99533 37.534877, 126.995275 37.534883, 126.995222 37.534894, 126.995169 37.534909, 126.995119 37.534928, 126.995072 37.534951, 126.995027 37.534977, 126.994986 37.535007, 126.994949 37.535039, 126.994915 37.535075, 126.994887 37.535113, 126.994863 37.535153, 126.994844 37.535194, 126.994831 37.535237, 126.994823 37.535281, 126.99482 37.535325, 126.994823 37.535369, 126.994831 37.535413, 126.994844 37.535456, 126.994863 37.535498, 126.994887 37.535537, 126.994915 37.535575, 126.994948 37.535611, 126.994986 37.535644, 126.995027 37.535673, 126.995071 37.5357, 126.995119 37.535722, 126.995169 37.535741, 126.995222 37.535756, 126.995275 37.535767, 126.99533 37.535773, 126.995386 37.535776, 126.995441 37.535773, 126.995496 37.535767, 126.99555 37.535756, 126.995602 37.535741, 126.995652 37.535722, 126.9957 37.5357, 126.995745 37.535673, 126.995786 37.535644, 126.995823 37.535611, 126.995856 37.535575, 126.995885 37.535538, 126.995908 37.535498, 126.995927 37.535456, 126.995941 37.535413, 126.995949 37.535369, 126.995952 37.535325))"
어린이집,점50m,"POLYGON ((126.964456 37.537567, 126.964454 37.537523, 126.964446 37.537479, 126.964432 37.537436, 126.964413 37.537395, 126.96439 37.537355, 126.964361 37.537317, 126.964328 37.537281, 126.964291 37.537248, 126.96425 37.537219, 126.964205 37.537192, 126.964157 37.53717, 126.964107 37.537151, 126.964055 37.537136, 126.964001 37.537125, 126.963946 37.537119, 126.963891 37.537116, 126.963835 37.537119, 126.96378 37.537125, 126.963727 37.537136, 126.963674 37.537151, 126.963624 37.53717, 126.963576 37.537192, 126.963532 37.537219, 126.963491 37.537248, 126.963453 37.537281, 126.96342 37.537316, 126.963392 37.537354, 126.963368 37.537394, 126.963349 37.537436, 126.963336 37.537479, 126.963328 37.537523, 126.963325 37.537567, 126.963328 37.537611, 126.963336 37.537655, 126.963349 37.537698, 126.963368 37.537739, 126.963392 37.537779, 126.96342 37.537817, 126.963453 37.537853, 126.96349 37.537885, 126.963532 37.537915, 126.963576 37.537941, 126.963624 37.537964, 126.963674 37.537983, 126.963726 37.537998, 126.96378 37.538009, 126.963835 37.538015, 126.96389 37.538017, 126.963946 37.538015, 126.964001 37.538009, 126.964055 37.537998, 126.964107 37.537983, 126.964157 37.537964, 126.964205 37.537942, 126.964249 37.537915, 126.96429 37.537886, 126.964328 37.537853, 126.964361 37.537817, 126.964389 37.537779, 126.964413 37.537739, 126.964432 37.537698, 126.964445 37.537655, 126.964454 37.537611, 126.964456 37.537567))"
어린이집,점50m,"POLYGON ((126.964094 37.523843, 126.964091 37.523799, 126.964083 37.523755, 126.96407 37.523712, 126.964051 37.523671, 126.964027 37.523631, 126.963999 37.523593, 126.963966 37.523557, 126.963928 37.523524, 126.963887 37.523495, 126.963843 37.523468, 126.963795 37.523446, 126.963745 37.523427, 126.963693 37.523412, 126.963639 37.523401, 126.963584 37.523395, 126.963529 37.523392, 126.963473 37.523394, 126.963418 37.523401, 126.963364 37.523412, 126.963312 37.523427, 126.963262 37.523445, 126.963214 37.523468, 126.96317 37.523494, 126.963128 37.523524, 126.963091 37.523557, 126.963058 37.523592, 126.96303 37.52363, 126.963006 37.52367, 126.962987 37.523712, 126.962974 37.523755, 126.962965 37.523799, 126.962963 37.523843, 126.962965 37.523887, 126.962973 37.523931, 126.962987 37.523973, 126.963006 37.524015, 126.963029 37.524055, 126.963058 37.524093, 126.963091 37.524128, 126.963128 37.524161, 126.963169 37.524191, 126.963214 37.524217, 126.963261 37.52424, 126.963312 37.524259, 126.963364 37.524274, 126.963418 37.524285, 126.963473 37.524291, 126.963528 37.524293, 126.963584 37.524291, 126.963638 37.524285, 126.963692 37.524274, 126.963745 37.524259, 126.963795 37.52424, 126.963842 37.524218, 126.963887 37.524191, 126.963928 37.524162, 126.963965 37.524129, 126.963998 37.524093, 126.964027 37.524055, 126.964051 37.524015, 126.96407 37.523974, 126.964083 37.523931, 126.964091 37.523887, 126.964094 37.523843))"
어린이집,점50m,"POLYGON ((126.96615 37.539825, 126.966147 37.53978, 126.966139 37.539737, 126.966125 37.539694, 126.966107 37.539652, 126.966083 37.539612, 126.966054 37.539574, 126.966021 37.539539, 126.965984 37.539506, 126.965943 37.539476, 126.965898 37.53945, 126.965851 37.539427, 126.9658 37.539408, 126.965748 37.539393, 126.965694 37.539383, 126.965639 37.539376, 126.965584 37.539374, 126.965529 37.539376, 126.965474 37.539383, 126.96542 37.539393, 126.965367 37.539408, 126.965317 37.539427, 126.96527 37.53945, 126.965225 37.539476, 126.965184 37.539506, 126.965147 37.539539, 126.965114 37.539574, 126.965085 37.539612, 126.965061 37.539652, 126.965042 37.539694, 126.965029 37.539736, 126.965021 37.53978, 126.965018 37.539824, 126.965021 37.539868, 126.965029 37.539912, 126.965042 37.539955, 126.965061 37.539997, 126.965085 37.540037, 126.965113 37.540075, 126.965146 37.54011, 126.965184 37.540143, 126.965225 37.540173, 126.965269 37.540199, 126.965317 37.540222, 126.965367 37.540241, 126.965419 37.540255, 126.965473 37.540266, 126.965528 37.540273, 126.965584 37.540275, 126.965639 37.540273, 126.965694 37.540266, 126.965748 37.540256, 126.9658 37.540241, 126.96585 37.540222, 126.965898 37.540199, 126.965943 37.540173, 126.965984 37.540143, 126.966021 37.54011, 126.966054 37.540075, 126.966083 37.540037, 126.966106 37.539997, 126.966125 37.539955, 126.966139 37.539912, 126.966147 37.539869, 126.96615 37.539825))"
어린이집,점50m,"POLYGON ((126.958869 37.540957, 126.958867 37.540913, 126.958858 37.540869, 126.958845 37.540826, 126.958826 37.540785, 126.958803 37.540745, 126.958774 37.540707, 126.958741 37.540671, 126.958704 37.540639, 126.958663 37.540609, 126.958618 37.540583, 126.95857 37.54056, 126.95852 37.540541, 126.958468 37.540526, 126.958414 37.540515, 126.958359 37.540509, 126.958304 37.540507, 126.958248 37.540509, 126.958193 37.540515, 126.95814 37.540526, 126.958087 37.540541, 126.958037 37.54056, 126.957989 37.540582, 126.957945 37.540609, 126.957904 37.540638, 126.957866 37.540671, 126.957833 37.540707, 126.957805 37.540744, 126.957781 37.540784, 126.957762 37.540826, 126.957749 37.540869, 126.95774 37.540913, 126.957738 37.540957, 126.95774 37.541001, 126.957749 37.541045, 126.957762 37.541088, 126.957781 37.541129, 126.957804 37.541169, 126.957833 37.541207, 126.957866 37.541243, 126.957903 37.541275, 126.957944 37.541305, 126.957989 37.541331, 126.958037 37.541354, 126.958087 37.541373, 126.958139 37.541388, 126.958193 37.541399, 126.958248 37.541405, 126.958303 37.541408, 126.958359 37.541405, 126.958414 37.541399, 126.958467 37.541388, 126.95852 37.541373, 126.95857 37.541354, 126.958618 37.541332, 126.958662 37.541305, 126.958703 37.541276, 126.958741 37.541243, 126.958774 37.541207, 126.958802 37.54117, 126.958826 37.54113, 126.958845 37.541088, 126.958858 37.541045, 126.958867 37.541001, 126.958869 37.540957))"
어린이집,점50m,"POLYGON ((126.959137 37.538256, 126.959134 37.538212, 126.959126 37.538169, 126.959112 37.538126, 126.959094 37.538084, 126.95907 37.538044, 126.959041 37.538006, 126.959008 37.537971, 126.958971 37.537938, 126.95893 37.537908, 126.958885 37.537882, 126.958838 37.537859, 126.958788 37.53784, 126.958735 37.537825, 126.958681 37.537814, 126.958626 37.537808, 126.958571 37.537806, 126.958516 37.537808, 126.958461 37.537814, 126.958407 37.537825, 126.958355 37.53784, 126.958304 37.537859, 126.958257 37.537882, 126.958212 37.537908, 126.958171 37.537938, 126.958134 37.53797, 126.958101 37.538006, 126.958072 37.538044, 126.958048 37.538084, 126.958029 37.538125, 126.958016 37.538168, 126.958008 37.538212, 126.958005 37.538256, 126.958008 37.5383, 126.958016 37.538344, 126.958029 37.538387, 126.958048 37.538428, 126.958072 37.538468, 126.9581 37.538506, 126.958133 37.538542, 126.958171 37.538575, 126.958212 37.538604, 126.958256 37.538631, 126.958304 37.538653, 126.958354 37.538672, 126.958406 37.538687, 126.95846 37.538698, 126.958515 37.538705, 126.958571 37.538707, 126.958626 37.538705, 126.958681 37.538698, 126.958735 37.538687, 126.958787 37.538673, 126.958837 37.538654, 126.958885 37.538631, 126.95893 37.538605, 126.958971 37.538575, 126.959008 37.538542, 126.959041 37.538507, 126.95907 37.538469, 126.959093 37.538429, 126.959112 37.538387, 126.959126 37.538344, 126.959134 37.538301, 126.959137 37.538256))"
어린이집,점50m,"POLYGON ((126.976402 37.547652, 126.976399 37.547608, 126.976391 37.547564, 126.976378 37.547521, 126.976359 37.54748, 126.976335 37.54744, 126.976307 37.547402, 126.976274 37.547366, 126.976236 37.547333, 126.976195 37.547304, 126.976151 37.547277, 126.976103 37.547255, 126.976053 37.547236, 126.976 37.547221, 126.975947 37.54721, 126.975892 37.547204, 126.975836 37.547201, 126.975781 37.547204, 126.975726 37.54721, 126.975672 37.547221, 126.97562 37.547236, 126.97557 37.547255, 126.975522 37.547277, 126.975477 37.547304, 126.975436 37.547333, 126.975399 37.547366, 126.975366 37.547402, 126.975337 37.547439, 126.975313 37.547479, 126.975295 37.547521, 126.975281 37.547564, 126.975273 37.547608, 126.97527 37.547652, 126.975273 37.547696, 126.975281 37.54774, 126.975295 37.547783, 126.975313 37.547824, 126.975337 37.547864, 126.975366 37.547902, 126.975399 37.547938, 126.975436 37.54797, 126.975477 37.548, 126.975522 37.548026, 126.975569 37.548049, 126.975619 37.548068, 126.975672 37.548083, 126.975726 37.548094, 126.97578 37.5481, 126.975836 37.548102, 126.975891 37.5481, 126.975946 37.548094, 126.976 37.548083, 126.976052 37.548068, 126.976103 37.548049, 126.97615 37.548027, 126.976195 37.548, 126.976236 37.547971, 126.976273 37.547938, 126.976306 37.547902, 126.976335 37.547864, 126.976359 37.547824, 126.976378 37.547783, 126.976391 37.54774, 126.976399 37.547696, 126.976402 37.547652))"
어린이집,점50m,"POLYGON ((126.98571 37.544284, 126.985707 37.54424, 126.985699 37.544196, 126.985686 37.544153, 126.985667 37.544112, 126.985643 37.544072, 126.985615 37.544034, 126.985582 37.543998, 126.985545 37.543966, 126.985503 37.543936, 126.985459 37.543909, 126.985411 37.543887, 126.985361 37.543868, 126.985309 37.543853, 126.985255 37.543842, 126.9852 37.543836, 126.985144 37.543834, 126.985089 37.543836, 126.985034 37.543842, 126.98498 37.543853, 126.984928 37.543868, 126.984878 37.543887, 126.98483 37.543909, 126.984786 37.543936, 126.984744 37.543965, 126.984707 37.543998, 126.984674 37.544034, 126.984645 37.544072, 126.984622 37.544112, 126.984603 37.544153, 126.98459 37.544196, 126.984581 37.54424, 126.984579 37.544284, 126.984581 37.544328, 126.984589 37.544372, 126.984603 37.544415, 126.984622 37.544456, 126.984645 37.544496, 126.984674 37.544534, 126.984707 37.54457, 126.984744 37.544603, 126.984785 37.544632, 126.98483 37.544659, 126.984878 37.544681, 126.984928 37.5447, 126.98498 37.544715, 126.985034 37.544726, 126.985089 37.544732, 126.985144 37.544735, 126.9852 37.544732, 126.985255 37.544726, 126.985309 37.544715, 126.985361 37.5447, 126.985411 37.544681, 126.985459 37.544659, 126.985503 37.544632, 126.985544 37.544603, 126.985582 37.54457, 126.985615 37.544534, 126.985643 37.544496, 126.985667 37.544456, 126.985686 37.544415, 126.985699 37.544372, 126.985707 37.544328, 126.98571 37.544284))"
어린이집,점50m,"POLYGON ((126.974723 37.550921, 126.97472 37.550877, 126.974712 37.550833, 126.974699 37.55079, 126.97468 37.550748, 126.974656 37.550708, 126.974628 37.550671, 126.974595 37.550635, 126.974557 37.550602, 126.974516 37.550573, 126.974472 37.550546, 126.974424 37.550523, 126.974374 37.550505, 126.974322 37.55049, 126.974268 37.550479, 126.974213 37.550472, 126.974157 37.55047, 126.974102 37.550472, 126.974047 37.550479, 126.973993 37.55049, 126.973941 37.550504, 126.973891 37.550523, 126.973843 37.550546, 126.973798 37.550572, 126.973757 37.550602, 126.97372 37.550635, 126.973687 37.55067, 126.973658 37.550708, 126.973634 37.550748, 126.973616 37.55079, 126.973602 37.550833, 126.973594 37.550876, 126.973591 37.550921, 126.973594 37.550965, 126.973602 37.551008, 126.973616 37.551051, 126.973634 37.551093, 126.973658 37.551133, 126.973687 37.551171, 126.97372 37.551206, 126.973757 37.551239, 126.973798 37.551269, 126.973843 37.551295, 126.97389 37.551318, 126.97394 37.551337, 126.973993 37.551352, 126.974047 37.551363, 126.974101 37.551369, 126.974157 37.551371, 126.974212 37.551369, 126.974267 37.551363, 126.974321 37.551352, 126.974373 37.551337, 126.974424 37.551318, 126.974471 37.551295, 126.974516 37.551269, 126.974557 37.551239, 126.974594 37.551207, 126.974627 37.551171, 126.974656 37.551133, 126.97468 37.551093, 126.974699 37.551052, 126.974712 37.551009, 126.97472 37.550965, 126.974723 37.550921))"
어린이집,점50m,"POLYGON ((126.957209 37.534801, 126.957206 37.534757, 126.957198 37.534713, 126.957185 37.53467, 126.957166 37.534629, 126.957142 37.534589, 126.957114 37.534551, 126.957081 37.534515, 126.957044 37.534482, 126.957002 37.534453, 126.956958 37.534426, 126.95691 37.534404, 126.95686 37.534385, 126.956808 37.53437, 126.956754 37.534359, 126.956699 37.534353, 126.956644 37.53435, 126.956588 37.534353, 126.956533 37.534359, 126.956479 37.53437, 126.956427 37.534385, 126.956377 37.534403, 126.956329 37.534426, 126.956285 37.534453, 126.956243 37.534482, 126.956206 37.534515, 126.956173 37.53455, 126.956145 37.534588, 126.956121 37.534628, 126.956102 37.53467, 126.956089 37.534713, 126.95608 37.534757, 126.956078 37.534801, 126.95608 37.534845, 126.956088 37.534889, 126.956102 37.534931, 126.956121 37.534973, 126.956144 37.535013, 126.956173 37.535051, 126.956206 37.535087, 126.956243 37.535119, 126.956284 37.535149, 126.956329 37.535175, 126.956376 37.535198, 126.956427 37.535217, 126.956479 37.535232, 126.956533 37.535243, 126.956588 37.535249, 126.956643 37.535251, 126.956698 37.535249, 126.956753 37.535243, 126.956807 37.535232, 126.95686 37.535217, 126.95691 37.535198, 126.956957 37.535176, 126.957002 37.535149, 126.957043 37.53512, 126.95708 37.535087, 126.957114 37.535051, 126.957142 37.535013, 126.957166 37.534973, 126.957185 37.534932, 126.957198 37.534889, 126.957206 37.534845, 126.957209 37.534801))"
어린이집,점50m,"POLYGON ((126.969605 37.545283, 126.969602 37.545238, 126.969594 37.545195, 126.969581 37.545152, 126.969562 37.54511, 126.969538 37.54507, 126.96951 37.545032, 126.969477 37.544997, 126.969439 37.544964, 126.969398 37.544934, 126.969354 37.544908, 126.969306 37.544885, 126.969256 37.544866, 126.969204 37.544851, 126.96915 37.544841, 126.969095 37.544834, 126.969039 37.544832, 126.968984 37.544834, 126.968929 37.544841, 126.968875 37.544851, 126.968823 37.544866, 126.968773 37.544885, 126.968725 37.544908, 126.96868 37.544934, 126.968639 37.544964, 126.968602 37.544997, 126.968569 37.545032, 126.96854 37.54507, 126.968516 37.54511, 126.968498 37.545152, 126.968484 37.545194, 126.968476 37.545238, 126.968473 37.545282, 126.968476 37.545327, 126.968484 37.54537, 126.968498 37.545413, 126.968516 37.545455, 126.96854 37.545495, 126.968569 37.545533, 126.968602 37.545568, 126.968639 37.545601, 126.96868 37.545631, 126.968725 37.545657, 126.968772 37.54568, 126.968822 37.545699, 126.968875 37.545714, 126.968929 37.545724, 126.968983 37.545731, 126.969039 37.545733, 126.969094 37.545731, 126.969149 37.545724, 126.969203 37.545714, 126.969255 37.545699, 126.969306 37.54568, 126.969353 37.545657, 126.969398 37.545631, 126.969439 37.545601, 126.969476 37.545568, 126.969509 37.545533, 126.969538 37.545495, 126.969562 37.545455, 126.96958 37.545413, 126.969594 37.545371, 126.969602 37.545327, 126.969605 37.545283))"
어린이집,점50m,"POLYGON ((126.994555 37.52358, 126.994552 37.523536, 126.994544 37.523492, 126.99453 37.523449, 126.994511 37.523407, 126.994488 37.523368, 126.994459 37.52333, 126.994426 37.523294, 126.994389 37.523261, 126.994348 37.523232, 126.994303 37.523205, 126.994256 37.523183, 126.994205 37.523164, 126.994153 37.523149, 126.994099 37.523138, 126.994044 37.523132, 126.993989 37.523129, 126.993933 37.523132, 126.993879 37.523138, 126.993825 37.523149, 126.993772 37.523164, 126.993722 37.523183, 126.993675 37.523205, 126.99363 37.523232, 126.993589 37.523261, 126.993552 37.523294, 126.993519 37.52333, 126.99349 37.523367, 126.993466 37.523407, 126.993448 37.523449, 126.993434 37.523492, 126.993426 37.523536, 126.993423 37.52358, 126.993426 37.523624, 126.993434 37.523668, 126.993448 37.523711, 126.993466 37.523752, 126.99349 37.523792, 126.993519 37.52383, 126.993552 37.523866, 126.993589 37.523898, 126.99363 37.523928, 126.993675 37.523954, 126.993722 37.523977, 126.993772 37.523996, 126.993825 37.524011, 126.993879 37.524022, 126.993933 37.524028, 126.993989 37.52403, 126.994044 37.524028, 126.994099 37.524022, 126.994153 37.524011, 126.994205 37.523996, 126.994256 37.523977, 126.994303 37.523954, 126.994348 37.523928, 126.994389 37.523898, 126.994426 37.523866, 126.994459 37.52383, 126.994488 37.523792, 126.994511 37.523752, 126.99453 37.523711, 126.994544 37.523668, 126.994552 37.523624, 126.994555 37.52358))"
어린이집,점50m,"POLYGON ((126.955042 37.527075, 126.955039 37.52703, 126.955031 37.526987, 126.955018 37.526944, 126.954999 37.526902, 126.954975 37.526862, 126.954947 37.526824, 126.954914 37.526789, 126.954876 37.526756, 126.954835 37.526726, 126.954791 37.5267, 126.954743 37.526677, 126.954693 37.526658, 126.954641 37.526643, 126.954587 37.526632, 126.954532 37.526626, 126.954477 37.526624, 126.954421 37.526626, 126.954366 37.526632, 126.954312 37.526643, 126.95426 37.526658, 126.95421 37.526677, 126.954162 37.5267, 126.954118 37.526726, 126.954077 37.526756, 126.954039 37.526788, 126.954006 37.526824, 126.953978 37.526862, 126.953954 37.526902, 126.953935 37.526943, 126.953922 37.526986, 126.953913 37.52703, 126.953911 37.527074, 126.953913 37.527118, 126.953921 37.527162, 126.953935 37.527205, 126.953954 37.527246, 126.953977 37.527286, 126.954006 37.527324, 126.954039 37.52736, 126.954076 37.527393, 126.954117 37.527422, 126.954162 37.527449, 126.954209 37.527472, 126.95426 37.52749, 126.954312 37.527505, 126.954366 37.527516, 126.954421 37.527523, 126.954476 37.527525, 126.954531 37.527523, 126.954586 37.527516, 126.95464 37.527505, 126.954693 37.527491, 126.954743 37.527472, 126.95479 37.527449, 126.954835 37.527423, 126.954876 37.527393, 126.954913 37.52736, 126.954946 37.527325, 126.954975 37.527287, 126.954999 37.527247, 126.955018 37.527205, 126.955031 37.527162, 126.955039 37.527119, 126.955042 37.527075))"
어린이집,점50m,"POLYGON ((126.989402 37.536279, 126.989399 37.536235, 126.989391 37.536191, 126.989378 37.536149, 126.989359 37.536107, 126.989335 37.536067, 126.989307 37.536029, 126.989274 37.535994, 126.989236 37.535961, 126.989195 37.535931, 126.989151 37.535905, 126.989103 37.535882, 126.989053 37.535863, 126.989001 37.535848, 126.988947 37.535837, 126.988892 37.535831, 126.988836 37.535829, 126.988781 37.535831, 126.988726 37.535837, 126.988672 37.535848, 126.98862 37.535863, 126.98857 37.535882, 126.988522 37.535905, 126.988477 37.535931, 126.988436 37.535961, 126.988399 37.535993, 126.988366 37.536029, 126.988337 37.536067, 126.988314 37.536107, 126.988295 37.536148, 126.988281 37.536191, 126.988273 37.536235, 126.988271 37.536279, 126.988273 37.536323, 126.988281 37.536367, 126.988295 37.53641, 126.988314 37.536452, 126.988337 37.536492, 126.988366 37.53653, 126.988399 37.536565, 126.988436 37.536598, 126.988477 37.536628, 126.988522 37.536654, 126.98857 37.536677, 126.98862 37.536695, 126.988672 37.53671, 126.988726 37.536721, 126.988781 37.536728, 126.988836 37.53673, 126.988892 37.536728, 126.988947 37.536721, 126.989 37.53671, 126.989053 37.536696, 126.989103 37.536677, 126.989151 37.536654, 126.989195 37.536628, 126.989236 37.536598, 126.989274 37.536565, 126.989307 37.53653, 126.989335 37.536492, 126.989359 37.536452, 126.989378 37.53641, 126.989391 37.536367, 126.989399 37.536324, 126.989402 37.536279))"
어린이집,점50m,"POLYGON ((126.968864 37.553526, 126.968862 37.553482, 126.968854 37.553438, 126.96884 37.553395, 126.968821 37.553354, 126.968798 37.553314, 126.968769 37.553276, 126.968736 37.55324, 126.968699 37.553208, 126.968658 37.553178, 126.968613 37.553151, 126.968565 37.553129, 126.968515 37.55311, 126.968463 37.553095, 126.968409 37.553084, 126.968354 37.553078, 126.968299 37.553075, 126.968243 37.553078, 126.968188 37.553084, 126.968134 37.553095, 126.968082 37.55311, 126.968032 37.553129, 126.967984 37.553151, 126.96794 37.553178, 126.967899 37.553207, 126.967861 37.55324, 126.967828 37.553276, 126.9678 37.553313, 126.967776 37.553353, 126.967757 37.553395, 126.967744 37.553438, 126.967735 37.553482, 126.967733 37.553526, 126.967735 37.55357, 126.967743 37.553614, 126.967757 37.553657, 126.967776 37.553698, 126.967799 37.553738, 126.967828 37.553776, 126.967861 37.553812, 126.967898 37.553844, 126.967939 37.553874, 126.967984 37.5539, 126.968032 37.553923, 126.968082 37.553942, 126.968134 37.553957, 126.968188 37.553968, 126.968243 37.553974, 126.968298 37.553976, 126.968354 37.553974, 126.968409 37.553968, 126.968463 37.553957, 126.968515 37.553942, 126.968565 37.553923, 126.968613 37.553901, 126.968657 37.553874, 126.968698 37.553845, 126.968736 37.553812, 126.968769 37.553776, 126.968797 37.553738, 126.968821 37.553698, 126.96884 37.553657, 126.968853 37.553614, 126.968862 37.55357, 126.968864 37.553526))"
어린이집,점50m,"POLYGON ((126.969794 37.528142, 126.969791 37.528098, 126.969783 37.528054, 126.969769 37.528012, 126.969751 37.52797, 126.969727 37.52793, 126.969699 37.527892, 126.969665 37.527857, 126.969628 37.527824, 126.969587 37.527794, 126.969543 37.527768, 126.969495 37.527745, 126.969445 37.527726, 126.969392 37.527711, 126.969339 37.5277, 126.969284 37.527694, 126.969228 37.527692, 126.969173 37.527694, 126.969118 37.5277, 126.969064 37.527711, 126.969012 37.527726, 126.968962 37.527745, 126.968914 37.527768, 126.968869 37.527794, 126.968828 37.527824, 126.968791 37.527856, 126.968758 37.527892, 126.968729 37.52793, 126.968706 37.52797, 126.968687 37.528011, 126.968673 37.528054, 126.968665 37.528098, 126.968662 37.528142, 126.968665 37.528186, 126.968673 37.52823, 126.968687 37.528273, 126.968705 37.528315, 126.968729 37.528354, 126.968758 37.528392, 126.968791 37.528428, 126.968828 37.528461, 126.968869 37.52849, 126.968914 37.528517, 126.968961 37.528539, 126.969011 37.528558, 126.969064 37.528573, 126.969118 37.528584, 126.969172 37.528591, 126.969228 37.528593, 126.969283 37.528591, 126.969338 37.528584, 126.969392 37.528573, 126.969444 37.528559, 126.969495 37.52854, 126.969542 37.528517, 126.969587 37.528491, 126.969628 37.528461, 126.969665 37.528428, 126.969698 37.528393, 126.969727 37.528355, 126.969751 37.528315, 126.969769 37.528273, 126.969783 37.52823, 126.969791 37.528187, 126.969794 37.528142))"
어린이집,점50m,"POLYGON ((127.003861 37.545038, 127.003858 37.544994, 127.00385 37.54495, 127.003837 37.544907, 127.003818 37.544866, 127.003794 37.544826, 127.003766 37.544788, 127.003732 37.544752, 127.003695 37.54472, 127.003654 37.54469, 127.003609 37.544664, 127.003562 37.544641, 127.003512 37.544622, 127.003459 37.544607, 127.003405 37.544596, 127.003351 37.54459, 127.003295 37.544588, 127.00324 37.54459, 127.003185 37.544596, 127.003131 37.544607, 127.003079 37.544622, 127.003028 37.544641, 127.002981 37.544664, 127.002936 37.54469, 127.002895 37.54472, 127.002858 37.544752, 127.002825 37.544788, 127.002796 37.544826, 127.002772 37.544866, 127.002754 37.544907, 127.00274 37.54495, 127.002732 37.544994, 127.002729 37.545038, 127.002732 37.545082, 127.00274 37.545126, 127.002754 37.545169, 127.002772 37.545211, 127.002796 37.545251, 127.002825 37.545288, 127.002858 37.545324, 127.002895 37.545357, 127.002936 37.545386, 127.002981 37.545413, 127.003028 37.545435, 127.003079 37.545454, 127.003131 37.545469, 127.003185 37.54548, 127.00324 37.545486, 127.003295 37.545489, 127.003351 37.545486, 127.003405 37.54548, 127.003459 37.545469, 127.003512 37.545454, 127.003562 37.545435, 127.003609 37.545413, 127.003654 37.545386, 127.003695 37.545357, 127.003732 37.545324, 127.003766 37.545288, 127.003794 37.545251, 127.003818 37.545211, 127.003837 37.545169, 127.00385 37.545126, 127.003858 37.545082, 127.003861 37.545038))"
어린이집,점50m,"POLYGON ((126.968335 37.520523, 126.968333 37.520479, 126.968324 37.520435, 126.968311 37.520392, 126.968292 37.520351, 126.968269 37.520311, 126.96824 37.520273, 126.968207 37.520237, 126.96817 37.520205, 126.968129 37.520175, 126.968084 37.520148, 126.968036 37.520126, 126.967986 37.520107, 126.967934 37.520092, 126.96788 37.520081, 126.967825 37.520075, 126.96777 37.520072, 126.967714 37.520075, 126.96766 37.520081, 126.967606 37.520092, 126.967553 37.520107, 126.967503 37.520126, 126.967456 37.520148, 126.967411 37.520175, 126.96737 37.520204, 126.967333 37.520237, 126.9673 37.520273, 126.967271 37.52031, 126.967247 37.52035, 126.967229 37.520392, 126.967215 37.520435, 126.967207 37.520479, 126.967204 37.520523, 126.967207 37.520567, 126.967215 37.520611, 126.967228 37.520654, 126.967247 37.520695, 126.967271 37.520735, 126.967299 37.520773, 126.967332 37.520809, 126.96737 37.520841, 126.967411 37.520871, 126.967455 37.520897, 126.967503 37.52092, 126.967553 37.520939, 126.967605 37.520954, 126.967659 37.520965, 126.967714 37.520971, 126.96777 37.520973, 126.967825 37.520971, 126.96788 37.520965, 126.967934 37.520954, 126.967986 37.520939, 126.968036 37.52092, 126.968084 37.520898, 126.968128 37.520871, 126.96817 37.520842, 126.968207 37.520809, 126.96824 37.520773, 126.968268 37.520735, 126.968292 37.520696, 126.968311 37.520654, 126.968324 37.520611, 126.968333 37.520567, 126.968335 37.520523))"
택시승강장,점10m,"POLYGON ((126.969223 37.554327, 126.969223 37.554318, 126.969221 37.55431, 126.969218 37.554301, 126.969215 37.554293, 126.96921 37.554285, 126.969204 37.554277, 126.969198 37.55427, 126.96919 37.554263, 126.969182 37.554257, 126.969173 37.554252, 126.969163 37.554248, 126.969153 37.554244, 126.969143 37.554241, 126.969132 37.554239, 126.969121 37.554237, 126.96911 37.554237, 126.969099 37.554237, 126.969088 37.554239, 126.969077 37.554241, 126.969067 37.554244, 126.969057 37.554248, 126.969047 37.554252, 126.969038 37.554257, 126.96903 37.554263, 126.969023 37.55427, 126.969016 37.554277, 126.96901 37.554285, 126.969006 37.554293, 126.969002 37.554301, 126.968999 37.554309, 126.968997 37.554318, 126.968997 37.554327, 126.968997 37.554336, 126.968999 37.554345, 126.969002 37.554353, 126.969006 37.554362, 126.96901 37.55437, 126.969016 37.554377, 126.969023 37.554384, 126.96903 37.554391, 126.969038 37.554397, 126.969047 37.554402, 126.969057 37.554407, 126.969067 37.55441, 126.969077 37.554413, 126.969088 37.554415, 126.969099 37.554417, 126.96911 37.554417, 126.969121 37.554417, 126.969132 37.554415, 126.969143 37.554413, 126.969153 37.55441, 126.969163 37.554407, 126.969173 37.554402, 126.969182 37.554397, 126.96919 37.554391, 126.969198 37.554384, 126.969204 37.554377, 126.96921 37.55437, 126.969215 37.554362, 126.969218 37.554353, 126.969221 37.554345, 126.969223 37.554336, 126.969223 37.554327))"
택시승강장,점10m,"POLYGON ((126.969223 37.554327, 126.969223 37.554318, 126.969221 37.55431, 126.969218 37.554301, 126.969215 37.554293, 126.96921 37.554285, 126.969204 37.554277, 126.969198 37.55427, 126.96919 37.554263, 126.969182 37.554257, 126.969173 37.554252, 126.969163 37.554248, 126.969153 37.554244, 126.969143 37.554241, 126.969132 37.554239, 126.969121 37.554237, 126.96911 37.554237, 126.969099 37.554237, 126.969088 37.554239, 126.969077 37.554241, 126.969067 37.554244, 126.969057 37.554248, 126.969047 37.554252, 126.969038 37.554257, 126.96903 37.554263, 126.969023 37.55427, 126.969016 37.554277, 126.96901 37.554285, 126.969006 37.554293, 126.969002 37.554301, 126.968999 37.554309, 126.968997 37.554318, 126.968997 37.554327, 126.968997 37.554336, 126.968999 37.554345, 126.969002 37.554353, 126.969006 37.554362, 126.96901 37.55437, 126.969016 37.554377, 126.969023 37.554384, 126.96903 37.554391, 126.969038 37.554397, 126.969047 37.554402, 126.969057 37.554407, 126.969067 37.55441, 126.969077 37.554413, 126.969088 37.554415, 126.969099 37.554417, 126.96911 37.554417, 126.969121 37.554417, 126.969132 37.554415, 126.969143 37.554413, 126.969153 37.55441, 126.969163 37.554407, 126.969173 37.554402, 126.969182 37.554397, 126.96919 37.554391, 126.969198 37.554384, 126.969204 37.554377, 126.96921 37.55437, 126.969215 37.554362, 126.969218 37.554353, 126.969221 37.554345, 126.969223 37.554336, 126.969223 37.554327))"
택시승강장,점10m,"POLYGON ((126.969223 37.554327, 126.969223 37.554318, 126.969221 37.55431, 126.969218 37.554301, 126.969215 37.554293, 126.96921 37.554285, 126.969204 37.554277, 126.969198 37.55427, 126.96919 37.554263, 126.969182 37.554257, 126.969173 37.554252, 126.969163 37.554248, 126.969153 37.554244, 126.969143 37.554241, 126.969132 37.554239, 126.969121 37.554237, 126.96911 37.554237, 126.969099 37.554237, 126.969088 37.554239, 126.969077 37.554241, 126.969067 37.554244, 126.969057 37.554248, 126.969047 37.554252, 126.969038 37.554257, 126.96903 37.554263, 126.969023 37.55427, 126.969016 37.554277, 126.96901 37.554285, 126.969006 37.554293, 126.969002 37.554301, 126.968999 37.554309, 126.968997 37.554318, 126.968997 37.554327, 126.968997 37.554336, 126.968999 37.554345, 126.969002 37.554353, 126.969006 37.554362, 126.96901 37.55437, 126.969016 37.554377, 126.969023 37.554384, 126.96903 37.554391, 126.969038 37.554397, 126.969047 37.554402, 126.969057 37.554407, 126.969067 37.55441, 126.969077 37.554413, 126.969088 37.554415, 126.969099 37.554417, 126.96911 37.554417, 126.969121 37.554417, 126.969132 37.554415, 126.969143 37.554413, 126.969153 37.55441, 126.969163 37.554407, 126.969173 37.554402, 126.969182 37.554397, 126.96919 37.554391, 126.969198 37.554384, 126.969204 37.554377, 126.96921 37.55437, 126.969215 37.554362, 126.969218 37.554353, 126.969221 37.554345, 126.969223 37.554336, 126.969223 37.554327))"
택시승강장,점10m,"POLYGON ((126.968786 37.553769, 126.968785 37.55376, 126.968784 37.553751, 126.968781 37.553743, 126.968777 37.553734, 126.968772 37.553726, 126.968767 37.553719, 126.96876 37.553712, 126.968753 37.553705, 126.968744 37.553699, 126.968735 37.553694, 126.968726 37.553689, 126.968716 37.553685, 126.968705 37.553682, 126.968695 37.55368, 126.968684 37.553679, 126.968673 37.553679, 126.968661 37.553679, 126.96865 37.55368, 126.96864 37.553682, 126.968629 37.553685, 126.968619 37.553689, 126.96861 37.553694, 126.968601 37.553699, 126.968593 37.553705, 126.968585 37.553712, 126.968578 37.553719, 126.968573 37.553726, 126.968568 37.553734, 126.968564 37.553743, 126.968562 37.553751, 126.96856 37.55376, 126.968559 37.553769, 126.96856 37.553777, 126.968561 37.553786, 126.968564 37.553795, 126.968568 37.553803, 126.968573 37.553811, 126.968578 37.553819, 126.968585 37.553826, 126.968592 37.553832, 126.968601 37.553838, 126.96861 37.553844, 126.968619 37.553848, 126.968629 37.553852, 126.96864 37.553855, 126.96865 37.553857, 126.968661 37.553858, 126.968672 37.553859, 126.968684 37.553858, 126.968695 37.553857, 126.968705 37.553855, 126.968716 37.553852, 126.968726 37.553848, 126.968735 37.553844, 126.968744 37.553838, 126.968752 37.553832, 126.96876 37.553826, 126.968767 37.553819, 126.968772 37.553811, 126.968777 37.553803, 126.968781 37.553795, 126.968783 37.553786, 126.968785 37.553778, 126.968786 37.553769))"
택시승강장,점10m,"POLYGON ((126.969467 37.550305, 126.969467 37.550296, 126.969465 37.550287, 126.969463 37.550279, 126.969459 37.55027, 126.969454 37.550262, 126.969448 37.550255, 126.969442 37.550248, 126.969434 37.550241, 126.969426 37.550235, 126.969417 37.55023, 126.969408 37.550225, 126.969398 37.550222, 126.969387 37.550219, 126.969376 37.550217, 126.969365 37.550215, 126.969354 37.550215, 126.969343 37.550215, 126.969332 37.550217, 126.969321 37.550219, 126.969311 37.550222, 126.969301 37.550225, 126.969291 37.55023, 126.969282 37.550235, 126.969274 37.550241, 126.969267 37.550248, 126.96926 37.550255, 126.969254 37.550262, 126.96925 37.55027, 126.969246 37.550279, 126.969243 37.550287, 126.969242 37.550296, 126.969241 37.550305, 126.969242 37.550314, 126.969243 37.550322, 126.969246 37.550331, 126.96925 37.550339, 126.969254 37.550347, 126.96926 37.550355, 126.969267 37.550362, 126.969274 37.550369, 126.969282 37.550375, 126.969291 37.55038, 126.969301 37.550384, 126.969311 37.550388, 126.969321 37.550391, 126.969332 37.550393, 126.969343 37.550395, 126.969354 37.550395, 126.969365 37.550395, 126.969376 37.550393, 126.969387 37.550391, 126.969397 37.550388, 126.969408 37.550384, 126.969417 37.55038, 126.969426 37.550375, 126.969434 37.550369, 126.969442 37.550362, 126.969448 37.550355, 126.969454 37.550347, 126.969459 37.550339, 126.969462 37.550331, 126.969465 37.550323, 126.969467 37.550314, 126.969467 37.550305))"
택시승강장,점10m,"POLYGON ((126.97301 37.542883, 126.97301 37.542874, 126.973008 37.542865, 126.973006 37.542856, 126.973002 37.542848, 126.972997 37.54284, 126.972991 37.542832, 126.972985 37.542825, 126.972977 37.542819, 126.972969 37.542813, 126.97296 37.542808, 126.972951 37.542803, 126.972941 37.542799, 126.97293 37.542796, 126.972919 37.542794, 126.972908 37.542793, 126.972897 37.542792, 126.972886 37.542793, 126.972875 37.542794, 126.972864 37.542796, 126.972854 37.542799, 126.972844 37.542803, 126.972834 37.542808, 126.972826 37.542813, 126.972817 37.542819, 126.97281 37.542825, 126.972803 37.542832, 126.972798 37.54284, 126.972793 37.542848, 126.972789 37.542856, 126.972786 37.542865, 126.972785 37.542874, 126.972784 37.542882, 126.972785 37.542891, 126.972786 37.5429, 126.972789 37.542909, 126.972793 37.542917, 126.972797 37.542925, 126.972803 37.542933, 126.97281 37.54294, 126.972817 37.542946, 126.972825 37.542952, 126.972834 37.542957, 126.972844 37.542962, 126.972854 37.542966, 126.972864 37.542969, 126.972875 37.542971, 126.972886 37.542972, 126.972897 37.542973, 126.972908 37.542972, 126.972919 37.542971, 126.97293 37.542969, 126.972941 37.542966, 126.972951 37.542962, 126.97296 37.542957, 126.972969 37.542952, 126.972977 37.542946, 126.972985 37.54294, 126.972991 37.542933, 126.972997 37.542925, 126.973002 37.542917, 126.973006 37.542909, 126.973008 37.5429, 126.97301 37.542891, 126.97301 37.542883))"
택시승강장,점10m,"POLYGON ((126.999626 37.536264, 126.999625 37.536255, 126.999624 37.536246, 126.999621 37.536238, 126.999617 37.536229, 126.999613 37.536221, 126.999607 37.536214, 126.9996 37.536207, 126.999593 37.5362, 126.999585 37.536194, 126.999576 37.536189, 126.999566 37.536184, 126.999556 37.536181, 126.999546 37.536178, 126.999535 37.536176, 126.999524 37.536174, 126.999513 37.536174, 126.999502 37.536174, 126.999491 37.536176, 126.99948 37.536178, 126.99947 37.536181, 126.99946 37.536184, 126.99945 37.536189, 126.999441 37.536194, 126.999433 37.5362, 126.999425 37.536207, 126.999419 37.536214, 126.999413 37.536221, 126.999408 37.536229, 126.999405 37.536238, 126.999402 37.536246, 126.9994 37.536255, 126.9994 37.536264, 126.9994 37.536273, 126.999402 37.536281, 126.999405 37.53629, 126.999408 37.536298, 126.999413 37.536306, 126.999419 37.536314, 126.999425 37.536321, 126.999433 37.536328, 126.999441 37.536334, 126.99945 37.536339, 126.99946 37.536343, 126.99947 37.536347, 126.99948 37.53635, 126.999491 37.536352, 126.999502 37.536354, 126.999513 37.536354, 126.999524 37.536354, 126.999535 37.536352, 126.999546 37.53635, 126.999556 37.536347, 126.999566 37.536343, 126.999576 37.536339, 126.999585 37.536334, 126.999593 37.536328, 126.9996 37.536321, 126.999607 37.536314, 126.999613 37.536306, 126.999617 37.536298, 126.999621 37.53629, 126.999624 37.536281, 126.999625 37.536273, 126.999626 37.536264))"
택시승강장,점10m,"POLYGON ((127.001731 37.537911, 127.00173 37.537902, 127.001729 37.537893, 127.001726 37.537885, 127.001722 37.537876, 127.001717 37.537868, 127.001712 37.537861, 127.001705 37.537854, 127.001698 37.537847, 127.001689 37.537841, 127.001681 37.537836, 127.001671 37.537831, 127.001661 37.537828, 127.001651 37.537825, 127.00164 37.537822, 127.001629 37.537821, 127.001618 37.537821, 127.001607 37.537821, 127.001596 37.537822, 127.001585 37.537825, 127.001574 37.537828, 127.001564 37.537831, 127.001555 37.537836, 127.001546 37.537841, 127.001538 37.537847, 127.00153 37.537854, 127.001524 37.537861, 127.001518 37.537868, 127.001513 37.537876, 127.001509 37.537885, 127.001507 37.537893, 127.001505 37.537902, 127.001505 37.537911, 127.001505 37.53792, 127.001507 37.537928, 127.001509 37.537937, 127.001513 37.537945, 127.001518 37.537953, 127.001524 37.537961, 127.00153 37.537968, 127.001538 37.537975, 127.001546 37.53798, 127.001555 37.537986, 127.001564 37.53799, 127.001574 37.537994, 127.001585 37.537997, 127.001596 37.537999, 127.001607 37.538001, 127.001618 37.538001, 127.001629 37.538001, 127.00164 37.537999, 127.001651 37.537997, 127.001661 37.537994, 127.001671 37.53799, 127.001681 37.537986, 127.001689 37.53798, 127.001698 37.537975, 127.001705 37.537968, 127.001712 37.537961, 127.001717 37.537953, 127.001722 37.537945, 127.001726 37.537937, 127.001729 37.537928, 127.00173 37.53792, 127.001731 37.537911))"
택시승강장,점10m,"POLYGON ((127.001348 37.538142, 127.001347 37.538133, 127.001345 37.538124, 127.001343 37.538115, 127.001339 37.538107, 127.001334 37.538099, 127.001328 37.538092, 127.001322 37.538084, 127.001314 37.538078, 127.001306 37.538072, 127.001297 37.538067, 127.001288 37.538062, 127.001278 37.538058, 127.001267 37.538055, 127.001256 37.538053, 127.001245 37.538052, 127.001234 37.538051, 127.001223 37.538052, 127.001212 37.538053, 127.001202 37.538055, 127.001191 37.538058, 127.001181 37.538062, 127.001172 37.538067, 127.001163 37.538072, 127.001154 37.538078, 127.001147 37.538084, 127.00114 37.538092, 127.001135 37.538099, 127.00113 37.538107, 127.001126 37.538115, 127.001123 37.538124, 127.001122 37.538133, 127.001121 37.538142, 127.001122 37.53815, 127.001123 37.538159, 127.001126 37.538168, 127.00113 37.538176, 127.001135 37.538184, 127.00114 37.538192, 127.001147 37.538199, 127.001154 37.538205, 127.001163 37.538211, 127.001172 37.538217, 127.001181 37.538221, 127.001191 37.538225, 127.001202 37.538228, 127.001212 37.53823, 127.001223 37.538231, 127.001234 37.538232, 127.001245 37.538231, 127.001256 37.53823, 127.001267 37.538228, 127.001278 37.538225, 127.001288 37.538221, 127.001297 37.538217, 127.001306 37.538211, 127.001314 37.538205, 127.001322 37.538199, 127.001328 37.538192, 127.001334 37.538184, 127.001339 37.538176, 127.001343 37.538168, 127.001345 37.538159, 127.001347 37.53815, 127.001348 37.538142))"
택시승강장,점10m,"POLYGON ((127.007168 37.535066, 127.007168 37.535057, 127.007166 37.535048, 127.007164 37.535039, 127.00716 37.535031, 127.007155 37.535023, 127.007149 37.535015, 127.007143 37.535008, 127.007135 37.535002, 127.007127 37.534996, 127.007118 37.534991, 127.007109 37.534986, 127.007099 37.534982, 127.007088 37.534979, 127.007077 37.534977, 127.007066 37.534976, 127.007055 37.534975, 127.007044 37.534976, 127.007033 37.534977, 127.007022 37.534979, 127.007012 37.534982, 127.007002 37.534986, 127.006992 37.534991, 127.006984 37.534996, 127.006975 37.535002, 127.006968 37.535008, 127.006961 37.535015, 127.006956 37.535023, 127.006951 37.535031, 127.006947 37.535039, 127.006944 37.535048, 127.006943 37.535057, 127.006942 37.535066, 127.006943 37.535074, 127.006944 37.535083, 127.006947 37.535092, 127.006951 37.5351, 127.006956 37.535108, 127.006961 37.535116, 127.006968 37.535123, 127.006975 37.535129, 127.006984 37.535135, 127.006992 37.53514, 127.007002 37.535145, 127.007012 37.535149, 127.007022 37.535152, 127.007033 37.535154, 127.007044 37.535155, 127.007055 37.535156, 127.007066 37.535155, 127.007077 37.535154, 127.007088 37.535152, 127.007099 37.535149, 127.007109 37.535145, 127.007118 37.53514, 127.007127 37.535135, 127.007135 37.535129, 127.007143 37.535123, 127.007149 37.535116, 127.007155 37.535108, 127.00716 37.5351, 127.007164 37.535092, 127.007166 37.535083, 127.007168 37.535074, 127.007168 37.535066))"
택시승강장,점10m,"POLYGON ((127.003991 37.534281, 127.003991 37.534272, 127.003989 37.534263, 127.003986 37.534255, 127.003983 37.534246, 127.003978 37.534238, 127.003972 37.534231, 127.003965 37.534224, 127.003958 37.534217, 127.00395 37.534211, 127.003941 37.534206, 127.003931 37.534201, 127.003921 37.534198, 127.003911 37.534195, 127.0039 37.534192, 127.003889 37.534191, 127.003878 37.534191, 127.003867 37.534191, 127.003856 37.534192, 127.003845 37.534195, 127.003835 37.534198, 127.003825 37.534201, 127.003815 37.534206, 127.003806 37.534211, 127.003798 37.534217, 127.003791 37.534224, 127.003784 37.534231, 127.003778 37.534238, 127.003773 37.534246, 127.00377 37.534255, 127.003767 37.534263, 127.003765 37.534272, 127.003765 37.534281, 127.003765 37.53429, 127.003767 37.534298, 127.00377 37.534307, 127.003773 37.534315, 127.003778 37.534323, 127.003784 37.534331, 127.003791 37.534338, 127.003798 37.534345, 127.003806 37.53435, 127.003815 37.534356, 127.003825 37.53436, 127.003835 37.534364, 127.003845 37.534367, 127.003856 37.534369, 127.003867 37.534371, 127.003878 37.534371, 127.003889 37.534371, 127.0039 37.534369, 127.003911 37.534367, 127.003921 37.534364, 127.003931 37.53436, 127.003941 37.534356, 127.00395 37.53435, 127.003958 37.534345, 127.003965 37.534338, 127.003972 37.534331, 127.003978 37.534323, 127.003983 37.534315, 127.003986 37.534307, 127.003989 37.534298, 127.003991 37.53429, 127.003991 37.534281))"
택시승강장,점10m,"POLYGON ((126.980599 37.521069, 126.980599 37.52106, 126.980597 37.521051, 126.980595 37.521043, 126.980591 37.521034, 126.980586 37.521026, 126.98058 37.521019, 126.980574 37.521012, 126.980566 37.521005, 126.980558 37.520999, 126.980549 37.520994, 126.98054 37.520989, 126.98053 37.520986, 126.980519 37.520983, 126.980508 37.52098, 126.980497 37.520979, 126.980486 37.520979, 126.980475 37.520979, 126.980464 37.52098, 126.980453 37.520983, 126.980443 37.520986, 126.980433 37.520989, 126.980423 37.520994, 126.980415 37.520999, 126.980406 37.521005, 126.980399 37.521012, 126.980392 37.521019, 126.980387 37.521026, 126.980382 37.521034, 126.980378 37.521043, 126.980375 37.521051, 126.980374 37.52106, 126.980373 37.521069, 126.980374 37.521078, 126.980375 37.521086, 126.980378 37.521095, 126.980382 37.521103, 126.980387 37.521111, 126.980392 37.521119, 126.980399 37.521126, 126.980406 37.521132, 126.980415 37.521138, 126.980423 37.521144, 126.980433 37.521148, 126.980443 37.521152, 126.980453 37.521155, 126.980464 37.521157, 126.980475 37.521158, 126.980486 37.521159, 126.980497 37.521158, 126.980508 37.521157, 126.980519 37.521155, 126.98053 37.521152, 126.98054 37.521148, 126.980549 37.521144, 126.980558 37.521138, 126.980566 37.521133, 126.980574 37.521126, 126.98058 37.521119, 126.980586 37.521111, 126.980591 37.521103, 126.980595 37.521095, 126.980597 37.521086, 126.980599 37.521078, 126.980599 37.521069))"
택시승강장,점10m,"POLYGON ((126.964311 37.524546, 126.96431 37.524537, 126.964309 37.524528, 126.964306 37.52452, 126.964302 37.524511, 126.964297 37.524503, 126.964292 37.524496, 126.964285 37.524489, 126.964278 37.524482, 126.964269 37.524476, 126.964261 37.524471, 126.964251 37.524466, 126.964241 37.524462, 126.964231 37.524459, 126.96422 37.524457, 126.964209 37.524456, 126.964198 37.524456, 126.964187 37.524456, 126.964176 37.524457, 126.964165 37.524459, 126.964154 37.524462, 126.964144 37.524466, 126.964135 37.524471, 126.964126 37.524476, 126.964118 37.524482, 126.96411 37.524488, 126.964104 37.524496, 126.964098 37.524503, 126.964093 37.524511, 126.964089 37.524519, 126.964087 37.524528, 126.964085 37.524537, 126.964085 37.524546, 126.964085 37.524554, 126.964087 37.524563, 126.964089 37.524572, 126.964093 37.52458, 126.964098 37.524588, 126.964104 37.524596, 126.96411 37.524603, 126.964118 37.524609, 126.964126 37.524615, 126.964135 37.524621, 126.964144 37.524625, 126.964154 37.524629, 126.964165 37.524632, 126.964176 37.524634, 126.964187 37.524635, 126.964198 37.524636, 126.964209 37.524635, 126.96422 37.524634, 126.96423 37.524632, 126.964241 37.524629, 126.964251 37.524625, 126.964261 37.524621, 126.964269 37.524615, 126.964278 37.524609, 126.964285 37.524603, 126.964292 37.524596, 126.964297 37.524588, 126.964302 37.52458, 126.964306 37.524572, 126.964309 37.524563, 126.96431 37.524555, 126.964311 37.524546))"
택시승강장,점10m,"POLYGON ((126.964855 37.529772, 126.964854 37.529763, 126.964852 37.529754, 126.96485 37.529746, 126.964846 37.529737, 126.964841 37.529729, 126.964836 37.529722, 126.964829 37.529715, 126.964822 37.529708, 126.964813 37.529702, 126.964804 37.529697, 126.964795 37.529692, 126.964785 37.529689, 126.964774 37.529686, 126.964764 37.529683, 126.964753 37.529682, 126.964742 37.529682, 126.96473 37.529682, 126.964719 37.529683, 126.964709 37.529686, 126.964698 37.529689, 126.964688 37.529692, 126.964679 37.529697, 126.96467 37.529702, 126.964662 37.529708, 126.964654 37.529715, 126.964647 37.529722, 126.964642 37.529729, 126.964637 37.529737, 126.964633 37.529746, 126.964631 37.529754, 126.964629 37.529763, 126.964628 37.529772, 126.964629 37.529781, 126.964631 37.529789, 126.964633 37.529798, 126.964637 37.529806, 126.964642 37.529814, 126.964647 37.529822, 126.964654 37.529829, 126.964661 37.529835, 126.96467 37.529841, 126.964679 37.529847, 126.964688 37.529851, 126.964698 37.529855, 126.964709 37.529858, 126.964719 37.52986, 126.96473 37.529861, 126.964741 37.529862, 126.964753 37.529861, 126.964764 37.52986, 126.964774 37.529858, 126.964785 37.529855, 126.964795 37.529851, 126.964804 37.529847, 126.964813 37.529841, 126.964821 37.529836, 126.964829 37.529829, 126.964836 37.529822, 126.964841 37.529814, 126.964846 37.529806, 126.96485 37.529798, 126.964852 37.529789, 126.964854 37.529781, 126.964855 37.529772))"
택시승강장,점10m,"POLYGON ((126.966767 37.528817, 126.966766 37.528809, 126.966765 37.5288, 126.966762 37.528791, 126.966758 37.528783, 126.966754 37.528775, 126.966748 37.528767, 126.966741 37.52876, 126.966734 37.528754, 126.966726 37.528748, 126.966717 37.528742, 126.966707 37.528738, 126.966697 37.528734, 126.966687 37.528731, 126.966676 37.528729, 126.966665 37.528728, 126.966654 37.528727, 126.966643 37.528728, 126.966632 37.528729, 126.966621 37.528731, 126.966611 37.528734, 126.966601 37.528738, 126.966591 37.528742, 126.966582 37.528748, 126.966574 37.528754, 126.966566 37.52876, 126.96656 37.528767, 126.966554 37.528775, 126.966549 37.528783, 126.966546 37.528791, 126.966543 37.5288, 126.966541 37.528809, 126.966541 37.528817, 126.966541 37.528826, 126.966543 37.528835, 126.966546 37.528844, 126.966549 37.528852, 126.966554 37.52886, 126.96656 37.528867, 126.966566 37.528875, 126.966574 37.528881, 126.966582 37.528887, 126.966591 37.528892, 126.9666 37.528897, 126.96661 37.528901, 126.966621 37.528904, 126.966632 37.528906, 126.966643 37.528907, 126.966654 37.528907, 126.966665 37.528907, 126.966676 37.528906, 126.966687 37.528904, 126.966697 37.528901, 126.966707 37.528897, 126.966717 37.528892, 126.966726 37.528887, 126.966734 37.528881, 126.966741 37.528875, 126.966748 37.528867, 126.966754 37.52886, 126.966758 37.528852, 126.966762 37.528844, 126.966765 37.528835, 126.966766 37.528826, 126.966767 37.528817))"
택시승강장,점10m,"POLYGON ((126.969624 37.530009, 126.969623 37.53, 126.969622 37.529991, 126.969619 37.529983, 126.969615 37.529975, 126.96961 37.529967, 126.969605 37.529959, 126.969598 37.529952, 126.969591 37.529945, 126.969582 37.529939, 126.969573 37.529934, 126.969564 37.52993, 126.969554 37.529926, 126.969543 37.529923, 126.969533 37.529921, 126.969522 37.529919, 126.969511 37.529919, 126.9695 37.529919, 126.969489 37.529921, 126.969478 37.529923, 126.969467 37.529926, 126.969457 37.52993, 126.969448 37.529934, 126.969439 37.529939, 126.969431 37.529945, 126.969423 37.529952, 126.969417 37.529959, 126.969411 37.529967, 126.969406 37.529975, 126.969402 37.529983, 126.9694 37.529991, 126.969398 37.53, 126.969397 37.530009, 126.969398 37.530018, 126.9694 37.530027, 126.969402 37.530035, 126.969406 37.530043, 126.969411 37.530051, 126.969417 37.530059, 126.969423 37.530066, 126.969431 37.530073, 126.969439 37.530079, 126.969448 37.530084, 126.969457 37.530088, 126.969467 37.530092, 126.969478 37.530095, 126.969488 37.530097, 126.969499 37.530099, 126.969511 37.530099, 126.969522 37.530099, 126.969533 37.530097, 126.969543 37.530095, 126.969554 37.530092, 126.969564 37.530088, 126.969573 37.530084, 126.969582 37.530079, 126.969591 37.530073, 126.969598 37.530066, 126.969605 37.530059, 126.96961 37.530052, 126.969615 37.530044, 126.969619 37.530035, 126.969622 37.530027, 126.969623 37.530018, 126.969624 37.530009))"
택시승강장,점10m,"POLYGON ((126.962898 37.538325, 126.962897 37.538316, 126.962896 37.538307, 126.962893 37.538299, 126.962889 37.53829, 126.962885 37.538282, 126.962879 37.538275, 126.962872 37.538268, 126.962865 37.538261, 126.962857 37.538255, 126.962848 37.53825, 126.962838 37.538245, 126.962828 37.538242, 126.962818 37.538239, 126.962807 37.538237, 126.962796 37.538235, 126.962785 37.538235, 126.962774 37.538235, 126.962763 37.538237, 126.962752 37.538239, 126.962741 37.538242, 126.962731 37.538245, 126.962722 37.53825, 126.962713 37.538255, 126.962705 37.538261, 126.962697 37.538268, 126.962691 37.538275, 126.962685 37.538282, 126.96268 37.53829, 126.962676 37.538299, 126.962674 37.538307, 126.962672 37.538316, 126.962672 37.538325, 126.962672 37.538334, 126.962674 37.538342, 126.962676 37.538351, 126.96268 37.538359, 126.962685 37.538367, 126.962691 37.538375, 126.962697 37.538382, 126.962705 37.538389, 126.962713 37.538395, 126.962722 37.5384, 126.962731 37.538404, 126.962741 37.538408, 126.962752 37.538411, 126.962763 37.538413, 126.962774 37.538415, 126.962785 37.538415, 126.962796 37.538415, 126.962807 37.538413, 126.962818 37.538411, 126.962828 37.538408, 126.962838 37.538404, 126.962848 37.5384, 126.962856 37.538395, 126.962865 37.538389, 126.962872 37.538382, 126.962879 37.538375, 126.962884 37.538367, 126.962889 37.538359, 126.962893 37.538351, 126.962896 37.538343, 126.962897 37.538334, 126.962898 37.538325))"
택시승강장,점10m,"POLYGON ((126.959213 37.534082, 126.959212 37.534073, 126.959211 37.534065, 126.959208 37.534056, 126.959204 37.534048, 126.9592 37.53404, 126.959194 37.534032, 126.959187 37.534025, 126.95918 37.534018, 126.959172 37.534013, 126.959163 37.534007, 126.959153 37.534003, 126.959143 37.533999, 126.959133 37.533996, 126.959122 37.533994, 126.959111 37.533993, 126.9591 37.533992, 126.959089 37.533992, 126.959078 37.533994, 126.959067 37.533996, 126.959056 37.533999, 126.959046 37.534003, 126.959037 37.534007, 126.959028 37.534012, 126.95902 37.534018, 126.959012 37.534025, 126.959006 37.534032, 126.959 37.53404, 126.958995 37.534048, 126.958991 37.534056, 126.958989 37.534065, 126.958987 37.534073, 126.958987 37.534082, 126.958987 37.534091, 126.958989 37.5341, 126.958991 37.534108, 126.958995 37.534117, 126.959 37.534125, 126.959006 37.534132, 126.959012 37.534139, 126.95902 37.534146, 126.959028 37.534152, 126.959037 37.534157, 126.959046 37.534162, 126.959056 37.534165, 126.959067 37.534168, 126.959078 37.534171, 126.959089 37.534172, 126.9591 37.534172, 126.959111 37.534172, 126.959122 37.534171, 126.959132 37.534168, 126.959143 37.534165, 126.959153 37.534162, 126.959163 37.534157, 126.959171 37.534152, 126.95918 37.534146, 126.959187 37.534139, 126.959194 37.534132, 126.959199 37.534125, 126.959204 37.534117, 126.959208 37.534108, 126.959211 37.5341, 126.959212 37.534091, 126.959213 37.534082))"
택시승강장,점10m,"POLYGON ((126.956158 37.531803, 126.956157 37.531794, 126.956155 37.531786, 126.956153 37.531777, 126.956149 37.531769, 126.956144 37.531761, 126.956139 37.531753, 126.956132 37.531746, 126.956125 37.53174, 126.956116 37.531734, 126.956107 37.531728, 126.956098 37.531724, 126.956088 37.53172, 126.956077 37.531717, 126.956067 37.531715, 126.956056 37.531714, 126.956045 37.531713, 126.956033 37.531714, 126.956022 37.531715, 126.956012 37.531717, 126.956001 37.53172, 126.955991 37.531724, 126.955982 37.531728, 126.955973 37.531734, 126.955965 37.53174, 126.955957 37.531746, 126.95595 37.531753, 126.955945 37.531761, 126.95594 37.531769, 126.955936 37.531777, 126.955934 37.531786, 126.955932 37.531794, 126.955931 37.531803, 126.955932 37.531812, 126.955934 37.531821, 126.955936 37.531829, 126.95594 37.531838, 126.955945 37.531846, 126.95595 37.531853, 126.955957 37.53186, 126.955964 37.531867, 126.955973 37.531873, 126.955982 37.531878, 126.955991 37.531883, 126.956001 37.531886, 126.956012 37.531889, 126.956022 37.531892, 126.956033 37.531893, 126.956044 37.531893, 126.956056 37.531893, 126.956067 37.531892, 126.956077 37.531889, 126.956088 37.531887, 126.956098 37.531883, 126.956107 37.531878, 126.956116 37.531873, 126.956124 37.531867, 126.956132 37.53186, 126.956139 37.531853, 126.956144 37.531846, 126.956149 37.531838, 126.956153 37.531829, 126.956155 37.531821, 126.956157 37.531812, 126.956158 37.531803))"
버스정류소,점10m,"POLYGON ((126.972648 37.553928, 126.972648 37.553919, 126.972646 37.55391, 126.972643 37.553902, 126.97264 37.553894, 126.972635 37.553886, 126.972629 37.553878, 126.972623 37.553871, 126.972615 37.553864, 126.972607 37.553858, 126.972598 37.553853, 126.972588 37.553849, 126.972578 37.553845, 126.972568 37.553842, 126.972557 37.55384, 126.972546 37.553838, 126.972535 37.553838, 126.972524 37.553838, 126.972513 37.55384, 126.972502 37.553842, 126.972492 37.553845, 126.972482 37.553849, 126.972472 37.553853, 126.972463 37.553858, 126.972455 37.553864, 126.972448 37.553871, 126.972441 37.553878, 126.972435 37.553886, 126.97243 37.553893, 126.972427 37.553902, 126.972424 37.55391, 126.972422 37.553919, 126.972422 37.553928, 126.972422 37.553937, 126.972424 37.553946, 126.972427 37.553954, 126.97243 37.553962, 126.972435 37.55397, 126.972441 37.553978, 126.972447 37.553985, 126.972455 37.553992, 126.972463 37.553998, 126.972472 37.554003, 126.972482 37.554007, 126.972492 37.554011, 126.972502 37.554014, 126.972513 37.554016, 126.972524 37.554018, 126.972535 37.554018, 126.972546 37.554018, 126.972557 37.554016, 126.972568 37.554014, 126.972578 37.554011, 126.972588 37.554007, 126.972598 37.554003, 126.972607 37.553998, 126.972615 37.553992, 126.972622 37.553985, 126.972629 37.553978, 126.972635 37.55397, 126.97264 37.553963, 126.972643 37.553954, 126.972646 37.553946, 126.972648 37.553937, 126.972648 37.553928))"
버스정류소,점10m,"POLYGON ((126.963234 37.52405, 126.963234 37.524041, 126.963232 37.524032, 126.963229 37.524024, 126.963226 37.524015, 126.963221 37.524007, 126.963215 37.524, 126.963208 37.523993, 126.963201 37.523986, 126.963193 37.52398, 126.963184 37.523975, 126.963174 37.52397, 126.963164 37.523967, 126.963154 37.523964, 126.963143 37.523962, 126.963132 37.52396, 126.963121 37.52396, 126.96311 37.52396, 126.963099 37.523962, 126.963088 37.523964, 126.963078 37.523967, 126.963068 37.52397, 126.963058 37.523975, 126.963049 37.52398, 126.963041 37.523986, 126.963034 37.523993, 126.963027 37.524, 126.963021 37.524007, 126.963017 37.524015, 126.963013 37.524024, 126.96301 37.524032, 126.963008 37.524041, 126.963008 37.52405, 126.963008 37.524059, 126.96301 37.524067, 126.963013 37.524076, 126.963016 37.524084, 126.963021 37.524092, 126.963027 37.5241, 126.963034 37.524107, 126.963041 37.524114, 126.963049 37.52412, 126.963058 37.524125, 126.963068 37.524129, 126.963078 37.524133, 126.963088 37.524136, 126.963099 37.524138, 126.96311 37.52414, 126.963121 37.52414, 126.963132 37.52414, 126.963143 37.524138, 126.963154 37.524136, 126.963164 37.524133, 126.963174 37.524129, 126.963184 37.524125, 126.963193 37.52412, 126.963201 37.524114, 126.963208 37.524107, 126.963215 37.5241, 126.963221 37.524092, 126.963225 37.524084, 126.963229 37.524076, 126.963232 37.524068, 126.963234 37.524059, 126.963234 37.52405))"
버스정류소,점10m,"POLYGON ((126.963298 37.524306, 126.963297 37.524297, 126.963296 37.524289, 126.963293 37.52428, 126.963289 37.524272, 126.963285 37.524264, 126.963279 37.524256, 126.963272 37.524249, 126.963265 37.524242, 126.963257 37.524236, 126.963248 37.524231, 126.963238 37.524227, 126.963228 37.524223, 126.963218 37.52422, 126.963207 37.524218, 126.963196 37.524216, 126.963185 37.524216, 126.963174 37.524216, 126.963163 37.524218, 126.963152 37.52422, 126.963142 37.524223, 126.963132 37.524227, 126.963122 37.524231, 126.963113 37.524236, 126.963105 37.524242, 126.963097 37.524249, 126.963091 37.524256, 126.963085 37.524264, 126.96308 37.524272, 126.963077 37.52428, 126.963074 37.524288, 126.963072 37.524297, 126.963072 37.524306, 126.963072 37.524315, 126.963074 37.524324, 126.963077 37.524332, 126.96308 37.524341, 126.963085 37.524349, 126.963091 37.524356, 126.963097 37.524363, 126.963105 37.52437, 126.963113 37.524376, 126.963122 37.524381, 126.963131 37.524386, 126.963141 37.524389, 126.963152 37.524392, 126.963163 37.524394, 126.963174 37.524396, 126.963185 37.524396, 126.963196 37.524396, 126.963207 37.524394, 126.963218 37.524392, 126.963228 37.524389, 126.963238 37.524386, 126.963248 37.524381, 126.963257 37.524376, 126.963265 37.52437, 126.963272 37.524363, 126.963279 37.524356, 126.963285 37.524349, 126.963289 37.524341, 126.963293 37.524332, 126.963296 37.524324, 126.963297 37.524315, 126.963298 37.524306))"
버스정류소,점10m,"POLYGON ((126.96632 37.527293, 126.96632 37.527284, 126.966318 37.527275, 126.966315 37.527267, 126.966312 37.527259, 126.966307 37.527251, 126.966301 37.527243, 126.966294 37.527236, 126.966287 37.527229, 126.966279 37.527223, 126.96627 37.527218, 126.96626 37.527214, 126.96625 37.52721, 126.96624 37.527207, 126.966229 37.527205, 126.966218 37.527203, 126.966207 37.527203, 126.966196 37.527203, 126.966185 37.527205, 126.966174 37.527207, 126.966164 37.52721, 126.966154 37.527214, 126.966144 37.527218, 126.966135 37.527223, 126.966127 37.527229, 126.96612 37.527236, 126.966113 37.527243, 126.966107 37.52725, 126.966102 37.527258, 126.966099 37.527267, 126.966096 37.527275, 126.966094 37.527284, 126.966094 37.527293, 126.966094 37.527302, 126.966096 37.527311, 126.966099 37.527319, 126.966102 37.527327, 126.966107 37.527335, 126.966113 37.527343, 126.96612 37.52735, 126.966127 37.527357, 126.966135 37.527363, 126.966144 37.527368, 126.966154 37.527372, 126.966164 37.527376, 126.966174 37.527379, 126.966185 37.527381, 126.966196 37.527383, 126.966207 37.527383, 126.966218 37.527383, 126.966229 37.527381, 126.96624 37.527379, 126.96625 37.527376, 126.96626 37.527372, 126.96627 37.527368, 126.966279 37.527363, 126.966287 37.527357, 126.966294 37.52735, 126.966301 37.527343, 126.966307 37.527336, 126.966312 37.527328, 126.966315 37.527319, 126.966318 37.527311, 126.96632 37.527302, 126.96632 37.527293))"
버스정류소,점10m,"POLYGON ((126.966732 37.527921, 126.966732 37.527912, 126.96673 37.527903, 126.966727 37.527894, 126.966724 37.527886, 126.966719 37.527878, 126.966713 37.52787, 126.966707 37.527863, 126.966699 37.527857, 126.966691 37.527851, 126.966682 37.527846, 126.966673 37.527841, 126.966663 37.527837, 126.966652 37.527834, 126.966641 37.527832, 126.96663 37.527831, 126.966619 37.52783, 126.966608 37.527831, 126.966597 37.527832, 126.966586 37.527834, 126.966576 37.527837, 126.966566 37.527841, 126.966556 37.527846, 126.966547 37.527851, 126.966539 37.527857, 126.966532 37.527863, 126.966525 37.52787, 126.966519 37.527878, 126.966515 37.527886, 126.966511 37.527894, 126.966508 37.527903, 126.966507 37.527912, 126.966506 37.52792, 126.966507 37.527929, 126.966508 37.527938, 126.966511 37.527947, 126.966515 37.527955, 126.966519 37.527963, 126.966525 37.527971, 126.966532 37.527978, 126.966539 37.527984, 126.966547 37.52799, 126.966556 37.527995, 126.966566 37.528, 126.966576 37.528004, 126.966586 37.528007, 126.966597 37.528009, 126.966608 37.52801, 126.966619 37.528011, 126.96663 37.52801, 126.966641 37.528009, 126.966652 37.528007, 126.966662 37.528004, 126.966672 37.528, 126.966682 37.527995, 126.966691 37.52799, 126.966699 37.527984, 126.966707 37.527978, 126.966713 37.527971, 126.966719 37.527963, 126.966724 37.527955, 126.966727 37.527947, 126.96673 37.527938, 126.966732 37.527929, 126.966732 37.527921))"
버스정류소,점10m,"POLYGON ((126.970348 37.531497, 126.970348 37.531488, 126.970346 37.531479, 126.970343 37.531471, 126.97034 37.531463, 126.970335 37.531455, 126.970329 37.531447, 126.970322 37.53144, 126.970315 37.531433, 126.970307 37.531427, 126.970298 37.531422, 126.970288 37.531418, 126.970278 37.531414, 126.970268 37.531411, 126.970257 37.531409, 126.970246 37.531407, 126.970235 37.531407, 126.970224 37.531407, 126.970213 37.531409, 126.970202 37.531411, 126.970192 37.531414, 126.970182 37.531418, 126.970172 37.531422, 126.970163 37.531427, 126.970155 37.531433, 126.970148 37.53144, 126.970141 37.531447, 126.970135 37.531455, 126.97013 37.531463, 126.970127 37.531471, 126.970124 37.531479, 126.970122 37.531488, 126.970122 37.531497, 126.970122 37.531506, 126.970124 37.531515, 126.970127 37.531523, 126.97013 37.531531, 126.970135 37.531539, 126.970141 37.531547, 126.970148 37.531554, 126.970155 37.531561, 126.970163 37.531567, 126.970172 37.531572, 126.970182 37.531576, 126.970192 37.53158, 126.970202 37.531583, 126.970213 37.531585, 126.970224 37.531587, 126.970235 37.531587, 126.970246 37.531587, 126.970257 37.531585, 126.970268 37.531583, 126.970278 37.53158, 126.970288 37.531576, 126.970298 37.531572, 126.970307 37.531567, 126.970315 37.531561, 126.970322 37.531554, 126.970329 37.531547, 126.970335 37.53154, 126.97034 37.531532, 126.970343 37.531523, 126.970346 37.531515, 126.970348 37.531506, 126.970348 37.531497))"
버스정류소,점10m,"POLYGON ((126.970677 37.53205, 126.970677 37.532042, 126.970675 37.532033, 126.970672 37.532024, 126.970669 37.532016, 126.970664 37.532008, 126.970658 37.532, 126.970652 37.531993, 126.970644 37.531987, 126.970636 37.531981, 126.970627 37.531975, 126.970617 37.531971, 126.970607 37.531967, 126.970597 37.531964, 126.970586 37.531962, 126.970575 37.531961, 126.970564 37.53196, 126.970553 37.531961, 126.970542 37.531962, 126.970531 37.531964, 126.970521 37.531967, 126.970511 37.531971, 126.970501 37.531975, 126.970492 37.531981, 126.970484 37.531987, 126.970477 37.531993, 126.97047 37.532, 126.970464 37.532008, 126.97046 37.532016, 126.970456 37.532024, 126.970453 37.532033, 126.970452 37.532042, 126.970451 37.53205, 126.970452 37.532059, 126.970453 37.532068, 126.970456 37.532076, 126.97046 37.532085, 126.970464 37.532093, 126.97047 37.5321, 126.970477 37.532108, 126.970484 37.532114, 126.970492 37.53212, 126.970501 37.532125, 126.970511 37.53213, 126.970521 37.532134, 126.970531 37.532137, 126.970542 37.532139, 126.970553 37.53214, 126.970564 37.53214, 126.970575 37.53214, 126.970586 37.532139, 126.970597 37.532137, 126.970607 37.532134, 126.970617 37.53213, 126.970627 37.532125, 126.970636 37.53212, 126.970644 37.532114, 126.970652 37.532108, 126.970658 37.5321, 126.970664 37.532093, 126.970669 37.532085, 126.970672 37.532077, 126.970675 37.532068, 126.970677 37.532059, 126.970677 37.53205))"
버스정류소,점10m,"POLYGON ((126.973799 37.53518, 126.973798 37.535171, 126.973797 37.535163, 126.973794 37.535154, 126.97379 37.535146, 126.973786 37.535138, 126.97378 37.53513, 126.973773 37.535123, 126.973766 37.535116, 126.973758 37.535111, 126.973749 37.535105, 126.973739 37.535101, 126.973729 37.535097, 126.973719 37.535094, 126.973708 37.535092, 126.973697 37.53509, 126.973686 37.53509, 126.973675 37.53509, 126.973664 37.535092, 126.973653 37.535094, 126.973643 37.535097, 126.973632 37.535101, 126.973623 37.535105, 126.973614 37.53511, 126.973606 37.535116, 126.973598 37.535123, 126.973592 37.53513, 126.973586 37.535138, 126.973581 37.535146, 126.973578 37.535154, 126.973575 37.535163, 126.973573 37.535171, 126.973573 37.53518, 126.973573 37.535189, 126.973575 37.535198, 126.973578 37.535206, 126.973581 37.535215, 126.973586 37.535223, 126.973592 37.53523, 126.973598 37.535237, 126.973606 37.535244, 126.973614 37.53525, 126.973623 37.535255, 126.973632 37.53526, 126.973642 37.535263, 126.973653 37.535266, 126.973664 37.535269, 126.973675 37.53527, 126.973686 37.53527, 126.973697 37.53527, 126.973708 37.535269, 126.973719 37.535266, 126.973729 37.535263, 126.973739 37.53526, 126.973749 37.535255, 126.973758 37.53525, 126.973766 37.535244, 126.973773 37.535237, 126.97378 37.53523, 126.973786 37.535223, 126.97379 37.535215, 126.973794 37.535206, 126.973797 37.535198, 126.973798 37.535189, 126.973799 37.53518))"
버스정류소,점10m,"POLYGON ((126.974274 37.535985, 126.974274 37.535976, 126.974272 37.535967, 126.974269 37.535958, 126.974265 37.53595, 126.974261 37.535942, 126.974255 37.535934, 126.974248 37.535927, 126.974241 37.535921, 126.974233 37.535915, 126.974224 37.53591, 126.974214 37.535905, 126.974204 37.535901, 126.974194 37.535898, 126.974183 37.535896, 126.974172 37.535895, 126.974161 37.535894, 126.97415 37.535895, 126.974139 37.535896, 126.974128 37.535898, 126.974118 37.535901, 126.974108 37.535905, 126.974098 37.53591, 126.974089 37.535915, 126.974081 37.535921, 126.974073 37.535927, 126.974067 37.535934, 126.974061 37.535942, 126.974056 37.53595, 126.974053 37.535958, 126.97405 37.535967, 126.974048 37.535976, 126.974048 37.535984, 126.974048 37.535993, 126.97405 37.536002, 126.974053 37.536011, 126.974056 37.536019, 126.974061 37.536027, 126.974067 37.536035, 126.974073 37.536042, 126.974081 37.536048, 126.974089 37.536054, 126.974098 37.536059, 126.974108 37.536064, 126.974118 37.536068, 126.974128 37.536071, 126.974139 37.536073, 126.97415 37.536074, 126.974161 37.536075, 126.974172 37.536074, 126.974183 37.536073, 126.974194 37.536071, 126.974204 37.536068, 126.974214 37.536064, 126.974224 37.536059, 126.974233 37.536054, 126.974241 37.536048, 126.974248 37.536042, 126.974255 37.536035, 126.974261 37.536027, 126.974265 37.536019, 126.974269 37.536011, 126.974272 37.536002, 126.974273 37.535993, 126.974274 37.535985))"
버스정류소,점10m,"POLYGON ((126.972651 37.543296, 126.97265 37.543287, 126.972649 37.543278, 126.972646 37.54327, 126.972642 37.543261, 126.972638 37.543253, 126.972632 37.543246, 126.972625 37.543238, 126.972618 37.543232, 126.97261 37.543226, 126.972601 37.543221, 126.972591 37.543216, 126.972581 37.543212, 126.972571 37.543209, 126.97256 37.543207, 126.972549 37.543206, 126.972538 37.543206, 126.972527 37.543206, 126.972516 37.543207, 126.972505 37.543209, 126.972495 37.543212, 126.972484 37.543216, 126.972475 37.543221, 126.972466 37.543226, 126.972458 37.543232, 126.97245 37.543238, 126.972444 37.543246, 126.972438 37.543253, 126.972433 37.543261, 126.97243 37.543269, 126.972427 37.543278, 126.972425 37.543287, 126.972425 37.543296, 126.972425 37.543304, 126.972427 37.543313, 126.97243 37.543322, 126.972433 37.54333, 126.972438 37.543338, 126.972444 37.543346, 126.97245 37.543353, 126.972458 37.543359, 126.972466 37.543365, 126.972475 37.543371, 126.972484 37.543375, 126.972494 37.543379, 126.972505 37.543382, 126.972516 37.543384, 126.972527 37.543385, 126.972538 37.543386, 126.972549 37.543385, 126.97256 37.543384, 126.972571 37.543382, 126.972581 37.543379, 126.972591 37.543375, 126.972601 37.543371, 126.97261 37.543365, 126.972618 37.543359, 126.972625 37.543353, 126.972632 37.543346, 126.972638 37.543338, 126.972642 37.54333, 126.972646 37.543322, 126.972649 37.543313, 126.97265 37.543304, 126.972651 37.543296))"
버스정류소,점10m,"POLYGON ((126.972345 37.543756, 126.972345 37.543747, 126.972343 37.543738, 126.97234 37.54373, 126.972337 37.543722, 126.972332 37.543714, 126.972326 37.543706, 126.97232 37.543699, 126.972312 37.543692, 126.972304 37.543686, 126.972295 37.543681, 126.972285 37.543677, 126.972275 37.543673, 126.972265 37.54367, 126.972254 37.543668, 126.972243 37.543666, 126.972232 37.543666, 126.972221 37.543666, 126.97221 37.543668, 126.972199 37.54367, 126.972189 37.543673, 126.972179 37.543677, 126.972169 37.543681, 126.97216 37.543686, 126.972152 37.543692, 126.972145 37.543699, 126.972138 37.543706, 126.972132 37.543714, 126.972128 37.543722, 126.972124 37.54373, 126.972121 37.543738, 126.972119 37.543747, 126.972119 37.543756, 126.972119 37.543765, 126.972121 37.543774, 126.972124 37.543782, 126.972128 37.54379, 126.972132 37.543798, 126.972138 37.543806, 126.972145 37.543813, 126.972152 37.54382, 126.97216 37.543826, 126.972169 37.543831, 126.972179 37.543835, 126.972189 37.543839, 126.972199 37.543842, 126.97221 37.543844, 126.972221 37.543846, 126.972232 37.543846, 126.972243 37.543846, 126.972254 37.543844, 126.972265 37.543842, 126.972275 37.543839, 126.972285 37.543835, 126.972295 37.543831, 126.972304 37.543826, 126.972312 37.54382, 126.97232 37.543813, 126.972326 37.543806, 126.972332 37.543799, 126.972337 37.543791, 126.97234 37.543782, 126.972343 37.543774, 126.972345 37.543765, 126.972345 37.543756))"
버스정류소,점10m,"POLYGON ((126.97235 37.550976, 126.97235 37.550967, 126.972348 37.550958, 126.972346 37.550949, 126.972342 37.550941, 126.972337 37.550933, 126.972331 37.550926, 126.972325 37.550918, 126.972317 37.550912, 126.972309 37.550906, 126.9723 37.550901, 126.972291 37.550896, 126.972281 37.550892, 126.97227 37.550889, 126.972259 37.550887, 126.972248 37.550886, 126.972237 37.550886, 126.972226 37.550886, 126.972215 37.550887, 126.972204 37.550889, 126.972194 37.550892, 126.972184 37.550896, 126.972174 37.550901, 126.972166 37.550906, 126.972157 37.550912, 126.97215 37.550918, 126.972143 37.550926, 126.972138 37.550933, 126.972133 37.550941, 126.972129 37.550949, 126.972126 37.550958, 126.972125 37.550967, 126.972124 37.550976, 126.972125 37.550984, 126.972126 37.550993, 126.972129 37.551002, 126.972133 37.55101, 126.972137 37.551018, 126.972143 37.551026, 126.97215 37.551033, 126.972157 37.551039, 126.972165 37.551045, 126.972174 37.551051, 126.972184 37.551055, 126.972194 37.551059, 126.972204 37.551062, 126.972215 37.551064, 126.972226 37.551065, 126.972237 37.551066, 126.972248 37.551065, 126.972259 37.551064, 126.97227 37.551062, 126.972281 37.551059, 126.972291 37.551055, 126.9723 37.551051, 126.972309 37.551045, 126.972317 37.551039, 126.972325 37.551033, 126.972331 37.551026, 126.972337 37.551018, 126.972342 37.55101, 126.972346 37.551002, 126.972348 37.550993, 126.97235 37.550984, 126.97235 37.550976))"
버스정류소,점10m,"POLYGON ((126.971821 37.549534, 126.971821 37.549525, 126.971819 37.549516, 126.971817 37.549508, 126.971813 37.549499, 126.971808 37.549491, 126.971802 37.549484, 126.971796 37.549477, 126.971788 37.54947, 126.97178 37.549464, 126.971771 37.549459, 126.971762 37.549454, 126.971752 37.54945, 126.971741 37.549448, 126.97173 37.549445, 126.971719 37.549444, 126.971708 37.549444, 126.971697 37.549444, 126.971686 37.549445, 126.971675 37.549447, 126.971665 37.54945, 126.971655 37.549454, 126.971645 37.549459, 126.971636 37.549464, 126.971628 37.54947, 126.971621 37.549477, 126.971614 37.549484, 126.971608 37.549491, 126.971604 37.549499, 126.9716 37.549508, 126.971597 37.549516, 126.971596 37.549525, 126.971595 37.549534, 126.971596 37.549543, 126.971597 37.549551, 126.9716 37.54956, 126.971604 37.549568, 126.971608 37.549576, 126.971614 37.549584, 126.971621 37.549591, 126.971628 37.549597, 126.971636 37.549603, 126.971645 37.549609, 126.971655 37.549613, 126.971665 37.549617, 126.971675 37.54962, 126.971686 37.549622, 126.971697 37.549623, 126.971708 37.549624, 126.971719 37.549623, 126.97173 37.549622, 126.971741 37.54962, 126.971751 37.549617, 126.971762 37.549613, 126.971771 37.549609, 126.97178 37.549603, 126.971788 37.549597, 126.971796 37.549591, 126.971802 37.549584, 126.971808 37.549576, 126.971813 37.549568, 126.971816 37.54956, 126.971819 37.549551, 126.971821 37.549543, 126.971821 37.549534))"
버스정류소,점10m,"POLYGON ((126.97204 37.542007, 126.97204 37.541998, 126.972038 37.541989, 126.972035 37.541981, 126.972032 37.541972, 126.972027 37.541964, 126.972021 37.541957, 126.972015 37.54195, 126.972007 37.541943, 126.971999 37.541937, 126.97199 37.541932, 126.971981 37.541927, 126.971971 37.541924, 126.97196 37.541921, 126.971949 37.541919, 126.971938 37.541917, 126.971927 37.541917, 126.971916 37.541917, 126.971905 37.541919, 126.971894 37.541921, 126.971884 37.541924, 126.971874 37.541927, 126.971864 37.541932, 126.971855 37.541937, 126.971847 37.541943, 126.97184 37.54195, 126.971833 37.541957, 126.971827 37.541964, 126.971823 37.541972, 126.971819 37.541981, 126.971816 37.541989, 126.971815 37.541998, 126.971814 37.542007, 126.971815 37.542016, 126.971816 37.542024, 126.971819 37.542033, 126.971823 37.542041, 126.971827 37.542049, 126.971833 37.542057, 126.97184 37.542064, 126.971847 37.542071, 126.971855 37.542077, 126.971864 37.542082, 126.971874 37.542086, 126.971884 37.54209, 126.971894 37.542093, 126.971905 37.542095, 126.971916 37.542097, 126.971927 37.542097, 126.971938 37.542097, 126.971949 37.542095, 126.97196 37.542093, 126.97197 37.54209, 126.971981 37.542086, 126.97199 37.542082, 126.971999 37.542077, 126.972007 37.542071, 126.972015 37.542064, 126.972021 37.542057, 126.972027 37.542049, 126.972032 37.542041, 126.972035 37.542033, 126.972038 37.542025, 126.97204 37.542016, 126.97204 37.542007))"
버스정류소,점10m,"POLYGON ((126.972182 37.541823, 126.972182 37.541814, 126.97218 37.541805, 126.972177 37.541797, 126.972174 37.541789, 126.972169 37.541781, 126.972163 37.541773, 126.972156 37.541766, 126.972149 37.541759, 126.972141 37.541753, 126.972132 37.541748, 126.972122 37.541744, 126.972112 37.54174, 126.972102 37.541737, 126.972091 37.541735, 126.97208 37.541733, 126.972069 37.541733, 126.972058 37.541733, 126.972047 37.541735, 126.972036 37.541737, 126.972026 37.54174, 126.972016 37.541744, 126.972006 37.541748, 126.971997 37.541753, 126.971989 37.541759, 126.971982 37.541766, 126.971975 37.541773, 126.971969 37.541781, 126.971964 37.541788, 126.971961 37.541797, 126.971958 37.541805, 126.971956 37.541814, 126.971956 37.541823, 126.971956 37.541832, 126.971958 37.541841, 126.971961 37.541849, 126.971964 37.541857, 126.971969 37.541865, 126.971975 37.541873, 126.971982 37.54188, 126.971989 37.541887, 126.971997 37.541893, 126.972006 37.541898, 126.972016 37.541902, 126.972026 37.541906, 126.972036 37.541909, 126.972047 37.541911, 126.972058 37.541913, 126.972069 37.541913, 126.97208 37.541913, 126.972091 37.541911, 126.972102 37.541909, 126.972112 37.541906, 126.972122 37.541902, 126.972132 37.541898, 126.972141 37.541893, 126.972149 37.541887, 126.972156 37.54188, 126.972163 37.541873, 126.972169 37.541865, 126.972174 37.541858, 126.972177 37.541849, 126.97218 37.541841, 126.972182 37.541832, 126.972182 37.541823))"
버스정류소,점10m,"POLYGON ((126.967463 37.52889, 126.967462 37.528881, 126.967461 37.528872, 126.967458 37.528863, 126.967454 37.528855, 126.96745 37.528847, 126.967444 37.52884, 126.967437 37.528832, 126.96743 37.528826, 126.967422 37.52882, 126.967413 37.528815, 126.967403 37.52881, 126.967393 37.528806, 126.967383 37.528803, 126.967372 37.528801, 126.967361 37.5288, 126.96735 37.528799, 126.967339 37.5288, 126.967328 37.528801, 126.967317 37.528803, 126.967307 37.528806, 126.967297 37.52881, 126.967287 37.528815, 126.967278 37.52882, 126.96727 37.528826, 126.967262 37.528832, 126.967256 37.528839, 126.96725 37.528847, 126.967245 37.528855, 126.967242 37.528863, 126.967239 37.528872, 126.967237 37.528881, 126.967237 37.52889, 126.967237 37.528898, 126.967239 37.528907, 126.967242 37.528916, 126.967245 37.528924, 126.96725 37.528932, 126.967256 37.52894, 126.967262 37.528947, 126.96727 37.528953, 126.967278 37.528959, 126.967287 37.528964, 126.967296 37.528969, 126.967306 37.528973, 126.967317 37.528976, 126.967328 37.528978, 126.967339 37.528979, 126.96735 37.52898, 126.967361 37.528979, 126.967372 37.528978, 126.967383 37.528976, 126.967393 37.528973, 126.967403 37.528969, 126.967413 37.528965, 126.967422 37.528959, 126.96743 37.528953, 126.967437 37.528947, 126.967444 37.52894, 126.96745 37.528932, 126.967454 37.528924, 126.967458 37.528916, 126.967461 37.528907, 126.967462 37.528898, 126.967463 37.52889))"
버스정류소,점10m,"POLYGON ((126.963174 37.532157, 126.963173 37.532148, 126.963171 37.532139, 126.963169 37.532131, 126.963165 37.532122, 126.96316 37.532114, 126.963154 37.532107, 126.963148 37.5321, 126.96314 37.532093, 126.963132 37.532087, 126.963123 37.532082, 126.963114 37.532077, 126.963104 37.532073, 126.963093 37.53207, 126.963083 37.532068, 126.963072 37.532067, 126.96306 37.532067, 126.963049 37.532067, 126.963038 37.532068, 126.963028 37.53207, 126.963017 37.532073, 126.963007 37.532077, 126.962998 37.532082, 126.962989 37.532087, 126.96298 37.532093, 126.962973 37.5321, 126.962966 37.532107, 126.962961 37.532114, 126.962956 37.532122, 126.962952 37.532131, 126.962949 37.532139, 126.962948 37.532148, 126.962947 37.532157, 126.962948 37.532165, 126.962949 37.532174, 126.962952 37.532183, 126.962956 37.532191, 126.962961 37.532199, 126.962966 37.532207, 126.962973 37.532214, 126.96298 37.53222, 126.962989 37.532226, 126.962998 37.532232, 126.963007 37.532236, 126.963017 37.53224, 126.963028 37.532243, 126.963038 37.532245, 126.963049 37.532246, 126.96306 37.532247, 126.963071 37.532246, 126.963082 37.532245, 126.963093 37.532243, 126.963104 37.53224, 126.963114 37.532236, 126.963123 37.532232, 126.963132 37.532226, 126.96314 37.53222, 126.963148 37.532214, 126.963154 37.532207, 126.96316 37.532199, 126.963165 37.532191, 126.963169 37.532183, 126.963171 37.532174, 126.963173 37.532166, 126.963174 37.532157))"
버스정류소,점10m,"POLYGON ((126.964328 37.531808, 126.964327 37.531799, 126.964326 37.53179, 126.964323 37.531782, 126.964319 37.531773, 126.964314 37.531765, 126.964309 37.531758, 126.964302 37.531751, 126.964295 37.531744, 126.964286 37.531738, 126.964277 37.531733, 126.964268 37.531728, 126.964258 37.531725, 126.964247 37.531722, 126.964237 37.53172, 126.964226 37.531718, 126.964215 37.531718, 126.964204 37.531718, 126.964193 37.53172, 126.964182 37.531722, 126.964171 37.531725, 126.964161 37.531728, 126.964152 37.531733, 126.964143 37.531738, 126.964135 37.531744, 126.964127 37.531751, 126.964121 37.531758, 126.964115 37.531765, 126.96411 37.531773, 126.964106 37.531782, 126.964104 37.53179, 126.964102 37.531799, 126.964101 37.531808, 126.964102 37.531817, 126.964104 37.531825, 126.964106 37.531834, 126.96411 37.531842, 126.964115 37.53185, 126.964121 37.531858, 126.964127 37.531865, 126.964135 37.531872, 126.964143 37.531878, 126.964152 37.531883, 126.964161 37.531887, 126.964171 37.531891, 126.964182 37.531894, 126.964192 37.531896, 126.964203 37.531898, 126.964215 37.531898, 126.964226 37.531898, 126.964237 37.531896, 126.964247 37.531894, 126.964258 37.531891, 126.964268 37.531887, 126.964277 37.531883, 126.964286 37.531878, 126.964295 37.531872, 126.964302 37.531865, 126.964309 37.531858, 126.964314 37.53185, 126.964319 37.531842, 126.964323 37.531834, 126.964326 37.531826, 126.964327 37.531817, 126.964328 37.531808))"
버스정류소,점10m,"POLYGON ((126.963684 37.524969, 126.963683 37.52496, 126.963682 37.524951, 126.963679 37.524943, 126.963675 37.524935, 126.96367 37.524927, 126.963665 37.524919, 126.963658 37.524912, 126.963651 37.524905, 126.963643 37.524899, 126.963634 37.524894, 126.963624 37.52489, 126.963614 37.524886, 126.963604 37.524883, 126.963593 37.524881, 126.963582 37.524879, 126.963571 37.524879, 126.96356 37.524879, 126.963549 37.524881, 126.963538 37.524883, 126.963527 37.524886, 126.963517 37.52489, 126.963508 37.524894, 126.963499 37.524899, 126.963491 37.524905, 126.963483 37.524912, 126.963477 37.524919, 126.963471 37.524926, 126.963466 37.524934, 126.963462 37.524943, 126.96346 37.524951, 126.963458 37.52496, 126.963458 37.524969, 126.963458 37.524978, 126.96346 37.524987, 126.963462 37.524995, 126.963466 37.525003, 126.963471 37.525011, 126.963477 37.525019, 126.963483 37.525026, 126.963491 37.525033, 126.963499 37.525039, 126.963508 37.525044, 126.963517 37.525048, 126.963527 37.525052, 126.963538 37.525055, 126.963549 37.525057, 126.96356 37.525059, 126.963571 37.525059, 126.963582 37.525059, 126.963593 37.525057, 126.963603 37.525055, 126.963614 37.525052, 126.963624 37.525048, 126.963634 37.525044, 126.963642 37.525039, 126.963651 37.525033, 126.963658 37.525026, 126.963665 37.525019, 126.96367 37.525011, 126.963675 37.525004, 126.963679 37.524995, 126.963682 37.524987, 126.963683 37.524978, 126.963684 37.524969))"
버스정류소,점10m,"POLYGON ((126.969454 37.552474, 126.969453 37.552465, 126.969452 37.552457, 126.969449 37.552448, 126.969445 37.55244, 126.96944 37.552432, 126.969435 37.552424, 126.969428 37.552417, 126.969421 37.552411, 126.969412 37.552405, 126.969403 37.552399, 126.969394 37.552395, 126.969384 37.552391, 126.969373 37.552388, 126.969363 37.552386, 126.969352 37.552385, 126.969341 37.552384, 126.969329 37.552385, 126.969318 37.552386, 126.969308 37.552388, 126.969297 37.552391, 126.969287 37.552395, 126.969278 37.552399, 126.969269 37.552405, 126.969261 37.552411, 126.969253 37.552417, 126.969246 37.552424, 126.969241 37.552432, 126.969236 37.55244, 126.969232 37.552448, 126.96923 37.552457, 126.969228 37.552465, 126.969227 37.552474, 126.969228 37.552483, 126.969229 37.552492, 126.969232 37.5525, 126.969236 37.552509, 126.969241 37.552517, 126.969246 37.552524, 126.969253 37.552531, 126.96926 37.552538, 126.969269 37.552544, 126.969278 37.552549, 126.969287 37.552554, 126.969297 37.552558, 126.969308 37.552561, 126.969318 37.552563, 126.969329 37.552564, 126.96934 37.552564, 126.969352 37.552564, 126.969363 37.552563, 126.969373 37.552561, 126.969384 37.552558, 126.969394 37.552554, 126.969403 37.552549, 126.969412 37.552544, 126.96942 37.552538, 126.969428 37.552531, 126.969435 37.552524, 126.96944 37.552517, 126.969445 37.552509, 126.969449 37.5525, 126.969451 37.552492, 126.969453 37.552483, 126.969454 37.552474))"
버스정류소,점10m,"POLYGON ((126.969335 37.551671, 126.969335 37.551662, 126.969333 37.551653, 126.96933 37.551644, 126.969327 37.551636, 126.969322 37.551628, 126.969316 37.55162, 126.96931 37.551613, 126.969302 37.551607, 126.969294 37.551601, 126.969285 37.551596, 126.969275 37.551591, 126.969265 37.551587, 126.969255 37.551584, 126.969244 37.551582, 126.969233 37.551581, 126.969222 37.55158, 126.969211 37.551581, 126.9692 37.551582, 126.969189 37.551584, 126.969179 37.551587, 126.969169 37.551591, 126.969159 37.551596, 126.96915 37.551601, 126.969142 37.551607, 126.969135 37.551613, 126.969128 37.55162, 126.969122 37.551628, 126.969117 37.551636, 126.969114 37.551644, 126.969111 37.551653, 126.969109 37.551662, 126.969109 37.55167, 126.969109 37.551679, 126.969111 37.551688, 126.969114 37.551697, 126.969117 37.551705, 126.969122 37.551713, 126.969128 37.551721, 126.969134 37.551728, 126.969142 37.551734, 126.96915 37.55174, 126.969159 37.551745, 126.969169 37.55175, 126.969179 37.551754, 126.969189 37.551757, 126.9692 37.551759, 126.969211 37.55176, 126.969222 37.551761, 126.969233 37.55176, 126.969244 37.551759, 126.969255 37.551757, 126.969265 37.551754, 126.969275 37.55175, 126.969285 37.551745, 126.969294 37.55174, 126.969302 37.551734, 126.969309 37.551728, 126.969316 37.551721, 126.969322 37.551713, 126.969327 37.551705, 126.96933 37.551697, 126.969333 37.551688, 126.969335 37.551679, 126.969335 37.551671))"
버스정류소,점10m,"POLYGON ((126.970235 37.548992, 126.970235 37.548983, 126.970233 37.548974, 126.97023 37.548965, 126.970227 37.548957, 126.970222 37.548949, 126.970216 37.548942, 126.970209 37.548934, 126.970202 37.548928, 126.970194 37.548922, 126.970185 37.548917, 126.970175 37.548912, 126.970165 37.548908, 126.970155 37.548905, 126.970144 37.548903, 126.970133 37.548902, 126.970122 37.548902, 126.970111 37.548902, 126.9701 37.548903, 126.970089 37.548905, 126.970079 37.548908, 126.970069 37.548912, 126.970059 37.548917, 126.97005 37.548922, 126.970042 37.548928, 126.970035 37.548934, 126.970028 37.548942, 126.970022 37.548949, 126.970017 37.548957, 126.970014 37.548965, 126.970011 37.548974, 126.970009 37.548983, 126.970009 37.548992, 126.970009 37.549, 126.970011 37.549009, 126.970014 37.549018, 126.970017 37.549026, 126.970022 37.549034, 126.970028 37.549042, 126.970035 37.549049, 126.970042 37.549055, 126.97005 37.549061, 126.970059 37.549067, 126.970069 37.549071, 126.970079 37.549075, 126.970089 37.549078, 126.9701 37.54908, 126.970111 37.549081, 126.970122 37.549082, 126.970133 37.549081, 126.970144 37.54908, 126.970155 37.549078, 126.970165 37.549075, 126.970175 37.549071, 126.970185 37.549067, 126.970194 37.549061, 126.970202 37.549055, 126.970209 37.549049, 126.970216 37.549042, 126.970222 37.549034, 126.970227 37.549026, 126.97023 37.549018, 126.970233 37.549009, 126.970235 37.549, 126.970235 37.548992))"
버스정류소,점10m,"POLYGON ((126.969976 37.548679, 126.969975 37.54867, 126.969974 37.548661, 126.969971 37.548653, 126.969967 37.548645, 126.969962 37.548637, 126.969957 37.548629, 126.96995 37.548622, 126.969943 37.548615, 126.969934 37.548609, 126.969926 37.548604, 126.969916 37.5486, 126.969906 37.548596, 126.969895 37.548593, 126.969885 37.548591, 126.969874 37.548589, 126.969863 37.548589, 126.969852 37.548589, 126.969841 37.548591, 126.96983 37.548593, 126.969819 37.548596, 126.969809 37.5486, 126.9698 37.548604, 126.969791 37.548609, 126.969783 37.548615, 126.969775 37.548622, 126.969769 37.548629, 126.969763 37.548637, 126.969758 37.548645, 126.969754 37.548653, 126.969752 37.548661, 126.96975 37.54867, 126.969749 37.548679, 126.96975 37.548688, 126.969752 37.548697, 126.969754 37.548705, 126.969758 37.548713, 126.969763 37.548721, 126.969768 37.548729, 126.969775 37.548736, 126.969783 37.548743, 126.969791 37.548749, 126.9698 37.548754, 126.969809 37.548758, 126.969819 37.548762, 126.96983 37.548765, 126.96984 37.548767, 126.969851 37.548769, 126.969863 37.548769, 126.969874 37.548769, 126.969885 37.548767, 126.969895 37.548765, 126.969906 37.548762, 126.969916 37.548759, 126.969925 37.548754, 126.969934 37.548749, 126.969943 37.548743, 126.96995 37.548736, 126.969957 37.548729, 126.969962 37.548722, 126.969967 37.548714, 126.969971 37.548705, 126.969974 37.548697, 126.969975 37.548688, 126.969976 37.548679))"
버스정류소,점10m,"POLYGON ((126.97089 37.545381, 126.97089 37.545372, 126.970888 37.545364, 126.970885 37.545355, 126.970882 37.545347, 126.970877 37.545339, 126.970871 37.545331, 126.970865 37.545324, 126.970857 37.545318, 126.970849 37.545312, 126.97084 37.545306, 126.970831 37.545302, 126.970821 37.545298, 126.97081 37.545295, 126.970799 37.545293, 126.970788 37.545292, 126.970777 37.545291, 126.970766 37.545292, 126.970755 37.545293, 126.970744 37.545295, 126.970734 37.545298, 126.970724 37.545302, 126.970714 37.545306, 126.970705 37.545312, 126.970697 37.545318, 126.97069 37.545324, 126.970683 37.545331, 126.970677 37.545339, 126.970673 37.545347, 126.970669 37.545355, 126.970666 37.545364, 126.970665 37.545372, 126.970664 37.545381, 126.970665 37.54539, 126.970666 37.545399, 126.970669 37.545407, 126.970673 37.545416, 126.970677 37.545424, 126.970683 37.545431, 126.97069 37.545438, 126.970697 37.545445, 126.970705 37.545451, 126.970714 37.545456, 126.970724 37.545461, 126.970734 37.545464, 126.970744 37.545467, 126.970755 37.54547, 126.970766 37.545471, 126.970777 37.545471, 126.970788 37.545471, 126.970799 37.54547, 126.97081 37.545467, 126.97082 37.545465, 126.970831 37.545461, 126.97084 37.545456, 126.970849 37.545451, 126.970857 37.545445, 126.970865 37.545438, 126.970871 37.545431, 126.970877 37.545424, 126.970882 37.545416, 126.970885 37.545407, 126.970888 37.545399, 126.97089 37.54539, 126.97089 37.545381))"
버스정류소,점10m,"POLYGON ((126.970532 37.545486, 126.970532 37.545477, 126.97053 37.545469, 126.970527 37.54546, 126.970523 37.545452, 126.970519 37.545444, 126.970513 37.545436, 126.970506 37.545429, 126.970499 37.545422, 126.970491 37.545417, 126.970482 37.545411, 126.970472 37.545407, 126.970462 37.545403, 126.970452 37.5454, 126.970441 37.545398, 126.97043 37.545396, 126.970419 37.545396, 126.970408 37.545396, 126.970397 37.545398, 126.970386 37.5454, 126.970376 37.545403, 126.970366 37.545407, 126.970356 37.545411, 126.970347 37.545416, 126.970339 37.545422, 126.970331 37.545429, 126.970325 37.545436, 126.970319 37.545444, 126.970314 37.545452, 126.970311 37.54546, 126.970308 37.545469, 126.970306 37.545477, 126.970306 37.545486, 126.970306 37.545495, 126.970308 37.545504, 126.970311 37.545512, 126.970314 37.545521, 126.970319 37.545529, 126.970325 37.545536, 126.970331 37.545543, 126.970339 37.54555, 126.970347 37.545556, 126.970356 37.545561, 126.970366 37.545566, 126.970376 37.545569, 126.970386 37.545572, 126.970397 37.545575, 126.970408 37.545576, 126.970419 37.545576, 126.97043 37.545576, 126.970441 37.545575, 126.970452 37.545572, 126.970462 37.545569, 126.970472 37.545566, 126.970482 37.545561, 126.970491 37.545556, 126.970499 37.54555, 126.970506 37.545543, 126.970513 37.545536, 126.970519 37.545529, 126.970523 37.545521, 126.970527 37.545512, 126.97053 37.545504, 126.970532 37.545495, 126.970532 37.545486))"
버스정류소,점10m,"POLYGON ((126.971145 37.540813, 126.971145 37.540804, 126.971143 37.540795, 126.97114 37.540787, 126.971137 37.540779, 126.971132 37.540771, 126.971126 37.540763, 126.971119 37.540756, 126.971112 37.540749, 126.971104 37.540743, 126.971095 37.540738, 126.971085 37.540734, 126.971075 37.54073, 126.971065 37.540727, 126.971054 37.540725, 126.971043 37.540723, 126.971032 37.540723, 126.971021 37.540723, 126.97101 37.540725, 126.970999 37.540727, 126.970989 37.54073, 126.970979 37.540734, 126.970969 37.540738, 126.97096 37.540743, 126.970952 37.540749, 126.970945 37.540756, 126.970938 37.540763, 126.970932 37.540771, 126.970927 37.540778, 126.970924 37.540787, 126.970921 37.540795, 126.970919 37.540804, 126.970919 37.540813, 126.970919 37.540822, 126.970921 37.540831, 126.970924 37.540839, 126.970927 37.540847, 126.970932 37.540855, 126.970938 37.540863, 126.970945 37.54087, 126.970952 37.540877, 126.97096 37.540883, 126.970969 37.540888, 126.970979 37.540892, 126.970989 37.540896, 126.970999 37.540899, 126.97101 37.540901, 126.971021 37.540903, 126.971032 37.540903, 126.971043 37.540903, 126.971054 37.540901, 126.971065 37.540899, 126.971075 37.540896, 126.971085 37.540892, 126.971095 37.540888, 126.971104 37.540883, 126.971112 37.540877, 126.971119 37.54087, 126.971126 37.540863, 126.971132 37.540855, 126.971137 37.540848, 126.97114 37.540839, 126.971143 37.540831, 126.971145 37.540822, 126.971145 37.540813))"
버스정류소,점10m,"POLYGON ((126.970789 37.54057, 126.970789 37.540561, 126.970787 37.540553, 126.970784 37.540544, 126.970781 37.540536, 126.970776 37.540528, 126.97077 37.54052, 126.970764 37.540513, 126.970756 37.540507, 126.970748 37.540501, 126.970739 37.540495, 126.970729 37.540491, 126.970719 37.540487, 126.970709 37.540484, 126.970698 37.540482, 126.970687 37.540481, 126.970676 37.54048, 126.970665 37.540481, 126.970654 37.540482, 126.970643 37.540484, 126.970633 37.540487, 126.970623 37.540491, 126.970613 37.540495, 126.970604 37.540501, 126.970596 37.540507, 126.970589 37.540513, 126.970582 37.54052, 126.970576 37.540528, 126.970572 37.540536, 126.970568 37.540544, 126.970565 37.540553, 126.970563 37.540561, 126.970563 37.54057, 126.970563 37.540579, 126.970565 37.540588, 126.970568 37.540596, 126.970572 37.540605, 126.970576 37.540613, 126.970582 37.54062, 126.970589 37.540627, 126.970596 37.540634, 126.970604 37.54064, 126.970613 37.540645, 126.970623 37.54065, 126.970633 37.540654, 126.970643 37.540656, 126.970654 37.540659, 126.970665 37.54066, 126.970676 37.54066, 126.970687 37.54066, 126.970698 37.540659, 126.970709 37.540656, 126.970719 37.540654, 126.970729 37.54065, 126.970739 37.540645, 126.970748 37.54064, 126.970756 37.540634, 126.970764 37.540627, 126.97077 37.54062, 126.970776 37.540613, 126.970781 37.540605, 126.970784 37.540596, 126.970787 37.540588, 126.970789 37.540579, 126.970789 37.54057))"
버스정류소,점10m,"POLYGON ((126.96614 37.533779, 126.96614 37.53377, 126.966138 37.533762, 126.966135 37.533753, 126.966132 37.533745, 126.966127 37.533737, 126.966121 37.533729, 126.966115 37.533722, 126.966107 37.533716, 126.966099 37.53371, 126.96609 37.533704, 126.96608 37.5337, 126.96607 37.533696, 126.96606 37.533693, 126.966049 37.533691, 126.966038 37.53369, 126.966027 37.533689, 126.966016 37.53369, 126.966005 37.533691, 126.965994 37.533693, 126.965984 37.533696, 126.965974 37.5337, 126.965964 37.533704, 126.965955 37.53371, 126.965947 37.533716, 126.96594 37.533722, 126.965933 37.533729, 126.965927 37.533737, 126.965923 37.533745, 126.965919 37.533753, 126.965916 37.533762, 126.965915 37.53377, 126.965914 37.533779, 126.965915 37.533788, 126.965916 37.533797, 126.965919 37.533805, 126.965923 37.533814, 126.965927 37.533822, 126.965933 37.533829, 126.96594 37.533836, 126.965947 37.533843, 126.965955 37.533849, 126.965964 37.533854, 126.965974 37.533859, 126.965984 37.533862, 126.965994 37.533865, 126.966005 37.533868, 126.966016 37.533869, 126.966027 37.533869, 126.966038 37.533869, 126.966049 37.533868, 126.96606 37.533865, 126.96607 37.533863, 126.96608 37.533859, 126.96609 37.533854, 126.966099 37.533849, 126.966107 37.533843, 126.966115 37.533836, 126.966121 37.533829, 126.966127 37.533822, 126.966132 37.533814, 126.966135 37.533805, 126.966138 37.533797, 126.96614 37.533788, 126.96614 37.533779))"
버스정류소,점10m,"POLYGON ((126.96582 37.533514, 126.96582 37.533505, 126.965818 37.533496, 126.965815 37.533487, 126.965812 37.533479, 126.965807 37.533471, 126.965801 37.533463, 126.965795 37.533456, 126.965787 37.53345, 126.965779 37.533444, 126.96577 37.533439, 126.965761 37.533434, 126.965751 37.53343, 126.96574 37.533427, 126.965729 37.533425, 126.965718 37.533424, 126.965707 37.533423, 126.965696 37.533424, 126.965685 37.533425, 126.965674 37.533427, 126.965664 37.53343, 126.965654 37.533434, 126.965644 37.533439, 126.965635 37.533444, 126.965627 37.53345, 126.96562 37.533456, 126.965613 37.533463, 126.965607 37.533471, 126.965603 37.533479, 126.965599 37.533487, 126.965596 37.533496, 126.965595 37.533505, 126.965594 37.533513, 126.965595 37.533522, 126.965596 37.533531, 126.965599 37.53354, 126.965603 37.533548, 126.965607 37.533556, 126.965613 37.533564, 126.96562 37.533571, 126.965627 37.533577, 126.965635 37.533583, 126.965644 37.533588, 126.965654 37.533593, 126.965664 37.533597, 126.965674 37.5336, 126.965685 37.533602, 126.965696 37.533603, 126.965707 37.533604, 126.965718 37.533603, 126.965729 37.533602, 126.96574 37.5336, 126.96575 37.533597, 126.96576 37.533593, 126.96577 37.533588, 126.965779 37.533583, 126.965787 37.533577, 126.965795 37.533571, 126.965801 37.533564, 126.965807 37.533556, 126.965812 37.533548, 126.965815 37.53354, 126.965818 37.533531, 126.96582 37.533522, 126.96582 37.533514))"
버스정류소,점10m,"POLYGON ((126.962077 37.533273, 126.962077 37.533264, 126.962075 37.533255, 126.962072 37.533246, 126.962069 37.533238, 126.962064 37.53323, 126.962058 37.533222, 126.962052 37.533215, 126.962044 37.533209, 126.962036 37.533203, 126.962027 37.533198, 126.962017 37.533193, 126.962007 37.533189, 126.961997 37.533186, 126.961986 37.533184, 126.961975 37.533183, 126.961964 37.533182, 126.961953 37.533183, 126.961942 37.533184, 126.961931 37.533186, 126.961921 37.533189, 126.961911 37.533193, 126.961901 37.533198, 126.961892 37.533203, 126.961884 37.533209, 126.961877 37.533215, 126.96187 37.533222, 126.961864 37.53323, 126.96186 37.533238, 126.961856 37.533246, 126.961853 37.533255, 126.961852 37.533264, 126.961851 37.533272, 126.961852 37.533281, 126.961853 37.53329, 126.961856 37.533299, 126.96186 37.533307, 126.961864 37.533315, 126.96187 37.533323, 126.961877 37.53333, 126.961884 37.533336, 126.961892 37.533342, 126.961901 37.533347, 126.961911 37.533352, 126.961921 37.533356, 126.961931 37.533359, 126.961942 37.533361, 126.961953 37.533362, 126.961964 37.533363, 126.961975 37.533362, 126.961986 37.533361, 126.961997 37.533359, 126.962007 37.533356, 126.962017 37.533352, 126.962027 37.533347, 126.962036 37.533342, 126.962044 37.533336, 126.962052 37.53333, 126.962058 37.533323, 126.962064 37.533315, 126.962069 37.533307, 126.962072 37.533299, 126.962075 37.53329, 126.962077 37.533281, 126.962077 37.533273))"
버스정류소,점10m,"POLYGON ((126.962282 37.533057, 126.962282 37.533049, 126.96228 37.53304, 126.962277 37.533031, 126.962274 37.533023, 126.962269 37.533015, 126.962263 37.533007, 126.962256 37.533, 126.962249 37.532994, 126.962241 37.532988, 126.962232 37.532983, 126.962222 37.532978, 126.962212 37.532974, 126.962202 37.532971, 126.962191 37.532969, 126.96218 37.532968, 126.962169 37.532967, 126.962158 37.532968, 126.962147 37.532969, 126.962136 37.532971, 126.962126 37.532974, 126.962116 37.532978, 126.962106 37.532982, 126.962097 37.532988, 126.962089 37.532994, 126.962082 37.533, 126.962075 37.533007, 126.962069 37.533015, 126.962064 37.533023, 126.962061 37.533031, 126.962058 37.53304, 126.962056 37.533049, 126.962056 37.533057, 126.962056 37.533066, 126.962058 37.533075, 126.962061 37.533084, 126.962064 37.533092, 126.962069 37.5331, 126.962075 37.533107, 126.962082 37.533115, 126.962089 37.533121, 126.962097 37.533127, 126.962106 37.533132, 126.962116 37.533137, 126.962126 37.533141, 126.962136 37.533144, 126.962147 37.533146, 126.962158 37.533147, 126.962169 37.533148, 126.96218 37.533147, 126.962191 37.533146, 126.962202 37.533144, 126.962212 37.533141, 126.962222 37.533137, 126.962232 37.533132, 126.962241 37.533127, 126.962249 37.533121, 126.962256 37.533115, 126.962263 37.533107, 126.962269 37.5331, 126.962274 37.533092, 126.962277 37.533084, 126.96228 37.533075, 126.962282 37.533066, 126.962282 37.533057))"
버스정류소,점10m,"POLYGON ((126.958438 37.532779, 126.958438 37.53277, 126.958436 37.532762, 126.958433 37.532753, 126.95843 37.532745, 126.958425 37.532737, 126.958419 37.532729, 126.958413 37.532722, 126.958405 37.532715, 126.958397 37.532709, 126.958388 37.532704, 126.958379 37.5327, 126.958369 37.532696, 126.958358 37.532693, 126.958347 37.532691, 126.958336 37.532689, 126.958325 37.532689, 126.958314 37.532689, 126.958303 37.532691, 126.958292 37.532693, 126.958282 37.532696, 126.958272 37.5327, 126.958262 37.532704, 126.958253 37.532709, 126.958245 37.532715, 126.958238 37.532722, 126.958231 37.532729, 126.958225 37.532737, 126.958221 37.532745, 126.958217 37.532753, 126.958214 37.532761, 126.958213 37.53277, 126.958212 37.532779, 126.958213 37.532788, 126.958214 37.532797, 126.958217 37.532805, 126.958221 37.532814, 126.958225 37.532821, 126.958231 37.532829, 126.958238 37.532836, 126.958245 37.532843, 126.958253 37.532849, 126.958262 37.532854, 126.958272 37.532859, 126.958282 37.532862, 126.958292 37.532865, 126.958303 37.532867, 126.958314 37.532869, 126.958325 37.532869, 126.958336 37.532869, 126.958347 37.532867, 126.958358 37.532865, 126.958368 37.532862, 126.958378 37.532859, 126.958388 37.532854, 126.958397 37.532849, 126.958405 37.532843, 126.958413 37.532836, 126.958419 37.532829, 126.958425 37.532822, 126.95843 37.532814, 126.958433 37.532805, 126.958436 37.532797, 126.958438 37.532788, 126.958438 37.532779))"
버스정류소,점10m,"POLYGON ((126.95845 37.533056, 126.958449 37.533047, 126.958447 37.533039, 126.958445 37.53303, 126.958441 37.533022, 126.958436 37.533014, 126.95843 37.533006, 126.958424 37.532999, 126.958416 37.532992, 126.958408 37.532986, 126.958399 37.532981, 126.95839 37.532977, 126.95838 37.532973, 126.958369 37.53297, 126.958359 37.532968, 126.958348 37.532966, 126.958336 37.532966, 126.958325 37.532966, 126.958314 37.532968, 126.958304 37.53297, 126.958293 37.532973, 126.958283 37.532977, 126.958274 37.532981, 126.958265 37.532986, 126.958256 37.532992, 126.958249 37.532999, 126.958242 37.533006, 126.958237 37.533014, 126.958232 37.533022, 126.958228 37.53303, 126.958225 37.533039, 126.958224 37.533047, 126.958223 37.533056, 126.958224 37.533065, 126.958225 37.533074, 126.958228 37.533082, 126.958232 37.533091, 126.958237 37.533099, 126.958242 37.533106, 126.958249 37.533113, 126.958256 37.53312, 126.958265 37.533126, 126.958274 37.533131, 126.958283 37.533136, 126.958293 37.533139, 126.958304 37.533142, 126.958314 37.533144, 126.958325 37.533146, 126.958336 37.533146, 126.958347 37.533146, 126.958358 37.533144, 126.958369 37.533142, 126.95838 37.533139, 126.95839 37.533136, 126.958399 37.533131, 126.958408 37.533126, 126.958416 37.53312, 126.958424 37.533113, 126.95843 37.533106, 126.958436 37.533099, 126.958441 37.533091, 126.958445 37.533082, 126.958447 37.533074, 126.958449 37.533065, 126.95845 37.533056))"
버스정류소,점10m,"POLYGON ((126.956224 37.531985, 126.956224 37.531977, 126.956222 37.531968, 126.956219 37.531959, 126.956216 37.531951, 126.956211 37.531943, 126.956205 37.531935, 126.956198 37.531928, 126.956191 37.531922, 126.956183 37.531916, 126.956174 37.53191, 126.956164 37.531906, 126.956154 37.531902, 126.956144 37.531899, 126.956133 37.531897, 126.956122 37.531896, 126.956111 37.531895, 126.9561 37.531896, 126.956089 37.531897, 126.956078 37.531899, 126.956068 37.531902, 126.956058 37.531906, 126.956048 37.53191, 126.956039 37.531916, 126.956031 37.531922, 126.956024 37.531928, 126.956017 37.531935, 126.956011 37.531943, 126.956006 37.531951, 126.956003 37.531959, 126.956 37.531968, 126.955998 37.531976, 126.955998 37.531985, 126.955998 37.531994, 126.956 37.532003, 126.956003 37.532011, 126.956006 37.53202, 126.956011 37.532028, 126.956017 37.532035, 126.956024 37.532042, 126.956031 37.532049, 126.956039 37.532055, 126.956048 37.53206, 126.956058 37.532065, 126.956068 37.532069, 126.956078 37.532072, 126.956089 37.532074, 126.9561 37.532075, 126.956111 37.532075, 126.956122 37.532075, 126.956133 37.532074, 126.956144 37.532072, 126.956154 37.532069, 126.956164 37.532065, 126.956174 37.53206, 126.956183 37.532055, 126.956191 37.532049, 126.956198 37.532043, 126.956205 37.532035, 126.956211 37.532028, 126.956216 37.53202, 126.956219 37.532012, 126.956222 37.532003, 126.956224 37.531994, 126.956224 37.531985))"
버스정류소,점10m,"POLYGON ((126.969299 37.540503, 126.969298 37.540494, 126.969297 37.540486, 126.969294 37.540477, 126.96929 37.540469, 126.969286 37.540461, 126.96928 37.540453, 126.969273 37.540446, 126.969266 37.54044, 126.969258 37.540434, 126.969249 37.540428, 126.969239 37.540424, 126.969229 37.54042, 126.969219 37.540417, 126.969208 37.540415, 126.969197 37.540414, 126.969186 37.540413, 126.969175 37.540414, 126.969164 37.540415, 126.969153 37.540417, 126.969143 37.54042, 126.969132 37.540424, 126.969123 37.540428, 126.969114 37.540434, 126.969106 37.540439, 126.969098 37.540446, 126.969092 37.540453, 126.969086 37.540461, 126.969081 37.540469, 126.969078 37.540477, 126.969075 37.540486, 126.969073 37.540494, 126.969073 37.540503, 126.969073 37.540512, 126.969075 37.540521, 126.969078 37.540529, 126.969081 37.540538, 126.969086 37.540546, 126.969092 37.540553, 126.969098 37.54056, 126.969106 37.540567, 126.969114 37.540573, 126.969123 37.540578, 126.969132 37.540583, 126.969142 37.540586, 126.969153 37.540589, 126.969164 37.540592, 126.969175 37.540593, 126.969186 37.540593, 126.969197 37.540593, 126.969208 37.540592, 126.969219 37.540589, 126.969229 37.540586, 126.969239 37.540583, 126.969249 37.540578, 126.969258 37.540573, 126.969266 37.540567, 126.969273 37.54056, 126.96928 37.540553, 126.969286 37.540546, 126.96929 37.540538, 126.969294 37.540529, 126.969297 37.540521, 126.969298 37.540512, 126.969299 37.540503))"
버스정류소,점10m,"POLYGON ((126.969175 37.539999, 126.969174 37.539991, 126.969172 37.539982, 126.96917 37.539973, 126.969166 37.539965, 126.969161 37.539957, 126.969156 37.539949, 126.969149 37.539942, 126.969142 37.539936, 126.969133 37.53993, 126.969124 37.539925, 126.969115 37.53992, 126.969105 37.539916, 126.969094 37.539913, 126.969084 37.539911, 126.969073 37.53991, 126.969062 37.539909, 126.96905 37.53991, 126.969039 37.539911, 126.969029 37.539913, 126.969018 37.539916, 126.969008 37.53992, 126.968999 37.539925, 126.96899 37.53993, 126.968982 37.539936, 126.968974 37.539942, 126.968967 37.539949, 126.968962 37.539957, 126.968957 37.539965, 126.968953 37.539973, 126.968951 37.539982, 126.968949 37.539991, 126.968948 37.539999, 126.968949 37.540008, 126.968951 37.540017, 126.968953 37.540026, 126.968957 37.540034, 126.968962 37.540042, 126.968967 37.540049, 126.968974 37.540057, 126.968981 37.540063, 126.96899 37.540069, 126.968999 37.540074, 126.969008 37.540079, 126.969018 37.540083, 126.969029 37.540086, 126.969039 37.540088, 126.96905 37.540089, 126.969061 37.54009, 126.969073 37.540089, 126.969084 37.540088, 126.969094 37.540086, 126.969105 37.540083, 126.969115 37.540079, 126.969124 37.540074, 126.969133 37.540069, 126.969141 37.540063, 126.969149 37.540057, 126.969156 37.54005, 126.969161 37.540042, 126.969166 37.540034, 126.96917 37.540026, 126.969172 37.540017, 126.969174 37.540008, 126.969175 37.539999))"
버스정류소,점10m,"POLYGON ((126.967042 37.538614, 126.967042 37.538605, 126.96704 37.538596, 126.967037 37.538588, 126.967034 37.538579, 126.967029 37.538571, 126.967023 37.538564, 126.967017 37.538557, 126.967009 37.53855, 126.967001 37.538544, 126.966992 37.538539, 126.966982 37.538534, 126.966972 37.538531, 126.966962 37.538528, 126.966951 37.538526, 126.96694 37.538524, 126.966929 37.538524, 126.966918 37.538524, 126.966907 37.538526, 126.966896 37.538528, 126.966886 37.538531, 126.966876 37.538534, 126.966866 37.538539, 126.966857 37.538544, 126.966849 37.53855, 126.966842 37.538557, 126.966835 37.538564, 126.966829 37.538571, 126.966825 37.538579, 126.966821 37.538588, 126.966818 37.538596, 126.966817 37.538605, 126.966816 37.538614, 126.966816 37.538623, 126.966818 37.538631, 126.966821 37.53864, 126.966825 37.538648, 126.966829 37.538656, 126.966835 37.538664, 126.966842 37.538671, 126.966849 37.538678, 126.966857 37.538684, 126.966866 37.538689, 126.966876 37.538693, 126.966886 37.538697, 126.966896 37.5387, 126.966907 37.538702, 126.966918 37.538704, 126.966929 37.538704, 126.96694 37.538704, 126.966951 37.538702, 126.966962 37.5387, 126.966972 37.538697, 126.966982 37.538693, 126.966992 37.538689, 126.967001 37.538684, 126.967009 37.538678, 126.967017 37.538671, 126.967023 37.538664, 126.967029 37.538656, 126.967034 37.538648, 126.967037 37.53864, 126.96704 37.538632, 126.967042 37.538623, 126.967042 37.538614))"
버스정류소,점10m,"POLYGON ((126.965581 37.537462, 126.96558 37.537453, 126.965579 37.537445, 126.965576 37.537436, 126.965572 37.537428, 126.965568 37.53742, 126.965562 37.537412, 126.965555 37.537405, 126.965548 37.537398, 126.96554 37.537392, 126.965531 37.537387, 126.965521 37.537383, 126.965511 37.537379, 126.965501 37.537376, 126.96549 37.537374, 126.965479 37.537372, 126.965468 37.537372, 126.965457 37.537372, 126.965446 37.537374, 126.965435 37.537376, 126.965425 37.537379, 126.965414 37.537383, 126.965405 37.537387, 126.965396 37.537392, 126.965388 37.537398, 126.96538 37.537405, 126.965374 37.537412, 126.965368 37.53742, 126.965363 37.537428, 126.96536 37.537436, 126.965357 37.537444, 126.965355 37.537453, 126.965355 37.537462, 126.965355 37.537471, 126.965357 37.53748, 126.96536 37.537488, 126.965363 37.537497, 126.965368 37.537505, 126.965374 37.537512, 126.96538 37.537519, 126.965388 37.537526, 126.965396 37.537532, 126.965405 37.537537, 126.965414 37.537542, 126.965424 37.537545, 126.965435 37.537548, 126.965446 37.53755, 126.965457 37.537552, 126.965468 37.537552, 126.965479 37.537552, 126.96549 37.53755, 126.965501 37.537548, 126.965511 37.537545, 126.965521 37.537542, 126.965531 37.537537, 126.96554 37.537532, 126.965548 37.537526, 126.965555 37.537519, 126.965562 37.537512, 126.965568 37.537505, 126.965572 37.537497, 126.965576 37.537488, 126.965579 37.53748, 126.96558 37.537471, 126.965581 37.537462))"
버스정류소,점10m,"POLYGON ((126.963776 37.536319, 126.963776 37.53631, 126.963774 37.536301, 126.963771 37.536293, 126.963768 37.536284, 126.963763 37.536276, 126.963757 37.536269, 126.963751 37.536262, 126.963743 37.536255, 126.963735 37.536249, 126.963726 37.536244, 126.963717 37.536239, 126.963707 37.536236, 126.963696 37.536233, 126.963685 37.53623, 126.963674 37.536229, 126.963663 37.536229, 126.963652 37.536229, 126.963641 37.53623, 126.96363 37.536233, 126.96362 37.536235, 126.96361 37.536239, 126.9636 37.536244, 126.963591 37.536249, 126.963583 37.536255, 126.963576 37.536262, 126.963569 37.536269, 126.963563 37.536276, 126.963559 37.536284, 126.963555 37.536293, 126.963552 37.536301, 126.963551 37.53631, 126.96355 37.536319, 126.963551 37.536328, 126.963552 37.536336, 126.963555 37.536345, 126.963559 37.536353, 126.963563 37.536361, 126.963569 37.536369, 126.963576 37.536376, 126.963583 37.536382, 126.963591 37.536388, 126.9636 37.536394, 126.96361 37.536398, 126.96362 37.536402, 126.96363 37.536405, 126.963641 37.536407, 126.963652 37.536408, 126.963663 37.536409, 126.963674 37.536408, 126.963685 37.536407, 126.963696 37.536405, 126.963706 37.536402, 126.963716 37.536398, 126.963726 37.536394, 126.963735 37.536388, 126.963743 37.536382, 126.963751 37.536376, 126.963757 37.536369, 126.963763 37.536361, 126.963768 37.536353, 126.963771 37.536345, 126.963774 37.536336, 126.963776 37.536328, 126.963776 37.536319))"
버스정류소,점10m,"POLYGON ((126.963104 37.536237, 126.963104 37.536229, 126.963102 37.53622, 126.963099 37.536211, 126.963096 37.536203, 126.963091 37.536195, 126.963085 37.536187, 126.963079 37.53618, 126.963071 37.536174, 126.963063 37.536168, 126.963054 37.536163, 126.963044 37.536158, 126.963034 37.536154, 126.963024 37.536151, 126.963013 37.536149, 126.963002 37.536148, 126.962991 37.536147, 126.96298 37.536148, 126.962969 37.536149, 126.962958 37.536151, 126.962948 37.536154, 126.962938 37.536158, 126.962928 37.536163, 126.962919 37.536168, 126.962911 37.536174, 126.962904 37.53618, 126.962897 37.536187, 126.962891 37.536195, 126.962887 37.536203, 126.962883 37.536211, 126.96288 37.53622, 126.962879 37.536229, 126.962878 37.536237, 126.962878 37.536246, 126.96288 37.536255, 126.962883 37.536264, 126.962887 37.536272, 126.962891 37.53628, 126.962897 37.536287, 126.962904 37.536295, 126.962911 37.536301, 126.962919 37.536307, 126.962928 37.536312, 126.962938 37.536317, 126.962948 37.536321, 126.962958 37.536324, 126.962969 37.536326, 126.96298 37.536327, 126.962991 37.536328, 126.963002 37.536327, 126.963013 37.536326, 126.963024 37.536324, 126.963034 37.536321, 126.963044 37.536317, 126.963054 37.536312, 126.963063 37.536307, 126.963071 37.536301, 126.963079 37.536295, 126.963085 37.536288, 126.963091 37.53628, 126.963096 37.536272, 126.963099 37.536264, 126.963102 37.536255, 126.963104 37.536246, 126.963104 37.536237))"
버스정류소,점10m,"POLYGON ((126.961184 37.534934, 126.961183 37.534925, 126.961181 37.534916, 126.961179 37.534908, 126.961175 37.534899, 126.96117 37.534891, 126.961165 37.534884, 126.961158 37.534877, 126.96115 37.53487, 126.961142 37.534864, 126.961133 37.534859, 126.961124 37.534854, 126.961114 37.534851, 126.961103 37.534848, 126.961093 37.534845, 126.961082 37.534844, 126.96107 37.534844, 126.961059 37.534844, 126.961048 37.534845, 126.961038 37.534848, 126.961027 37.534851, 126.961017 37.534854, 126.961008 37.534859, 126.960999 37.534864, 126.96099 37.53487, 126.960983 37.534877, 126.960976 37.534884, 126.960971 37.534891, 126.960966 37.534899, 126.960962 37.534908, 126.960959 37.534916, 126.960958 37.534925, 126.960957 37.534934, 126.960958 37.534943, 126.960959 37.534951, 126.960962 37.53496, 126.960966 37.534968, 126.960971 37.534976, 126.960976 37.534984, 126.960983 37.534991, 126.96099 37.534998, 126.960999 37.535003, 126.961008 37.535009, 126.961017 37.535013, 126.961027 37.535017, 126.961038 37.53502, 126.961048 37.535022, 126.961059 37.535024, 126.96107 37.535024, 126.961081 37.535024, 126.961092 37.535022, 126.961103 37.53502, 126.961114 37.535017, 126.961124 37.535013, 126.961133 37.535009, 126.961142 37.535004, 126.96115 37.534998, 126.961158 37.534991, 126.961164 37.534984, 126.96117 37.534976, 126.961175 37.534968, 126.961179 37.53496, 126.961181 37.534951, 126.961183 37.534943, 126.961184 37.534934))"
버스정류소,점10m,"POLYGON ((126.958293 37.534041, 126.958292 37.534032, 126.958291 37.534023, 126.958288 37.534015, 126.958284 37.534006, 126.95828 37.533998, 126.958274 37.533991, 126.958267 37.533984, 126.95826 37.533977, 126.958252 37.533971, 126.958243 37.533966, 126.958233 37.533961, 126.958223 37.533958, 126.958213 37.533955, 126.958202 37.533952, 126.958191 37.533951, 126.95818 37.533951, 126.958169 37.533951, 126.958158 37.533952, 126.958147 37.533955, 126.958137 37.533958, 126.958127 37.533961, 126.958117 37.533966, 126.958108 37.533971, 126.9581 37.533977, 126.958092 37.533984, 126.958086 37.533991, 126.95808 37.533998, 126.958075 37.534006, 126.958072 37.534015, 126.958069 37.534023, 126.958067 37.534032, 126.958067 37.534041, 126.958067 37.53405, 126.958069 37.534058, 126.958072 37.534067, 126.958075 37.534075, 126.95808 37.534083, 126.958086 37.534091, 126.958092 37.534098, 126.9581 37.534104, 126.958108 37.53411, 126.958117 37.534116, 126.958126 37.53412, 126.958136 37.534124, 126.958147 37.534127, 126.958158 37.534129, 126.958169 37.53413, 126.95818 37.534131, 126.958191 37.53413, 126.958202 37.534129, 126.958213 37.534127, 126.958223 37.534124, 126.958233 37.53412, 126.958243 37.534116, 126.958252 37.53411, 126.95826 37.534104, 126.958267 37.534098, 126.958274 37.534091, 126.95828 37.534083, 126.958284 37.534075, 126.958288 37.534067, 126.958291 37.534058, 126.958292 37.53405, 126.958293 37.534041))"
버스정류소,점10m,"POLYGON ((126.958438 37.533796, 126.958437 37.533787, 126.958436 37.533778, 126.958433 37.53377, 126.958429 37.533761, 126.958425 37.533753, 126.958419 37.533746, 126.958412 37.533739, 126.958405 37.533732, 126.958397 37.533726, 126.958388 37.533721, 126.958378 37.533716, 126.958368 37.533712, 126.958358 37.53371, 126.958347 37.533707, 126.958336 37.533706, 126.958325 37.533706, 126.958314 37.533706, 126.958303 37.533707, 126.958292 37.533709, 126.958282 37.533712, 126.958272 37.533716, 126.958262 37.533721, 126.958253 37.533726, 126.958245 37.533732, 126.958237 37.533739, 126.958231 37.533746, 126.958225 37.533753, 126.95822 37.533761, 126.958217 37.53377, 126.958214 37.533778, 126.958212 37.533787, 126.958212 37.533796, 126.958212 37.533805, 126.958214 37.533813, 126.958217 37.533822, 126.95822 37.53383, 126.958225 37.533838, 126.958231 37.533846, 126.958237 37.533853, 126.958245 37.533859, 126.958253 37.533865, 126.958262 37.533871, 126.958271 37.533875, 126.958281 37.533879, 126.958292 37.533882, 126.958303 37.533884, 126.958314 37.533885, 126.958325 37.533886, 126.958336 37.533885, 126.958347 37.533884, 126.958358 37.533882, 126.958368 37.533879, 126.958378 37.533875, 126.958388 37.533871, 126.958397 37.533865, 126.958405 37.533859, 126.958412 37.533853, 126.958419 37.533846, 126.958425 37.533838, 126.958429 37.53383, 126.958433 37.533822, 126.958436 37.533813, 126.958437 37.533805, 126.958438 37.533796))"
버스정류소,점10m,"POLYGON ((126.988778 37.544116, 126.988777 37.544107, 126.988776 37.544098, 126.988773 37.54409, 126.988769 37.544081, 126.988764 37.544073, 126.988759 37.544066, 126.988752 37.544059, 126.988745 37.544052, 126.988736 37.544046, 126.988727 37.544041, 126.988718 37.544036, 126.988708 37.544033, 126.988697 37.54403, 126.988687 37.544028, 126.988676 37.544026, 126.988665 37.544026, 126.988654 37.544026, 126.988643 37.544028, 126.988632 37.54403, 126.988621 37.544033, 126.988611 37.544036, 126.988602 37.544041, 126.988593 37.544046, 126.988585 37.544052, 126.988577 37.544059, 126.988571 37.544066, 126.988565 37.544073, 126.98856 37.544081, 126.988556 37.54409, 126.988554 37.544098, 126.988552 37.544107, 126.988551 37.544116, 126.988552 37.544125, 126.988554 37.544134, 126.988556 37.544142, 126.98856 37.54415, 126.988565 37.544158, 126.988571 37.544166, 126.988577 37.544173, 126.988585 37.54418, 126.988593 37.544186, 126.988602 37.544191, 126.988611 37.544195, 126.988621 37.544199, 126.988632 37.544202, 126.988643 37.544204, 126.988653 37.544206, 126.988665 37.544206, 126.988676 37.544206, 126.988687 37.544204, 126.988697 37.544202, 126.988708 37.544199, 126.988718 37.544195, 126.988727 37.544191, 126.988736 37.544186, 126.988745 37.54418, 126.988752 37.544173, 126.988759 37.544166, 126.988764 37.544158, 126.988769 37.54415, 126.988773 37.544142, 126.988776 37.544134, 126.988777 37.544125, 126.988778 37.544116))"
버스정류소,점10m,"POLYGON ((126.987593 37.539874, 126.987593 37.539866, 126.987591 37.539857, 126.987588 37.539848, 126.987585 37.53984, 126.98758 37.539832, 126.987574 37.539824, 126.987567 37.539817, 126.98756 37.539811, 126.987552 37.539805, 126.987543 37.539799, 126.987533 37.539795, 126.987523 37.539791, 126.987513 37.539788, 126.987502 37.539786, 126.987491 37.539785, 126.98748 37.539784, 126.987469 37.539785, 126.987458 37.539786, 126.987447 37.539788, 126.987437 37.539791, 126.987427 37.539795, 126.987417 37.539799, 126.987408 37.539805, 126.9874 37.539811, 126.987393 37.539817, 126.987386 37.539824, 126.98738 37.539832, 126.987375 37.53984, 126.987372 37.539848, 126.987369 37.539857, 126.987367 37.539866, 126.987367 37.539874, 126.987367 37.539883, 126.987369 37.539892, 126.987372 37.539901, 126.987375 37.539909, 126.98738 37.539917, 126.987386 37.539924, 126.987393 37.539932, 126.9874 37.539938, 126.987408 37.539944, 126.987417 37.539949, 126.987427 37.539954, 126.987437 37.539958, 126.987447 37.539961, 126.987458 37.539963, 126.987469 37.539964, 126.98748 37.539964, 126.987491 37.539964, 126.987502 37.539963, 126.987513 37.539961, 126.987523 37.539958, 126.987533 37.539954, 126.987543 37.539949, 126.987552 37.539944, 126.98756 37.539938, 126.987567 37.539932, 126.987574 37.539924, 126.98758 37.539917, 126.987585 37.539909, 126.987588 37.539901, 126.987591 37.539892, 126.987593 37.539883, 126.987593 37.539874))"
버스정류소,점10m,"POLYGON ((126.987222 37.539805, 126.987221 37.539797, 126.98722 37.539788, 126.987217 37.539779, 126.987213 37.539771, 126.987208 37.539763, 126.987203 37.539755, 126.987196 37.539748, 126.987189 37.539742, 126.98718 37.539736, 126.987171 37.539731, 126.987162 37.539726, 126.987152 37.539722, 126.987141 37.539719, 126.987131 37.539717, 126.98712 37.539716, 126.987109 37.539715, 126.987098 37.539716, 126.987087 37.539717, 126.987076 37.539719, 126.987065 37.539722, 126.987055 37.539726, 126.987046 37.539731, 126.987037 37.539736, 126.987029 37.539742, 126.987021 37.539748, 126.987015 37.539755, 126.987009 37.539763, 126.987004 37.539771, 126.987 37.539779, 126.986998 37.539788, 126.986996 37.539797, 126.986995 37.539805, 126.986996 37.539814, 126.986998 37.539823, 126.987 37.539832, 126.987004 37.53984, 126.987009 37.539848, 126.987015 37.539856, 126.987021 37.539863, 126.987029 37.539869, 126.987037 37.539875, 126.987046 37.53988, 126.987055 37.539885, 126.987065 37.539889, 126.987076 37.539892, 126.987087 37.539894, 126.987097 37.539895, 126.987109 37.539896, 126.98712 37.539895, 126.987131 37.539894, 126.987141 37.539892, 126.987152 37.539889, 126.987162 37.539885, 126.987171 37.53988, 126.98718 37.539875, 126.987189 37.539869, 126.987196 37.539863, 126.987203 37.539856, 126.987208 37.539848, 126.987213 37.53984, 126.987217 37.539832, 126.98722 37.539823, 126.987221 37.539814, 126.987222 37.539805))"
버스정류소,점10m,"POLYGON ((126.986722 37.537818, 126.986722 37.537809, 126.98672 37.5378, 126.986717 37.537792, 126.986714 37.537783, 126.986709 37.537775, 126.986703 37.537768, 126.986697 37.537761, 126.986689 37.537754, 126.986681 37.537748, 126.986672 37.537743, 126.986662 37.537738, 126.986652 37.537735, 126.986642 37.537732, 126.986631 37.537729, 126.98662 37.537728, 126.986609 37.537728, 126.986598 37.537728, 126.986587 37.537729, 126.986576 37.537732, 126.986566 37.537734, 126.986556 37.537738, 126.986546 37.537743, 126.986537 37.537748, 126.986529 37.537754, 126.986522 37.537761, 126.986515 37.537768, 126.986509 37.537775, 126.986505 37.537783, 126.986501 37.537792, 126.986498 37.5378, 126.986496 37.537809, 126.986496 37.537818, 126.986496 37.537827, 126.986498 37.537835, 126.986501 37.537844, 126.986505 37.537852, 126.986509 37.53786, 126.986515 37.537868, 126.986522 37.537875, 126.986529 37.537881, 126.986537 37.537887, 126.986546 37.537893, 126.986556 37.537897, 126.986566 37.537901, 126.986576 37.537904, 126.986587 37.537906, 126.986598 37.537907, 126.986609 37.537908, 126.98662 37.537907, 126.986631 37.537906, 126.986642 37.537904, 126.986652 37.537901, 126.986662 37.537897, 126.986672 37.537893, 126.986681 37.537887, 126.986689 37.537881, 126.986697 37.537875, 126.986703 37.537868, 126.986709 37.53786, 126.986714 37.537852, 126.986717 37.537844, 126.98672 37.537835, 126.986722 37.537827, 126.986722 37.537818))"
버스정류소,점10m,"POLYGON ((126.986963 37.537318, 126.986962 37.537309, 126.986961 37.5373, 126.986958 37.537292, 126.986954 37.537283, 126.986949 37.537275, 126.986944 37.537268, 126.986937 37.537261, 126.98693 37.537254, 126.986921 37.537248, 126.986912 37.537243, 126.986903 37.537238, 126.986893 37.537234, 126.986882 37.537231, 126.986872 37.537229, 126.986861 37.537228, 126.98685 37.537228, 126.986839 37.537228, 126.986828 37.537229, 126.986817 37.537231, 126.986806 37.537234, 126.986796 37.537238, 126.986787 37.537243, 126.986778 37.537248, 126.98677 37.537254, 126.986762 37.537261, 126.986756 37.537268, 126.98675 37.537275, 126.986745 37.537283, 126.986741 37.537292, 126.986739 37.5373, 126.986737 37.537309, 126.986736 37.537318, 126.986737 37.537327, 126.986739 37.537335, 126.986741 37.537344, 126.986745 37.537352, 126.98675 37.53736, 126.986756 37.537368, 126.986762 37.537375, 126.98677 37.537381, 126.986778 37.537387, 126.986787 37.537393, 126.986796 37.537397, 126.986806 37.537401, 126.986817 37.537404, 126.986828 37.537406, 126.986838 37.537407, 126.98685 37.537408, 126.986861 37.537407, 126.986872 37.537406, 126.986882 37.537404, 126.986893 37.537401, 126.986903 37.537397, 126.986912 37.537393, 126.986921 37.537387, 126.98693 37.537381, 126.986937 37.537375, 126.986944 37.537368, 126.986949 37.53736, 126.986954 37.537352, 126.986958 37.537344, 126.986961 37.537335, 126.986962 37.537327, 126.986963 37.537318))"
버스정류소,점10m,"POLYGON ((126.991276 37.530303, 126.991276 37.530294, 126.991274 37.530285, 126.991271 37.530277, 126.991268 37.530269, 126.991263 37.530261, 126.991257 37.530253, 126.99125 37.530246, 126.991243 37.530239, 126.991235 37.530233, 126.991226 37.530228, 126.991216 37.530224, 126.991206 37.53022, 126.991196 37.530217, 126.991185 37.530215, 126.991174 37.530213, 126.991163 37.530213, 126.991152 37.530213, 126.991141 37.530215, 126.99113 37.530217, 126.99112 37.53022, 126.99111 37.530224, 126.9911 37.530228, 126.991091 37.530233, 126.991083 37.530239, 126.991076 37.530246, 126.991069 37.530253, 126.991063 37.530261, 126.991058 37.530269, 126.991055 37.530277, 126.991052 37.530285, 126.99105 37.530294, 126.99105 37.530303, 126.99105 37.530312, 126.991052 37.530321, 126.991055 37.530329, 126.991058 37.530337, 126.991063 37.530345, 126.991069 37.530353, 126.991076 37.53036, 126.991083 37.530367, 126.991091 37.530373, 126.9911 37.530378, 126.99111 37.530382, 126.99112 37.530386, 126.99113 37.530389, 126.991141 37.530391, 126.991152 37.530393, 126.991163 37.530393, 126.991174 37.530393, 126.991185 37.530391, 126.991196 37.530389, 126.991206 37.530386, 126.991216 37.530382, 126.991226 37.530378, 126.991235 37.530373, 126.991243 37.530367, 126.99125 37.53036, 126.991257 37.530353, 126.991263 37.530345, 126.991268 37.530337, 126.991271 37.530329, 126.991274 37.530321, 126.991276 37.530312, 126.991276 37.530303))"
버스정류소,점10m,"POLYGON ((126.991283 37.52941, 126.991282 37.529401, 126.991281 37.529392, 126.991278 37.529383, 126.991274 37.529375, 126.99127 37.529367, 126.991264 37.52936, 126.991257 37.529352, 126.99125 37.529346, 126.991242 37.52934, 126.991233 37.529335, 126.991223 37.52933, 126.991213 37.529326, 126.991203 37.529323, 126.991192 37.529321, 126.991181 37.52932, 126.99117 37.529319, 126.991159 37.52932, 126.991148 37.529321, 126.991137 37.529323, 126.991127 37.529326, 126.991117 37.52933, 126.991107 37.529335, 126.991098 37.52934, 126.99109 37.529346, 126.991082 37.529352, 126.991076 37.52936, 126.99107 37.529367, 126.991065 37.529375, 126.991062 37.529383, 126.991059 37.529392, 126.991057 37.529401, 126.991057 37.52941, 126.991057 37.529418, 126.991059 37.529427, 126.991062 37.529436, 126.991065 37.529444, 126.99107 37.529452, 126.991076 37.52946, 126.991082 37.529467, 126.99109 37.529473, 126.991098 37.529479, 126.991107 37.529484, 126.991117 37.529489, 126.991127 37.529493, 126.991137 37.529496, 126.991148 37.529498, 126.991159 37.529499, 126.99117 37.5295, 126.991181 37.529499, 126.991192 37.529498, 126.991203 37.529496, 126.991213 37.529493, 126.991223 37.529489, 126.991233 37.529485, 126.991242 37.529479, 126.99125 37.529473, 126.991257 37.529467, 126.991264 37.52946, 126.99127 37.529452, 126.991274 37.529444, 126.991278 37.529436, 126.991281 37.529427, 126.991282 37.529418, 126.991283 37.52941))"
버스정류소,점10m,"POLYGON ((126.992285 37.525459, 126.992284 37.52545, 126.992282 37.525441, 126.99228 37.525433, 126.992276 37.525424, 126.992271 37.525416, 126.992266 37.525409, 126.992259 37.525402, 126.992252 37.525395, 126.992243 37.525389, 126.992234 37.525384, 126.992225 37.525379, 126.992215 37.525376, 126.992204 37.525373, 126.992194 37.52537, 126.992183 37.525369, 126.992172 37.525369, 126.99216 37.525369, 126.992149 37.52537, 126.992139 37.525373, 126.992128 37.525376, 126.992118 37.525379, 126.992109 37.525384, 126.9921 37.525389, 126.992092 37.525395, 126.992084 37.525402, 126.992077 37.525409, 126.992072 37.525416, 126.992067 37.525424, 126.992063 37.525433, 126.992061 37.525441, 126.992059 37.52545, 126.992058 37.525459, 126.992059 37.525468, 126.992061 37.525476, 126.992063 37.525485, 126.992067 37.525493, 126.992072 37.525501, 126.992077 37.525509, 126.992084 37.525516, 126.992091 37.525522, 126.9921 37.525528, 126.992109 37.525534, 126.992118 37.525538, 126.992128 37.525542, 126.992139 37.525545, 126.992149 37.525547, 126.99216 37.525548, 126.992171 37.525549, 126.992183 37.525548, 126.992194 37.525547, 126.992204 37.525545, 126.992215 37.525542, 126.992225 37.525538, 126.992234 37.525534, 126.992243 37.525528, 126.992251 37.525522, 126.992259 37.525516, 126.992266 37.525509, 126.992271 37.525501, 126.992276 37.525493, 126.99228 37.525485, 126.992282 37.525476, 126.992284 37.525468, 126.992285 37.525459))"
버스정류소,점10m,"POLYGON ((126.992542 37.524503, 126.992541 37.524494, 126.99254 37.524485, 126.992537 37.524476, 126.992533 37.524468, 126.992529 37.52446, 126.992523 37.524453, 126.992516 37.524445, 126.992509 37.524439, 126.992501 37.524433, 126.992492 37.524428, 126.992482 37.524423, 126.992472 37.524419, 126.992462 37.524416, 126.992451 37.524414, 126.99244 37.524413, 126.992429 37.524412, 126.992418 37.524413, 126.992407 37.524414, 126.992396 37.524416, 126.992386 37.524419, 126.992375 37.524423, 126.992366 37.524428, 126.992357 37.524433, 126.992349 37.524439, 126.992341 37.524445, 126.992335 37.524453, 126.992329 37.52446, 126.992324 37.524468, 126.992321 37.524476, 126.992318 37.524485, 126.992316 37.524494, 126.992316 37.524503, 126.992316 37.524511, 126.992318 37.52452, 126.992321 37.524529, 126.992324 37.524537, 126.992329 37.524545, 126.992335 37.524553, 126.992341 37.52456, 126.992349 37.524566, 126.992357 37.524572, 126.992366 37.524578, 126.992375 37.524582, 126.992385 37.524586, 126.992396 37.524589, 126.992407 37.524591, 126.992418 37.524592, 126.992429 37.524593, 126.99244 37.524592, 126.992451 37.524591, 126.992462 37.524589, 126.992472 37.524586, 126.992482 37.524582, 126.992492 37.524578, 126.992501 37.524572, 126.992509 37.524566, 126.992516 37.52456, 126.992523 37.524553, 126.992529 37.524545, 126.992533 37.524537, 126.992537 37.524529, 126.99254 37.52452, 126.992541 37.524511, 126.992542 37.524503))"
버스정류소,점10m,"POLYGON ((126.990063 37.520046, 126.990063 37.520038, 126.990061 37.520029, 126.990058 37.52002, 126.990055 37.520012, 126.99005 37.520004, 126.990044 37.519996, 126.990038 37.519989, 126.99003 37.519983, 126.990022 37.519977, 126.990013 37.519972, 126.990004 37.519967, 126.989994 37.519963, 126.989983 37.51996, 126.989972 37.519958, 126.989961 37.519957, 126.98995 37.519956, 126.989939 37.519957, 126.989928 37.519958, 126.989917 37.51996, 126.989907 37.519963, 126.989897 37.519967, 126.989887 37.519971, 126.989878 37.519977, 126.98987 37.519983, 126.989863 37.519989, 126.989856 37.519996, 126.98985 37.520004, 126.989846 37.520012, 126.989842 37.52002, 126.989839 37.520029, 126.989838 37.520038, 126.989837 37.520046, 126.989838 37.520055, 126.989839 37.520064, 126.989842 37.520073, 126.989846 37.520081, 126.98985 37.520089, 126.989856 37.520096, 126.989863 37.520104, 126.98987 37.52011, 126.989878 37.520116, 126.989887 37.520121, 126.989897 37.520126, 126.989907 37.52013, 126.989917 37.520133, 126.989928 37.520135, 126.989939 37.520136, 126.98995 37.520137, 126.989961 37.520136, 126.989972 37.520135, 126.989983 37.520133, 126.989993 37.52013, 126.990004 37.520126, 126.990013 37.520121, 126.990022 37.520116, 126.99003 37.52011, 126.990038 37.520104, 126.990044 37.520096, 126.99005 37.520089, 126.990055 37.520081, 126.990058 37.520073, 126.990061 37.520064, 126.990063 37.520055, 126.990063 37.520046))"
버스정류소,점10m,"POLYGON ((127.002315 37.545795, 127.002315 37.545786, 127.002313 37.545777, 127.00231 37.545769, 127.002307 37.545761, 127.002302 37.545753, 127.002296 37.545745, 127.002289 37.545738, 127.002282 37.545731, 127.002274 37.545725, 127.002265 37.54572, 127.002255 37.545716, 127.002245 37.545712, 127.002235 37.545709, 127.002224 37.545707, 127.002213 37.545705, 127.002202 37.545705, 127.002191 37.545705, 127.00218 37.545707, 127.002169 37.545709, 127.002159 37.545712, 127.002149 37.545716, 127.002139 37.54572, 127.00213 37.545725, 127.002122 37.545731, 127.002115 37.545738, 127.002108 37.545745, 127.002102 37.545753, 127.002097 37.545761, 127.002094 37.545769, 127.002091 37.545777, 127.002089 37.545786, 127.002089 37.545795, 127.002089 37.545804, 127.002091 37.545813, 127.002094 37.545821, 127.002097 37.545829, 127.002102 37.545837, 127.002108 37.545845, 127.002115 37.545852, 127.002122 37.545859, 127.00213 37.545865, 127.002139 37.54587, 127.002149 37.545874, 127.002159 37.545878, 127.002169 37.545881, 127.00218 37.545883, 127.002191 37.545885, 127.002202 37.545885, 127.002213 37.545885, 127.002224 37.545883, 127.002235 37.545881, 127.002245 37.545878, 127.002255 37.545874, 127.002265 37.54587, 127.002274 37.545865, 127.002282 37.545859, 127.002289 37.545852, 127.002296 37.545845, 127.002302 37.545837, 127.002307 37.545829, 127.00231 37.545821, 127.002313 37.545813, 127.002315 37.545804, 127.002315 37.545795))"
버스정류소,점10m,"POLYGON ((127.002153 37.544437, 127.002153 37.544428, 127.002151 37.544419, 127.002148 37.544411, 127.002145 37.544403, 127.00214 37.544395, 127.002134 37.544387, 127.002127 37.54438, 127.00212 37.544373, 127.002112 37.544367, 127.002103 37.544362, 127.002093 37.544358, 127.002083 37.544354, 127.002073 37.544351, 127.002062 37.544349, 127.002051 37.544347, 127.00204 37.544347, 127.002029 37.544347, 127.002018 37.544349, 127.002007 37.544351, 127.001997 37.544354, 127.001987 37.544358, 127.001977 37.544362, 127.001968 37.544367, 127.00196 37.544373, 127.001953 37.54438, 127.001946 37.544387, 127.00194 37.544395, 127.001935 37.544403, 127.001932 37.544411, 127.001929 37.544419, 127.001927 37.544428, 127.001927 37.544437, 127.001927 37.544446, 127.001929 37.544455, 127.001932 37.544463, 127.001935 37.544471, 127.00194 37.544479, 127.001946 37.544487, 127.001953 37.544494, 127.00196 37.544501, 127.001968 37.544507, 127.001977 37.544512, 127.001987 37.544516, 127.001997 37.54452, 127.002007 37.544523, 127.002018 37.544525, 127.002029 37.544527, 127.00204 37.544527, 127.002051 37.544527, 127.002062 37.544525, 127.002073 37.544523, 127.002083 37.54452, 127.002093 37.544516, 127.002103 37.544512, 127.002112 37.544507, 127.00212 37.544501, 127.002127 37.544494, 127.002134 37.544487, 127.00214 37.544479, 127.002145 37.544471, 127.002148 37.544463, 127.002151 37.544455, 127.002153 37.544446, 127.002153 37.544437))"
버스정류소,점10m,"POLYGON ((127.003498 37.541692, 127.003498 37.541683, 127.003496 37.541674, 127.003493 37.541666, 127.00349 37.541657, 127.003485 37.541649, 127.003479 37.541642, 127.003473 37.541635, 127.003465 37.541628, 127.003457 37.541622, 127.003448 37.541617, 127.003439 37.541612, 127.003428 37.541609, 127.003418 37.541606, 127.003407 37.541603, 127.003396 37.541602, 127.003385 37.541602, 127.003374 37.541602, 127.003363 37.541603, 127.003352 37.541606, 127.003342 37.541609, 127.003332 37.541612, 127.003322 37.541617, 127.003313 37.541622, 127.003305 37.541628, 127.003298 37.541635, 127.003291 37.541642, 127.003285 37.541649, 127.003281 37.541657, 127.003277 37.541666, 127.003274 37.541674, 127.003273 37.541683, 127.003272 37.541692, 127.003273 37.541701, 127.003274 37.541709, 127.003277 37.541718, 127.003281 37.541726, 127.003285 37.541734, 127.003291 37.541742, 127.003298 37.541749, 127.003305 37.541756, 127.003313 37.541762, 127.003322 37.541767, 127.003332 37.541771, 127.003342 37.541775, 127.003352 37.541778, 127.003363 37.54178, 127.003374 37.541782, 127.003385 37.541782, 127.003396 37.541782, 127.003407 37.54178, 127.003418 37.541778, 127.003429 37.541775, 127.003439 37.541771, 127.003448 37.541767, 127.003457 37.541762, 127.003465 37.541756, 127.003473 37.541749, 127.003479 37.541742, 127.003485 37.541734, 127.00349 37.541726, 127.003493 37.541718, 127.003496 37.541709, 127.003498 37.541701, 127.003498 37.541692))"
버스정류소,점10m,"POLYGON ((127.003264 37.541179, 127.003263 37.54117, 127.003262 37.541162, 127.003259 37.541153, 127.003255 37.541145, 127.003251 37.541137, 127.003245 37.541129, 127.003238 37.541122, 127.003231 37.541115, 127.003223 37.541109, 127.003214 37.541104, 127.003204 37.5411, 127.003194 37.541096, 127.003184 37.541093, 127.003173 37.541091, 127.003162 37.541089, 127.003151 37.541089, 127.00314 37.541089, 127.003129 37.541091, 127.003118 37.541093, 127.003107 37.541096, 127.003097 37.5411, 127.003088 37.541104, 127.003079 37.54111, 127.003071 37.541115, 127.003063 37.541122, 127.003057 37.541129, 127.003051 37.541137, 127.003046 37.541145, 127.003043 37.541153, 127.00304 37.541162, 127.003038 37.54117, 127.003038 37.541179, 127.003038 37.541188, 127.00304 37.541197, 127.003043 37.541205, 127.003046 37.541214, 127.003051 37.541222, 127.003057 37.541229, 127.003063 37.541236, 127.003071 37.541243, 127.003079 37.541249, 127.003088 37.541254, 127.003097 37.541259, 127.003108 37.541262, 127.003118 37.541265, 127.003129 37.541268, 127.00314 37.541269, 127.003151 37.541269, 127.003162 37.541269, 127.003173 37.541268, 127.003184 37.541265, 127.003194 37.541262, 127.003204 37.541259, 127.003214 37.541254, 127.003223 37.541249, 127.003231 37.541243, 127.003238 37.541236, 127.003245 37.541229, 127.003251 37.541222, 127.003255 37.541214, 127.003259 37.541205, 127.003262 37.541197, 127.003263 37.541188, 127.003264 37.541179))"
버스정류소,점10m,"POLYGON ((127.005843 37.536442, 127.005843 37.536433, 127.005841 37.536425, 127.005838 37.536416, 127.005835 37.536408, 127.00583 37.5364, 127.005824 37.536392, 127.005818 37.536385, 127.00581 37.536379, 127.005802 37.536373, 127.005793 37.536367, 127.005784 37.536363, 127.005773 37.536359, 127.005763 37.536356, 127.005752 37.536354, 127.005741 37.536353, 127.00573 37.536352, 127.005719 37.536353, 127.005708 37.536354, 127.005697 37.536356, 127.005687 37.536359, 127.005677 37.536363, 127.005667 37.536367, 127.005658 37.536373, 127.00565 37.536379, 127.005643 37.536385, 127.005636 37.536392, 127.00563 37.5364, 127.005626 37.536408, 127.005622 37.536416, 127.005619 37.536425, 127.005618 37.536433, 127.005617 37.536442, 127.005618 37.536451, 127.005619 37.53646, 127.005622 37.536468, 127.005626 37.536477, 127.00563 37.536485, 127.005636 37.536492, 127.005643 37.536499, 127.00565 37.536506, 127.005658 37.536512, 127.005667 37.536517, 127.005677 37.536522, 127.005687 37.536525, 127.005697 37.536528, 127.005708 37.536531, 127.005719 37.536532, 127.00573 37.536532, 127.005741 37.536532, 127.005752 37.536531, 127.005763 37.536528, 127.005774 37.536525, 127.005784 37.536522, 127.005793 37.536517, 127.005802 37.536512, 127.00581 37.536506, 127.005818 37.536499, 127.005824 37.536492, 127.00583 37.536485, 127.005835 37.536477, 127.005838 37.536468, 127.005841 37.53646, 127.005843 37.536451, 127.005843 37.536442))"
버스정류소,점10m,"POLYGON ((127.006413 37.535611, 127.006412 37.535603, 127.00641 37.535594, 127.006408 37.535585, 127.006404 37.535577, 127.006399 37.535569, 127.006393 37.535561, 127.006387 37.535554, 127.006379 37.535548, 127.006371 37.535542, 127.006362 37.535536, 127.006353 37.535532, 127.006343 37.535528, 127.006332 37.535525, 127.006321 37.535523, 127.00631 37.535522, 127.006299 37.535521, 127.006288 37.535522, 127.006277 37.535523, 127.006267 37.535525, 127.006256 37.535528, 127.006246 37.535532, 127.006237 37.535536, 127.006228 37.535542, 127.006219 37.535548, 127.006212 37.535554, 127.006205 37.535561, 127.0062 37.535569, 127.006195 37.535577, 127.006191 37.535585, 127.006188 37.535594, 127.006187 37.535603, 127.006186 37.535611, 127.006187 37.53562, 127.006188 37.535629, 127.006191 37.535638, 127.006195 37.535646, 127.0062 37.535654, 127.006205 37.535661, 127.006212 37.535669, 127.006219 37.535675, 127.006228 37.535681, 127.006237 37.535686, 127.006246 37.535691, 127.006256 37.535695, 127.006267 37.535698, 127.006277 37.5357, 127.006288 37.535701, 127.006299 37.535702, 127.00631 37.535701, 127.006321 37.5357, 127.006332 37.535698, 127.006343 37.535695, 127.006353 37.535691, 127.006362 37.535686, 127.006371 37.535681, 127.006379 37.535675, 127.006387 37.535669, 127.006393 37.535661, 127.006399 37.535654, 127.006404 37.535646, 127.006408 37.535638, 127.00641 37.535629, 127.006412 37.53562, 127.006413 37.535611))"
버스정류소,점10m,"POLYGON ((127.005613 37.535793, 127.005612 37.535785, 127.00561 37.535776, 127.005608 37.535767, 127.005604 37.535759, 127.005599 37.535751, 127.005593 37.535743, 127.005587 37.535736, 127.005579 37.53573, 127.005571 37.535724, 127.005562 37.535719, 127.005553 37.535714, 127.005543 37.53571, 127.005532 37.535707, 127.005521 37.535705, 127.00551 37.535704, 127.005499 37.535703, 127.005488 37.535704, 127.005477 37.535705, 127.005467 37.535707, 127.005456 37.53571, 127.005446 37.535714, 127.005437 37.535719, 127.005428 37.535724, 127.005419 37.53573, 127.005412 37.535736, 127.005405 37.535743, 127.0054 37.535751, 127.005395 37.535759, 127.005391 37.535767, 127.005388 37.535776, 127.005387 37.535785, 127.005386 37.535793, 127.005387 37.535802, 127.005388 37.535811, 127.005391 37.53582, 127.005395 37.535828, 127.0054 37.535836, 127.005405 37.535844, 127.005412 37.535851, 127.005419 37.535857, 127.005428 37.535863, 127.005437 37.535868, 127.005446 37.535873, 127.005456 37.535877, 127.005467 37.53588, 127.005477 37.535882, 127.005488 37.535883, 127.005499 37.535884, 127.00551 37.535883, 127.005521 37.535882, 127.005532 37.53588, 127.005543 37.535877, 127.005553 37.535873, 127.005562 37.535868, 127.005571 37.535863, 127.005579 37.535857, 127.005587 37.535851, 127.005593 37.535844, 127.005599 37.535836, 127.005604 37.535828, 127.005608 37.53582, 127.00561 37.535811, 127.005612 37.535802, 127.005613 37.535793))"
버스정류소,점10m,"POLYGON ((127.005842 37.535491, 127.005842 37.535482, 127.00584 37.535473, 127.005837 37.535465, 127.005834 37.535456, 127.005829 37.535448, 127.005823 37.535441, 127.005816 37.535434, 127.005809 37.535427, 127.005801 37.535421, 127.005792 37.535416, 127.005782 37.535411, 127.005772 37.535407, 127.005762 37.535404, 127.005751 37.535402, 127.00574 37.535401, 127.005729 37.535401, 127.005718 37.535401, 127.005707 37.535402, 127.005696 37.535404, 127.005686 37.535407, 127.005676 37.535411, 127.005666 37.535416, 127.005657 37.535421, 127.005649 37.535427, 127.005642 37.535434, 127.005635 37.535441, 127.005629 37.535448, 127.005624 37.535456, 127.005621 37.535465, 127.005618 37.535473, 127.005616 37.535482, 127.005616 37.535491, 127.005616 37.5355, 127.005618 37.535508, 127.005621 37.535517, 127.005624 37.535525, 127.005629 37.535533, 127.005635 37.535541, 127.005642 37.535548, 127.005649 37.535554, 127.005657 37.53556, 127.005666 37.535566, 127.005676 37.53557, 127.005686 37.535574, 127.005696 37.535577, 127.005707 37.535579, 127.005718 37.53558, 127.005729 37.535581, 127.00574 37.53558, 127.005751 37.535579, 127.005762 37.535577, 127.005772 37.535574, 127.005782 37.53557, 127.005792 37.535566, 127.005801 37.53556, 127.005809 37.535554, 127.005816 37.535548, 127.005823 37.535541, 127.005829 37.535533, 127.005834 37.535525, 127.005837 37.535517, 127.00584 37.535508, 127.005842 37.5355, 127.005842 37.535491))"
버스정류소,점10m,"POLYGON ((127.008426 37.532848, 127.008425 37.532839, 127.008424 37.53283, 127.008421 37.532822, 127.008417 37.532813, 127.008412 37.532805, 127.008407 37.532798, 127.0084 37.532791, 127.008393 37.532784, 127.008384 37.532778, 127.008375 37.532773, 127.008366 37.532768, 127.008356 37.532765, 127.008345 37.532762, 127.008335 37.532759, 127.008324 37.532758, 127.008313 37.532758, 127.008302 37.532758, 127.008291 37.532759, 127.00828 37.532762, 127.008269 37.532765, 127.008259 37.532768, 127.00825 37.532773, 127.008241 37.532778, 127.008233 37.532784, 127.008225 37.532791, 127.008219 37.532798, 127.008213 37.532805, 127.008208 37.532813, 127.008204 37.532822, 127.008202 37.53283, 127.0082 37.532839, 127.008199 37.532848, 127.0082 37.532857, 127.008202 37.532865, 127.008204 37.532874, 127.008208 37.532882, 127.008213 37.53289, 127.008219 37.532898, 127.008225 37.532905, 127.008233 37.532912, 127.008241 37.532917, 127.00825 37.532923, 127.008259 37.532927, 127.008269 37.532931, 127.00828 37.532934, 127.008291 37.532936, 127.008302 37.532937, 127.008313 37.532938, 127.008324 37.532937, 127.008335 37.532936, 127.008345 37.532934, 127.008356 37.532931, 127.008366 37.532927, 127.008375 37.532923, 127.008384 37.532917, 127.008393 37.532912, 127.0084 37.532905, 127.008407 37.532898, 127.008412 37.53289, 127.008417 37.532882, 127.008421 37.532874, 127.008424 37.532865, 127.008425 37.532857, 127.008426 37.532848))"
버스정류소,점10m,"POLYGON ((126.980948 37.552282, 126.980948 37.552273, 126.980946 37.552264, 126.980943 37.552256, 126.98094 37.552248, 126.980935 37.55224, 126.980929 37.552232, 126.980922 37.552225, 126.980915 37.552218, 126.980907 37.552212, 126.980898 37.552207, 126.980888 37.552203, 126.980878 37.552199, 126.980868 37.552196, 126.980857 37.552194, 126.980846 37.552192, 126.980835 37.552192, 126.980824 37.552192, 126.980813 37.552194, 126.980802 37.552196, 126.980792 37.552199, 126.980782 37.552203, 126.980772 37.552207, 126.980763 37.552212, 126.980755 37.552218, 126.980748 37.552225, 126.980741 37.552232, 126.980735 37.55224, 126.98073 37.552248, 126.980727 37.552256, 126.980724 37.552264, 126.980722 37.552273, 126.980722 37.552282, 126.980722 37.552291, 126.980724 37.5523, 126.980727 37.552308, 126.98073 37.552316, 126.980735 37.552324, 126.980741 37.552332, 126.980748 37.552339, 126.980755 37.552346, 126.980763 37.552352, 126.980772 37.552357, 126.980782 37.552361, 126.980792 37.552365, 126.980802 37.552368, 126.980813 37.55237, 126.980824 37.552372, 126.980835 37.552372, 126.980846 37.552372, 126.980857 37.55237, 126.980868 37.552368, 126.980878 37.552365, 126.980888 37.552361, 126.980898 37.552357, 126.980907 37.552352, 126.980915 37.552346, 126.980922 37.552339, 126.980929 37.552332, 126.980935 37.552324, 126.98094 37.552316, 126.980943 37.552308, 126.980946 37.5523, 126.980948 37.552291, 126.980948 37.552282))"
버스정류소,점10m,"POLYGON ((126.981247 37.552044, 126.981247 37.552035, 126.981245 37.552027, 126.981242 37.552018, 126.981239 37.55201, 126.981234 37.552002, 126.981228 37.551994, 126.981221 37.551987, 126.981214 37.551981, 126.981206 37.551975, 126.981197 37.551969, 126.981187 37.551965, 126.981177 37.551961, 126.981167 37.551958, 126.981156 37.551956, 126.981145 37.551955, 126.981134 37.551954, 126.981123 37.551955, 126.981112 37.551956, 126.981101 37.551958, 126.981091 37.551961, 126.981081 37.551965, 126.981071 37.551969, 126.981062 37.551975, 126.981054 37.551981, 126.981047 37.551987, 126.98104 37.551994, 126.981034 37.552002, 126.981029 37.55201, 126.981026 37.552018, 126.981023 37.552027, 126.981021 37.552035, 126.981021 37.552044, 126.981021 37.552053, 126.981023 37.552062, 126.981026 37.55207, 126.981029 37.552079, 126.981034 37.552087, 126.98104 37.552094, 126.981047 37.552101, 126.981054 37.552108, 126.981062 37.552114, 126.981071 37.552119, 126.981081 37.552124, 126.981091 37.552127, 126.981101 37.55213, 126.981112 37.552133, 126.981123 37.552134, 126.981134 37.552134, 126.981145 37.552134, 126.981156 37.552133, 126.981167 37.55213, 126.981177 37.552127, 126.981187 37.552124, 126.981197 37.552119, 126.981206 37.552114, 126.981214 37.552108, 126.981221 37.552101, 126.981228 37.552094, 126.981234 37.552087, 126.981239 37.552079, 126.981242 37.55207, 126.981245 37.552062, 126.981247 37.552053, 126.981247 37.552044))"
버스정류소,점10m,"POLYGON ((126.984433 37.54869, 126.984433 37.548681, 126.984431 37.548672, 126.984428 37.548664, 126.984425 37.548656, 126.98442 37.548648, 126.984414 37.54864, 126.984407 37.548633, 126.9844 37.548626, 126.984392 37.54862, 126.984383 37.548615, 126.984373 37.548611, 126.984363 37.548607, 126.984353 37.548604, 126.984342 37.548602, 126.984331 37.5486, 126.98432 37.5486, 126.984309 37.5486, 126.984298 37.548602, 126.984287 37.548604, 126.984277 37.548607, 126.984267 37.548611, 126.984257 37.548615, 126.984248 37.54862, 126.98424 37.548626, 126.984233 37.548633, 126.984226 37.54864, 126.98422 37.548648, 126.984215 37.548656, 126.984212 37.548664, 126.984209 37.548672, 126.984207 37.548681, 126.984207 37.54869, 126.984207 37.548699, 126.984209 37.548708, 126.984212 37.548716, 126.984215 37.548724, 126.98422 37.548732, 126.984226 37.54874, 126.984233 37.548747, 126.98424 37.548754, 126.984248 37.54876, 126.984257 37.548765, 126.984267 37.548769, 126.984277 37.548773, 126.984287 37.548776, 126.984298 37.548778, 126.984309 37.54878, 126.98432 37.54878, 126.984331 37.54878, 126.984342 37.548778, 126.984353 37.548776, 126.984363 37.548773, 126.984373 37.548769, 126.984383 37.548765, 126.984392 37.54876, 126.9844 37.548754, 126.984407 37.548747, 126.984414 37.54874, 126.98442 37.548732, 126.984425 37.548724, 126.984428 37.548716, 126.984431 37.548708, 126.984433 37.548699, 126.984433 37.54869))"
버스정류소,점10m,"POLYGON ((126.98428 37.548395, 126.98428 37.548386, 126.984278 37.548378, 126.984275 37.548369, 126.984271 37.548361, 126.984267 37.548353, 126.984261 37.548345, 126.984254 37.548338, 126.984247 37.548332, 126.984239 37.548326, 126.98423 37.54832, 126.98422 37.548316, 126.98421 37.548312, 126.9842 37.548309, 126.984189 37.548307, 126.984178 37.548306, 126.984167 37.548305, 126.984156 37.548306, 126.984145 37.548307, 126.984134 37.548309, 126.984124 37.548312, 126.984114 37.548316, 126.984104 37.54832, 126.984095 37.548326, 126.984087 37.548332, 126.984079 37.548338, 126.984073 37.548345, 126.984067 37.548353, 126.984062 37.548361, 126.984059 37.548369, 126.984056 37.548378, 126.984054 37.548386, 126.984054 37.548395, 126.984054 37.548404, 126.984056 37.548413, 126.984059 37.548421, 126.984062 37.54843, 126.984067 37.548438, 126.984073 37.548445, 126.984079 37.548452, 126.984087 37.548459, 126.984095 37.548465, 126.984104 37.54847, 126.984114 37.548475, 126.984124 37.548478, 126.984134 37.548481, 126.984145 37.548484, 126.984156 37.548485, 126.984167 37.548485, 126.984178 37.548485, 126.984189 37.548484, 126.9842 37.548481, 126.98421 37.548479, 126.98422 37.548475, 126.98423 37.54847, 126.984239 37.548465, 126.984247 37.548459, 126.984254 37.548452, 126.984261 37.548445, 126.984267 37.548438, 126.984271 37.54843, 126.984275 37.548421, 126.984278 37.548413, 126.98428 37.548404, 126.98428 37.548395))"
버스정류소,점10m,"POLYGON ((126.985953 37.546397, 126.985953 37.546388, 126.985951 37.546379, 126.985948 37.546371, 126.985945 37.546362, 126.98594 37.546354, 126.985934 37.546347, 126.985927 37.54634, 126.98592 37.546333, 126.985912 37.546327, 126.985903 37.546322, 126.985893 37.546317, 126.985883 37.546314, 126.985873 37.546311, 126.985862 37.546308, 126.985851 37.546307, 126.98584 37.546307, 126.985829 37.546307, 126.985818 37.546308, 126.985807 37.546311, 126.985797 37.546314, 126.985787 37.546317, 126.985777 37.546322, 126.985768 37.546327, 126.98576 37.546333, 126.985753 37.54634, 126.985746 37.546347, 126.98574 37.546354, 126.985735 37.546362, 126.985732 37.546371, 126.985729 37.546379, 126.985727 37.546388, 126.985727 37.546397, 126.985727 37.546406, 126.985729 37.546414, 126.985732 37.546423, 126.985735 37.546431, 126.98574 37.546439, 126.985746 37.546447, 126.985753 37.546454, 126.98576 37.546461, 126.985768 37.546466, 126.985777 37.546472, 126.985787 37.546476, 126.985797 37.54648, 126.985807 37.546483, 126.985818 37.546485, 126.985829 37.546487, 126.98584 37.546487, 126.985851 37.546487, 126.985862 37.546485, 126.985873 37.546483, 126.985883 37.54648, 126.985893 37.546476, 126.985903 37.546472, 126.985912 37.546467, 126.98592 37.546461, 126.985927 37.546454, 126.985934 37.546447, 126.98594 37.546439, 126.985945 37.546431, 126.985948 37.546423, 126.985951 37.546414, 126.985953 37.546406, 126.985953 37.546397))"
버스정류소,점10m,"POLYGON ((126.985745 37.54626, 126.985744 37.546251, 126.985743 37.546242, 126.98574 37.546234, 126.985736 37.546225, 126.985732 37.546217, 126.985726 37.54621, 126.985719 37.546203, 126.985712 37.546196, 126.985704 37.54619, 126.985695 37.546185, 126.985685 37.54618, 126.985675 37.546177, 126.985665 37.546174, 126.985654 37.546171, 126.985643 37.54617, 126.985632 37.54617, 126.985621 37.54617, 126.98561 37.546171, 126.985599 37.546174, 126.985589 37.546177, 126.985578 37.54618, 126.985569 37.546185, 126.98556 37.54619, 126.985552 37.546196, 126.985544 37.546203, 126.985538 37.54621, 126.985532 37.546217, 126.985527 37.546225, 126.985524 37.546234, 126.985521 37.546242, 126.985519 37.546251, 126.985519 37.54626, 126.985519 37.546269, 126.985521 37.546277, 126.985524 37.546286, 126.985527 37.546294, 126.985532 37.546302, 126.985538 37.54631, 126.985544 37.546317, 126.985552 37.546324, 126.98556 37.546329, 126.985569 37.546335, 126.985578 37.546339, 126.985588 37.546343, 126.985599 37.546346, 126.98561 37.546348, 126.985621 37.54635, 126.985632 37.54635, 126.985643 37.54635, 126.985654 37.546348, 126.985665 37.546346, 126.985675 37.546343, 126.985685 37.546339, 126.985695 37.546335, 126.985704 37.54633, 126.985712 37.546324, 126.985719 37.546317, 126.985726 37.54631, 126.985732 37.546302, 126.985736 37.546294, 126.98574 37.546286, 126.985743 37.546277, 126.985744 37.546269, 126.985745 37.54626))"
버스정류소,점10m,"POLYGON ((126.992903 37.542704, 126.992903 37.542695, 126.992901 37.542686, 126.992898 37.542678, 126.992895 37.542669, 126.99289 37.542661, 126.992884 37.542654, 126.992878 37.542647, 126.99287 37.54264, 126.992862 37.542634, 126.992853 37.542629, 126.992844 37.542624, 126.992834 37.542621, 126.992823 37.542618, 126.992812 37.542616, 126.992801 37.542614, 126.99279 37.542614, 126.992779 37.542614, 126.992768 37.542616, 126.992757 37.542618, 126.992747 37.542621, 126.992737 37.542624, 126.992727 37.542629, 126.992718 37.542634, 126.99271 37.54264, 126.992703 37.542647, 126.992696 37.542654, 126.99269 37.542661, 126.992686 37.542669, 126.992682 37.542678, 126.992679 37.542686, 126.992678 37.542695, 126.992677 37.542704, 126.992678 37.542713, 126.992679 37.542721, 126.992682 37.54273, 126.992686 37.542738, 126.99269 37.542746, 126.992696 37.542754, 126.992703 37.542761, 126.99271 37.542768, 126.992718 37.542774, 126.992727 37.542779, 126.992737 37.542783, 126.992747 37.542787, 126.992757 37.54279, 126.992768 37.542792, 126.992779 37.542794, 126.99279 37.542794, 126.992801 37.542794, 126.992812 37.542792, 126.992823 37.54279, 126.992833 37.542787, 126.992844 37.542783, 126.992853 37.542779, 126.992862 37.542774, 126.99287 37.542768, 126.992878 37.542761, 126.992884 37.542754, 126.99289 37.542746, 126.992895 37.542738, 126.992898 37.54273, 126.992901 37.542721, 126.992903 37.542713, 126.992903 37.542704))"
버스정류소,점10m,"POLYGON ((126.99303 37.542505, 126.99303 37.542496, 126.993028 37.542487, 126.993025 37.542479, 126.993022 37.54247, 126.993017 37.542462, 126.993011 37.542455, 126.993004 37.542448, 126.992997 37.542441, 126.992989 37.542435, 126.99298 37.54243, 126.99297 37.542425, 126.99296 37.542422, 126.99295 37.542419, 126.992939 37.542416, 126.992928 37.542415, 126.992917 37.542415, 126.992906 37.542415, 126.992895 37.542416, 126.992884 37.542419, 126.992874 37.542422, 126.992864 37.542425, 126.992854 37.54243, 126.992845 37.542435, 126.992837 37.542441, 126.99283 37.542448, 126.992823 37.542455, 126.992817 37.542462, 126.992812 37.54247, 126.992809 37.542479, 126.992806 37.542487, 126.992804 37.542496, 126.992804 37.542505, 126.992804 37.542514, 126.992806 37.542522, 126.992809 37.542531, 126.992812 37.542539, 126.992817 37.542547, 126.992823 37.542555, 126.99283 37.542562, 126.992837 37.542568, 126.992845 37.542574, 126.992854 37.54258, 126.992864 37.542584, 126.992874 37.542588, 126.992884 37.542591, 126.992895 37.542593, 126.992906 37.542594, 126.992917 37.542595, 126.992928 37.542594, 126.992939 37.542593, 126.99295 37.542591, 126.99296 37.542588, 126.99297 37.542584, 126.99298 37.54258, 126.992989 37.542574, 126.992997 37.542568, 126.993004 37.542562, 126.993011 37.542555, 126.993017 37.542547, 126.993022 37.542539, 126.993025 37.542531, 126.993028 37.542522, 126.99303 37.542514, 126.99303 37.542505))"
버스정류소,점10m,"POLYGON ((126.996249 37.541754, 126.996248 37.541745, 126.996247 37.541736, 126.996244 37.541727, 126.99624 37.541719, 126.996236 37.541711, 126.99623 37.541703, 126.996223 37.541696, 126.996216 37.54169, 126.996208 37.541684, 126.996199 37.541679, 126.996189 37.541674, 126.996179 37.54167, 126.996169 37.541667, 126.996158 37.541665, 126.996147 37.541664, 126.996136 37.541663, 126.996125 37.541664, 126.996114 37.541665, 126.996103 37.541667, 126.996093 37.54167, 126.996082 37.541674, 126.996073 37.541679, 126.996064 37.541684, 126.996056 37.54169, 126.996048 37.541696, 126.996042 37.541703, 126.996036 37.541711, 126.996031 37.541719, 126.996028 37.541727, 126.996025 37.541736, 126.996023 37.541745, 126.996023 37.541754, 126.996023 37.541762, 126.996025 37.541771, 126.996028 37.54178, 126.996031 37.541788, 126.996036 37.541796, 126.996042 37.541804, 126.996048 37.541811, 126.996056 37.541817, 126.996064 37.541823, 126.996073 37.541828, 126.996082 37.541833, 126.996092 37.541837, 126.996103 37.54184, 126.996114 37.541842, 126.996125 37.541843, 126.996136 37.541844, 126.996147 37.541843, 126.996158 37.541842, 126.996169 37.54184, 126.996179 37.541837, 126.996189 37.541833, 126.996199 37.541828, 126.996208 37.541823, 126.996216 37.541817, 126.996223 37.541811, 126.99623 37.541804, 126.996236 37.541796, 126.99624 37.541788, 126.996244 37.54178, 126.996247 37.541771, 126.996248 37.541762, 126.996249 37.541754))"
버스정류소,점10m,"POLYGON ((126.997539 37.540866, 126.997538 37.540857, 126.997537 37.540849, 126.997534 37.54084, 126.99753 37.540832, 126.997526 37.540824, 126.99752 37.540816, 126.997513 37.540809, 126.997506 37.540802, 126.997498 37.540796, 126.997489 37.540791, 126.997479 37.540787, 126.997469 37.540783, 126.997459 37.54078, 126.997448 37.540778, 126.997437 37.540776, 126.997426 37.540776, 126.997415 37.540776, 126.997404 37.540778, 126.997393 37.54078, 126.997383 37.540783, 126.997372 37.540787, 126.997363 37.540791, 126.997354 37.540796, 126.997346 37.540802, 126.997338 37.540809, 126.997332 37.540816, 126.997326 37.540824, 126.997321 37.540832, 126.997318 37.54084, 126.997315 37.540849, 126.997313 37.540857, 126.997313 37.540866, 126.997313 37.540875, 126.997315 37.540884, 126.997318 37.540892, 126.997321 37.540901, 126.997326 37.540909, 126.997332 37.540916, 126.997338 37.540923, 126.997346 37.54093, 126.997354 37.540936, 126.997363 37.540941, 126.997372 37.540946, 126.997382 37.540949, 126.997393 37.540952, 126.997404 37.540954, 126.997415 37.540956, 126.997426 37.540956, 126.997437 37.540956, 126.997448 37.540954, 126.997459 37.540952, 126.997469 37.540949, 126.997479 37.540946, 126.997489 37.540941, 126.997498 37.540936, 126.997506 37.54093, 126.997513 37.540923, 126.99752 37.540916, 126.997526 37.540909, 126.99753 37.540901, 126.997534 37.540892, 126.997537 37.540884, 126.997538 37.540875, 126.997539 37.540866))"
버스정류소,점10m,"POLYGON ((126.958578 37.540637, 126.958577 37.540628, 126.958576 37.540619, 126.958573 37.540611, 126.958569 37.540602, 126.958565 37.540594, 126.958559 37.540587, 126.958552 37.54058, 126.958545 37.540573, 126.958537 37.540567, 126.958528 37.540562, 126.958518 37.540557, 126.958508 37.540554, 126.958498 37.540551, 126.958487 37.540549, 126.958476 37.540547, 126.958465 37.540547, 126.958454 37.540547, 126.958443 37.540549, 126.958432 37.540551, 126.958421 37.540554, 126.958411 37.540557, 126.958402 37.540562, 126.958393 37.540567, 126.958385 37.540573, 126.958377 37.54058, 126.958371 37.540587, 126.958365 37.540594, 126.95836 37.540602, 126.958356 37.540611, 126.958354 37.540619, 126.958352 37.540628, 126.958352 37.540637, 126.958352 37.540646, 126.958354 37.540654, 126.958356 37.540663, 126.95836 37.540671, 126.958365 37.540679, 126.958371 37.540687, 126.958377 37.540694, 126.958385 37.540701, 126.958393 37.540707, 126.958402 37.540712, 126.958411 37.540716, 126.958421 37.54072, 126.958432 37.540723, 126.958443 37.540725, 126.958454 37.540727, 126.958465 37.540727, 126.958476 37.540727, 126.958487 37.540725, 126.958497 37.540723, 126.958508 37.54072, 126.958518 37.540716, 126.958528 37.540712, 126.958536 37.540707, 126.958545 37.540701, 126.958552 37.540694, 126.958559 37.540687, 126.958564 37.540679, 126.958569 37.540671, 126.958573 37.540663, 126.958576 37.540655, 126.958577 37.540646, 126.958578 37.540637))"
버스정류소,점10m,"POLYGON ((126.958665 37.5403, 126.958665 37.540291, 126.958663 37.540282, 126.95866 37.540274, 126.958657 37.540265, 126.958652 37.540257, 126.958646 37.54025, 126.958639 37.540243, 126.958632 37.540236, 126.958624 37.54023, 126.958615 37.540225, 126.958605 37.54022, 126.958595 37.540217, 126.958585 37.540214, 126.958574 37.540212, 126.958563 37.54021, 126.958552 37.54021, 126.958541 37.54021, 126.95853 37.540212, 126.958519 37.540214, 126.958509 37.540217, 126.958499 37.54022, 126.958489 37.540225, 126.95848 37.54023, 126.958472 37.540236, 126.958465 37.540243, 126.958458 37.54025, 126.958452 37.540257, 126.958447 37.540265, 126.958444 37.540274, 126.958441 37.540282, 126.958439 37.540291, 126.958439 37.5403, 126.958439 37.540309, 126.958441 37.540317, 126.958444 37.540326, 126.958447 37.540334, 126.958452 37.540342, 126.958458 37.54035, 126.958465 37.540357, 126.958472 37.540364, 126.95848 37.54037, 126.958489 37.540375, 126.958499 37.540379, 126.958509 37.540383, 126.958519 37.540386, 126.95853 37.540388, 126.958541 37.54039, 126.958552 37.54039, 126.958563 37.54039, 126.958574 37.540388, 126.958585 37.540386, 126.958595 37.540383, 126.958605 37.540379, 126.958615 37.540375, 126.958624 37.54037, 126.958632 37.540364, 126.958639 37.540357, 126.958646 37.54035, 126.958652 37.540342, 126.958657 37.540334, 126.95866 37.540326, 126.958663 37.540318, 126.958665 37.540309, 126.958665 37.5403))"
버스정류소,점10m,"POLYGON ((126.96201 37.539272, 126.96201 37.539263, 126.962008 37.539254, 126.962005 37.539246, 126.962002 37.539238, 126.961997 37.53923, 126.961991 37.539222, 126.961985 37.539215, 126.961977 37.539208, 126.961969 37.539202, 126.96196 37.539197, 126.96195 37.539193, 126.96194 37.539189, 126.96193 37.539186, 126.961919 37.539184, 126.961908 37.539182, 126.961897 37.539182, 126.961886 37.539182, 126.961875 37.539184, 126.961864 37.539186, 126.961854 37.539189, 126.961844 37.539192, 126.961834 37.539197, 126.961825 37.539202, 126.961817 37.539208, 126.96181 37.539215, 126.961803 37.539222, 126.961797 37.539229, 126.961793 37.539237, 126.961789 37.539246, 126.961786 37.539254, 126.961785 37.539263, 126.961784 37.539272, 126.961784 37.539281, 126.961786 37.53929, 126.961789 37.539298, 126.961793 37.539306, 126.961797 37.539314, 126.961803 37.539322, 126.96181 37.539329, 126.961817 37.539336, 126.961825 37.539342, 126.961834 37.539347, 126.961844 37.539351, 126.961854 37.539355, 126.961864 37.539358, 126.961875 37.53936, 126.961886 37.539362, 126.961897 37.539362, 126.961908 37.539362, 126.961919 37.53936, 126.96193 37.539358, 126.96194 37.539355, 126.96195 37.539351, 126.96196 37.539347, 126.961969 37.539342, 126.961977 37.539336, 126.961985 37.539329, 126.961991 37.539322, 126.961997 37.539314, 126.962002 37.539306, 126.962005 37.539298, 126.962008 37.53929, 126.96201 37.539281, 126.96201 37.539272))"
버스정류소,점10m,"POLYGON ((126.962811 37.538829, 126.962811 37.53882, 126.962809 37.538811, 126.962806 37.538802, 126.962802 37.538794, 126.962798 37.538786, 126.962792 37.538778, 126.962785 37.538771, 126.962778 37.538765, 126.96277 37.538759, 126.962761 37.538754, 126.962751 37.538749, 126.962741 37.538745, 126.962731 37.538742, 126.96272 37.53874, 126.962709 37.538739, 126.962698 37.538738, 126.962687 37.538739, 126.962676 37.53874, 126.962665 37.538742, 126.962655 37.538745, 126.962645 37.538749, 126.962635 37.538754, 126.962626 37.538759, 126.962618 37.538765, 126.96261 37.538771, 126.962604 37.538778, 126.962598 37.538786, 126.962593 37.538794, 126.96259 37.538802, 126.962587 37.538811, 126.962585 37.53882, 126.962585 37.538828, 126.962585 37.538837, 126.962587 37.538846, 126.96259 37.538855, 126.962593 37.538863, 126.962598 37.538871, 126.962604 37.538879, 126.96261 37.538886, 126.962618 37.538892, 126.962626 37.538898, 126.962635 37.538903, 126.962645 37.538908, 126.962655 37.538912, 126.962665 37.538915, 126.962676 37.538917, 126.962687 37.538918, 126.962698 37.538919, 126.962709 37.538918, 126.96272 37.538917, 126.962731 37.538915, 126.962741 37.538912, 126.962751 37.538908, 126.962761 37.538903, 126.96277 37.538898, 126.962778 37.538892, 126.962785 37.538886, 126.962792 37.538879, 126.962798 37.538871, 126.962802 37.538863, 126.962806 37.538855, 126.962809 37.538846, 126.96281 37.538837, 126.962811 37.538829))"
버스정류소,점10m,"POLYGON ((126.965113 37.538427, 126.965112 37.538418, 126.965111 37.538409, 126.965108 37.538401, 126.965104 37.538392, 126.9651 37.538384, 126.965094 37.538377, 126.965087 37.53837, 126.96508 37.538363, 126.965072 37.538357, 126.965063 37.538352, 126.965053 37.538347, 126.965043 37.538344, 126.965033 37.538341, 126.965022 37.538338, 126.965011 37.538337, 126.965 37.538337, 126.964989 37.538337, 126.964978 37.538338, 126.964967 37.538341, 126.964957 37.538344, 126.964946 37.538347, 126.964937 37.538352, 126.964928 37.538357, 126.96492 37.538363, 126.964912 37.53837, 126.964906 37.538377, 126.9649 37.538384, 126.964895 37.538392, 126.964892 37.538401, 126.964889 37.538409, 126.964887 37.538418, 126.964887 37.538427, 126.964887 37.538436, 126.964889 37.538444, 126.964892 37.538453, 126.964895 37.538461, 126.9649 37.538469, 126.964906 37.538477, 126.964912 37.538484, 126.96492 37.538491, 126.964928 37.538496, 126.964937 37.538502, 126.964946 37.538506, 126.964956 37.53851, 126.964967 37.538513, 126.964978 37.538515, 126.964989 37.538516, 126.965 37.538517, 126.965011 37.538516, 126.965022 37.538515, 126.965033 37.538513, 126.965043 37.53851, 126.965053 37.538506, 126.965063 37.538502, 126.965072 37.538496, 126.96508 37.538491, 126.965087 37.538484, 126.965094 37.538477, 126.9651 37.538469, 126.965104 37.538461, 126.965108 37.538453, 126.965111 37.538444, 126.965112 37.538436, 126.965113 37.538427))"
버스정류소,점10m,"POLYGON ((126.964761 37.538295, 126.964761 37.538286, 126.964759 37.538277, 126.964756 37.538269, 126.964753 37.538261, 126.964748 37.538253, 126.964742 37.538245, 126.964735 37.538238, 126.964728 37.538231, 126.96472 37.538225, 126.964711 37.53822, 126.964701 37.538216, 126.964691 37.538212, 126.964681 37.538209, 126.96467 37.538207, 126.964659 37.538205, 126.964648 37.538205, 126.964637 37.538205, 126.964626 37.538207, 126.964615 37.538209, 126.964605 37.538212, 126.964595 37.538216, 126.964585 37.53822, 126.964576 37.538225, 126.964568 37.538231, 126.964561 37.538238, 126.964554 37.538245, 126.964548 37.538252, 126.964543 37.53826, 126.96454 37.538269, 126.964537 37.538277, 126.964535 37.538286, 126.964535 37.538295, 126.964535 37.538304, 126.964537 37.538313, 126.96454 37.538321, 126.964543 37.538329, 126.964548 37.538337, 126.964554 37.538345, 126.964561 37.538352, 126.964568 37.538359, 126.964576 37.538365, 126.964585 37.53837, 126.964595 37.538374, 126.964605 37.538378, 126.964615 37.538381, 126.964626 37.538383, 126.964637 37.538385, 126.964648 37.538385, 126.964659 37.538385, 126.96467 37.538383, 126.964681 37.538381, 126.964691 37.538378, 126.964701 37.538374, 126.964711 37.53837, 126.96472 37.538365, 126.964728 37.538359, 126.964735 37.538352, 126.964742 37.538345, 126.964748 37.538338, 126.964753 37.53833, 126.964756 37.538321, 126.964759 37.538313, 126.964761 37.538304, 126.964761 37.538295))"
버스정류소,점10m,"POLYGON ((126.967105 37.537661, 126.967105 37.537652, 126.967103 37.537643, 126.967101 37.537635, 126.967097 37.537626, 126.967092 37.537618, 126.967086 37.537611, 126.96708 37.537604, 126.967072 37.537597, 126.967064 37.537591, 126.967055 37.537586, 126.967046 37.537581, 126.967036 37.537577, 126.967025 37.537575, 126.967014 37.537572, 126.967003 37.537571, 126.966992 37.537571, 126.966981 37.537571, 126.96697 37.537572, 126.966959 37.537574, 126.966949 37.537577, 126.966939 37.537581, 126.966929 37.537586, 126.966921 37.537591, 126.966912 37.537597, 126.966905 37.537604, 126.966898 37.537611, 126.966893 37.537618, 126.966888 37.537626, 126.966884 37.537635, 126.966881 37.537643, 126.96688 37.537652, 126.966879 37.537661, 126.96688 37.53767, 126.966881 37.537678, 126.966884 37.537687, 126.966888 37.537695, 126.966892 37.537703, 126.966898 37.537711, 126.966905 37.537718, 126.966912 37.537724, 126.96692 37.53773, 126.966929 37.537736, 126.966939 37.53774, 126.966949 37.537744, 126.966959 37.537747, 126.96697 37.537749, 126.966981 37.53775, 126.966992 37.537751, 126.967003 37.53775, 126.967014 37.537749, 126.967025 37.537747, 126.967036 37.537744, 126.967046 37.53774, 126.967055 37.537736, 126.967064 37.53773, 126.967072 37.537724, 126.96708 37.537718, 126.967086 37.537711, 126.967092 37.537703, 126.967097 37.537695, 126.967101 37.537687, 126.967103 37.537678, 126.967105 37.53767, 126.967105 37.537661))"
버스정류소,점10m,"POLYGON ((126.976971 37.534759, 126.97697 37.53475, 126.976969 37.534741, 126.976966 37.534733, 126.976962 37.534724, 126.976958 37.534716, 126.976952 37.534709, 126.976945 37.534702, 126.976938 37.534695, 126.97693 37.534689, 126.976921 37.534684, 126.976911 37.534679, 126.976901 37.534675, 126.976891 37.534672, 126.97688 37.53467, 126.976869 37.534669, 126.976858 37.534669, 126.976847 37.534669, 126.976836 37.53467, 126.976825 37.534672, 126.976815 37.534675, 126.976804 37.534679, 126.976795 37.534684, 126.976786 37.534689, 126.976778 37.534695, 126.97677 37.534701, 126.976764 37.534709, 126.976758 37.534716, 126.976753 37.534724, 126.97675 37.534732, 126.976747 37.534741, 126.976745 37.53475, 126.976745 37.534759, 126.976745 37.534767, 126.976747 37.534776, 126.97675 37.534785, 126.976753 37.534793, 126.976758 37.534801, 126.976764 37.534809, 126.97677 37.534816, 126.976778 37.534822, 126.976786 37.534828, 126.976795 37.534834, 126.976804 37.534838, 126.976814 37.534842, 126.976825 37.534845, 126.976836 37.534847, 126.976847 37.534848, 126.976858 37.534849, 126.976869 37.534848, 126.97688 37.534847, 126.976891 37.534845, 126.976901 37.534842, 126.976911 37.534838, 126.976921 37.534834, 126.97693 37.534828, 126.976938 37.534822, 126.976945 37.534816, 126.976952 37.534809, 126.976958 37.534801, 126.976962 37.534793, 126.976966 37.534785, 126.976969 37.534776, 126.97697 37.534768, 126.976971 37.534759))"
버스정류소,점10m,"POLYGON ((126.975496 37.534651, 126.975496 37.534642, 126.975494 37.534634, 126.975491 37.534625, 126.975488 37.534617, 126.975483 37.534609, 126.975477 37.534601, 126.975471 37.534594, 126.975463 37.534587, 126.975455 37.534582, 126.975446 37.534576, 126.975436 37.534572, 126.975426 37.534568, 126.975416 37.534565, 126.975405 37.534563, 126.975394 37.534562, 126.975383 37.534561, 126.975372 37.534562, 126.975361 37.534563, 126.97535 37.534565, 126.97534 37.534568, 126.97533 37.534572, 126.97532 37.534576, 126.975311 37.534582, 126.975303 37.534587, 126.975296 37.534594, 126.975289 37.534601, 126.975283 37.534609, 126.975279 37.534617, 126.975275 37.534625, 126.975272 37.534634, 126.975271 37.534642, 126.97527 37.534651, 126.97527 37.53466, 126.975272 37.534669, 126.975275 37.534677, 126.975279 37.534686, 126.975283 37.534694, 126.975289 37.534701, 126.975296 37.534708, 126.975303 37.534715, 126.975311 37.534721, 126.97532 37.534726, 126.97533 37.534731, 126.97534 37.534734, 126.97535 37.534737, 126.975361 37.53474, 126.975372 37.534741, 126.975383 37.534741, 126.975394 37.534741, 126.975405 37.53474, 126.975416 37.534737, 126.975426 37.534734, 126.975436 37.534731, 126.975446 37.534726, 126.975455 37.534721, 126.975463 37.534715, 126.975471 37.534708, 126.975477 37.534701, 126.975483 37.534694, 126.975488 37.534686, 126.975491 37.534677, 126.975494 37.534669, 126.975496 37.53466, 126.975496 37.534651))"
버스정류소,점10m,"POLYGON ((126.985231 37.535107, 126.985231 37.535098, 126.985229 37.535089, 126.985227 37.535081, 126.985223 37.535072, 126.985218 37.535064, 126.985212 37.535057, 126.985206 37.53505, 126.985198 37.535043, 126.98519 37.535037, 126.985181 37.535032, 126.985172 37.535028, 126.985162 37.535024, 126.985151 37.535021, 126.98514 37.535019, 126.985129 37.535017, 126.985118 37.535017, 126.985107 37.535017, 126.985096 37.535019, 126.985085 37.535021, 126.985075 37.535024, 126.985065 37.535027, 126.985055 37.535032, 126.985047 37.535037, 126.985038 37.535043, 126.985031 37.53505, 126.985024 37.535057, 126.985019 37.535064, 126.985014 37.535072, 126.98501 37.535081, 126.985007 37.535089, 126.985006 37.535098, 126.985005 37.535107, 126.985006 37.535116, 126.985007 37.535125, 126.98501 37.535133, 126.985014 37.535141, 126.985019 37.535149, 126.985024 37.535157, 126.985031 37.535164, 126.985038 37.535171, 126.985047 37.535177, 126.985055 37.535182, 126.985065 37.535186, 126.985075 37.53519, 126.985085 37.535193, 126.985096 37.535195, 126.985107 37.535197, 126.985118 37.535197, 126.985129 37.535197, 126.98514 37.535195, 126.985151 37.535193, 126.985162 37.53519, 126.985172 37.535186, 126.985181 37.535182, 126.98519 37.535177, 126.985198 37.535171, 126.985206 37.535164, 126.985212 37.535157, 126.985218 37.535149, 126.985223 37.535141, 126.985227 37.535133, 126.985229 37.535125, 126.985231 37.535116, 126.985231 37.535107))"
버스정류소,점10m,"POLYGON ((126.985418 37.534758, 126.985417 37.534749, 126.985416 37.534741, 126.985413 37.534732, 126.985409 37.534724, 126.985404 37.534716, 126.985399 37.534708, 126.985392 37.534701, 126.985385 37.534695, 126.985376 37.534689, 126.985368 37.534683, 126.985358 37.534679, 126.985348 37.534675, 126.985338 37.534672, 126.985327 37.53467, 126.985316 37.534669, 126.985305 37.534668, 126.985294 37.534669, 126.985283 37.53467, 126.985272 37.534672, 126.985261 37.534675, 126.985251 37.534679, 126.985242 37.534683, 126.985233 37.534689, 126.985225 37.534694, 126.985217 37.534701, 126.985211 37.534708, 126.985205 37.534716, 126.9852 37.534724, 126.985196 37.534732, 126.985194 37.534741, 126.985192 37.534749, 126.985192 37.534758, 126.985192 37.534767, 126.985194 37.534776, 126.985196 37.534784, 126.9852 37.534793, 126.985205 37.534801, 126.985211 37.534808, 126.985217 37.534815, 126.985225 37.534822, 126.985233 37.534828, 126.985242 37.534833, 126.985251 37.534838, 126.985261 37.534841, 126.985272 37.534844, 126.985283 37.534847, 126.985294 37.534848, 126.985305 37.534848, 126.985316 37.534848, 126.985327 37.534847, 126.985338 37.534844, 126.985348 37.534841, 126.985358 37.534838, 126.985368 37.534833, 126.985376 37.534828, 126.985385 37.534822, 126.985392 37.534815, 126.985399 37.534808, 126.985404 37.534801, 126.985409 37.534793, 126.985413 37.534784, 126.985416 37.534776, 126.985417 37.534767, 126.985418 37.534758))"
버스정류소,점10m,"POLYGON ((126.990584 37.534383, 126.990583 37.534374, 126.990582 37.534365, 126.990579 37.534357, 126.990575 37.534349, 126.99057 37.534341, 126.990565 37.534333, 126.990558 37.534326, 126.990551 37.534319, 126.990542 37.534313, 126.990534 37.534308, 126.990524 37.534304, 126.990514 37.5343, 126.990504 37.534297, 126.990493 37.534295, 126.990482 37.534293, 126.990471 37.534293, 126.99046 37.534293, 126.990449 37.534295, 126.990438 37.534297, 126.990427 37.5343, 126.990417 37.534304, 126.990408 37.534308, 126.990399 37.534313, 126.990391 37.534319, 126.990383 37.534326, 126.990377 37.534333, 126.990371 37.534341, 126.990366 37.534349, 126.990362 37.534357, 126.99036 37.534365, 126.990358 37.534374, 126.990358 37.534383, 126.990358 37.534392, 126.99036 37.534401, 126.990362 37.534409, 126.990366 37.534418, 126.990371 37.534426, 126.990377 37.534433, 126.990383 37.53444, 126.990391 37.534447, 126.990399 37.534453, 126.990408 37.534458, 126.990417 37.534463, 126.990427 37.534466, 126.990438 37.534469, 126.990449 37.534471, 126.99046 37.534473, 126.990471 37.534473, 126.990482 37.534473, 126.990493 37.534471, 126.990504 37.534469, 126.990514 37.534466, 126.990524 37.534463, 126.990534 37.534458, 126.990542 37.534453, 126.990551 37.534447, 126.990558 37.53444, 126.990565 37.534433, 126.99057 37.534426, 126.990575 37.534418, 126.990579 37.534409, 126.990582 37.534401, 126.990583 37.534392, 126.990584 37.534383))"
버스정류소,점10m,"POLYGON ((126.990123 37.534113, 126.990122 37.534104, 126.990121 37.534095, 126.990118 37.534087, 126.990114 37.534078, 126.990109 37.53407, 126.990104 37.534063, 126.990097 37.534056, 126.99009 37.534049, 126.990081 37.534043, 126.990072 37.534038, 126.990063 37.534033, 126.990053 37.534029, 126.990042 37.534026, 126.990032 37.534024, 126.990021 37.534023, 126.99001 37.534023, 126.989999 37.534023, 126.989988 37.534024, 126.989977 37.534026, 126.989966 37.534029, 126.989956 37.534033, 126.989947 37.534038, 126.989938 37.534043, 126.98993 37.534049, 126.989922 37.534056, 126.989916 37.534063, 126.98991 37.53407, 126.989905 37.534078, 126.989901 37.534087, 126.989899 37.534095, 126.989897 37.534104, 126.989896 37.534113, 126.989897 37.534122, 126.989899 37.53413, 126.989901 37.534139, 126.989905 37.534147, 126.98991 37.534155, 126.989916 37.534163, 126.989922 37.53417, 126.98993 37.534176, 126.989938 37.534182, 126.989947 37.534188, 126.989956 37.534192, 126.989966 37.534196, 126.989977 37.534199, 126.989988 37.534201, 126.989998 37.534202, 126.99001 37.534203, 126.990021 37.534202, 126.990032 37.534201, 126.990042 37.534199, 126.990053 37.534196, 126.990063 37.534192, 126.990072 37.534188, 126.990081 37.534182, 126.99009 37.534176, 126.990097 37.53417, 126.990104 37.534163, 126.990109 37.534155, 126.990114 37.534147, 126.990118 37.534139, 126.990121 37.53413, 126.990122 37.534122, 126.990123 37.534113))"
버스정류소,점10m,"POLYGON ((126.993156 37.534552, 126.993156 37.534543, 126.993154 37.534534, 126.993151 37.534526, 126.993148 37.534518, 126.993143 37.53451, 126.993137 37.534502, 126.99313 37.534495, 126.993123 37.534488, 126.993115 37.534482, 126.993106 37.534477, 126.993096 37.534473, 126.993086 37.534469, 126.993076 37.534466, 126.993065 37.534464, 126.993054 37.534462, 126.993043 37.534462, 126.993032 37.534462, 126.993021 37.534464, 126.99301 37.534466, 126.993 37.534469, 126.99299 37.534473, 126.99298 37.534477, 126.992971 37.534482, 126.992963 37.534488, 126.992956 37.534495, 126.992949 37.534502, 126.992943 37.53451, 126.992938 37.534518, 126.992935 37.534526, 126.992932 37.534534, 126.99293 37.534543, 126.99293 37.534552, 126.99293 37.534561, 126.992932 37.53457, 126.992935 37.534578, 126.992938 37.534586, 126.992943 37.534594, 126.992949 37.534602, 126.992956 37.534609, 126.992963 37.534616, 126.992971 37.534622, 126.99298 37.534627, 126.99299 37.534631, 126.993 37.534635, 126.99301 37.534638, 126.993021 37.53464, 126.993032 37.534642, 126.993043 37.534642, 126.993054 37.534642, 126.993065 37.53464, 126.993076 37.534638, 126.993086 37.534635, 126.993096 37.534631, 126.993106 37.534627, 126.993115 37.534622, 126.993123 37.534616, 126.99313 37.534609, 126.993137 37.534602, 126.993143 37.534594, 126.993148 37.534586, 126.993151 37.534578, 126.993154 37.53457, 126.993156 37.534561, 126.993156 37.534552))"
버스정류소,점10m,"POLYGON ((126.993542 37.534354, 126.993542 37.534345, 126.99354 37.534336, 126.993538 37.534328, 126.993534 37.534319, 126.993529 37.534312, 126.993523 37.534304, 126.993517 37.534297, 126.993509 37.53429, 126.993501 37.534284, 126.993492 37.534279, 126.993483 37.534275, 126.993473 37.534271, 126.993462 37.534268, 126.993451 37.534266, 126.99344 37.534264, 126.993429 37.534264, 126.993418 37.534264, 126.993407 37.534266, 126.993396 37.534268, 126.993386 37.534271, 126.993376 37.534275, 126.993366 37.534279, 126.993358 37.534284, 126.993349 37.53429, 126.993342 37.534297, 126.993335 37.534304, 126.99333 37.534311, 126.993325 37.534319, 126.993321 37.534328, 126.993318 37.534336, 126.993317 37.534345, 126.993316 37.534354, 126.993317 37.534363, 126.993318 37.534372, 126.993321 37.53438, 126.993325 37.534388, 126.99333 37.534396, 126.993335 37.534404, 126.993342 37.534411, 126.993349 37.534418, 126.993358 37.534424, 126.993366 37.534429, 126.993376 37.534433, 126.993386 37.534437, 126.993396 37.53444, 126.993407 37.534442, 126.993418 37.534444, 126.993429 37.534444, 126.99344 37.534444, 126.993451 37.534442, 126.993462 37.53444, 126.993473 37.534437, 126.993483 37.534433, 126.993492 37.534429, 126.993501 37.534424, 126.993509 37.534418, 126.993517 37.534411, 126.993523 37.534404, 126.993529 37.534396, 126.993534 37.534388, 126.993538 37.53438, 126.99354 37.534372, 126.993542 37.534363, 126.993542 37.534354))"
버스정류소,점10m,"POLYGON ((126.9965 37.53479, 126.9965 37.534781, 126.996498 37.534772, 126.996495 37.534764, 126.996492 37.534756, 126.996487 37.534748, 126.996481 37.53474, 126.996474 37.534733, 126.996467 37.534726, 126.996459 37.53472, 126.99645 37.534715, 126.99644 37.534711, 126.99643 37.534707, 126.99642 37.534704, 126.996409 37.534702, 126.996398 37.5347, 126.996387 37.5347, 126.996376 37.5347, 126.996365 37.534702, 126.996354 37.534704, 126.996344 37.534707, 126.996334 37.534711, 126.996324 37.534715, 126.996315 37.53472, 126.996307 37.534726, 126.9963 37.534733, 126.996293 37.53474, 126.996287 37.534748, 126.996282 37.534756, 126.996279 37.534764, 126.996276 37.534772, 126.996274 37.534781, 126.996274 37.53479, 126.996274 37.534799, 126.996276 37.534808, 126.996279 37.534816, 126.996282 37.534824, 126.996287 37.534832, 126.996293 37.53484, 126.9963 37.534847, 126.996307 37.534854, 126.996315 37.53486, 126.996324 37.534865, 126.996334 37.534869, 126.996344 37.534873, 126.996354 37.534876, 126.996365 37.534878, 126.996376 37.53488, 126.996387 37.53488, 126.996398 37.53488, 126.996409 37.534878, 126.99642 37.534876, 126.99643 37.534873, 126.99644 37.534869, 126.99645 37.534865, 126.996459 37.53486, 126.996467 37.534854, 126.996474 37.534847, 126.996481 37.53484, 126.996487 37.534832, 126.996492 37.534824, 126.996495 37.534816, 126.996498 37.534808, 126.9965 37.534799, 126.9965 37.53479))"
버스정류소,점10m,"POLYGON ((126.997293 37.534604, 126.997292 37.534595, 126.997291 37.534587, 126.997288 37.534578, 126.997284 37.53457, 126.99728 37.534562, 126.997274 37.534554, 126.997267 37.534547, 126.99726 37.53454, 126.997252 37.534535, 126.997243 37.534529, 126.997233 37.534525, 126.997223 37.534521, 126.997213 37.534518, 126.997202 37.534516, 126.997191 37.534514, 126.99718 37.534514, 126.997169 37.534514, 126.997158 37.534516, 126.997147 37.534518, 126.997137 37.534521, 126.997127 37.534525, 126.997117 37.534529, 126.997108 37.534534, 126.9971 37.53454, 126.997092 37.534547, 126.997086 37.534554, 126.99708 37.534562, 126.997075 37.53457, 126.997072 37.534578, 126.997069 37.534587, 126.997067 37.534595, 126.997067 37.534604, 126.997067 37.534613, 126.997069 37.534622, 126.997072 37.53463, 126.997075 37.534639, 126.99708 37.534647, 126.997086 37.534654, 126.997092 37.534661, 126.9971 37.534668, 126.997108 37.534674, 126.997117 37.534679, 126.997127 37.534684, 126.997137 37.534687, 126.997147 37.53469, 126.997158 37.534693, 126.997169 37.534694, 126.99718 37.534694, 126.997191 37.534694, 126.997202 37.534693, 126.997213 37.53469, 126.997223 37.534687, 126.997233 37.534684, 126.997243 37.534679, 126.997252 37.534674, 126.99726 37.534668, 126.997267 37.534661, 126.997274 37.534654, 126.99728 37.534647, 126.997284 37.534639, 126.997288 37.53463, 126.997291 37.534622, 126.997292 37.534613, 126.997293 37.534604))"
버스정류소,점10m,"POLYGON ((127.00058 37.537046, 127.000579 37.537037, 127.000578 37.537028, 127.000575 37.53702, 127.000571 37.537011, 127.000566 37.537003, 127.000561 37.536996, 127.000554 37.536989, 127.000547 37.536982, 127.000538 37.536976, 127.00053 37.536971, 127.00052 37.536966, 127.00051 37.536963, 127.0005 37.53696, 127.000489 37.536958, 127.000478 37.536956, 127.000467 37.536956, 127.000456 37.536956, 127.000445 37.536958, 127.000434 37.53696, 127.000423 37.536963, 127.000413 37.536966, 127.000404 37.536971, 127.000395 37.536976, 127.000387 37.536982, 127.000379 37.536989, 127.000373 37.536996, 127.000367 37.537003, 127.000362 37.537011, 127.000358 37.53702, 127.000356 37.537028, 127.000354 37.537037, 127.000354 37.537046, 127.000354 37.537055, 127.000356 37.537063, 127.000358 37.537072, 127.000362 37.53708, 127.000367 37.537088, 127.000373 37.537096, 127.000379 37.537103, 127.000387 37.53711, 127.000395 37.537116, 127.000404 37.537121, 127.000413 37.537125, 127.000423 37.537129, 127.000434 37.537132, 127.000445 37.537134, 127.000456 37.537136, 127.000467 37.537136, 127.000478 37.537136, 127.000489 37.537134, 127.0005 37.537132, 127.00051 37.537129, 127.00052 37.537125, 127.00053 37.537121, 127.000538 37.537116, 127.000547 37.53711, 127.000554 37.537103, 127.000561 37.537096, 127.000566 37.537088, 127.000571 37.53708, 127.000575 37.537072, 127.000578 37.537063, 127.000579 37.537055, 127.00058 37.537046))"
버스정류소,점10m,"POLYGON ((127.000717 37.536707, 127.000717 37.536698, 127.000715 37.53669, 127.000713 37.536681, 127.000709 37.536673, 127.000704 37.536665, 127.000698 37.536657, 127.000692 37.53665, 127.000684 37.536644, 127.000676 37.536638, 127.000667 37.536632, 127.000658 37.536628, 127.000648 37.536624, 127.000637 37.536621, 127.000626 37.536619, 127.000615 37.536618, 127.000604 37.536617, 127.000593 37.536618, 127.000582 37.536619, 127.000571 37.536621, 127.000561 37.536624, 127.000551 37.536628, 127.000541 37.536632, 127.000533 37.536638, 127.000524 37.536644, 127.000517 37.53665, 127.00051 37.536657, 127.000505 37.536665, 127.0005 37.536673, 127.000496 37.536681, 127.000493 37.53669, 127.000492 37.536698, 127.000491 37.536707, 127.000492 37.536716, 127.000493 37.536725, 127.000496 37.536733, 127.0005 37.536742, 127.000505 37.53675, 127.00051 37.536757, 127.000517 37.536764, 127.000524 37.536771, 127.000533 37.536777, 127.000541 37.536782, 127.000551 37.536787, 127.000561 37.536791, 127.000571 37.536794, 127.000582 37.536796, 127.000593 37.536797, 127.000604 37.536797, 127.000615 37.536797, 127.000626 37.536796, 127.000637 37.536794, 127.000648 37.536791, 127.000658 37.536787, 127.000667 37.536782, 127.000676 37.536777, 127.000684 37.536771, 127.000692 37.536764, 127.000698 37.536757, 127.000704 37.53675, 127.000709 37.536742, 127.000713 37.536733, 127.000715 37.536725, 127.000717 37.536716, 127.000717 37.536707))"
버스정류소,점10m,"POLYGON ((127.001808 37.540805, 127.001808 37.540796, 127.001806 37.540787, 127.001803 37.540779, 127.0018 37.540771, 127.001795 37.540763, 127.001789 37.540755, 127.001782 37.540748, 127.001775 37.540741, 127.001767 37.540735, 127.001758 37.54073, 127.001748 37.540726, 127.001738 37.540722, 127.001728 37.540719, 127.001717 37.540717, 127.001706 37.540715, 127.001695 37.540715, 127.001684 37.540715, 127.001673 37.540717, 127.001662 37.540719, 127.001652 37.540722, 127.001642 37.540726, 127.001632 37.54073, 127.001623 37.540735, 127.001615 37.540741, 127.001608 37.540748, 127.001601 37.540755, 127.001595 37.540763, 127.00159 37.540771, 127.001587 37.540779, 127.001584 37.540787, 127.001582 37.540796, 127.001582 37.540805, 127.001582 37.540814, 127.001584 37.540823, 127.001587 37.540831, 127.00159 37.540839, 127.001595 37.540847, 127.001601 37.540855, 127.001608 37.540862, 127.001615 37.540869, 127.001623 37.540875, 127.001632 37.54088, 127.001642 37.540884, 127.001652 37.540888, 127.001662 37.540891, 127.001673 37.540893, 127.001684 37.540895, 127.001695 37.540895, 127.001706 37.540895, 127.001717 37.540893, 127.001728 37.540891, 127.001738 37.540888, 127.001748 37.540884, 127.001758 37.54088, 127.001767 37.540875, 127.001775 37.540869, 127.001782 37.540862, 127.001789 37.540855, 127.001795 37.540847, 127.0018 37.540839, 127.001803 37.540831, 127.001806 37.540823, 127.001808 37.540814, 127.001808 37.540805))"
버스정류소,점10m,"POLYGON ((127.002139 37.540929, 127.002138 37.54092, 127.002136 37.540912, 127.002134 37.540903, 127.00213 37.540895, 127.002125 37.540887, 127.002119 37.540879, 127.002113 37.540872, 127.002105 37.540865, 127.002097 37.54086, 127.002088 37.540854, 127.002079 37.54085, 127.002069 37.540846, 127.002058 37.540843, 127.002047 37.540841, 127.002036 37.54084, 127.002025 37.540839, 127.002014 37.54084, 127.002003 37.540841, 127.001993 37.540843, 127.001982 37.540846, 127.001972 37.54085, 127.001963 37.540854, 127.001954 37.54086, 127.001945 37.540865, 127.001938 37.540872, 127.001931 37.540879, 127.001926 37.540887, 127.001921 37.540895, 127.001917 37.540903, 127.001914 37.540912, 127.001913 37.54092, 127.001912 37.540929, 127.001913 37.540938, 127.001914 37.540947, 127.001917 37.540955, 127.001921 37.540964, 127.001926 37.540972, 127.001931 37.540979, 127.001938 37.540986, 127.001945 37.540993, 127.001954 37.540999, 127.001963 37.541004, 127.001972 37.541009, 127.001982 37.541012, 127.001993 37.541015, 127.002003 37.541018, 127.002014 37.541019, 127.002025 37.541019, 127.002036 37.541019, 127.002047 37.541018, 127.002058 37.541015, 127.002069 37.541012, 127.002079 37.541009, 127.002088 37.541004, 127.002097 37.540999, 127.002105 37.540993, 127.002113 37.540986, 127.002119 37.540979, 127.002125 37.540972, 127.00213 37.540964, 127.002134 37.540955, 127.002136 37.540947, 127.002138 37.540938, 127.002139 37.540929))"
버스정류소,점10m,"POLYGON ((126.974008 37.553617, 126.974007 37.553608, 126.974005 37.553599, 126.974003 37.553591, 126.973999 37.553582, 126.973994 37.553574, 126.973989 37.553567, 126.973982 37.55356, 126.973974 37.553553, 126.973966 37.553547, 126.973957 37.553542, 126.973948 37.553537, 126.973938 37.553534, 126.973927 37.553531, 126.973917 37.553529, 126.973906 37.553527, 126.973894 37.553527, 126.973883 37.553527, 126.973872 37.553529, 126.973862 37.553531, 126.973851 37.553534, 126.973841 37.553537, 126.973832 37.553542, 126.973823 37.553547, 126.973814 37.553553, 126.973807 37.55356, 126.9738 37.553567, 126.973795 37.553574, 126.97379 37.553582, 126.973786 37.553591, 126.973783 37.553599, 126.973782 37.553608, 126.973781 37.553617, 126.973782 37.553626, 126.973783 37.553634, 126.973786 37.553643, 126.97379 37.553651, 126.973795 37.553659, 126.9738 37.553667, 126.973807 37.553674, 126.973814 37.553681, 126.973823 37.553687, 126.973831 37.553692, 126.973841 37.553696, 126.973851 37.5537, 126.973862 37.553703, 126.973872 37.553705, 126.973883 37.553707, 126.973894 37.553707, 126.973905 37.553707, 126.973916 37.553705, 126.973927 37.553703, 126.973938 37.5537, 126.973948 37.553696, 126.973957 37.553692, 126.973966 37.553687, 126.973974 37.553681, 126.973982 37.553674, 126.973988 37.553667, 126.973994 37.553659, 126.973999 37.553651, 126.974003 37.553643, 126.974005 37.553634, 126.974007 37.553626, 126.974008 37.553617))"
버스정류소,점10m,"POLYGON ((126.97669 37.552541, 126.97669 37.552532, 126.976688 37.552523, 126.976686 37.552515, 126.976682 37.552506, 126.976677 37.552498, 126.976671 37.552491, 126.976665 37.552484, 126.976657 37.552477, 126.976649 37.552471, 126.97664 37.552466, 126.976631 37.552461, 126.976621 37.552458, 126.97661 37.552455, 126.976599 37.552452, 126.976588 37.552451, 126.976577 37.552451, 126.976566 37.552451, 126.976555 37.552452, 126.976544 37.552455, 126.976534 37.552458, 126.976524 37.552461, 126.976514 37.552466, 126.976505 37.552471, 126.976497 37.552477, 126.97649 37.552484, 126.976483 37.552491, 126.976477 37.552498, 126.976473 37.552506, 126.976469 37.552515, 126.976466 37.552523, 126.976465 37.552532, 126.976464 37.552541, 126.976465 37.55255, 126.976466 37.552558, 126.976469 37.552567, 126.976473 37.552575, 126.976477 37.552583, 126.976483 37.552591, 126.97649 37.552598, 126.976497 37.552605, 126.976505 37.55261, 126.976514 37.552616, 126.976524 37.55262, 126.976534 37.552624, 126.976544 37.552627, 126.976555 37.552629, 126.976566 37.552631, 126.976577 37.552631, 126.976588 37.552631, 126.976599 37.552629, 126.97661 37.552627, 126.97662 37.552624, 126.976631 37.55262, 126.97664 37.552616, 126.976649 37.552611, 126.976657 37.552605, 126.976665 37.552598, 126.976671 37.552591, 126.976677 37.552583, 126.976682 37.552575, 126.976685 37.552567, 126.976688 37.552558, 126.97669 37.55255, 126.97669 37.552541))"
버스정류소,점10m,"POLYGON ((126.977178 37.550689, 126.977177 37.55068, 126.977175 37.550672, 126.977173 37.550663, 126.977169 37.550655, 126.977164 37.550647, 126.977159 37.550639, 126.977152 37.550632, 126.977145 37.550625, 126.977136 37.55062, 126.977127 37.550614, 126.977118 37.55061, 126.977108 37.550606, 126.977097 37.550603, 126.977087 37.550601, 126.977076 37.5506, 126.977065 37.550599, 126.977053 37.5506, 126.977042 37.550601, 126.977032 37.550603, 126.977021 37.550606, 126.977011 37.55061, 126.977002 37.550614, 126.976993 37.55062, 126.976984 37.550625, 126.976977 37.550632, 126.97697 37.550639, 126.976965 37.550647, 126.97696 37.550655, 126.976956 37.550663, 126.976954 37.550672, 126.976952 37.55068, 126.976951 37.550689, 126.976952 37.550698, 126.976954 37.550707, 126.976956 37.550715, 126.97696 37.550724, 126.976965 37.550732, 126.97697 37.550739, 126.976977 37.550746, 126.976984 37.550753, 126.976993 37.550759, 126.977002 37.550764, 126.977011 37.550769, 126.977021 37.550772, 126.977032 37.550775, 126.977042 37.550778, 126.977053 37.550779, 126.977064 37.550779, 126.977076 37.550779, 126.977087 37.550778, 126.977097 37.550775, 126.977108 37.550772, 126.977118 37.550769, 126.977127 37.550764, 126.977136 37.550759, 126.977145 37.550753, 126.977152 37.550746, 126.977159 37.550739, 126.977164 37.550732, 126.977169 37.550724, 126.977173 37.550715, 126.977175 37.550707, 126.977177 37.550698, 126.977178 37.550689))"
버스정류소,점10m,"POLYGON ((126.977658 37.549747, 126.977657 37.549738, 126.977656 37.549729, 126.977653 37.549721, 126.977649 37.549712, 126.977644 37.549704, 126.977639 37.549697, 126.977632 37.54969, 126.977625 37.549683, 126.977616 37.549677, 126.977607 37.549672, 126.977598 37.549667, 126.977588 37.549663, 126.977577 37.549661, 126.977567 37.549658, 126.977556 37.549657, 126.977545 37.549657, 126.977534 37.549657, 126.977523 37.549658, 126.977512 37.549661, 126.977501 37.549663, 126.977491 37.549667, 126.977482 37.549672, 126.977473 37.549677, 126.977465 37.549683, 126.977457 37.54969, 126.977451 37.549697, 126.977445 37.549704, 126.97744 37.549712, 126.977436 37.549721, 126.977434 37.549729, 126.977432 37.549738, 126.977431 37.549747, 126.977432 37.549756, 126.977434 37.549764, 126.977436 37.549773, 126.97744 37.549781, 126.977445 37.549789, 126.97745 37.549797, 126.977457 37.549804, 126.977465 37.54981, 126.977473 37.549816, 126.977482 37.549822, 126.977491 37.549826, 126.977501 37.54983, 126.977512 37.549833, 126.977522 37.549835, 126.977533 37.549836, 126.977545 37.549837, 126.977556 37.549836, 126.977567 37.549835, 126.977577 37.549833, 126.977588 37.54983, 126.977598 37.549826, 126.977607 37.549822, 126.977616 37.549816, 126.977625 37.54981, 126.977632 37.549804, 126.977639 37.549797, 126.977644 37.549789, 126.977649 37.549781, 126.977653 37.549773, 126.977656 37.549764, 126.977657 37.549756, 126.977658 37.549747))"
버스정류소,점10m,"POLYGON ((126.978299 37.54666, 126.978298 37.546651, 126.978297 37.546642, 126.978294 37.546634, 126.97829 37.546625, 126.978285 37.546617, 126.97828 37.54661, 126.978273 37.546603, 126.978266 37.546596, 126.978257 37.54659, 126.978248 37.546585, 126.978239 37.54658, 126.978229 37.546577, 126.978218 37.546574, 126.978208 37.546571, 126.978197 37.54657, 126.978186 37.54657, 126.978175 37.54657, 126.978164 37.546571, 126.978153 37.546574, 126.978142 37.546577, 126.978132 37.54658, 126.978123 37.546585, 126.978114 37.54659, 126.978106 37.546596, 126.978098 37.546603, 126.978092 37.54661, 126.978086 37.546617, 126.978081 37.546625, 126.978077 37.546634, 126.978075 37.546642, 126.978073 37.546651, 126.978072 37.54666, 126.978073 37.546669, 126.978075 37.546677, 126.978077 37.546686, 126.978081 37.546694, 126.978086 37.546702, 126.978091 37.54671, 126.978098 37.546717, 126.978106 37.546723, 126.978114 37.546729, 126.978123 37.546735, 126.978132 37.546739, 126.978142 37.546743, 126.978153 37.546746, 126.978163 37.546748, 126.978174 37.546749, 126.978186 37.54675, 126.978197 37.546749, 126.978208 37.546748, 126.978218 37.546746, 126.978229 37.546743, 126.978239 37.546739, 126.978248 37.546735, 126.978257 37.546729, 126.978266 37.546724, 126.978273 37.546717, 126.97828 37.54671, 126.978285 37.546702, 126.97829 37.546694, 126.978294 37.546686, 126.978297 37.546677, 126.978298 37.546669, 126.978299 37.54666))"
버스정류소,점10m,"POLYGON ((126.978338 37.547205, 126.978338 37.547196, 126.978336 37.547187, 126.978333 37.547179, 126.97833 37.547171, 126.978325 37.547163, 126.978319 37.547155, 126.978312 37.547148, 126.978305 37.547141, 126.978297 37.547135, 126.978288 37.54713, 126.978278 37.547126, 126.978268 37.547122, 126.978258 37.547119, 126.978247 37.547117, 126.978236 37.547115, 126.978225 37.547115, 126.978214 37.547115, 126.978203 37.547117, 126.978192 37.547119, 126.978182 37.547122, 126.978172 37.547126, 126.978162 37.54713, 126.978153 37.547135, 126.978145 37.547141, 126.978138 37.547148, 126.978131 37.547155, 126.978125 37.547163, 126.97812 37.547171, 126.978117 37.547179, 126.978114 37.547187, 126.978112 37.547196, 126.978112 37.547205, 126.978112 37.547214, 126.978114 37.547223, 126.978117 37.547231, 126.97812 37.547239, 126.978125 37.547247, 126.978131 37.547255, 126.978138 37.547262, 126.978145 37.547269, 126.978153 37.547275, 126.978162 37.54728, 126.978172 37.547284, 126.978182 37.547288, 126.978192 37.547291, 126.978203 37.547293, 126.978214 37.547295, 126.978225 37.547295, 126.978236 37.547295, 126.978247 37.547293, 126.978258 37.547291, 126.978268 37.547288, 126.978278 37.547284, 126.978288 37.54728, 126.978297 37.547275, 126.978305 37.547269, 126.978312 37.547262, 126.978319 37.547255, 126.978325 37.547247, 126.97833 37.547239, 126.978333 37.547231, 126.978336 37.547223, 126.978338 37.547214, 126.978338 37.547205))"
버스정류소,점10m,"POLYGON ((126.981072 37.546699, 126.981071 37.54669, 126.98107 37.546681, 126.981067 37.546673, 126.981063 37.546664, 126.981059 37.546656, 126.981053 37.546649, 126.981046 37.546642, 126.981039 37.546635, 126.981031 37.546629, 126.981022 37.546624, 126.981012 37.546619, 126.981002 37.546616, 126.980992 37.546613, 126.980981 37.546611, 126.98097 37.546609, 126.980959 37.546609, 126.980948 37.546609, 126.980937 37.546611, 126.980926 37.546613, 126.980916 37.546616, 126.980905 37.546619, 126.980896 37.546624, 126.980887 37.546629, 126.980879 37.546635, 126.980871 37.546642, 126.980865 37.546649, 126.980859 37.546656, 126.980854 37.546664, 126.980851 37.546673, 126.980848 37.546681, 126.980846 37.54669, 126.980846 37.546699, 126.980846 37.546708, 126.980848 37.546716, 126.980851 37.546725, 126.980854 37.546733, 126.980859 37.546741, 126.980865 37.546749, 126.980871 37.546756, 126.980879 37.546763, 126.980887 37.546769, 126.980896 37.546774, 126.980905 37.546778, 126.980915 37.546782, 126.980926 37.546785, 126.980937 37.546787, 126.980948 37.546789, 126.980959 37.546789, 126.98097 37.546789, 126.980981 37.546787, 126.980992 37.546785, 126.981002 37.546782, 126.981012 37.546778, 126.981022 37.546774, 126.981031 37.546769, 126.981039 37.546763, 126.981046 37.546756, 126.981053 37.546749, 126.981059 37.546741, 126.981063 37.546733, 126.981067 37.546725, 126.98107 37.546717, 126.981071 37.546708, 126.981072 37.546699))"
버스정류소,점10m,"POLYGON ((126.977676 37.54574, 126.977676 37.545731, 126.977674 37.545722, 126.977671 37.545714, 126.977668 37.545706, 126.977663 37.545698, 126.977657 37.54569, 126.97765 37.545683, 126.977643 37.545676, 126.977635 37.54567, 126.977626 37.545665, 126.977616 37.545661, 126.977606 37.545657, 126.977596 37.545654, 126.977585 37.545652, 126.977574 37.54565, 126.977563 37.54565, 126.977552 37.54565, 126.977541 37.545652, 126.97753 37.545654, 126.97752 37.545657, 126.97751 37.545661, 126.9775 37.545665, 126.977491 37.54567, 126.977483 37.545676, 126.977476 37.545683, 126.977469 37.54569, 126.977463 37.545698, 126.977458 37.545706, 126.977455 37.545714, 126.977452 37.545722, 126.97745 37.545731, 126.97745 37.54574, 126.97745 37.545749, 126.977452 37.545758, 126.977455 37.545766, 126.977458 37.545774, 126.977463 37.545782, 126.977469 37.54579, 126.977476 37.545797, 126.977483 37.545804, 126.977491 37.54581, 126.9775 37.545815, 126.97751 37.545819, 126.97752 37.545823, 126.97753 37.545826, 126.977541 37.545828, 126.977552 37.54583, 126.977563 37.54583, 126.977574 37.54583, 126.977585 37.545828, 126.977596 37.545826, 126.977606 37.545823, 126.977616 37.545819, 126.977626 37.545815, 126.977635 37.54581, 126.977643 37.545804, 126.97765 37.545797, 126.977657 37.54579, 126.977663 37.545782, 126.977668 37.545774, 126.977671 37.545766, 126.977674 37.545758, 126.977676 37.545749, 126.977676 37.54574))"
버스정류소,점10m,"POLYGON ((126.976685 37.545772, 126.976685 37.545763, 126.976683 37.545754, 126.97668 37.545746, 126.976677 37.545738, 126.976672 37.54573, 126.976666 37.545722, 126.976659 37.545715, 126.976652 37.545708, 126.976644 37.545702, 126.976635 37.545697, 126.976625 37.545693, 126.976615 37.545689, 126.976605 37.545686, 126.976594 37.545684, 126.976583 37.545682, 126.976572 37.545682, 126.976561 37.545682, 126.97655 37.545684, 126.976539 37.545686, 126.976529 37.545689, 126.976519 37.545693, 126.976509 37.545697, 126.9765 37.545702, 126.976492 37.545708, 126.976485 37.545715, 126.976478 37.545722, 126.976472 37.54573, 126.976467 37.545737, 126.976464 37.545746, 126.976461 37.545754, 126.976459 37.545763, 126.976459 37.545772, 126.976459 37.545781, 126.976461 37.54579, 126.976464 37.545798, 126.976467 37.545806, 126.976472 37.545814, 126.976478 37.545822, 126.976485 37.545829, 126.976492 37.545836, 126.9765 37.545842, 126.976509 37.545847, 126.976519 37.545851, 126.976529 37.545855, 126.976539 37.545858, 126.97655 37.54586, 126.976561 37.545862, 126.976572 37.545862, 126.976583 37.545862, 126.976594 37.54586, 126.976605 37.545858, 126.976615 37.545855, 126.976625 37.545851, 126.976635 37.545847, 126.976644 37.545842, 126.976652 37.545836, 126.976659 37.545829, 126.976666 37.545822, 126.976672 37.545814, 126.976677 37.545807, 126.97668 37.545798, 126.976683 37.54579, 126.976685 37.545781, 126.976685 37.545772))"
버스정류소,점10m,"POLYGON ((126.975845 37.545505, 126.975845 37.545496, 126.975843 37.545487, 126.97584 37.545479, 126.975837 37.545471, 126.975832 37.545463, 126.975826 37.545455, 126.975819 37.545448, 126.975812 37.545441, 126.975804 37.545435, 126.975795 37.54543, 126.975785 37.545426, 126.975775 37.545422, 126.975765 37.545419, 126.975754 37.545417, 126.975743 37.545415, 126.975732 37.545415, 126.975721 37.545415, 126.97571 37.545417, 126.975699 37.545419, 126.975689 37.545422, 126.975679 37.545426, 126.975669 37.54543, 126.97566 37.545435, 126.975652 37.545441, 126.975645 37.545448, 126.975638 37.545455, 126.975632 37.545463, 126.975627 37.54547, 126.975624 37.545479, 126.975621 37.545487, 126.975619 37.545496, 126.975619 37.545505, 126.975619 37.545514, 126.975621 37.545523, 126.975624 37.545531, 126.975627 37.545539, 126.975632 37.545547, 126.975638 37.545555, 126.975645 37.545562, 126.975652 37.545569, 126.97566 37.545575, 126.975669 37.54558, 126.975679 37.545584, 126.975689 37.545588, 126.975699 37.545591, 126.97571 37.545593, 126.975721 37.545595, 126.975732 37.545595, 126.975743 37.545595, 126.975754 37.545593, 126.975765 37.545591, 126.975775 37.545588, 126.975785 37.545584, 126.975795 37.54558, 126.975804 37.545575, 126.975812 37.545569, 126.975819 37.545562, 126.975826 37.545555, 126.975832 37.545547, 126.975837 37.54554, 126.97584 37.545531, 126.975843 37.545523, 126.975845 37.545514, 126.975845 37.545505))"
버스정류소,점10m,"POLYGON ((126.973349 37.545124, 126.973348 37.545115, 126.973346 37.545107, 126.973344 37.545098, 126.97334 37.54509, 126.973335 37.545082, 126.97333 37.545074, 126.973323 37.545067, 126.973315 37.54506, 126.973307 37.545054, 126.973298 37.545049, 126.973289 37.545045, 126.973279 37.545041, 126.973268 37.545038, 126.973258 37.545036, 126.973247 37.545034, 126.973235 37.545034, 126.973224 37.545034, 126.973213 37.545036, 126.973203 37.545038, 126.973192 37.545041, 126.973182 37.545045, 126.973173 37.545049, 126.973164 37.545054, 126.973155 37.54506, 126.973148 37.545067, 126.973141 37.545074, 126.973136 37.545082, 126.973131 37.54509, 126.973127 37.545098, 126.973124 37.545107, 126.973123 37.545115, 126.973122 37.545124, 126.973123 37.545133, 126.973124 37.545142, 126.973127 37.54515, 126.973131 37.545159, 126.973136 37.545167, 126.973141 37.545174, 126.973148 37.545181, 126.973155 37.545188, 126.973164 37.545194, 126.973173 37.545199, 126.973182 37.545204, 126.973192 37.545207, 126.973203 37.54521, 126.973213 37.545212, 126.973224 37.545214, 126.973235 37.545214, 126.973246 37.545214, 126.973257 37.545212, 126.973268 37.54521, 126.973279 37.545207, 126.973289 37.545204, 126.973298 37.545199, 126.973307 37.545194, 126.973315 37.545188, 126.973323 37.545181, 126.973329 37.545174, 126.973335 37.545167, 126.97334 37.545159, 126.973344 37.54515, 126.973346 37.545142, 126.973348 37.545133, 126.973349 37.545124))"
버스정류소,점10m,"POLYGON ((126.974075 37.545409, 126.974075 37.5454, 126.974073 37.545391, 126.97407 37.545383, 126.974067 37.545375, 126.974062 37.545367, 126.974056 37.545359, 126.974049 37.545352, 126.974042 37.545345, 126.974034 37.545339, 126.974025 37.545334, 126.974015 37.54533, 126.974005 37.545326, 126.973995 37.545323, 126.973984 37.545321, 126.973973 37.545319, 126.973962 37.545319, 126.973951 37.545319, 126.97394 37.545321, 126.973929 37.545323, 126.973919 37.545326, 126.973909 37.54533, 126.973899 37.545334, 126.97389 37.545339, 126.973882 37.545345, 126.973875 37.545352, 126.973868 37.545359, 126.973862 37.545367, 126.973857 37.545374, 126.973854 37.545383, 126.973851 37.545391, 126.973849 37.5454, 126.973849 37.545409, 126.973849 37.545418, 126.973851 37.545427, 126.973854 37.545435, 126.973857 37.545443, 126.973862 37.545451, 126.973868 37.545459, 126.973875 37.545466, 126.973882 37.545473, 126.97389 37.545479, 126.973899 37.545484, 126.973909 37.545488, 126.973919 37.545492, 126.973929 37.545495, 126.97394 37.545497, 126.973951 37.545499, 126.973962 37.545499, 126.973973 37.545499, 126.973984 37.545497, 126.973995 37.545495, 126.974005 37.545492, 126.974015 37.545488, 126.974025 37.545484, 126.974034 37.545479, 126.974042 37.545473, 126.974049 37.545466, 126.974056 37.545459, 126.974062 37.545451, 126.974067 37.545444, 126.97407 37.545435, 126.974073 37.545427, 126.974075 37.545418, 126.974075 37.545409))"
버스정류소,점10m,"POLYGON ((127.012374 37.537943, 127.012373 37.537934, 127.012372 37.537925, 127.012369 37.537917, 127.012365 37.537908, 127.012361 37.5379, 127.012355 37.537893, 127.012348 37.537886, 127.012341 37.537879, 127.012333 37.537873, 127.012324 37.537868, 127.012314 37.537864, 127.012304 37.53786, 127.012294 37.537857, 127.012283 37.537855, 127.012272 37.537853, 127.012261 37.537853, 127.01225 37.537853, 127.012239 37.537855, 127.012228 37.537857, 127.012217 37.53786, 127.012207 37.537864, 127.012198 37.537868, 127.012189 37.537873, 127.012181 37.537879, 127.012173 37.537886, 127.012167 37.537893, 127.012161 37.537901, 127.012156 37.537909, 127.012153 37.537917, 127.01215 37.537925, 127.012148 37.537934, 127.012148 37.537943, 127.012148 37.537952, 127.01215 37.537961, 127.012153 37.537969, 127.012156 37.537977, 127.012161 37.537985, 127.012167 37.537993, 127.012173 37.538, 127.012181 37.538007, 127.012189 37.538013, 127.012198 37.538018, 127.012207 37.538022, 127.012218 37.538026, 127.012228 37.538029, 127.012239 37.538031, 127.01225 37.538033, 127.012261 37.538033, 127.012272 37.538033, 127.012283 37.538031, 127.012294 37.538029, 127.012304 37.538026, 127.012314 37.538022, 127.012324 37.538018, 127.012333 37.538013, 127.012341 37.538007, 127.012348 37.538, 127.012355 37.537993, 127.012361 37.537985, 127.012365 37.537977, 127.012369 37.537969, 127.012372 37.537961, 127.012373 37.537952, 127.012374 37.537943))"
버스정류소,점10m,"POLYGON ((127.012785 37.537704, 127.012784 37.537695, 127.012782 37.537687, 127.01278 37.537678, 127.012776 37.53767, 127.012771 37.537662, 127.012766 37.537654, 127.012759 37.537647, 127.012751 37.53764, 127.012743 37.537634, 127.012734 37.537629, 127.012725 37.537625, 127.012715 37.537621, 127.012704 37.537618, 127.012694 37.537616, 127.012683 37.537614, 127.012671 37.537614, 127.01266 37.537614, 127.012649 37.537616, 127.012639 37.537618, 127.012628 37.537621, 127.012618 37.537625, 127.012609 37.537629, 127.0126 37.537634, 127.012591 37.53764, 127.012584 37.537647, 127.012577 37.537654, 127.012572 37.537662, 127.012567 37.53767, 127.012563 37.537678, 127.012561 37.537687, 127.012559 37.537695, 127.012558 37.537704, 127.012559 37.537713, 127.012561 37.537722, 127.012563 37.53773, 127.012567 37.537739, 127.012572 37.537747, 127.012577 37.537754, 127.012584 37.537761, 127.012592 37.537768, 127.0126 37.537774, 127.012609 37.537779, 127.012618 37.537784, 127.012628 37.537787, 127.012639 37.53779, 127.012649 37.537793, 127.01266 37.537794, 127.012672 37.537794, 127.012683 37.537794, 127.012694 37.537793, 127.012704 37.53779, 127.012715 37.537787, 127.012725 37.537784, 127.012734 37.537779, 127.012743 37.537774, 127.012752 37.537768, 127.012759 37.537761, 127.012766 37.537754, 127.012771 37.537747, 127.012776 37.537739, 127.01278 37.53773, 127.012782 37.537722, 127.012784 37.537713, 127.012785 37.537704))"
버스정류소,점10m,"POLYGON ((127.008558 37.533913, 127.008557 37.533904, 127.008556 37.533895, 127.008553 37.533887, 127.008549 37.533878, 127.008544 37.53387, 127.008539 37.533863, 127.008532 37.533856, 127.008525 37.533849, 127.008516 37.533843, 127.008507 37.533838, 127.008498 37.533833, 127.008488 37.533829, 127.008477 37.533826, 127.008467 37.533824, 127.008456 37.533823, 127.008445 37.533823, 127.008434 37.533823, 127.008423 37.533824, 127.008412 37.533826, 127.008401 37.533829, 127.008391 37.533833, 127.008382 37.533838, 127.008373 37.533843, 127.008365 37.533849, 127.008357 37.533856, 127.008351 37.533863, 127.008345 37.53387, 127.00834 37.533878, 127.008336 37.533887, 127.008334 37.533895, 127.008332 37.533904, 127.008331 37.533913, 127.008332 37.533922, 127.008334 37.53393, 127.008336 37.533939, 127.00834 37.533947, 127.008345 37.533955, 127.008351 37.533963, 127.008357 37.53397, 127.008365 37.533976, 127.008373 37.533982, 127.008382 37.533988, 127.008391 37.533992, 127.008401 37.533996, 127.008412 37.533999, 127.008423 37.534001, 127.008434 37.534002, 127.008445 37.534003, 127.008456 37.534002, 127.008467 37.534001, 127.008477 37.533999, 127.008488 37.533996, 127.008498 37.533992, 127.008507 37.533988, 127.008516 37.533982, 127.008525 37.533976, 127.008532 37.53397, 127.008539 37.533963, 127.008544 37.533955, 127.008549 37.533947, 127.008553 37.533939, 127.008556 37.53393, 127.008557 37.533922, 127.008558 37.533913))"
버스정류소,점10m,"POLYGON ((127.008813 37.533755, 127.008813 37.533746, 127.008811 37.533737, 127.008809 37.533729, 127.008805 37.533721, 127.0088 37.533713, 127.008794 37.533705, 127.008788 37.533698, 127.00878 37.533691, 127.008772 37.533685, 127.008763 37.53368, 127.008754 37.533676, 127.008744 37.533672, 127.008733 37.533669, 127.008722 37.533667, 127.008711 37.533665, 127.0087 37.533665, 127.008689 37.533665, 127.008678 37.533667, 127.008667 37.533669, 127.008657 37.533672, 127.008647 37.533676, 127.008637 37.53368, 127.008629 37.533685, 127.00862 37.533691, 127.008613 37.533698, 127.008606 37.533705, 127.008601 37.533713, 127.008596 37.533721, 127.008592 37.533729, 127.008589 37.533737, 127.008588 37.533746, 127.008587 37.533755, 127.008588 37.533764, 127.008589 37.533773, 127.008592 37.533781, 127.008596 37.533789, 127.008601 37.533797, 127.008606 37.533805, 127.008613 37.533812, 127.00862 37.533819, 127.008629 37.533825, 127.008637 37.53383, 127.008647 37.533834, 127.008657 37.533838, 127.008667 37.533841, 127.008678 37.533843, 127.008689 37.533845, 127.0087 37.533845, 127.008711 37.533845, 127.008722 37.533843, 127.008733 37.533841, 127.008744 37.533838, 127.008754 37.533834, 127.008763 37.53383, 127.008772 37.533825, 127.00878 37.533819, 127.008788 37.533812, 127.008794 37.533805, 127.0088 37.533797, 127.008805 37.533789, 127.008809 37.533781, 127.008811 37.533773, 127.008813 37.533764, 127.008813 37.533755))"
버스정류소,점10m,"POLYGON ((126.966123 37.52156, 126.966122 37.521551, 126.966121 37.521542, 126.966118 37.521533, 126.966114 37.521525, 126.966109 37.521517, 126.966104 37.52151, 126.966097 37.521502, 126.96609 37.521496, 126.966081 37.52149, 126.966072 37.521485, 126.966063 37.52148, 126.966053 37.521476, 126.966042 37.521473, 126.966032 37.521471, 126.966021 37.52147, 126.96601 37.521469, 126.965999 37.52147, 126.965988 37.521471, 126.965977 37.521473, 126.965966 37.521476, 126.965956 37.52148, 126.965947 37.521485, 126.965938 37.52149, 126.96593 37.521496, 126.965922 37.521502, 126.965916 37.521509, 126.96591 37.521517, 126.965905 37.521525, 126.965901 37.521533, 126.965899 37.521542, 126.965897 37.521551, 126.965896 37.52156, 126.965897 37.521568, 126.965899 37.521577, 126.965901 37.521586, 126.965905 37.521594, 126.96591 37.521602, 126.965916 37.52161, 126.965922 37.521617, 126.96593 37.521623, 126.965938 37.521629, 126.965947 37.521634, 126.965956 37.521639, 126.965966 37.521643, 126.965977 37.521646, 126.965987 37.521648, 126.965998 37.521649, 126.96601 37.52165, 126.966021 37.521649, 126.966032 37.521648, 126.966042 37.521646, 126.966053 37.521643, 126.966063 37.521639, 126.966072 37.521634, 126.966081 37.521629, 126.96609 37.521623, 126.966097 37.521617, 126.966104 37.52161, 126.966109 37.521602, 126.966114 37.521594, 126.966118 37.521586, 126.966121 37.521577, 126.966122 37.521568, 126.966123 37.52156))"
버스정류소,점10m,"POLYGON ((126.967641 37.521574, 126.967641 37.521565, 126.967639 37.521556, 126.967637 37.521547, 126.967633 37.521539, 126.967628 37.521531, 126.967622 37.521523, 126.967616 37.521516, 126.967608 37.52151, 126.9676 37.521504, 126.967591 37.521499, 126.967582 37.521494, 126.967572 37.52149, 126.967561 37.521487, 126.96755 37.521485, 126.967539 37.521484, 126.967528 37.521483, 126.967517 37.521484, 126.967506 37.521485, 126.967495 37.521487, 126.967485 37.52149, 126.967475 37.521494, 126.967465 37.521499, 126.967457 37.521504, 126.967448 37.52151, 126.967441 37.521516, 126.967434 37.521523, 126.967429 37.521531, 126.967424 37.521539, 126.96742 37.521547, 126.967417 37.521556, 126.967416 37.521565, 126.967415 37.521573, 126.967416 37.521582, 126.967417 37.521591, 126.96742 37.5216, 126.967424 37.521608, 126.967429 37.521616, 126.967434 37.521624, 126.967441 37.521631, 126.967448 37.521637, 126.967457 37.521643, 126.967465 37.521648, 126.967475 37.521653, 126.967485 37.521657, 126.967495 37.52166, 126.967506 37.521662, 126.967517 37.521663, 126.967528 37.521664, 126.967539 37.521663, 126.96755 37.521662, 126.967561 37.52166, 126.967572 37.521657, 126.967582 37.521653, 126.967591 37.521648, 126.9676 37.521643, 126.967608 37.521637, 126.967616 37.521631, 126.967622 37.521624, 126.967628 37.521616, 126.967633 37.521608, 126.967637 37.5216, 126.967639 37.521591, 126.967641 37.521582, 126.967641 37.521574))"
버스정류소,점10m,"POLYGON ((126.968594 37.521283, 126.968593 37.521274, 126.968592 37.521266, 126.968589 37.521257, 126.968585 37.521249, 126.968581 37.521241, 126.968575 37.521233, 126.968568 37.521226, 126.968561 37.521219, 126.968553 37.521214, 126.968544 37.521208, 126.968534 37.521204, 126.968524 37.5212, 126.968514 37.521197, 126.968503 37.521195, 126.968492 37.521193, 126.968481 37.521193, 126.96847 37.521193, 126.968459 37.521195, 126.968448 37.521197, 126.968438 37.5212, 126.968428 37.521204, 126.968418 37.521208, 126.968409 37.521213, 126.968401 37.521219, 126.968393 37.521226, 126.968387 37.521233, 126.968381 37.521241, 126.968376 37.521249, 126.968373 37.521257, 126.96837 37.521266, 126.968368 37.521274, 126.968368 37.521283, 126.968368 37.521292, 126.96837 37.521301, 126.968373 37.521309, 126.968376 37.521318, 126.968381 37.521326, 126.968387 37.521333, 126.968393 37.52134, 126.968401 37.521347, 126.968409 37.521353, 126.968418 37.521358, 126.968427 37.521363, 126.968437 37.521366, 126.968448 37.521369, 126.968459 37.521372, 126.96847 37.521373, 126.968481 37.521373, 126.968492 37.521373, 126.968503 37.521372, 126.968514 37.521369, 126.968524 37.521366, 126.968534 37.521363, 126.968544 37.521358, 126.968553 37.521353, 126.968561 37.521347, 126.968568 37.52134, 126.968575 37.521333, 126.968581 37.521326, 126.968585 37.521318, 126.968589 37.521309, 126.968592 37.521301, 126.968593 37.521292, 126.968594 37.521283))"
버스정류소,점10m,"POLYGON ((126.971997 37.520656, 126.971997 37.520647, 126.971995 37.520639, 126.971993 37.52063, 126.971989 37.520622, 126.971984 37.520614, 126.971978 37.520606, 126.971972 37.520599, 126.971964 37.520593, 126.971956 37.520587, 126.971947 37.520581, 126.971938 37.520577, 126.971928 37.520573, 126.971917 37.52057, 126.971906 37.520568, 126.971895 37.520567, 126.971884 37.520566, 126.971873 37.520567, 126.971862 37.520568, 126.971851 37.52057, 126.971841 37.520573, 126.971831 37.520577, 126.971821 37.520581, 126.971813 37.520587, 126.971804 37.520593, 126.971797 37.520599, 126.97179 37.520606, 126.971785 37.520614, 126.97178 37.520622, 126.971776 37.52063, 126.971773 37.520639, 126.971772 37.520647, 126.971771 37.520656, 126.971772 37.520665, 126.971773 37.520674, 126.971776 37.520682, 126.97178 37.520691, 126.971785 37.520699, 126.97179 37.520706, 126.971797 37.520713, 126.971804 37.52072, 126.971813 37.520726, 126.971821 37.520731, 126.971831 37.520736, 126.971841 37.52074, 126.971851 37.520743, 126.971862 37.520745, 126.971873 37.520746, 126.971884 37.520746, 126.971895 37.520746, 126.971906 37.520745, 126.971917 37.520743, 126.971928 37.52074, 126.971938 37.520736, 126.971947 37.520731, 126.971956 37.520726, 126.971964 37.52072, 126.971972 37.520713, 126.971978 37.520706, 126.971984 37.520699, 126.971989 37.520691, 126.971993 37.520682, 126.971995 37.520674, 126.971997 37.520665, 126.971997 37.520656))"
버스정류소,점10m,"POLYGON ((126.972823 37.520181, 126.972822 37.520172, 126.972821 37.520163, 126.972818 37.520154, 126.972814 37.520146, 126.97281 37.520138, 126.972804 37.52013, 126.972797 37.520123, 126.97279 37.520117, 126.972782 37.520111, 126.972773 37.520106, 126.972763 37.520101, 126.972753 37.520097, 126.972743 37.520094, 126.972732 37.520092, 126.972721 37.520091, 126.97271 37.52009, 126.972699 37.520091, 126.972688 37.520092, 126.972677 37.520094, 126.972667 37.520097, 126.972657 37.520101, 126.972647 37.520106, 126.972638 37.520111, 126.97263 37.520117, 126.972622 37.520123, 126.972616 37.52013, 126.97261 37.520138, 126.972605 37.520146, 126.972602 37.520154, 126.972599 37.520163, 126.972597 37.520172, 126.972597 37.52018, 126.972597 37.520189, 126.972599 37.520198, 126.972602 37.520207, 126.972605 37.520215, 126.97261 37.520223, 126.972616 37.520231, 126.972622 37.520238, 126.97263 37.520244, 126.972638 37.52025, 126.972647 37.520255, 126.972656 37.52026, 126.972666 37.520264, 126.972677 37.520267, 126.972688 37.520269, 126.972699 37.52027, 126.97271 37.520271, 126.972721 37.52027, 126.972732 37.520269, 126.972743 37.520267, 126.972753 37.520264, 126.972763 37.52026, 126.972773 37.520255, 126.972782 37.52025, 126.97279 37.520244, 126.972797 37.520238, 126.972804 37.520231, 126.97281 37.520223, 126.972814 37.520215, 126.972818 37.520207, 126.972821 37.520198, 126.972822 37.520189, 126.972823 37.520181))"
버스정류소,점10m,"POLYGON ((126.974622 37.51985, 126.974621 37.519841, 126.974619 37.519832, 126.974617 37.519824, 126.974613 37.519815, 126.974608 37.519807, 126.974603 37.5198, 126.974596 37.519793, 126.974589 37.519786, 126.97458 37.51978, 126.974571 37.519775, 126.974562 37.51977, 126.974552 37.519767, 126.974541 37.519764, 126.974531 37.519761, 126.97452 37.51976, 126.974509 37.51976, 126.974497 37.51976, 126.974486 37.519761, 126.974476 37.519764, 126.974465 37.519767, 126.974455 37.51977, 126.974446 37.519775, 126.974437 37.51978, 126.974429 37.519786, 126.974421 37.519793, 126.974414 37.5198, 126.974409 37.519807, 126.974404 37.519815, 126.9744 37.519824, 126.974398 37.519832, 126.974396 37.519841, 126.974395 37.51985, 126.974396 37.519859, 126.974398 37.519867, 126.9744 37.519876, 126.974404 37.519884, 126.974409 37.519892, 126.974414 37.5199, 126.974421 37.519907, 126.974428 37.519913, 126.974437 37.519919, 126.974446 37.519925, 126.974455 37.519929, 126.974465 37.519933, 126.974476 37.519936, 126.974486 37.519938, 126.974497 37.519939, 126.974508 37.51994, 126.97452 37.519939, 126.974531 37.519938, 126.974541 37.519936, 126.974552 37.519933, 126.974562 37.519929, 126.974571 37.519925, 126.97458 37.519919, 126.974588 37.519913, 126.974596 37.519907, 126.974603 37.5199, 126.974608 37.519892, 126.974613 37.519884, 126.974617 37.519876, 126.974619 37.519867, 126.974621 37.519859, 126.974622 37.51985))"
버스정류소,점10m,"POLYGON ((126.976361 37.519078, 126.976361 37.519069, 126.976359 37.51906, 126.976356 37.519051, 126.976353 37.519043, 126.976348 37.519035, 126.976342 37.519027, 126.976335 37.51902, 126.976328 37.519014, 126.97632 37.519008, 126.976311 37.519003, 126.976301 37.518998, 126.976291 37.518994, 126.976281 37.518991, 126.97627 37.518989, 126.976259 37.518988, 126.976248 37.518987, 126.976237 37.518988, 126.976226 37.518989, 126.976215 37.518991, 126.976205 37.518994, 126.976195 37.518998, 126.976185 37.519003, 126.976176 37.519008, 126.976168 37.519014, 126.976161 37.51902, 126.976154 37.519027, 126.976148 37.519035, 126.976144 37.519043, 126.97614 37.519051, 126.976137 37.51906, 126.976135 37.519069, 126.976135 37.519078, 126.976135 37.519086, 126.976137 37.519095, 126.97614 37.519104, 126.976143 37.519112, 126.976148 37.51912, 126.976154 37.519128, 126.976161 37.519135, 126.976168 37.519141, 126.976176 37.519147, 126.976185 37.519152, 126.976195 37.519157, 126.976205 37.519161, 126.976215 37.519164, 126.976226 37.519166, 126.976237 37.519167, 126.976248 37.519168, 126.976259 37.519167, 126.97627 37.519166, 126.976281 37.519164, 126.976291 37.519161, 126.976301 37.519157, 126.976311 37.519152, 126.97632 37.519147, 126.976328 37.519141, 126.976335 37.519135, 126.976342 37.519128, 126.976348 37.51912, 126.976352 37.519112, 126.976356 37.519104, 126.976359 37.519095, 126.976361 37.519086, 126.976361 37.519078))"
버스정류소,점10m,"POLYGON ((126.977637 37.518918, 126.977636 37.518909, 126.977634 37.5189, 126.977632 37.518892, 126.977628 37.518883, 126.977623 37.518875, 126.977617 37.518868, 126.977611 37.518861, 126.977603 37.518854, 126.977595 37.518848, 126.977586 37.518843, 126.977577 37.518838, 126.977567 37.518835, 126.977556 37.518832, 126.977545 37.518829, 126.977535 37.518828, 126.977523 37.518828, 126.977512 37.518828, 126.977501 37.518829, 126.977491 37.518832, 126.97748 37.518835, 126.97747 37.518838, 126.977461 37.518843, 126.977452 37.518848, 126.977443 37.518854, 126.977436 37.518861, 126.977429 37.518868, 126.977424 37.518875, 126.977419 37.518883, 126.977415 37.518892, 126.977412 37.5189, 126.977411 37.518909, 126.97741 37.518918, 126.977411 37.518927, 126.977412 37.518935, 126.977415 37.518944, 126.977419 37.518952, 126.977424 37.51896, 126.977429 37.518968, 126.977436 37.518975, 126.977443 37.518982, 126.977452 37.518987, 126.977461 37.518993, 126.97747 37.518997, 126.97748 37.519001, 126.977491 37.519004, 126.977501 37.519006, 126.977512 37.519008, 126.977523 37.519008, 126.977534 37.519008, 126.977545 37.519006, 126.977556 37.519004, 126.977567 37.519001, 126.977577 37.518997, 126.977586 37.518993, 126.977595 37.518988, 126.977603 37.518982, 126.977611 37.518975, 126.977617 37.518968, 126.977623 37.51896, 126.977628 37.518952, 126.977632 37.518944, 126.977634 37.518935, 126.977636 37.518927, 126.977637 37.518918))"
버스정류소,점10m,"POLYGON ((126.978554 37.518383, 126.978553 37.518374, 126.978552 37.518365, 126.978549 37.518357, 126.978545 37.518348, 126.978541 37.51834, 126.978535 37.518333, 126.978528 37.518326, 126.978521 37.518319, 126.978513 37.518313, 126.978504 37.518308, 126.978494 37.518303, 126.978484 37.5183, 126.978474 37.518297, 126.978463 37.518294, 126.978452 37.518293, 126.978441 37.518293, 126.97843 37.518293, 126.978419 37.518294, 126.978408 37.518297, 126.978398 37.5183, 126.978388 37.518303, 126.978378 37.518308, 126.978369 37.518313, 126.978361 37.518319, 126.978353 37.518326, 126.978347 37.518333, 126.978341 37.51834, 126.978336 37.518348, 126.978333 37.518357, 126.97833 37.518365, 126.978328 37.518374, 126.978328 37.518383, 126.978328 37.518392, 126.97833 37.5184, 126.978333 37.518409, 126.978336 37.518417, 126.978341 37.518425, 126.978347 37.518433, 126.978353 37.51844, 126.978361 37.518446, 126.978369 37.518452, 126.978378 37.518458, 126.978388 37.518462, 126.978398 37.518466, 126.978408 37.518469, 126.978419 37.518471, 126.97843 37.518472, 126.978441 37.518473, 126.978452 37.518472, 126.978463 37.518471, 126.978474 37.518469, 126.978484 37.518466, 126.978494 37.518462, 126.978504 37.518458, 126.978513 37.518452, 126.978521 37.518447, 126.978528 37.51844, 126.978535 37.518433, 126.978541 37.518425, 126.978545 37.518417, 126.978549 37.518409, 126.978552 37.5184, 126.978553 37.518392, 126.978554 37.518383))"
버스정류소,점10m,"POLYGON ((126.978825 37.518534, 126.978825 37.518525, 126.978823 37.518516, 126.97882 37.518508, 126.978817 37.518499, 126.978812 37.518491, 126.978806 37.518484, 126.978799 37.518477, 126.978792 37.51847, 126.978784 37.518464, 126.978775 37.518459, 126.978765 37.518454, 126.978755 37.51845, 126.978745 37.518447, 126.978734 37.518445, 126.978723 37.518444, 126.978712 37.518444, 126.978701 37.518444, 126.97869 37.518445, 126.978679 37.518447, 126.978669 37.51845, 126.978659 37.518454, 126.978649 37.518459, 126.97864 37.518464, 126.978632 37.51847, 126.978625 37.518477, 126.978618 37.518484, 126.978612 37.518491, 126.978608 37.518499, 126.978604 37.518508, 126.978601 37.518516, 126.978599 37.518525, 126.978599 37.518534, 126.978599 37.518542, 126.978601 37.518551, 126.978604 37.51856, 126.978607 37.518568, 126.978612 37.518576, 126.978618 37.518584, 126.978625 37.518591, 126.978632 37.518597, 126.97864 37.518603, 126.978649 37.518609, 126.978659 37.518613, 126.978669 37.518617, 126.978679 37.51862, 126.97869 37.518622, 126.978701 37.518623, 126.978712 37.518624, 126.978723 37.518623, 126.978734 37.518622, 126.978745 37.51862, 126.978755 37.518617, 126.978765 37.518613, 126.978775 37.518609, 126.978784 37.518603, 126.978792 37.518597, 126.978799 37.518591, 126.978806 37.518584, 126.978812 37.518576, 126.978816 37.518568, 126.97882 37.51856, 126.978823 37.518551, 126.978825 37.518543, 126.978825 37.518534))"
버스정류소,점10m,"POLYGON ((126.981237 37.517704, 126.981236 37.517696, 126.981234 37.517687, 126.981232 37.517678, 126.981228 37.51767, 126.981223 37.517662, 126.981217 37.517654, 126.981211 37.517647, 126.981203 37.517641, 126.981195 37.517635, 126.981186 37.517629, 126.981177 37.517625, 126.981167 37.517621, 126.981156 37.517618, 126.981145 37.517616, 126.981135 37.517615, 126.981123 37.517614, 126.981112 37.517615, 126.981101 37.517616, 126.981091 37.517618, 126.98108 37.517621, 126.98107 37.517625, 126.981061 37.517629, 126.981052 37.517635, 126.981043 37.517641, 126.981036 37.517647, 126.981029 37.517654, 126.981024 37.517662, 126.981019 37.51767, 126.981015 37.517678, 126.981012 37.517687, 126.981011 37.517695, 126.98101 37.517704, 126.981011 37.517713, 126.981012 37.517722, 126.981015 37.51773, 126.981019 37.517739, 126.981024 37.517747, 126.981029 37.517754, 126.981036 37.517761, 126.981043 37.517768, 126.981052 37.517774, 126.981061 37.517779, 126.98107 37.517784, 126.98108 37.517788, 126.981091 37.517791, 126.981101 37.517793, 126.981112 37.517794, 126.981123 37.517794, 126.981134 37.517794, 126.981145 37.517793, 126.981156 37.517791, 126.981167 37.517788, 126.981177 37.517784, 126.981186 37.517779, 126.981195 37.517774, 126.981203 37.517768, 126.981211 37.517762, 126.981217 37.517754, 126.981223 37.517747, 126.981228 37.517739, 126.981232 37.517731, 126.981234 37.517722, 126.981236 37.517713, 126.981237 37.517704))"
버스정류소,점10m,"POLYGON ((126.985219 37.517937, 126.985218 37.517928, 126.985216 37.517919, 126.985214 37.517911, 126.98521 37.517902, 126.985205 37.517894, 126.985199 37.517887, 126.985193 37.51788, 126.985185 37.517873, 126.985177 37.517867, 126.985168 37.517862, 126.985159 37.517857, 126.985149 37.517854, 126.985138 37.517851, 126.985127 37.517849, 126.985117 37.517847, 126.985105 37.517847, 126.985094 37.517847, 126.985083 37.517849, 126.985073 37.517851, 126.985062 37.517854, 126.985052 37.517857, 126.985043 37.517862, 126.985034 37.517867, 126.985025 37.517873, 126.985018 37.51788, 126.985011 37.517887, 126.985006 37.517894, 126.985001 37.517902, 126.984997 37.517911, 126.984994 37.517919, 126.984993 37.517928, 126.984992 37.517937, 126.984993 37.517946, 126.984994 37.517955, 126.984997 37.517963, 126.985001 37.517971, 126.985006 37.517979, 126.985011 37.517987, 126.985018 37.517994, 126.985025 37.518001, 126.985034 37.518007, 126.985043 37.518012, 126.985052 37.518016, 126.985062 37.51802, 126.985073 37.518023, 126.985083 37.518025, 126.985094 37.518027, 126.985105 37.518027, 126.985116 37.518027, 126.985127 37.518025, 126.985138 37.518023, 126.985149 37.51802, 126.985159 37.518016, 126.985168 37.518012, 126.985177 37.518007, 126.985185 37.518001, 126.985193 37.517994, 126.985199 37.517987, 126.985205 37.517979, 126.98521 37.517971, 126.985214 37.517963, 126.985216 37.517955, 126.985218 37.517946, 126.985219 37.517937))"
버스정류소,점10m,"POLYGON ((126.985485 37.517486, 126.985484 37.517477, 126.985482 37.517468, 126.98548 37.51746, 126.985476 37.517452, 126.985471 37.517444, 126.985465 37.517436, 126.985459 37.517429, 126.985451 37.517422, 126.985443 37.517416, 126.985434 37.517411, 126.985425 37.517407, 126.985415 37.517403, 126.985404 37.5174, 126.985393 37.517398, 126.985383 37.517396, 126.985371 37.517396, 126.98536 37.517396, 126.985349 37.517398, 126.985339 37.5174, 126.985328 37.517403, 126.985318 37.517407, 126.985309 37.517411, 126.9853 37.517416, 126.985291 37.517422, 126.985284 37.517429, 126.985277 37.517436, 126.985272 37.517443, 126.985267 37.517451, 126.985263 37.51746, 126.98526 37.517468, 126.985259 37.517477, 126.985258 37.517486, 126.985259 37.517495, 126.98526 37.517504, 126.985263 37.517512, 126.985267 37.51752, 126.985272 37.517528, 126.985277 37.517536, 126.985284 37.517543, 126.985291 37.51755, 126.9853 37.517556, 126.985309 37.517561, 126.985318 37.517565, 126.985328 37.517569, 126.985339 37.517572, 126.985349 37.517574, 126.98536 37.517576, 126.985371 37.517576, 126.985382 37.517576, 126.985393 37.517574, 126.985404 37.517572, 126.985415 37.517569, 126.985425 37.517565, 126.985434 37.517561, 126.985443 37.517556, 126.985451 37.51755, 126.985459 37.517543, 126.985465 37.517536, 126.985471 37.517528, 126.985476 37.51752, 126.98548 37.517512, 126.985482 37.517504, 126.985484 37.517495, 126.985485 37.517486))"
버스정류소,점10m,"POLYGON ((126.962935 37.55167, 126.962934 37.551661, 126.962933 37.551652, 126.96293 37.551644, 126.962926 37.551636, 126.962921 37.551628, 126.962916 37.55162, 126.962909 37.551613, 126.962902 37.551606, 126.962893 37.5516, 126.962885 37.551595, 126.962875 37.551591, 126.962865 37.551587, 126.962854 37.551584, 126.962844 37.551582, 126.962833 37.55158, 126.962822 37.55158, 126.962811 37.55158, 126.9628 37.551582, 126.962789 37.551584, 126.962778 37.551587, 126.962768 37.551591, 126.962759 37.551595, 126.96275 37.5516, 126.962742 37.551606, 126.962734 37.551613, 126.962728 37.55162, 126.962722 37.551628, 126.962717 37.551635, 126.962713 37.551644, 126.962711 37.551652, 126.962709 37.551661, 126.962708 37.55167, 126.962709 37.551679, 126.962711 37.551688, 126.962713 37.551696, 126.962717 37.551704, 126.962722 37.551712, 126.962727 37.55172, 126.962734 37.551727, 126.962742 37.551734, 126.96275 37.55174, 126.962759 37.551745, 126.962768 37.551749, 126.962778 37.551753, 126.962789 37.551756, 126.962799 37.551758, 126.96281 37.55176, 126.962822 37.55176, 126.962833 37.55176, 126.962844 37.551758, 126.962854 37.551756, 126.962865 37.551753, 126.962875 37.551749, 126.962884 37.551745, 126.962893 37.55174, 126.962902 37.551734, 126.962909 37.551727, 126.962916 37.55172, 126.962921 37.551713, 126.962926 37.551705, 126.96293 37.551696, 126.962933 37.551688, 126.962934 37.551679, 126.962935 37.55167))"
버스정류소,점10m,"POLYGON ((126.966536 37.554215, 126.966536 37.554207, 126.966534 37.554198, 126.966531 37.554189, 126.966528 37.554181, 126.966523 37.554173, 126.966517 37.554165, 126.966511 37.554158, 126.966503 37.554152, 126.966495 37.554146, 126.966486 37.55414, 126.966476 37.554136, 126.966466 37.554132, 126.966456 37.554129, 126.966445 37.554127, 126.966434 37.554126, 126.966423 37.554125, 126.966412 37.554126, 126.966401 37.554127, 126.96639 37.554129, 126.96638 37.554132, 126.96637 37.554136, 126.96636 37.55414, 126.966351 37.554146, 126.966343 37.554152, 126.966336 37.554158, 126.966329 37.554165, 126.966323 37.554173, 126.966318 37.554181, 126.966315 37.554189, 126.966312 37.554198, 126.96631 37.554206, 126.96631 37.554215, 126.96631 37.554224, 126.966312 37.554233, 126.966315 37.554241, 126.966318 37.55425, 126.966323 37.554258, 126.966329 37.554265, 126.966335 37.554272, 126.966343 37.554279, 126.966351 37.554285, 126.96636 37.55429, 126.96637 37.554295, 126.96638 37.554299, 126.96639 37.554302, 126.966401 37.554304, 126.966412 37.554305, 126.966423 37.554305, 126.966434 37.554305, 126.966445 37.554304, 126.966456 37.554302, 126.966466 37.554299, 126.966476 37.554295, 126.966486 37.55429, 126.966495 37.554285, 126.966503 37.554279, 126.96651 37.554273, 126.966517 37.554265, 126.966523 37.554258, 126.966528 37.55425, 126.966531 37.554242, 126.966534 37.554233, 126.966536 37.554224, 126.966536 37.554215))"
버스정류소,점10m,"POLYGON ((126.970912 37.544479, 126.970912 37.54447, 126.97091 37.544461, 126.970907 37.544453, 126.970904 37.544445, 126.970899 37.544437, 126.970893 37.544429, 126.970886 37.544422, 126.970879 37.544415, 126.970871 37.544409, 126.970862 37.544404, 126.970852 37.5444, 126.970842 37.544396, 126.970832 37.544393, 126.970821 37.544391, 126.97081 37.544389, 126.970799 37.544389, 126.970788 37.544389, 126.970777 37.544391, 126.970766 37.544393, 126.970756 37.544396, 126.970746 37.5444, 126.970736 37.544404, 126.970727 37.544409, 126.970719 37.544415, 126.970712 37.544422, 126.970705 37.544429, 126.970699 37.544437, 126.970694 37.544444, 126.970691 37.544453, 126.970688 37.544461, 126.970686 37.54447, 126.970686 37.544479, 126.970686 37.544488, 126.970688 37.544497, 126.970691 37.544505, 126.970694 37.544513, 126.970699 37.544521, 126.970705 37.544529, 126.970712 37.544536, 126.970719 37.544543, 126.970727 37.544549, 126.970736 37.544554, 126.970746 37.544558, 126.970756 37.544562, 126.970766 37.544565, 126.970777 37.544567, 126.970788 37.544569, 126.970799 37.544569, 126.97081 37.544569, 126.970821 37.544567, 126.970832 37.544565, 126.970842 37.544562, 126.970852 37.544558, 126.970862 37.544554, 126.970871 37.544549, 126.970879 37.544543, 126.970886 37.544536, 126.970893 37.544529, 126.970899 37.544521, 126.970904 37.544514, 126.970907 37.544505, 126.97091 37.544497, 126.970912 37.544488, 126.970912 37.544479))"
버스정류소,점10m,"POLYGON ((126.971038 37.54222, 126.971037 37.542211, 126.971035 37.542203, 126.971033 37.542194, 126.971029 37.542186, 126.971024 37.542178, 126.971019 37.54217, 126.971012 37.542163, 126.971005 37.542157, 126.970996 37.542151, 126.970987 37.542145, 126.970978 37.542141, 126.970968 37.542137, 126.970957 37.542134, 126.970947 37.542132, 126.970936 37.542131, 126.970925 37.54213, 126.970913 37.542131, 126.970902 37.542132, 126.970892 37.542134, 126.970881 37.542137, 126.970871 37.542141, 126.970862 37.542145, 126.970853 37.542151, 126.970845 37.542157, 126.970837 37.542163, 126.97083 37.54217, 126.970825 37.542178, 126.97082 37.542186, 126.970816 37.542194, 126.970814 37.542203, 126.970812 37.542211, 126.970811 37.54222, 126.970812 37.542229, 126.970814 37.542238, 126.970816 37.542246, 126.97082 37.542255, 126.970825 37.542263, 126.97083 37.54227, 126.970837 37.542277, 126.970844 37.542284, 126.970853 37.54229, 126.970862 37.542295, 126.970871 37.5423, 126.970881 37.542303, 126.970892 37.542306, 126.970902 37.542309, 126.970913 37.54231, 126.970924 37.54231, 126.970936 37.54231, 126.970947 37.542309, 126.970957 37.542306, 126.970968 37.542303, 126.970978 37.5423, 126.970987 37.542295, 126.970996 37.54229, 126.971004 37.542284, 126.971012 37.542277, 126.971019 37.54227, 126.971024 37.542263, 126.971029 37.542255, 126.971033 37.542246, 126.971035 37.542238, 126.971037 37.542229, 126.971038 37.54222))"
버스정류소,점10m,"POLYGON ((126.967335 37.544847, 126.967334 37.544838, 126.967333 37.544829, 126.96733 37.544821, 126.967326 37.544812, 126.967322 37.544804, 126.967316 37.544797, 126.967309 37.54479, 126.967302 37.544783, 126.967294 37.544777, 126.967285 37.544772, 126.967275 37.544767, 126.967265 37.544764, 126.967255 37.544761, 126.967244 37.544759, 126.967233 37.544757, 126.967222 37.544757, 126.967211 37.544757, 126.9672 37.544758, 126.967189 37.544761, 126.967178 37.544764, 126.967168 37.544767, 126.967159 37.544772, 126.96715 37.544777, 126.967142 37.544783, 126.967134 37.54479, 126.967128 37.544797, 126.967122 37.544804, 126.967117 37.544812, 126.967113 37.544821, 126.967111 37.544829, 126.967109 37.544838, 126.967109 37.544847, 126.967109 37.544856, 126.967111 37.544864, 126.967113 37.544873, 126.967117 37.544881, 126.967122 37.544889, 126.967128 37.544897, 126.967134 37.544904, 126.967142 37.544911, 126.96715 37.544916, 126.967159 37.544922, 126.967168 37.544926, 126.967178 37.54493, 126.967189 37.544933, 126.9672 37.544935, 126.967211 37.544937, 126.967222 37.544937, 126.967233 37.544937, 126.967244 37.544935, 126.967255 37.544933, 126.967265 37.54493, 126.967275 37.544926, 126.967285 37.544922, 126.967293 37.544917, 126.967302 37.544911, 126.967309 37.544904, 126.967316 37.544897, 126.967321 37.544889, 126.967326 37.544881, 126.96733 37.544873, 126.967333 37.544864, 126.967334 37.544856, 126.967335 37.544847))"
버스정류소,점10m,"POLYGON ((126.96656 37.544841, 126.966559 37.544832, 126.966557 37.544824, 126.966555 37.544815, 126.966551 37.544807, 126.966546 37.544799, 126.966541 37.544791, 126.966534 37.544784, 126.966527 37.544778, 126.966518 37.544772, 126.966509 37.544766, 126.9665 37.544762, 126.96649 37.544758, 126.966479 37.544755, 126.966469 37.544753, 126.966458 37.544752, 126.966447 37.544751, 126.966435 37.544752, 126.966424 37.544753, 126.966414 37.544755, 126.966403 37.544758, 126.966393 37.544762, 126.966384 37.544766, 126.966375 37.544772, 126.966367 37.544778, 126.966359 37.544784, 126.966352 37.544791, 126.966347 37.544799, 126.966342 37.544807, 126.966338 37.544815, 126.966336 37.544824, 126.966334 37.544832, 126.966333 37.544841, 126.966334 37.54485, 126.966336 37.544859, 126.966338 37.544867, 126.966342 37.544876, 126.966347 37.544884, 126.966352 37.544891, 126.966359 37.544898, 126.966366 37.544905, 126.966375 37.544911, 126.966384 37.544916, 126.966393 37.544921, 126.966403 37.544924, 126.966414 37.544927, 126.966424 37.54493, 126.966435 37.544931, 126.966446 37.544931, 126.966458 37.544931, 126.966469 37.54493, 126.966479 37.544927, 126.96649 37.544924, 126.9665 37.544921, 126.966509 37.544916, 126.966518 37.544911, 126.966526 37.544905, 126.966534 37.544898, 126.966541 37.544891, 126.966546 37.544884, 126.966551 37.544876, 126.966555 37.544867, 126.966557 37.544859, 126.966559 37.54485, 126.96656 37.544841))"
버스정류소,점10m,"POLYGON ((126.964223 37.54496, 126.964222 37.544951, 126.96422 37.544942, 126.964218 37.544933, 126.964214 37.544925, 126.964209 37.544917, 126.964204 37.544909, 126.964197 37.544902, 126.96419 37.544896, 126.964181 37.54489, 126.964172 37.544885, 126.964163 37.54488, 126.964153 37.544876, 126.964142 37.544873, 126.964132 37.544871, 126.964121 37.54487, 126.96411 37.544869, 126.964098 37.54487, 126.964087 37.544871, 126.964077 37.544873, 126.964066 37.544876, 126.964056 37.54488, 126.964047 37.544885, 126.964038 37.54489, 126.96403 37.544896, 126.964022 37.544902, 126.964015 37.544909, 126.96401 37.544917, 126.964005 37.544925, 126.964001 37.544933, 126.963999 37.544942, 126.963997 37.544951, 126.963996 37.544959, 126.963997 37.544968, 126.963999 37.544977, 126.964001 37.544986, 126.964005 37.544994, 126.96401 37.545002, 126.964015 37.54501, 126.964022 37.545017, 126.964029 37.545023, 126.964038 37.545029, 126.964047 37.545034, 126.964056 37.545039, 126.964066 37.545043, 126.964077 37.545046, 126.964087 37.545048, 126.964098 37.545049, 126.964109 37.54505, 126.964121 37.545049, 126.964132 37.545048, 126.964142 37.545046, 126.964153 37.545043, 126.964163 37.545039, 126.964172 37.545034, 126.964181 37.545029, 126.964189 37.545023, 126.964197 37.545017, 126.964204 37.54501, 126.964209 37.545002, 126.964214 37.544994, 126.964218 37.544986, 126.96422 37.544977, 126.964222 37.544968, 126.964223 37.54496))"
버스정류소,점10m,"POLYGON ((126.964423 37.545131, 126.964422 37.545122, 126.964421 37.545113, 126.964418 37.545105, 126.964414 37.545096, 126.96441 37.545088, 126.964404 37.545081, 126.964397 37.545074, 126.96439 37.545067, 126.964382 37.545061, 126.964373 37.545056, 126.964363 37.545051, 126.964353 37.545048, 126.964343 37.545045, 126.964332 37.545042, 126.964321 37.545041, 126.96431 37.545041, 126.964299 37.545041, 126.964288 37.545042, 126.964277 37.545045, 126.964266 37.545048, 126.964256 37.545051, 126.964247 37.545056, 126.964238 37.545061, 126.96423 37.545067, 126.964222 37.545074, 126.964216 37.545081, 126.96421 37.545088, 126.964205 37.545096, 126.964201 37.545105, 126.964199 37.545113, 126.964197 37.545122, 126.964197 37.545131, 126.964197 37.54514, 126.964199 37.545148, 126.964201 37.545157, 126.964205 37.545165, 126.96421 37.545173, 126.964216 37.545181, 126.964222 37.545188, 126.96423 37.545194, 126.964238 37.5452, 126.964247 37.545206, 126.964256 37.54521, 126.964266 37.545214, 126.964277 37.545217, 126.964288 37.545219, 126.964299 37.54522, 126.96431 37.545221, 126.964321 37.54522, 126.964332 37.545219, 126.964343 37.545217, 126.964353 37.545214, 126.964363 37.54521, 126.964373 37.545206, 126.964381 37.5452, 126.96439 37.545195, 126.964397 37.545188, 126.964404 37.545181, 126.964409 37.545173, 126.964414 37.545165, 126.964418 37.545157, 126.964421 37.545148, 126.964422 37.54514, 126.964423 37.545131))"
버스정류소,점10m,"POLYGON ((126.963413 37.546084, 126.963412 37.546075, 126.963411 37.546066, 126.963408 37.546058, 126.963404 37.54605, 126.963399 37.546042, 126.963394 37.546034, 126.963387 37.546027, 126.96338 37.54602, 126.963371 37.546014, 126.963363 37.546009, 126.963353 37.546005, 126.963343 37.546001, 126.963332 37.545998, 126.963322 37.545996, 126.963311 37.545994, 126.9633 37.545994, 126.963289 37.545994, 126.963278 37.545996, 126.963267 37.545998, 126.963256 37.546001, 126.963246 37.546004, 126.963237 37.546009, 126.963228 37.546014, 126.96322 37.54602, 126.963212 37.546027, 126.963206 37.546034, 126.9632 37.546041, 126.963195 37.546049, 126.963191 37.546058, 126.963189 37.546066, 126.963187 37.546075, 126.963186 37.546084, 126.963187 37.546093, 126.963189 37.546102, 126.963191 37.54611, 126.963195 37.546118, 126.9632 37.546126, 126.963205 37.546134, 126.963212 37.546141, 126.96322 37.546148, 126.963228 37.546154, 126.963237 37.546159, 126.963246 37.546163, 126.963256 37.546167, 126.963267 37.54617, 126.963277 37.546172, 126.963288 37.546174, 126.9633 37.546174, 126.963311 37.546174, 126.963322 37.546172, 126.963332 37.54617, 126.963343 37.546167, 126.963353 37.546163, 126.963362 37.546159, 126.963371 37.546154, 126.96338 37.546148, 126.963387 37.546141, 126.963394 37.546134, 126.963399 37.546126, 126.963404 37.546118, 126.963408 37.54611, 126.963411 37.546102, 126.963412 37.546093, 126.963413 37.546084))"
버스정류소,점10m,"POLYGON ((126.962691 37.546791, 126.962691 37.546782, 126.962689 37.546773, 126.962686 37.546765, 126.962682 37.546757, 126.962678 37.546749, 126.962672 37.546741, 126.962665 37.546734, 126.962658 37.546727, 126.96265 37.546721, 126.962641 37.546716, 126.962631 37.546712, 126.962621 37.546708, 126.962611 37.546705, 126.9626 37.546703, 126.962589 37.546701, 126.962578 37.546701, 126.962567 37.546701, 126.962556 37.546703, 126.962545 37.546705, 126.962535 37.546708, 126.962525 37.546712, 126.962515 37.546716, 126.962506 37.546721, 126.962498 37.546727, 126.96249 37.546734, 126.962484 37.546741, 126.962478 37.546749, 126.962473 37.546757, 126.96247 37.546765, 126.962467 37.546773, 126.962465 37.546782, 126.962465 37.546791, 126.962465 37.5468, 126.962467 37.546809, 126.96247 37.546817, 126.962473 37.546825, 126.962478 37.546833, 126.962484 37.546841, 126.96249 37.546848, 126.962498 37.546855, 126.962506 37.546861, 126.962515 37.546866, 126.962525 37.54687, 126.962535 37.546874, 126.962545 37.546877, 126.962556 37.546879, 126.962567 37.546881, 126.962578 37.546881, 126.962589 37.546881, 126.9626 37.546879, 126.962611 37.546877, 126.962621 37.546874, 126.962631 37.546871, 126.962641 37.546866, 126.96265 37.546861, 126.962658 37.546855, 126.962665 37.546848, 126.962672 37.546841, 126.962678 37.546834, 126.962682 37.546826, 126.962686 37.546817, 126.962689 37.546809, 126.962691 37.5468, 126.962691 37.546791))"
버스정류소,점10m,"POLYGON ((126.959306 37.545881, 126.959306 37.545872, 126.959304 37.545863, 126.959301 37.545855, 126.959297 37.545846, 126.959293 37.545838, 126.959287 37.545831, 126.95928 37.545823, 126.959273 37.545817, 126.959265 37.545811, 126.959256 37.545806, 126.959246 37.545801, 126.959236 37.545797, 126.959226 37.545794, 126.959215 37.545792, 126.959204 37.545791, 126.959193 37.545791, 126.959182 37.545791, 126.959171 37.545792, 126.95916 37.545794, 126.95915 37.545797, 126.95914 37.545801, 126.95913 37.545806, 126.959121 37.545811, 126.959113 37.545817, 126.959105 37.545823, 126.959099 37.545831, 126.959093 37.545838, 126.959088 37.545846, 126.959085 37.545854, 126.959082 37.545863, 126.95908 37.545872, 126.95908 37.545881, 126.95908 37.545889, 126.959082 37.545898, 126.959085 37.545907, 126.959088 37.545915, 126.959093 37.545923, 126.959099 37.545931, 126.959105 37.545938, 126.959113 37.545944, 126.959121 37.54595, 126.95913 37.545956, 126.95914 37.54596, 126.95915 37.545964, 126.95916 37.545967, 126.959171 37.545969, 126.959182 37.54597, 126.959193 37.545971, 126.959204 37.54597, 126.959215 37.545969, 126.959226 37.545967, 126.959236 37.545964, 126.959246 37.54596, 126.959256 37.545956, 126.959265 37.54595, 126.959273 37.545944, 126.95928 37.545938, 126.959287 37.545931, 126.959293 37.545923, 126.959297 37.545915, 126.959301 37.545907, 126.959304 37.545898, 126.959306 37.545889, 126.959306 37.545881))"
버스정류소,점10m,"POLYGON ((126.957782 37.543789, 126.957781 37.54378, 126.957779 37.543772, 126.957777 37.543763, 126.957773 37.543755, 126.957768 37.543747, 126.957763 37.543739, 126.957756 37.543732, 126.957748 37.543725, 126.95774 37.543719, 126.957731 37.543714, 126.957722 37.54371, 126.957712 37.543706, 126.957701 37.543703, 126.957691 37.543701, 126.95768 37.543699, 126.957668 37.543699, 126.957657 37.543699, 126.957646 37.543701, 126.957636 37.543703, 126.957625 37.543706, 126.957615 37.54371, 126.957606 37.543714, 126.957597 37.543719, 126.957588 37.543725, 126.957581 37.543732, 126.957574 37.543739, 126.957569 37.543747, 126.957564 37.543755, 126.95756 37.543763, 126.957557 37.543771, 126.957556 37.54378, 126.957555 37.543789, 126.957556 37.543798, 126.957557 37.543807, 126.95756 37.543815, 126.957564 37.543823, 126.957569 37.543831, 126.957574 37.543839, 126.957581 37.543846, 126.957588 37.543853, 126.957597 37.543859, 126.957605 37.543864, 126.957615 37.543868, 126.957625 37.543872, 126.957636 37.543875, 126.957646 37.543877, 126.957657 37.543879, 126.957668 37.543879, 126.957679 37.543879, 126.95769 37.543877, 126.957701 37.543875, 126.957712 37.543872, 126.957722 37.543869, 126.957731 37.543864, 126.95774 37.543859, 126.957748 37.543853, 126.957756 37.543846, 126.957762 37.543839, 126.957768 37.543832, 126.957773 37.543824, 126.957777 37.543815, 126.957779 37.543807, 126.957781 37.543798, 126.957782 37.543789))"
버스정류소,점10m,"POLYGON ((126.96188 37.54221, 126.96188 37.542201, 126.961878 37.542192, 126.961875 37.542183, 126.961872 37.542175, 126.961867 37.542167, 126.961861 37.542159, 126.961855 37.542152, 126.961847 37.542146, 126.961839 37.54214, 126.96183 37.542135, 126.96182 37.54213, 126.96181 37.542126, 126.9618 37.542123, 126.961789 37.542121, 126.961778 37.54212, 126.961767 37.542119, 126.961756 37.54212, 126.961745 37.542121, 126.961734 37.542123, 126.961724 37.542126, 126.961714 37.54213, 126.961704 37.542135, 126.961695 37.54214, 126.961687 37.542146, 126.96168 37.542152, 126.961673 37.542159, 126.961667 37.542167, 126.961663 37.542175, 126.961659 37.542183, 126.961656 37.542192, 126.961654 37.542201, 126.961654 37.542209, 126.961654 37.542218, 126.961656 37.542227, 126.961659 37.542236, 126.961663 37.542244, 126.961667 37.542252, 126.961673 37.54226, 126.96168 37.542267, 126.961687 37.542273, 126.961695 37.542279, 126.961704 37.542284, 126.961714 37.542289, 126.961724 37.542293, 126.961734 37.542296, 126.961745 37.542298, 126.961756 37.542299, 126.961767 37.5423, 126.961778 37.542299, 126.961789 37.542298, 126.9618 37.542296, 126.96181 37.542293, 126.96182 37.542289, 126.96183 37.542284, 126.961839 37.542279, 126.961847 37.542273, 126.961855 37.542267, 126.961861 37.54226, 126.961867 37.542252, 126.961872 37.542244, 126.961875 37.542236, 126.961878 37.542227, 126.96188 37.542218, 126.96188 37.54221))"
버스정류소,점10m,"POLYGON ((126.962347 37.541624, 126.962346 37.541615, 126.962345 37.541606, 126.962342 37.541598, 126.962338 37.54159, 126.962334 37.541582, 126.962328 37.541574, 126.962321 37.541567, 126.962314 37.54156, 126.962306 37.541554, 126.962297 37.541549, 126.962287 37.541545, 126.962277 37.541541, 126.962267 37.541538, 126.962256 37.541536, 126.962245 37.541534, 126.962234 37.541534, 126.962223 37.541534, 126.962212 37.541536, 126.962201 37.541538, 126.96219 37.541541, 126.96218 37.541544, 126.962171 37.541549, 126.962162 37.541554, 126.962154 37.54156, 126.962146 37.541567, 126.96214 37.541574, 126.962134 37.541581, 126.962129 37.541589, 126.962125 37.541598, 126.962123 37.541606, 126.962121 37.541615, 126.962121 37.541624, 126.962121 37.541633, 126.962123 37.541642, 126.962125 37.54165, 126.962129 37.541658, 126.962134 37.541666, 126.96214 37.541674, 126.962146 37.541681, 126.962154 37.541688, 126.962162 37.541694, 126.962171 37.541699, 126.96218 37.541703, 126.96219 37.541707, 126.962201 37.54171, 126.962212 37.541712, 126.962223 37.541714, 126.962234 37.541714, 126.962245 37.541714, 126.962256 37.541712, 126.962267 37.54171, 126.962277 37.541707, 126.962287 37.541703, 126.962297 37.541699, 126.962305 37.541694, 126.962314 37.541688, 126.962321 37.541681, 126.962328 37.541674, 126.962333 37.541666, 126.962338 37.541658, 126.962342 37.54165, 126.962345 37.541642, 126.962346 37.541633, 126.962347 37.541624))"
버스정류소,점10m,"POLYGON ((126.962114 37.541299, 126.962113 37.54129, 126.962112 37.541282, 126.962109 37.541273, 126.962105 37.541265, 126.962101 37.541257, 126.962095 37.541249, 126.962088 37.541242, 126.962081 37.541236, 126.962073 37.54123, 126.962064 37.541224, 126.962054 37.54122, 126.962044 37.541216, 126.962034 37.541213, 126.962023 37.541211, 126.962012 37.54121, 126.962001 37.541209, 126.96199 37.54121, 126.961979 37.541211, 126.961968 37.541213, 126.961957 37.541216, 126.961947 37.54122, 126.961938 37.541224, 126.961929 37.54123, 126.961921 37.541236, 126.961913 37.541242, 126.961907 37.541249, 126.961901 37.541257, 126.961896 37.541265, 126.961892 37.541273, 126.96189 37.541282, 126.961888 37.54129, 126.961888 37.541299, 126.961888 37.541308, 126.96189 37.541317, 126.961892 37.541325, 126.961896 37.541334, 126.961901 37.541342, 126.961907 37.541349, 126.961913 37.541356, 126.961921 37.541363, 126.961929 37.541369, 126.961938 37.541374, 126.961947 37.541379, 126.961957 37.541382, 126.961968 37.541385, 126.961979 37.541388, 126.96199 37.541389, 126.962001 37.541389, 126.962012 37.541389, 126.962023 37.541388, 126.962034 37.541385, 126.962044 37.541383, 126.962054 37.541379, 126.962064 37.541374, 126.962072 37.541369, 126.962081 37.541363, 126.962088 37.541356, 126.962095 37.541349, 126.9621 37.541342, 126.962105 37.541334, 126.962109 37.541325, 126.962112 37.541317, 126.962113 37.541308, 126.962114 37.541299))"
버스정류소,점10m,"POLYGON ((126.961151 37.538786, 126.961151 37.538777, 126.961149 37.538768, 126.961146 37.53876, 126.961142 37.538752, 126.961138 37.538744, 126.961132 37.538736, 126.961125 37.538729, 126.961118 37.538722, 126.96111 37.538716, 126.961101 37.538711, 126.961091 37.538707, 126.961081 37.538703, 126.961071 37.5387, 126.96106 37.538698, 126.961049 37.538696, 126.961038 37.538696, 126.961027 37.538696, 126.961016 37.538698, 126.961005 37.5387, 126.960995 37.538703, 126.960985 37.538707, 126.960975 37.538711, 126.960966 37.538716, 126.960958 37.538722, 126.96095 37.538729, 126.960944 37.538736, 126.960938 37.538744, 126.960933 37.538752, 126.96093 37.53876, 126.960927 37.538768, 126.960925 37.538777, 126.960925 37.538786, 126.960925 37.538795, 126.960927 37.538804, 126.96093 37.538812, 126.960933 37.53882, 126.960938 37.538828, 126.960944 37.538836, 126.96095 37.538843, 126.960958 37.53885, 126.960966 37.538856, 126.960975 37.538861, 126.960985 37.538865, 126.960995 37.538869, 126.961005 37.538872, 126.961016 37.538874, 126.961027 37.538876, 126.961038 37.538876, 126.961049 37.538876, 126.96106 37.538874, 126.961071 37.538872, 126.961081 37.538869, 126.961091 37.538865, 126.961101 37.538861, 126.96111 37.538856, 126.961118 37.53885, 126.961125 37.538843, 126.961132 37.538836, 126.961138 37.538829, 126.961142 37.538821, 126.961146 37.538812, 126.961149 37.538804, 126.96115 37.538795, 126.961151 37.538786))"
버스정류소,점10m,"POLYGON ((126.957547 37.539777, 126.957547 37.539768, 126.957545 37.539759, 126.957542 37.539751, 126.957538 37.539742, 126.957534 37.539734, 126.957528 37.539727, 126.957521 37.53972, 126.957514 37.539713, 126.957506 37.539707, 126.957497 37.539702, 126.957487 37.539697, 126.957477 37.539694, 126.957467 37.539691, 126.957456 37.539688, 126.957445 37.539687, 126.957434 37.539687, 126.957423 37.539687, 126.957412 37.539688, 126.957401 37.539691, 126.957391 37.539694, 126.957381 37.539697, 126.957371 37.539702, 126.957362 37.539707, 126.957354 37.539713, 126.957346 37.53972, 126.95734 37.539727, 126.957334 37.539734, 126.957329 37.539742, 126.957326 37.539751, 126.957323 37.539759, 126.957321 37.539768, 126.957321 37.539777, 126.957321 37.539786, 126.957323 37.539794, 126.957326 37.539803, 126.957329 37.539811, 126.957334 37.539819, 126.95734 37.539827, 126.957346 37.539834, 126.957354 37.53984, 126.957362 37.539846, 126.957371 37.539852, 126.957381 37.539856, 126.957391 37.53986, 126.957401 37.539863, 126.957412 37.539865, 126.957423 37.539866, 126.957434 37.539867, 126.957445 37.539866, 126.957456 37.539865, 126.957467 37.539863, 126.957477 37.53986, 126.957487 37.539856, 126.957497 37.539852, 126.957506 37.539846, 126.957514 37.539841, 126.957521 37.539834, 126.957528 37.539827, 126.957534 37.539819, 126.957538 37.539811, 126.957542 37.539803, 126.957545 37.539794, 126.957546 37.539786, 126.957547 37.539777))"
버스정류소,점10m,"POLYGON ((126.957323 37.539625, 126.957323 37.539617, 126.957321 37.539608, 126.957319 37.539599, 126.957315 37.539591, 126.95731 37.539583, 126.957304 37.539575, 126.957298 37.539568, 126.95729 37.539562, 126.957282 37.539556, 126.957273 37.539551, 126.957264 37.539546, 126.957254 37.539542, 126.957243 37.539539, 126.957232 37.539537, 126.957221 37.539536, 126.95721 37.539535, 126.957199 37.539536, 126.957188 37.539537, 126.957178 37.539539, 126.957167 37.539542, 126.957157 37.539546, 126.957147 37.53955, 126.957139 37.539556, 126.95713 37.539562, 126.957123 37.539568, 126.957116 37.539575, 126.957111 37.539583, 126.957106 37.539591, 126.957102 37.539599, 126.957099 37.539608, 126.957098 37.539617, 126.957097 37.539625, 126.957098 37.539634, 126.957099 37.539643, 126.957102 37.539652, 126.957106 37.53966, 126.95711 37.539668, 126.957116 37.539675, 126.957123 37.539683, 126.95713 37.539689, 126.957138 37.539695, 126.957147 37.5397, 126.957157 37.539705, 126.957167 37.539709, 126.957177 37.539712, 126.957188 37.539714, 126.957199 37.539715, 126.95721 37.539716, 126.957221 37.539715, 126.957232 37.539714, 126.957243 37.539712, 126.957254 37.539709, 126.957264 37.539705, 126.957273 37.5397, 126.957282 37.539695, 126.95729 37.539689, 126.957298 37.539683, 126.957304 37.539676, 126.95731 37.539668, 126.957315 37.53966, 126.957319 37.539652, 126.957321 37.539643, 126.957323 37.539634, 126.957323 37.539625))"
버스정류소,점10m,"POLYGON ((126.960147 37.538014, 126.960146 37.538006, 126.960145 37.537997, 126.960142 37.537988, 126.960138 37.53798, 126.960133 37.537972, 126.960128 37.537964, 126.960121 37.537957, 126.960114 37.537951, 126.960105 37.537945, 126.960097 37.53794, 126.960087 37.537935, 126.960077 37.537931, 126.960066 37.537928, 126.960056 37.537926, 126.960045 37.537925, 126.960034 37.537924, 126.960023 37.537925, 126.960012 37.537926, 126.960001 37.537928, 126.95999 37.537931, 126.95998 37.537935, 126.959971 37.53794, 126.959962 37.537945, 126.959954 37.537951, 126.959946 37.537957, 126.95994 37.537964, 126.959934 37.537972, 126.959929 37.53798, 126.959925 37.537988, 126.959923 37.537997, 126.959921 37.538006, 126.95992 37.538014, 126.959921 37.538023, 126.959923 37.538032, 126.959925 37.538041, 126.959929 37.538049, 126.959934 37.538057, 126.959939 37.538064, 126.959946 37.538072, 126.959954 37.538078, 126.959962 37.538084, 126.959971 37.538089, 126.95998 37.538094, 126.95999 37.538098, 126.960001 37.538101, 126.960011 37.538103, 126.960022 37.538104, 126.960034 37.538105, 126.960045 37.538104, 126.960056 37.538103, 126.960066 37.538101, 126.960077 37.538098, 126.960087 37.538094, 126.960096 37.538089, 126.960105 37.538084, 126.960114 37.538078, 126.960121 37.538072, 126.960128 37.538065, 126.960133 37.538057, 126.960138 37.538049, 126.960142 37.538041, 126.960145 37.538032, 126.960146 37.538023, 126.960147 37.538014))"
버스정류소,점10m,"POLYGON ((126.959994 37.537974, 126.959994 37.537965, 126.959992 37.537956, 126.959989 37.537948, 126.959985 37.537939, 126.959981 37.537931, 126.959975 37.537924, 126.959968 37.537917, 126.959961 37.53791, 126.959953 37.537904, 126.959944 37.537899, 126.959934 37.537894, 126.959924 37.537891, 126.959914 37.537888, 126.959903 37.537885, 126.959892 37.537884, 126.959881 37.537884, 126.95987 37.537884, 126.959859 37.537885, 126.959848 37.537888, 126.959838 37.537891, 126.959828 37.537894, 126.959818 37.537899, 126.959809 37.537904, 126.959801 37.53791, 126.959793 37.537917, 126.959787 37.537924, 126.959781 37.537931, 126.959776 37.537939, 126.959773 37.537948, 126.95977 37.537956, 126.959768 37.537965, 126.959768 37.537974, 126.959768 37.537983, 126.95977 37.537991, 126.959773 37.538, 126.959776 37.538008, 126.959781 37.538016, 126.959787 37.538024, 126.959793 37.538031, 126.959801 37.538038, 126.959809 37.538043, 126.959818 37.538049, 126.959828 37.538053, 126.959838 37.538057, 126.959848 37.53806, 126.959859 37.538062, 126.95987 37.538064, 126.959881 37.538064, 126.959892 37.538064, 126.959903 37.538062, 126.959914 37.53806, 126.959924 37.538057, 126.959934 37.538053, 126.959944 37.538049, 126.959953 37.538044, 126.959961 37.538038, 126.959968 37.538031, 126.959975 37.538024, 126.959981 37.538016, 126.959985 37.538008, 126.959989 37.538, 126.959992 37.537991, 126.959993 37.537983, 126.959994 37.537974))"
버스정류소,점10m,"POLYGON ((126.961081 37.536348, 126.961081 37.536339, 126.961079 37.53633, 126.961076 37.536322, 126.961073 37.536313, 126.961068 37.536305, 126.961062 37.536298, 126.961055 37.536291, 126.961048 37.536284, 126.96104 37.536278, 126.961031 37.536273, 126.961021 37.536268, 126.961011 37.536265, 126.961001 37.536262, 126.96099 37.53626, 126.960979 37.536258, 126.960968 37.536258, 126.960957 37.536258, 126.960946 37.53626, 126.960935 37.536262, 126.960925 37.536265, 126.960915 37.536268, 126.960905 37.536273, 126.960896 37.536278, 126.960888 37.536284, 126.960881 37.536291, 126.960874 37.536298, 126.960868 37.536305, 126.960863 37.536313, 126.96086 37.536322, 126.960857 37.53633, 126.960855 37.536339, 126.960855 37.536348, 126.960855 37.536357, 126.960857 37.536365, 126.96086 37.536374, 126.960863 37.536382, 126.960868 37.53639, 126.960874 37.536398, 126.960881 37.536405, 126.960888 37.536412, 126.960896 37.536418, 126.960905 37.536423, 126.960915 37.536427, 126.960925 37.536431, 126.960935 37.536434, 126.960946 37.536436, 126.960957 37.536438, 126.960968 37.536438, 126.960979 37.536438, 126.96099 37.536436, 126.961001 37.536434, 126.961011 37.536431, 126.961021 37.536427, 126.961031 37.536423, 126.96104 37.536418, 126.961048 37.536412, 126.961055 37.536405, 126.961062 37.536398, 126.961068 37.53639, 126.961073 37.536382, 126.961076 37.536374, 126.961079 37.536366, 126.961081 37.536357, 126.961081 37.536348))"
버스정류소,점10m,"POLYGON ((126.961473 37.535979, 126.961472 37.53597, 126.961471 37.535962, 126.961468 37.535953, 126.961464 37.535945, 126.961459 37.535937, 126.961454 37.535929, 126.961447 37.535922, 126.96144 37.535916, 126.961431 37.53591, 126.961422 37.535904, 126.961413 37.5359, 126.961403 37.535896, 126.961392 37.535893, 126.961382 37.535891, 126.961371 37.53589, 126.96136 37.535889, 126.961349 37.53589, 126.961338 37.535891, 126.961327 37.535893, 126.961316 37.535896, 126.961306 37.5359, 126.961297 37.535904, 126.961288 37.53591, 126.96128 37.535915, 126.961272 37.535922, 126.961266 37.535929, 126.96126 37.535937, 126.961255 37.535945, 126.961251 37.535953, 126.961249 37.535962, 126.961247 37.53597, 126.961246 37.535979, 126.961247 37.535988, 126.961249 37.535997, 126.961251 37.536005, 126.961255 37.536014, 126.96126 37.536022, 126.961265 37.536029, 126.961272 37.536036, 126.96128 37.536043, 126.961288 37.536049, 126.961297 37.536054, 126.961306 37.536059, 126.961316 37.536062, 126.961327 37.536065, 126.961337 37.536068, 126.961348 37.536069, 126.96136 37.536069, 126.961371 37.536069, 126.961382 37.536068, 126.961392 37.536065, 126.961403 37.536062, 126.961413 37.536059, 126.961422 37.536054, 126.961431 37.536049, 126.96144 37.536043, 126.961447 37.536036, 126.961454 37.536029, 126.961459 37.536022, 126.961464 37.536014, 126.961468 37.536005, 126.961471 37.535997, 126.961472 37.535988, 126.961473 37.535979))"
버스정류소,점10m,"POLYGON ((126.962336 37.53457, 126.962335 37.534561, 126.962333 37.534553, 126.962331 37.534544, 126.962327 37.534536, 126.962322 37.534528, 126.962317 37.53452, 126.96231 37.534513, 126.962303 37.534506, 126.962294 37.534501, 126.962285 37.534495, 126.962276 37.534491, 126.962266 37.534487, 126.962255 37.534484, 126.962245 37.534482, 126.962234 37.534481, 126.962223 37.53448, 126.962211 37.534481, 126.9622 37.534482, 126.96219 37.534484, 126.962179 37.534487, 126.962169 37.534491, 126.96216 37.534495, 126.962151 37.5345, 126.962143 37.534506, 126.962135 37.534513, 126.962128 37.53452, 126.962123 37.534528, 126.962118 37.534536, 126.962114 37.534544, 126.962112 37.534553, 126.96211 37.534561, 126.962109 37.53457, 126.96211 37.534579, 126.962112 37.534588, 126.962114 37.534596, 126.962118 37.534605, 126.962123 37.534613, 126.962128 37.53462, 126.962135 37.534627, 126.962142 37.534634, 126.962151 37.53464, 126.96216 37.534645, 126.962169 37.53465, 126.962179 37.534653, 126.96219 37.534656, 126.9622 37.534659, 126.962211 37.53466, 126.962222 37.53466, 126.962234 37.53466, 126.962245 37.534659, 126.962255 37.534656, 126.962266 37.534653, 126.962276 37.53465, 126.962285 37.534645, 126.962294 37.53464, 126.962302 37.534634, 126.96231 37.534627, 126.962317 37.53462, 126.962322 37.534613, 126.962327 37.534605, 126.962331 37.534596, 126.962333 37.534588, 126.962335 37.534579, 126.962336 37.53457))"
버스정류소,점10m,"POLYGON ((126.962058 37.534661, 126.962057 37.534652, 126.962056 37.534644, 126.962053 37.534635, 126.962049 37.534627, 126.962045 37.534619, 126.962039 37.534611, 126.962032 37.534604, 126.962025 37.534597, 126.962017 37.534591, 126.962008 37.534586, 126.961998 37.534582, 126.961988 37.534578, 126.961978 37.534575, 126.961967 37.534573, 126.961956 37.534571, 126.961945 37.534571, 126.961934 37.534571, 126.961923 37.534573, 126.961912 37.534575, 126.961901 37.534578, 126.961891 37.534582, 126.961882 37.534586, 126.961873 37.534591, 126.961865 37.534597, 126.961857 37.534604, 126.961851 37.534611, 126.961845 37.534619, 126.96184 37.534627, 126.961836 37.534635, 126.961834 37.534644, 126.961832 37.534652, 126.961832 37.534661, 126.961832 37.53467, 126.961834 37.534679, 126.961836 37.534687, 126.96184 37.534696, 126.961845 37.534704, 126.961851 37.534711, 126.961857 37.534718, 126.961865 37.534725, 126.961873 37.534731, 126.961882 37.534736, 126.961891 37.534741, 126.961901 37.534744, 126.961912 37.534747, 126.961923 37.534749, 126.961934 37.534751, 126.961945 37.534751, 126.961956 37.534751, 126.961967 37.534749, 126.961977 37.534747, 126.961988 37.534744, 126.961998 37.534741, 126.962008 37.534736, 126.962016 37.534731, 126.962025 37.534725, 126.962032 37.534718, 126.962039 37.534711, 126.962044 37.534704, 126.962049 37.534696, 126.962053 37.534687, 126.962056 37.534679, 126.962057 37.53467, 126.962058 37.534661))"
버스정류소,점10m,"POLYGON ((126.963781 37.532835, 126.963781 37.532826, 126.963779 37.532817, 126.963776 37.532809, 126.963773 37.5328, 126.963768 37.532792, 126.963762 37.532785, 126.963756 37.532778, 126.963748 37.532771, 126.96374 37.532765, 126.963731 37.53276, 126.963722 37.532755, 126.963712 37.532752, 126.963701 37.532749, 126.96369 37.532747, 126.963679 37.532745, 126.963668 37.532745, 126.963657 37.532745, 126.963646 37.532747, 126.963635 37.532749, 126.963625 37.532752, 126.963615 37.532755, 126.963605 37.53276, 126.963596 37.532765, 126.963588 37.532771, 126.963581 37.532778, 126.963574 37.532785, 126.963568 37.532792, 126.963564 37.5328, 126.96356 37.532809, 126.963557 37.532817, 126.963556 37.532826, 126.963555 37.532835, 126.963556 37.532844, 126.963557 37.532852, 126.96356 37.532861, 126.963564 37.532869, 126.963568 37.532877, 126.963574 37.532885, 126.963581 37.532892, 126.963588 37.532899, 126.963596 37.532905, 126.963605 37.53291, 126.963615 37.532914, 126.963625 37.532918, 126.963635 37.532921, 126.963646 37.532923, 126.963657 37.532925, 126.963668 37.532925, 126.963679 37.532925, 126.96369 37.532923, 126.963701 37.532921, 126.963711 37.532918, 126.963721 37.532914, 126.963731 37.53291, 126.96374 37.532905, 126.963748 37.532899, 126.963756 37.532892, 126.963762 37.532885, 126.963768 37.532877, 126.963773 37.532869, 126.963776 37.532861, 126.963779 37.532852, 126.963781 37.532844, 126.963781 37.532835))"
버스정류소,점10m,"POLYGON ((126.963995 37.53259, 126.963995 37.532581, 126.963993 37.532572, 126.96399 37.532564, 126.963987 37.532556, 126.963982 37.532548, 126.963976 37.53254, 126.963969 37.532533, 126.963962 37.532526, 126.963954 37.53252, 126.963945 37.532515, 126.963935 37.532511, 126.963925 37.532507, 126.963915 37.532504, 126.963904 37.532502, 126.963893 37.5325, 126.963882 37.5325, 126.963871 37.5325, 126.96386 37.532502, 126.963849 37.532504, 126.963839 37.532507, 126.963829 37.532511, 126.963819 37.532515, 126.96381 37.53252, 126.963802 37.532526, 126.963795 37.532533, 126.963788 37.53254, 126.963782 37.532547, 126.963777 37.532555, 126.963774 37.532564, 126.963771 37.532572, 126.963769 37.532581, 126.963769 37.53259, 126.963769 37.532599, 126.963771 37.532608, 126.963774 37.532616, 126.963777 37.532624, 126.963782 37.532632, 126.963788 37.53264, 126.963795 37.532647, 126.963802 37.532654, 126.96381 37.53266, 126.963819 37.532665, 126.963829 37.532669, 126.963839 37.532673, 126.963849 37.532676, 126.96386 37.532678, 126.963871 37.53268, 126.963882 37.53268, 126.963893 37.53268, 126.963904 37.532678, 126.963915 37.532676, 126.963925 37.532673, 126.963935 37.532669, 126.963945 37.532665, 126.963954 37.53266, 126.963962 37.532654, 126.963969 37.532647, 126.963976 37.53264, 126.963982 37.532633, 126.963987 37.532625, 126.96399 37.532616, 126.963993 37.532608, 126.963995 37.532599, 126.963995 37.53259))"
버스정류소,점10m,"POLYGON ((126.967792 37.530034, 126.967791 37.530025, 126.967789 37.530016, 126.967787 37.530008, 126.967783 37.529999, 126.967778 37.529991, 126.967773 37.529984, 126.967766 37.529977, 126.967759 37.52997, 126.96775 37.529964, 126.967741 37.529959, 126.967732 37.529954, 126.967722 37.529951, 126.967711 37.529948, 126.967701 37.529945, 126.96769 37.529944, 126.967679 37.529944, 126.967667 37.529944, 126.967656 37.529945, 126.967646 37.529948, 126.967635 37.529951, 126.967625 37.529954, 126.967616 37.529959, 126.967607 37.529964, 126.967599 37.52997, 126.967591 37.529977, 126.967584 37.529984, 126.967579 37.529991, 126.967574 37.529999, 126.96757 37.530008, 126.967568 37.530016, 126.967566 37.530025, 126.967565 37.530034, 126.967566 37.530043, 126.967568 37.530051, 126.96757 37.53006, 126.967574 37.530068, 126.967579 37.530076, 126.967584 37.530084, 126.967591 37.530091, 126.967598 37.530098, 126.967607 37.530103, 126.967616 37.530109, 126.967625 37.530113, 126.967635 37.530117, 126.967646 37.53012, 126.967656 37.530122, 126.967667 37.530124, 126.967678 37.530124, 126.96769 37.530124, 126.967701 37.530122, 126.967711 37.53012, 126.967722 37.530117, 126.967732 37.530113, 126.967741 37.530109, 126.96775 37.530104, 126.967758 37.530098, 126.967766 37.530091, 126.967773 37.530084, 126.967778 37.530076, 126.967783 37.530068, 126.967787 37.53006, 126.967789 37.530051, 126.967791 37.530043, 126.967792 37.530034))"
버스정류소,점10m,"POLYGON ((126.965936 37.528867, 126.965935 37.528858, 126.965933 37.528849, 126.965931 37.52884, 126.965927 37.528832, 126.965922 37.528824, 126.965917 37.528817, 126.96591 37.528809, 126.965903 37.528803, 126.965894 37.528797, 126.965885 37.528792, 126.965876 37.528787, 126.965866 37.528783, 126.965855 37.52878, 126.965845 37.528778, 126.965834 37.528777, 126.965823 37.528777, 126.965811 37.528777, 126.9658 37.528778, 126.96579 37.52878, 126.965779 37.528783, 126.965769 37.528787, 126.96576 37.528792, 126.965751 37.528797, 126.965743 37.528803, 126.965735 37.528809, 126.965728 37.528817, 126.965723 37.528824, 126.965718 37.528832, 126.965714 37.52884, 126.965712 37.528849, 126.96571 37.528858, 126.965709 37.528867, 126.96571 37.528875, 126.965712 37.528884, 126.965714 37.528893, 126.965718 37.528901, 126.965723 37.528909, 126.965728 37.528917, 126.965735 37.528924, 126.965742 37.52893, 126.965751 37.528936, 126.96576 37.528942, 126.965769 37.528946, 126.965779 37.52895, 126.96579 37.528953, 126.9658 37.528955, 126.965811 37.528956, 126.965822 37.528957, 126.965834 37.528956, 126.965845 37.528955, 126.965855 37.528953, 126.965866 37.52895, 126.965876 37.528946, 126.965885 37.528942, 126.965894 37.528936, 126.965902 37.52893, 126.96591 37.528924, 126.965917 37.528917, 126.965922 37.528909, 126.965927 37.528901, 126.965931 37.528893, 126.965933 37.528884, 126.965935 37.528875, 126.965936 37.528867))"
버스정류소,점10m,"POLYGON ((126.964873 37.527576, 126.964872 37.527567, 126.964871 37.527558, 126.964868 37.527549, 126.964864 37.527541, 126.964859 37.527533, 126.964854 37.527526, 126.964847 37.527518, 126.96484 37.527512, 126.964831 37.527506, 126.964822 37.527501, 126.964813 37.527496, 126.964803 37.527492, 126.964792 37.527489, 126.964782 37.527487, 126.964771 37.527486, 126.96476 37.527486, 126.964749 37.527486, 126.964738 37.527487, 126.964727 37.527489, 126.964716 37.527492, 126.964706 37.527496, 126.964697 37.527501, 126.964688 37.527506, 126.96468 37.527512, 126.964672 37.527518, 126.964666 37.527526, 126.96466 37.527533, 126.964655 37.527541, 126.964651 37.527549, 126.964649 37.527558, 126.964647 37.527567, 126.964646 37.527576, 126.964647 37.527584, 126.964649 37.527593, 126.964651 37.527602, 126.964655 37.52761, 126.96466 37.527618, 126.964666 37.527626, 126.964672 37.527633, 126.96468 37.527639, 126.964688 37.527645, 126.964697 37.527651, 126.964706 37.527655, 126.964716 37.527659, 126.964727 37.527662, 126.964737 37.527664, 126.964748 37.527665, 126.96476 37.527666, 126.964771 37.527665, 126.964782 37.527664, 126.964792 37.527662, 126.964803 37.527659, 126.964813 37.527655, 126.964822 37.527651, 126.964831 37.527645, 126.96484 37.527639, 126.964847 37.527633, 126.964854 37.527626, 126.964859 37.527618, 126.964864 37.52761, 126.964868 37.527602, 126.964871 37.527593, 126.964872 37.527584, 126.964873 37.527576))"
버스정류소,점10m,"POLYGON ((126.964692 37.527231, 126.964691 37.527222, 126.96469 37.527213, 126.964687 37.527205, 126.964683 37.527196, 126.964679 37.527188, 126.964673 37.527181, 126.964666 37.527174, 126.964659 37.527167, 126.964651 37.527161, 126.964642 37.527156, 126.964632 37.527151, 126.964622 37.527148, 126.964612 37.527145, 126.964601 37.527143, 126.96459 37.527141, 126.964579 37.527141, 126.964568 37.527141, 126.964557 37.527143, 126.964546 37.527145, 126.964536 37.527148, 126.964526 37.527151, 126.964516 37.527156, 126.964507 37.527161, 126.964499 37.527167, 126.964491 37.527174, 126.964485 37.527181, 126.964479 37.527188, 126.964474 37.527196, 126.964471 37.527205, 126.964468 37.527213, 126.964466 37.527222, 126.964466 37.527231, 126.964466 37.52724, 126.964468 37.527248, 126.964471 37.527257, 126.964474 37.527265, 126.964479 37.527273, 126.964485 37.527281, 126.964491 37.527288, 126.964499 37.527295, 126.964507 37.527301, 126.964516 37.527306, 126.964525 37.52731, 126.964535 37.527314, 126.964546 37.527317, 126.964557 37.527319, 126.964568 37.527321, 126.964579 37.527321, 126.96459 37.527321, 126.964601 37.527319, 126.964612 37.527317, 126.964622 37.527314, 126.964632 37.52731, 126.964642 37.527306, 126.964651 37.527301, 126.964659 37.527295, 126.964666 37.527288, 126.964673 37.527281, 126.964679 37.527273, 126.964683 37.527265, 126.964687 37.527257, 126.96469 37.527249, 126.964691 37.52724, 126.964692 37.527231))"
버스정류소,점10m,"POLYGON ((126.96573 37.528333, 126.96573 37.528324, 126.965728 37.528315, 126.965725 37.528307, 126.965722 37.528299, 126.965717 37.528291, 126.965711 37.528283, 126.965704 37.528276, 126.965697 37.528269, 126.965689 37.528263, 126.96568 37.528258, 126.96567 37.528254, 126.96566 37.52825, 126.96565 37.528247, 126.965639 37.528245, 126.965628 37.528243, 126.965617 37.528243, 126.965606 37.528243, 126.965595 37.528245, 126.965584 37.528247, 126.965574 37.52825, 126.965564 37.528254, 126.965554 37.528258, 126.965545 37.528263, 126.965537 37.528269, 126.96553 37.528276, 126.965523 37.528283, 126.965517 37.52829, 126.965512 37.528298, 126.965509 37.528307, 126.965506 37.528315, 126.965504 37.528324, 126.965504 37.528333, 126.965504 37.528342, 126.965506 37.528351, 126.965509 37.528359, 126.965512 37.528367, 126.965517 37.528375, 126.965523 37.528383, 126.96553 37.52839, 126.965537 37.528397, 126.965545 37.528403, 126.965554 37.528408, 126.965564 37.528412, 126.965574 37.528416, 126.965584 37.528419, 126.965595 37.528421, 126.965606 37.528423, 126.965617 37.528423, 126.965628 37.528423, 126.965639 37.528421, 126.96565 37.528419, 126.96566 37.528416, 126.96567 37.528412, 126.96568 37.528408, 126.965689 37.528403, 126.965697 37.528397, 126.965704 37.52839, 126.965711 37.528383, 126.965717 37.528376, 126.965722 37.528368, 126.965725 37.528359, 126.965728 37.528351, 126.96573 37.528342, 126.96573 37.528333))"
버스정류소,점10m,"POLYGON ((126.966128 37.525597, 126.966128 37.525588, 126.966126 37.52558, 126.966123 37.525571, 126.96612 37.525563, 126.966115 37.525555, 126.966109 37.525547, 126.966102 37.52554, 126.966095 37.525534, 126.966087 37.525528, 126.966078 37.525522, 126.966068 37.525518, 126.966058 37.525514, 126.966048 37.525511, 126.966037 37.525509, 126.966026 37.525508, 126.966015 37.525507, 126.966004 37.525508, 126.965993 37.525509, 126.965982 37.525511, 126.965972 37.525514, 126.965962 37.525518, 126.965952 37.525522, 126.965943 37.525528, 126.965935 37.525534, 126.965928 37.52554, 126.965921 37.525547, 126.965915 37.525555, 126.96591 37.525563, 126.965907 37.525571, 126.965904 37.52558, 126.965902 37.525588, 126.965902 37.525597, 126.965902 37.525606, 126.965904 37.525615, 126.965907 37.525623, 126.96591 37.525632, 126.965915 37.52564, 126.965921 37.525647, 126.965928 37.525654, 126.965935 37.525661, 126.965943 37.525667, 126.965952 37.525672, 126.965962 37.525677, 126.965972 37.525681, 126.965982 37.525683, 126.965993 37.525686, 126.966004 37.525687, 126.966015 37.525687, 126.966026 37.525687, 126.966037 37.525686, 126.966048 37.525684, 126.966058 37.525681, 126.966068 37.525677, 126.966078 37.525672, 126.966087 37.525667, 126.966095 37.525661, 126.966102 37.525654, 126.966109 37.525647, 126.966115 37.52564, 126.96612 37.525632, 126.966123 37.525623, 126.966126 37.525615, 126.966128 37.525606, 126.966128 37.525597))"
버스정류소,점10m,"POLYGON ((126.967233 37.525306, 126.967232 37.525297, 126.96723 37.525288, 126.967228 37.52528, 126.967224 37.525271, 126.967219 37.525263, 126.967213 37.525256, 126.967207 37.525249, 126.967199 37.525242, 126.967191 37.525236, 126.967182 37.525231, 126.967173 37.525226, 126.967163 37.525223, 126.967152 37.52522, 126.967142 37.525217, 126.967131 37.525216, 126.967119 37.525216, 126.967108 37.525216, 126.967097 37.525217, 126.967087 37.52522, 126.967076 37.525223, 126.967066 37.525226, 126.967057 37.525231, 126.967048 37.525236, 126.967039 37.525242, 126.967032 37.525249, 126.967025 37.525256, 126.96702 37.525263, 126.967015 37.525271, 126.967011 37.52528, 126.967008 37.525288, 126.967007 37.525297, 126.967006 37.525306, 126.967007 37.525315, 126.967008 37.525323, 126.967011 37.525332, 126.967015 37.52534, 126.96702 37.525348, 126.967025 37.525356, 126.967032 37.525363, 126.967039 37.525369, 126.967048 37.525375, 126.967057 37.525381, 126.967066 37.525385, 126.967076 37.525389, 126.967087 37.525392, 126.967097 37.525394, 126.967108 37.525395, 126.967119 37.525396, 126.96713 37.525395, 126.967141 37.525394, 126.967152 37.525392, 126.967163 37.525389, 126.967173 37.525385, 126.967182 37.525381, 126.967191 37.525375, 126.967199 37.52537, 126.967207 37.525363, 126.967213 37.525356, 126.967219 37.525348, 126.967224 37.52534, 126.967228 37.525332, 126.96723 37.525323, 126.967232 37.525315, 126.967233 37.525306))"
버스정류소,점10m,"POLYGON ((126.969357 37.523732, 126.969357 37.523723, 126.969355 37.523714, 126.969352 37.523706, 126.969349 37.523697, 126.969344 37.523689, 126.969338 37.523682, 126.969331 37.523675, 126.969324 37.523668, 126.969316 37.523662, 126.969307 37.523657, 126.969297 37.523652, 126.969287 37.523649, 126.969277 37.523646, 126.969266 37.523643, 126.969255 37.523642, 126.969244 37.523642, 126.969233 37.523642, 126.969222 37.523643, 126.969211 37.523646, 126.969201 37.523649, 126.969191 37.523652, 126.969181 37.523657, 126.969172 37.523662, 126.969164 37.523668, 126.969157 37.523675, 126.96915 37.523682, 126.969144 37.523689, 126.969139 37.523697, 126.969136 37.523706, 126.969133 37.523714, 126.969131 37.523723, 126.969131 37.523732, 126.969131 37.523741, 126.969133 37.523749, 126.969136 37.523758, 126.969139 37.523766, 126.969144 37.523774, 126.96915 37.523782, 126.969157 37.523789, 126.969164 37.523796, 126.969172 37.523801, 126.969181 37.523807, 126.969191 37.523811, 126.969201 37.523815, 126.969211 37.523818, 126.969222 37.52382, 126.969233 37.523822, 126.969244 37.523822, 126.969255 37.523822, 126.969266 37.52382, 126.969277 37.523818, 126.969287 37.523815, 126.969297 37.523811, 126.969307 37.523807, 126.969316 37.523802, 126.969324 37.523796, 126.969331 37.523789, 126.969338 37.523782, 126.969344 37.523774, 126.969349 37.523766, 126.969352 37.523758, 126.969355 37.523749, 126.969357 37.523741, 126.969357 37.523732))"
버스정류소,점10m,"POLYGON ((126.970268 37.523621, 126.970267 37.523613, 126.970265 37.523604, 126.970263 37.523595, 126.970259 37.523587, 126.970254 37.523579, 126.970248 37.523571, 126.970242 37.523564, 126.970234 37.523558, 126.970226 37.523552, 126.970217 37.523546, 126.970208 37.523542, 126.970198 37.523538, 126.970187 37.523535, 126.970177 37.523533, 126.970166 37.523532, 126.970154 37.523531, 126.970143 37.523532, 126.970132 37.523533, 126.970122 37.523535, 126.970111 37.523538, 126.970101 37.523542, 126.970092 37.523546, 126.970083 37.523552, 126.970074 37.523558, 126.970067 37.523564, 126.97006 37.523571, 126.970055 37.523579, 126.97005 37.523587, 126.970046 37.523595, 126.970043 37.523604, 126.970042 37.523613, 126.970041 37.523621, 126.970042 37.52363, 126.970043 37.523639, 126.970046 37.523648, 126.97005 37.523656, 126.970055 37.523664, 126.97006 37.523671, 126.970067 37.523679, 126.970074 37.523685, 126.970083 37.523691, 126.970092 37.523696, 126.970101 37.523701, 126.970111 37.523705, 126.970122 37.523708, 126.970132 37.52371, 126.970143 37.523711, 126.970154 37.523711, 126.970165 37.523711, 126.970176 37.52371, 126.970187 37.523708, 126.970198 37.523705, 126.970208 37.523701, 126.970217 37.523696, 126.970226 37.523691, 126.970234 37.523685, 126.970242 37.523679, 126.970248 37.523671, 126.970254 37.523664, 126.970259 37.523656, 126.970263 37.523648, 126.970265 37.523639, 126.970267 37.52363, 126.970268 37.523621))"
버스정류소,점10m,"POLYGON ((126.974022 37.522669, 126.974021 37.52266, 126.97402 37.522651, 126.974017 37.522643, 126.974013 37.522634, 126.974008 37.522626, 126.974003 37.522619, 126.973996 37.522612, 126.973989 37.522605, 126.97398 37.522599, 126.973971 37.522594, 126.973962 37.522589, 126.973952 37.522586, 126.973941 37.522583, 126.973931 37.522581, 126.97392 37.522579, 126.973909 37.522579, 126.973898 37.522579, 126.973887 37.522581, 126.973876 37.522583, 126.973865 37.522586, 126.973855 37.522589, 126.973846 37.522594, 126.973837 37.522599, 126.973829 37.522605, 126.973821 37.522612, 126.973815 37.522619, 126.973809 37.522626, 126.973804 37.522634, 126.9738 37.522643, 126.973798 37.522651, 126.973796 37.52266, 126.973795 37.522669, 126.973796 37.522678, 126.973798 37.522686, 126.9738 37.522695, 126.973804 37.522703, 126.973809 37.522711, 126.973815 37.522719, 126.973821 37.522726, 126.973829 37.522733, 126.973837 37.522739, 126.973846 37.522744, 126.973855 37.522748, 126.973865 37.522752, 126.973876 37.522755, 126.973886 37.522757, 126.973897 37.522759, 126.973909 37.522759, 126.97392 37.522759, 126.973931 37.522757, 126.973941 37.522755, 126.973952 37.522752, 126.973962 37.522748, 126.973971 37.522744, 126.97398 37.522739, 126.973989 37.522733, 126.973996 37.522726, 126.974003 37.522719, 126.974008 37.522711, 126.974013 37.522703, 126.974017 37.522695, 126.97402 37.522687, 126.974021 37.522678, 126.974022 37.522669))"
버스정류소,점10m,"POLYGON ((126.97414 37.522363, 126.974139 37.522355, 126.974138 37.522346, 126.974135 37.522337, 126.974131 37.522329, 126.974127 37.522321, 126.974121 37.522313, 126.974114 37.522306, 126.974107 37.5223, 126.974099 37.522294, 126.97409 37.522289, 126.97408 37.522284, 126.97407 37.52228, 126.97406 37.522277, 126.974049 37.522275, 126.974038 37.522274, 126.974027 37.522273, 126.974016 37.522274, 126.974005 37.522275, 126.973994 37.522277, 126.973984 37.52228, 126.973974 37.522284, 126.973964 37.522289, 126.973955 37.522294, 126.973947 37.5223, 126.973939 37.522306, 126.973933 37.522313, 126.973927 37.522321, 126.973922 37.522329, 126.973919 37.522337, 126.973916 37.522346, 126.973914 37.522355, 126.973914 37.522363, 126.973914 37.522372, 126.973916 37.522381, 126.973919 37.52239, 126.973922 37.522398, 126.973927 37.522406, 126.973933 37.522414, 126.973939 37.522421, 126.973947 37.522427, 126.973955 37.522433, 126.973964 37.522438, 126.973974 37.522443, 126.973984 37.522447, 126.973994 37.52245, 126.974005 37.522452, 126.974016 37.522453, 126.974027 37.522454, 126.974038 37.522453, 126.974049 37.522452, 126.97406 37.52245, 126.97407 37.522447, 126.97408 37.522443, 126.97409 37.522438, 126.974099 37.522433, 126.974107 37.522427, 126.974114 37.522421, 126.974121 37.522414, 126.974127 37.522406, 126.974131 37.522398, 126.974135 37.52239, 126.974138 37.522381, 126.974139 37.522372, 126.97414 37.522363))"
버스정류소,점10m,"POLYGON ((126.978764 37.520898, 126.978764 37.520889, 126.978762 37.52088, 126.978759 37.520872, 126.978756 37.520864, 126.978751 37.520856, 126.978745 37.520848, 126.978739 37.520841, 126.978731 37.520834, 126.978723 37.520828, 126.978714 37.520823, 126.978705 37.520819, 126.978695 37.520815, 126.978684 37.520812, 126.978673 37.52081, 126.978662 37.520808, 126.978651 37.520808, 126.97864 37.520808, 126.978629 37.52081, 126.978618 37.520812, 126.978608 37.520815, 126.978598 37.520819, 126.978588 37.520823, 126.978579 37.520828, 126.978571 37.520834, 126.978564 37.520841, 126.978557 37.520848, 126.978551 37.520856, 126.978547 37.520864, 126.978543 37.520872, 126.97854 37.52088, 126.978539 37.520889, 126.978538 37.520898, 126.978539 37.520907, 126.97854 37.520916, 126.978543 37.520924, 126.978547 37.520932, 126.978551 37.52094, 126.978557 37.520948, 126.978564 37.520955, 126.978571 37.520962, 126.978579 37.520968, 126.978588 37.520973, 126.978598 37.520977, 126.978608 37.520981, 126.978618 37.520984, 126.978629 37.520986, 126.97864 37.520988, 126.978651 37.520988, 126.978662 37.520988, 126.978673 37.520986, 126.978684 37.520984, 126.978694 37.520981, 126.978705 37.520977, 126.978714 37.520973, 126.978723 37.520968, 126.978731 37.520962, 126.978739 37.520955, 126.978745 37.520948, 126.978751 37.520941, 126.978756 37.520933, 126.978759 37.520924, 126.978762 37.520916, 126.978764 37.520907, 126.978764 37.520898))"
버스정류소,점10m,"POLYGON ((126.980069 37.520876, 126.980069 37.520867, 126.980067 37.520858, 126.980064 37.520849, 126.980061 37.520841, 126.980056 37.520833, 126.98005 37.520825, 126.980044 37.520818, 126.980036 37.520812, 126.980028 37.520806, 126.980019 37.520801, 126.98001 37.520796, 126.98 37.520792, 126.979989 37.520789, 126.979978 37.520787, 126.979967 37.520786, 126.979956 37.520785, 126.979945 37.520786, 126.979934 37.520787, 126.979923 37.520789, 126.979913 37.520792, 126.979903 37.520796, 126.979893 37.520801, 126.979884 37.520806, 126.979876 37.520812, 126.979869 37.520818, 126.979862 37.520825, 126.979856 37.520833, 126.979852 37.520841, 126.979848 37.520849, 126.979845 37.520858, 126.979844 37.520867, 126.979843 37.520875, 126.979844 37.520884, 126.979845 37.520893, 126.979848 37.520902, 126.979852 37.52091, 126.979856 37.520918, 126.979862 37.520926, 126.979869 37.520933, 126.979876 37.520939, 126.979884 37.520945, 126.979893 37.52095, 126.979903 37.520955, 126.979913 37.520959, 126.979923 37.520962, 126.979934 37.520964, 126.979945 37.520965, 126.979956 37.520966, 126.979967 37.520965, 126.979978 37.520964, 126.979989 37.520962, 126.979999 37.520959, 126.98001 37.520955, 126.980019 37.52095, 126.980028 37.520945, 126.980036 37.520939, 126.980044 37.520933, 126.98005 37.520926, 126.980056 37.520918, 126.980061 37.52091, 126.980064 37.520902, 126.980067 37.520893, 126.980069 37.520884, 126.980069 37.520876))"
버스정류소,점10m,"POLYGON ((126.990013 37.520427, 126.990013 37.520418, 126.990011 37.520409, 126.990008 37.520401, 126.990005 37.520393, 126.99 37.520385, 126.989994 37.520377, 126.989987 37.52037, 126.98998 37.520363, 126.989972 37.520357, 126.989963 37.520352, 126.989953 37.520348, 126.989943 37.520344, 126.989933 37.520341, 126.989922 37.520339, 126.989911 37.520337, 126.9899 37.520337, 126.989889 37.520337, 126.989878 37.520339, 126.989867 37.520341, 126.989857 37.520344, 126.989847 37.520348, 126.989837 37.520352, 126.989828 37.520357, 126.98982 37.520363, 126.989813 37.52037, 126.989806 37.520377, 126.9898 37.520385, 126.989795 37.520393, 126.989792 37.520401, 126.989789 37.520409, 126.989787 37.520418, 126.989787 37.520427, 126.989787 37.520436, 126.989789 37.520445, 126.989792 37.520453, 126.989795 37.520461, 126.9898 37.520469, 126.989806 37.520477, 126.989813 37.520484, 126.98982 37.520491, 126.989828 37.520497, 126.989837 37.520502, 126.989847 37.520506, 126.989857 37.52051, 126.989867 37.520513, 126.989878 37.520515, 126.989889 37.520517, 126.9899 37.520517, 126.989911 37.520517, 126.989922 37.520515, 126.989933 37.520513, 126.989943 37.52051, 126.989953 37.520506, 126.989963 37.520502, 126.989972 37.520497, 126.98998 37.520491, 126.989987 37.520484, 126.989994 37.520477, 126.99 37.520469, 126.990005 37.520461, 126.990008 37.520453, 126.990011 37.520445, 126.990013 37.520436, 126.990013 37.520427))"
버스정류소,점10m,"POLYGON ((126.991003 37.521171, 126.991002 37.521162, 126.991 37.521154, 126.990998 37.521145, 126.990994 37.521137, 126.990989 37.521129, 126.990983 37.521121, 126.990977 37.521114, 126.990969 37.521107, 126.990961 37.521101, 126.990952 37.521096, 126.990943 37.521092, 126.990933 37.521088, 126.990922 37.521085, 126.990911 37.521083, 126.9909 37.521081, 126.990889 37.521081, 126.990878 37.521081, 126.990867 37.521083, 126.990857 37.521085, 126.990846 37.521088, 126.990836 37.521092, 126.990827 37.521096, 126.990818 37.521101, 126.990809 37.521107, 126.990802 37.521114, 126.990795 37.521121, 126.99079 37.521129, 126.990785 37.521137, 126.990781 37.521145, 126.990778 37.521154, 126.990777 37.521162, 126.990776 37.521171, 126.990777 37.52118, 126.990778 37.521189, 126.990781 37.521197, 126.990785 37.521206, 126.99079 37.521214, 126.990795 37.521221, 126.990802 37.521228, 126.990809 37.521235, 126.990818 37.521241, 126.990827 37.521246, 126.990836 37.521251, 126.990846 37.521254, 126.990857 37.521257, 126.990867 37.521259, 126.990878 37.521261, 126.990889 37.521261, 126.9909 37.521261, 126.990911 37.521259, 126.990922 37.521257, 126.990933 37.521254, 126.990943 37.521251, 126.990952 37.521246, 126.990961 37.521241, 126.990969 37.521235, 126.990977 37.521228, 126.990983 37.521221, 126.990989 37.521214, 126.990994 37.521206, 126.990998 37.521197, 126.991 37.521189, 126.991002 37.52118, 126.991003 37.521171))"
버스정류소,점10m,"POLYGON ((126.991476 37.525114, 126.991475 37.525105, 126.991474 37.525096, 126.991471 37.525088, 126.991467 37.52508, 126.991462 37.525072, 126.991457 37.525064, 126.99145 37.525057, 126.991443 37.52505, 126.991434 37.525044, 126.991426 37.525039, 126.991416 37.525035, 126.991406 37.525031, 126.991396 37.525028, 126.991385 37.525026, 126.991374 37.525024, 126.991363 37.525024, 126.991352 37.525024, 126.991341 37.525026, 126.99133 37.525028, 126.991319 37.525031, 126.991309 37.525035, 126.9913 37.525039, 126.991291 37.525044, 126.991283 37.52505, 126.991275 37.525057, 126.991269 37.525064, 126.991263 37.525072, 126.991258 37.52508, 126.991254 37.525088, 126.991252 37.525096, 126.99125 37.525105, 126.99125 37.525114, 126.99125 37.525123, 126.991252 37.525132, 126.991254 37.52514, 126.991258 37.525149, 126.991263 37.525157, 126.991269 37.525164, 126.991275 37.525171, 126.991283 37.525178, 126.991291 37.525184, 126.9913 37.525189, 126.991309 37.525194, 126.991319 37.525197, 126.99133 37.5252, 126.991341 37.525202, 126.991352 37.525204, 126.991363 37.525204, 126.991374 37.525204, 126.991385 37.525202, 126.991396 37.5252, 126.991406 37.525197, 126.991416 37.525194, 126.991426 37.525189, 126.991434 37.525184, 126.991443 37.525178, 126.99145 37.525171, 126.991457 37.525164, 126.991462 37.525157, 126.991467 37.525149, 126.991471 37.52514, 126.991474 37.525132, 126.991475 37.525123, 126.991476 37.525114))"
버스정류소,점10m,"POLYGON ((126.990831 37.522636, 126.990831 37.522627, 126.990829 37.522619, 126.990826 37.52261, 126.990823 37.522602, 126.990818 37.522594, 126.990812 37.522586, 126.990806 37.522579, 126.990798 37.522573, 126.99079 37.522567, 126.990781 37.522561, 126.990772 37.522557, 126.990762 37.522553, 126.990751 37.52255, 126.99074 37.522548, 126.990729 37.522547, 126.990718 37.522546, 126.990707 37.522547, 126.990696 37.522548, 126.990685 37.52255, 126.990675 37.522553, 126.990665 37.522557, 126.990655 37.522561, 126.990646 37.522567, 126.990638 37.522573, 126.990631 37.522579, 126.990624 37.522586, 126.990618 37.522594, 126.990614 37.522602, 126.99061 37.52261, 126.990607 37.522619, 126.990606 37.522627, 126.990605 37.522636, 126.990606 37.522645, 126.990607 37.522654, 126.99061 37.522662, 126.990614 37.522671, 126.990618 37.522679, 126.990624 37.522686, 126.990631 37.522693, 126.990638 37.5227, 126.990646 37.522706, 126.990655 37.522711, 126.990665 37.522716, 126.990675 37.522719, 126.990685 37.522722, 126.990696 37.522725, 126.990707 37.522726, 126.990718 37.522726, 126.990729 37.522726, 126.99074 37.522725, 126.990751 37.522722, 126.990761 37.52272, 126.990772 37.522716, 126.990781 37.522711, 126.99079 37.522706, 126.990798 37.5227, 126.990806 37.522693, 126.990812 37.522686, 126.990818 37.522679, 126.990823 37.522671, 126.990826 37.522662, 126.990829 37.522654, 126.990831 37.522645, 126.990831 37.522636))"
버스정류소,점10m,"POLYGON ((126.993099 37.519851, 126.993099 37.519842, 126.993097 37.519833, 126.993094 37.519825, 126.993091 37.519817, 126.993086 37.519809, 126.99308 37.519801, 126.993073 37.519794, 126.993066 37.519787, 126.993058 37.519781, 126.993049 37.519776, 126.993039 37.519772, 126.993029 37.519768, 126.993019 37.519765, 126.993008 37.519763, 126.992997 37.519761, 126.992986 37.519761, 126.992975 37.519761, 126.992964 37.519763, 126.992953 37.519765, 126.992943 37.519768, 126.992933 37.519772, 126.992923 37.519776, 126.992914 37.519781, 126.992906 37.519787, 126.992899 37.519794, 126.992892 37.519801, 126.992886 37.519809, 126.992881 37.519817, 126.992878 37.519825, 126.992875 37.519833, 126.992873 37.519842, 126.992873 37.519851, 126.992873 37.51986, 126.992875 37.519869, 126.992878 37.519877, 126.992881 37.519885, 126.992886 37.519893, 126.992892 37.519901, 126.992899 37.519908, 126.992906 37.519915, 126.992914 37.519921, 126.992923 37.519926, 126.992933 37.51993, 126.992943 37.519934, 126.992953 37.519937, 126.992964 37.519939, 126.992975 37.519941, 126.992986 37.519941, 126.992997 37.519941, 126.993008 37.519939, 126.993019 37.519937, 126.993029 37.519934, 126.993039 37.51993, 126.993049 37.519926, 126.993058 37.519921, 126.993066 37.519915, 126.993073 37.519908, 126.99308 37.519901, 126.993086 37.519893, 126.993091 37.519885, 126.993094 37.519877, 126.993097 37.519869, 126.993099 37.51986, 126.993099 37.519851))"
버스정류소,점10m,"POLYGON ((126.994994 37.520384, 126.994994 37.520375, 126.994992 37.520366, 126.99499 37.520358, 126.994986 37.52035, 126.994981 37.520342, 126.994975 37.520334, 126.994969 37.520327, 126.994961 37.52032, 126.994953 37.520314, 126.994944 37.520309, 126.994935 37.520305, 126.994925 37.520301, 126.994914 37.520298, 126.994903 37.520296, 126.994892 37.520294, 126.994881 37.520294, 126.99487 37.520294, 126.994859 37.520296, 126.994848 37.520298, 126.994838 37.520301, 126.994828 37.520305, 126.994818 37.520309, 126.99481 37.520314, 126.994801 37.52032, 126.994794 37.520327, 126.994787 37.520334, 126.994782 37.520342, 126.994777 37.52035, 126.994773 37.520358, 126.99477 37.520366, 126.994769 37.520375, 126.994768 37.520384, 126.994769 37.520393, 126.99477 37.520402, 126.994773 37.52041, 126.994777 37.520418, 126.994782 37.520426, 126.994787 37.520434, 126.994794 37.520441, 126.994801 37.520448, 126.99481 37.520454, 126.994818 37.520459, 126.994828 37.520463, 126.994838 37.520467, 126.994848 37.52047, 126.994859 37.520472, 126.99487 37.520474, 126.994881 37.520474, 126.994892 37.520474, 126.994903 37.520472, 126.994914 37.52047, 126.994925 37.520467, 126.994935 37.520463, 126.994944 37.520459, 126.994953 37.520454, 126.994961 37.520448, 126.994969 37.520441, 126.994975 37.520434, 126.994981 37.520426, 126.994986 37.520418, 126.99499 37.52041, 126.994992 37.520402, 126.994994 37.520393, 126.994994 37.520384))"
버스정류소,점10m,"POLYGON ((126.996804 37.520818, 126.996803 37.52081, 126.996802 37.520801, 126.996799 37.520792, 126.996795 37.520784, 126.99679 37.520776, 126.996785 37.520768, 126.996778 37.520761, 126.996771 37.520755, 126.996762 37.520749, 126.996754 37.520743, 126.996744 37.520739, 126.996734 37.520735, 126.996724 37.520732, 126.996713 37.52073, 126.996702 37.520729, 126.996691 37.520728, 126.99668 37.520729, 126.996669 37.52073, 126.996658 37.520732, 126.996647 37.520735, 126.996637 37.520739, 126.996628 37.520743, 126.996619 37.520749, 126.996611 37.520755, 126.996603 37.520761, 126.996597 37.520768, 126.996591 37.520776, 126.996586 37.520784, 126.996582 37.520792, 126.99658 37.520801, 126.996578 37.52081, 126.996578 37.520818, 126.996578 37.520827, 126.99658 37.520836, 126.996582 37.520845, 126.996586 37.520853, 126.996591 37.520861, 126.996597 37.520868, 126.996603 37.520876, 126.996611 37.520882, 126.996619 37.520888, 126.996628 37.520893, 126.996637 37.520898, 126.996647 37.520902, 126.996658 37.520905, 126.996669 37.520907, 126.99668 37.520908, 126.996691 37.520908, 126.996702 37.520908, 126.996713 37.520907, 126.996724 37.520905, 126.996734 37.520902, 126.996744 37.520898, 126.996754 37.520893, 126.996762 37.520888, 126.996771 37.520882, 126.996778 37.520876, 126.996785 37.520868, 126.99679 37.520861, 126.996795 37.520853, 126.996799 37.520845, 126.996802 37.520836, 126.996803 37.520827, 126.996804 37.520818))"
버스정류소,점10m,"POLYGON ((126.997152 37.521263, 126.997152 37.521254, 126.99715 37.521245, 126.997147 37.521236, 126.997144 37.521228, 126.997139 37.52122, 126.997133 37.521213, 126.997126 37.521205, 126.997119 37.521199, 126.997111 37.521193, 126.997102 37.521188, 126.997092 37.521183, 126.997082 37.521179, 126.997072 37.521176, 126.997061 37.521174, 126.99705 37.521173, 126.997039 37.521172, 126.997028 37.521173, 126.997017 37.521174, 126.997006 37.521176, 126.996996 37.521179, 126.996986 37.521183, 126.996976 37.521188, 126.996967 37.521193, 126.996959 37.521199, 126.996952 37.521205, 126.996945 37.521213, 126.996939 37.52122, 126.996934 37.521228, 126.996931 37.521236, 126.996928 37.521245, 126.996926 37.521254, 126.996926 37.521263, 126.996926 37.521271, 126.996928 37.52128, 126.996931 37.521289, 126.996934 37.521297, 126.996939 37.521305, 126.996945 37.521313, 126.996952 37.52132, 126.996959 37.521326, 126.996967 37.521332, 126.996976 37.521337, 126.996986 37.521342, 126.996996 37.521346, 126.997006 37.521349, 126.997017 37.521351, 126.997028 37.521352, 126.997039 37.521353, 126.99705 37.521352, 126.997061 37.521351, 126.997072 37.521349, 126.997082 37.521346, 126.997092 37.521342, 126.997102 37.521337, 126.997111 37.521332, 126.997119 37.521326, 126.997126 37.52132, 126.997133 37.521313, 126.997139 37.521305, 126.997144 37.521297, 126.997147 37.521289, 126.99715 37.52128, 126.997152 37.521271, 126.997152 37.521263))"
버스정류소,점10m,"POLYGON ((127.002143 37.524738, 127.002142 37.524729, 127.002141 37.52472, 127.002138 37.524712, 127.002134 37.524704, 127.002129 37.524696, 127.002124 37.524688, 127.002117 37.524681, 127.00211 37.524674, 127.002101 37.524668, 127.002093 37.524663, 127.002083 37.524659, 127.002073 37.524655, 127.002063 37.524652, 127.002052 37.52465, 127.002041 37.524648, 127.00203 37.524648, 127.002019 37.524648, 127.002008 37.52465, 127.001997 37.524652, 127.001986 37.524655, 127.001976 37.524659, 127.001967 37.524663, 127.001958 37.524668, 127.00195 37.524674, 127.001942 37.524681, 127.001936 37.524688, 127.00193 37.524696, 127.001925 37.524704, 127.001921 37.524712, 127.001919 37.52472, 127.001917 37.524729, 127.001917 37.524738, 127.001917 37.524747, 127.001919 37.524756, 127.001921 37.524764, 127.001925 37.524772, 127.00193 37.52478, 127.001936 37.524788, 127.001942 37.524795, 127.00195 37.524802, 127.001958 37.524808, 127.001967 37.524813, 127.001976 37.524817, 127.001986 37.524821, 127.001997 37.524824, 127.002008 37.524826, 127.002019 37.524828, 127.00203 37.524828, 127.002041 37.524828, 127.002052 37.524826, 127.002063 37.524824, 127.002073 37.524821, 127.002083 37.524817, 127.002093 37.524813, 127.002101 37.524808, 127.00211 37.524802, 127.002117 37.524795, 127.002124 37.524788, 127.002129 37.52478, 127.002134 37.524772, 127.002138 37.524764, 127.002141 37.524756, 127.002142 37.524747, 127.002143 37.524738))"
버스정류소,점10m,"POLYGON ((127.001628 37.525624, 127.001627 37.525615, 127.001626 37.525606, 127.001623 37.525598, 127.001619 37.525589, 127.001615 37.525581, 127.001609 37.525574, 127.001602 37.525567, 127.001595 37.52556, 127.001587 37.525554, 127.001578 37.525549, 127.001568 37.525544, 127.001558 37.525541, 127.001548 37.525538, 127.001537 37.525535, 127.001526 37.525534, 127.001515 37.525534, 127.001504 37.525534, 127.001493 37.525535, 127.001482 37.525538, 127.001472 37.525541, 127.001462 37.525544, 127.001452 37.525549, 127.001443 37.525554, 127.001435 37.52556, 127.001427 37.525567, 127.001421 37.525574, 127.001415 37.525581, 127.00141 37.525589, 127.001407 37.525598, 127.001404 37.525606, 127.001402 37.525615, 127.001402 37.525624, 127.001402 37.525633, 127.001404 37.525641, 127.001407 37.52565, 127.00141 37.525658, 127.001415 37.525666, 127.001421 37.525674, 127.001427 37.525681, 127.001435 37.525688, 127.001443 37.525693, 127.001452 37.525699, 127.001462 37.525703, 127.001472 37.525707, 127.001482 37.52571, 127.001493 37.525712, 127.001504 37.525713, 127.001515 37.525714, 127.001526 37.525713, 127.001537 37.525712, 127.001548 37.52571, 127.001558 37.525707, 127.001568 37.525703, 127.001578 37.525699, 127.001587 37.525693, 127.001595 37.525687, 127.001602 37.525681, 127.001609 37.525674, 127.001615 37.525666, 127.001619 37.525658, 127.001623 37.52565, 127.001626 37.525641, 127.001627 37.525633, 127.001628 37.525624))"
버스정류소,점10m,"POLYGON ((127.000618 37.526459, 127.000617 37.52645, 127.000616 37.526442, 127.000613 37.526433, 127.000609 37.526425, 127.000604 37.526417, 127.000599 37.526409, 127.000592 37.526402, 127.000585 37.526395, 127.000576 37.526389, 127.000567 37.526384, 127.000558 37.52638, 127.000548 37.526376, 127.000537 37.526373, 127.000527 37.526371, 127.000516 37.526369, 127.000505 37.526369, 127.000494 37.526369, 127.000483 37.526371, 127.000472 37.526373, 127.000461 37.526376, 127.000451 37.52638, 127.000442 37.526384, 127.000433 37.526389, 127.000425 37.526395, 127.000417 37.526402, 127.000411 37.526409, 127.000405 37.526417, 127.0004 37.526425, 127.000396 37.526433, 127.000394 37.526442, 127.000392 37.52645, 127.000391 37.526459, 127.000392 37.526468, 127.000394 37.526477, 127.000396 37.526485, 127.0004 37.526494, 127.000405 37.526502, 127.000411 37.526509, 127.000417 37.526516, 127.000425 37.526523, 127.000433 37.526529, 127.000442 37.526534, 127.000451 37.526539, 127.000461 37.526542, 127.000472 37.526545, 127.000483 37.526547, 127.000494 37.526549, 127.000505 37.526549, 127.000516 37.526549, 127.000527 37.526547, 127.000537 37.526545, 127.000548 37.526542, 127.000558 37.526539, 127.000567 37.526534, 127.000576 37.526529, 127.000585 37.526523, 127.000592 37.526516, 127.000599 37.526509, 127.000604 37.526502, 127.000609 37.526494, 127.000613 37.526485, 127.000616 37.526477, 127.000617 37.526468, 127.000618 37.526459))"
버스정류소,점10m,"POLYGON ((126.999139 37.528342, 126.999139 37.528333, 126.999137 37.528324, 126.999134 37.528316, 126.999131 37.528308, 126.999126 37.5283, 126.99912 37.528292, 126.999113 37.528285, 126.999106 37.528278, 126.999098 37.528272, 126.999089 37.528267, 126.999079 37.528263, 126.999069 37.528259, 126.999059 37.528256, 126.999048 37.528254, 126.999037 37.528252, 126.999026 37.528252, 126.999015 37.528252, 126.999004 37.528254, 126.998993 37.528256, 126.998983 37.528259, 126.998973 37.528263, 126.998963 37.528267, 126.998954 37.528272, 126.998946 37.528278, 126.998939 37.528285, 126.998932 37.528292, 126.998926 37.5283, 126.998921 37.528308, 126.998918 37.528316, 126.998915 37.528324, 126.998913 37.528333, 126.998913 37.528342, 126.998913 37.528351, 126.998915 37.52836, 126.998918 37.528368, 126.998921 37.528376, 126.998926 37.528384, 126.998932 37.528392, 126.998939 37.528399, 126.998946 37.528406, 126.998954 37.528412, 126.998963 37.528417, 126.998973 37.528421, 126.998983 37.528425, 126.998993 37.528428, 126.999004 37.52843, 126.999015 37.528432, 126.999026 37.528432, 126.999037 37.528432, 126.999048 37.52843, 126.999059 37.528428, 126.999069 37.528425, 126.999079 37.528421, 126.999089 37.528417, 126.999098 37.528412, 126.999106 37.528406, 126.999113 37.528399, 126.99912 37.528392, 126.999126 37.528384, 126.999131 37.528376, 126.999134 37.528368, 126.999137 37.52836, 126.999139 37.528351, 126.999139 37.528342))"
버스정류소,점10m,"POLYGON ((126.99901 37.528182, 126.999009 37.528173, 126.999008 37.528164, 126.999005 37.528156, 126.999001 37.528148, 126.998997 37.52814, 126.998991 37.528132, 126.998984 37.528125, 126.998977 37.528118, 126.998969 37.528112, 126.99896 37.528107, 126.99895 37.528103, 126.99894 37.528099, 126.99893 37.528096, 126.998919 37.528094, 126.998908 37.528092, 126.998897 37.528092, 126.998886 37.528092, 126.998875 37.528094, 126.998864 37.528096, 126.998854 37.528099, 126.998843 37.528103, 126.998834 37.528107, 126.998825 37.528112, 126.998817 37.528118, 126.998809 37.528125, 126.998803 37.528132, 126.998797 37.52814, 126.998792 37.528148, 126.998789 37.528156, 126.998786 37.528164, 126.998784 37.528173, 126.998784 37.528182, 126.998784 37.528191, 126.998786 37.5282, 126.998789 37.528208, 126.998792 37.528216, 126.998797 37.528224, 126.998803 37.528232, 126.998809 37.528239, 126.998817 37.528246, 126.998825 37.528252, 126.998834 37.528257, 126.998843 37.528261, 126.998854 37.528265, 126.998864 37.528268, 126.998875 37.52827, 126.998886 37.528272, 126.998897 37.528272, 126.998908 37.528272, 126.998919 37.52827, 126.99893 37.528268, 126.99894 37.528265, 126.99895 37.528261, 126.99896 37.528257, 126.998969 37.528252, 126.998977 37.528246, 126.998984 37.528239, 126.998991 37.528232, 126.998997 37.528224, 126.999001 37.528216, 126.999005 37.528208, 126.999008 37.5282, 126.999009 37.528191, 126.99901 37.528182))"
버스정류소,점10m,"POLYGON ((126.996906 37.530196, 126.996905 37.530187, 126.996904 37.530178, 126.996901 37.53017, 126.996897 37.530162, 126.996892 37.530154, 126.996887 37.530146, 126.99688 37.530139, 126.996873 37.530132, 126.996864 37.530126, 126.996855 37.530121, 126.996846 37.530117, 126.996836 37.530113, 126.996825 37.53011, 126.996815 37.530108, 126.996804 37.530106, 126.996793 37.530106, 126.996782 37.530106, 126.996771 37.530108, 126.99676 37.53011, 126.996749 37.530113, 126.996739 37.530117, 126.99673 37.530121, 126.996721 37.530126, 126.996713 37.530132, 126.996705 37.530139, 126.996699 37.530146, 126.996693 37.530154, 126.996688 37.530162, 126.996684 37.53017, 126.996682 37.530178, 126.99668 37.530187, 126.996679 37.530196, 126.99668 37.530205, 126.996682 37.530214, 126.996684 37.530222, 126.996688 37.53023, 126.996693 37.530238, 126.996699 37.530246, 126.996705 37.530253, 126.996713 37.53026, 126.996721 37.530266, 126.99673 37.530271, 126.996739 37.530275, 126.996749 37.530279, 126.99676 37.530282, 126.996771 37.530284, 126.996782 37.530286, 126.996793 37.530286, 126.996804 37.530286, 126.996815 37.530284, 126.996825 37.530282, 126.996836 37.530279, 126.996846 37.530275, 126.996855 37.530271, 126.996864 37.530266, 126.996873 37.53026, 126.99688 37.530253, 126.996887 37.530246, 126.996892 37.530238, 126.996897 37.53023, 126.996901 37.530222, 126.996904 37.530214, 126.996905 37.530205, 126.996906 37.530196))"
버스정류소,점10m,"POLYGON ((126.996688 37.530529, 126.996687 37.530521, 126.996686 37.530512, 126.996683 37.530503, 126.996679 37.530495, 126.996675 37.530487, 126.996669 37.530479, 126.996662 37.530472, 126.996655 37.530466, 126.996647 37.53046, 126.996638 37.530454, 126.996628 37.53045, 126.996618 37.530446, 126.996608 37.530443, 126.996597 37.530441, 126.996586 37.53044, 126.996575 37.530439, 126.996564 37.53044, 126.996553 37.530441, 126.996542 37.530443, 126.996532 37.530446, 126.996521 37.53045, 126.996512 37.530454, 126.996503 37.53046, 126.996495 37.530466, 126.996487 37.530472, 126.996481 37.530479, 126.996475 37.530487, 126.99647 37.530495, 126.996467 37.530503, 126.996464 37.530512, 126.996462 37.530521, 126.996462 37.530529, 126.996462 37.530538, 126.996464 37.530547, 126.996467 37.530556, 126.99647 37.530564, 126.996475 37.530572, 126.996481 37.530579, 126.996487 37.530587, 126.996495 37.530593, 126.996503 37.530599, 126.996512 37.530604, 126.996521 37.530609, 126.996532 37.530613, 126.996542 37.530616, 126.996553 37.530618, 126.996564 37.530619, 126.996575 37.530619, 126.996586 37.530619, 126.996597 37.530618, 126.996608 37.530616, 126.996618 37.530613, 126.996628 37.530609, 126.996638 37.530604, 126.996647 37.530599, 126.996655 37.530593, 126.996662 37.530587, 126.996669 37.530579, 126.996675 37.530572, 126.996679 37.530564, 126.996683 37.530556, 126.996686 37.530547, 126.996687 37.530538, 126.996688 37.530529))"
버스정류소,점10m,"POLYGON ((126.994326 37.5334, 126.994326 37.533391, 126.994324 37.533382, 126.994321 37.533374, 126.994318 37.533366, 126.994313 37.533358, 126.994307 37.53335, 126.9943 37.533343, 126.994293 37.533336, 126.994285 37.53333, 126.994276 37.533325, 126.994266 37.533321, 126.994256 37.533317, 126.994246 37.533314, 126.994235 37.533312, 126.994224 37.53331, 126.994213 37.53331, 126.994202 37.53331, 126.994191 37.533312, 126.99418 37.533314, 126.99417 37.533317, 126.99416 37.533321, 126.99415 37.533325, 126.994141 37.53333, 126.994133 37.533336, 126.994126 37.533343, 126.994119 37.53335, 126.994113 37.533358, 126.994108 37.533366, 126.994105 37.533374, 126.994102 37.533382, 126.9941 37.533391, 126.9941 37.5334, 126.9941 37.533409, 126.994102 37.533418, 126.994105 37.533426, 126.994108 37.533434, 126.994113 37.533442, 126.994119 37.53345, 126.994126 37.533457, 126.994133 37.533464, 126.994141 37.53347, 126.99415 37.533475, 126.99416 37.533479, 126.99417 37.533483, 126.99418 37.533486, 126.994191 37.533488, 126.994202 37.53349, 126.994213 37.53349, 126.994224 37.53349, 126.994235 37.533488, 126.994246 37.533486, 126.994256 37.533483, 126.994266 37.533479, 126.994276 37.533475, 126.994285 37.53347, 126.994293 37.533464, 126.9943 37.533457, 126.994307 37.53345, 126.994313 37.533442, 126.994318 37.533434, 126.994321 37.533426, 126.994324 37.533418, 126.994326 37.533409, 126.994326 37.5334))"
버스정류소,점10m,"POLYGON ((126.99434 37.533822, 126.99434 37.533814, 126.994338 37.533805, 126.994335 37.533796, 126.994332 37.533788, 126.994327 37.53378, 126.994321 37.533772, 126.994314 37.533765, 126.994307 37.533759, 126.994299 37.533753, 126.99429 37.533748, 126.99428 37.533743, 126.99427 37.533739, 126.99426 37.533736, 126.994249 37.533734, 126.994238 37.533733, 126.994227 37.533732, 126.994216 37.533733, 126.994205 37.533734, 126.994194 37.533736, 126.994184 37.533739, 126.994174 37.533743, 126.994164 37.533748, 126.994155 37.533753, 126.994147 37.533759, 126.99414 37.533765, 126.994133 37.533772, 126.994127 37.53378, 126.994122 37.533788, 126.994119 37.533796, 126.994116 37.533805, 126.994114 37.533814, 126.994114 37.533822, 126.994114 37.533831, 126.994116 37.53384, 126.994119 37.533849, 126.994122 37.533857, 126.994127 37.533865, 126.994133 37.533872, 126.99414 37.53388, 126.994147 37.533886, 126.994155 37.533892, 126.994164 37.533897, 126.994174 37.533902, 126.994184 37.533906, 126.994194 37.533909, 126.994205 37.533911, 126.994216 37.533912, 126.994227 37.533913, 126.994238 37.533912, 126.994249 37.533911, 126.99426 37.533909, 126.99427 37.533906, 126.99428 37.533902, 126.99429 37.533897, 126.994299 37.533892, 126.994307 37.533886, 126.994314 37.53388, 126.994321 37.533872, 126.994327 37.533865, 126.994332 37.533857, 126.994335 37.533849, 126.994338 37.53384, 126.99434 37.533831, 126.99434 37.533822))"
버스정류소,점10m,"POLYGON ((127.006909 37.531224, 127.006908 37.531215, 127.006907 37.531206, 127.006904 37.531198, 127.0069 37.531189, 127.006895 37.531181, 127.00689 37.531174, 127.006883 37.531167, 127.006876 37.53116, 127.006867 37.531154, 127.006859 37.531149, 127.006849 37.531144, 127.006839 37.531141, 127.006829 37.531138, 127.006818 37.531136, 127.006807 37.531134, 127.006796 37.531134, 127.006785 37.531134, 127.006774 37.531136, 127.006763 37.531138, 127.006752 37.531141, 127.006742 37.531144, 127.006733 37.531149, 127.006724 37.531154, 127.006716 37.53116, 127.006708 37.531167, 127.006702 37.531174, 127.006696 37.531181, 127.006691 37.531189, 127.006687 37.531198, 127.006685 37.531206, 127.006683 37.531215, 127.006683 37.531224, 127.006683 37.531233, 127.006685 37.531242, 127.006687 37.53125, 127.006691 37.531258, 127.006696 37.531266, 127.006702 37.531274, 127.006708 37.531281, 127.006716 37.531288, 127.006724 37.531294, 127.006733 37.531299, 127.006742 37.531303, 127.006752 37.531307, 127.006763 37.53131, 127.006774 37.531312, 127.006785 37.531314, 127.006796 37.531314, 127.006807 37.531314, 127.006818 37.531312, 127.006829 37.53131, 127.006839 37.531307, 127.006849 37.531303, 127.006859 37.531299, 127.006867 37.531294, 127.006876 37.531288, 127.006883 37.531281, 127.00689 37.531274, 127.006895 37.531266, 127.0069 37.531258, 127.006904 37.53125, 127.006907 37.531242, 127.006908 37.531233, 127.006909 37.531224))"
버스정류소,점10m,"POLYGON ((127.007883 37.530669, 127.007882 37.53066, 127.007881 37.530651, 127.007878 37.530643, 127.007874 37.530634, 127.00787 37.530626, 127.007864 37.530619, 127.007857 37.530612, 127.00785 37.530605, 127.007842 37.530599, 127.007833 37.530594, 127.007823 37.530589, 127.007813 37.530586, 127.007803 37.530583, 127.007792 37.53058, 127.007781 37.530579, 127.00777 37.530579, 127.007759 37.530579, 127.007748 37.53058, 127.007737 37.530583, 127.007727 37.530586, 127.007717 37.530589, 127.007707 37.530594, 127.007698 37.530599, 127.00769 37.530605, 127.007682 37.530612, 127.007676 37.530619, 127.00767 37.530626, 127.007665 37.530634, 127.007662 37.530643, 127.007659 37.530651, 127.007657 37.53066, 127.007657 37.530669, 127.007657 37.530678, 127.007659 37.530686, 127.007662 37.530695, 127.007665 37.530703, 127.00767 37.530711, 127.007676 37.530719, 127.007682 37.530726, 127.00769 37.530733, 127.007698 37.530738, 127.007707 37.530744, 127.007717 37.530748, 127.007727 37.530752, 127.007737 37.530755, 127.007748 37.530757, 127.007759 37.530758, 127.00777 37.530759, 127.007781 37.530758, 127.007792 37.530757, 127.007803 37.530755, 127.007813 37.530752, 127.007823 37.530748, 127.007833 37.530744, 127.007842 37.530738, 127.00785 37.530732, 127.007857 37.530726, 127.007864 37.530719, 127.00787 37.530711, 127.007874 37.530703, 127.007878 37.530695, 127.007881 37.530686, 127.007882 37.530678, 127.007883 37.530669))"
버스정류소,점10m,"POLYGON ((126.953061 37.53008, 126.95306 37.530071, 126.953058 37.530062, 126.953056 37.530054, 126.953052 37.530046, 126.953047 37.530038, 126.953042 37.53003, 126.953035 37.530023, 126.953028 37.530016, 126.953019 37.53001, 126.95301 37.530005, 126.953001 37.530001, 126.952991 37.529997, 126.95298 37.529994, 126.95297 37.529992, 126.952959 37.52999, 126.952948 37.52999, 126.952936 37.52999, 126.952925 37.529992, 126.952915 37.529994, 126.952904 37.529997, 126.952894 37.53, 126.952885 37.530005, 126.952876 37.53001, 126.952868 37.530016, 126.95286 37.530023, 126.952853 37.53003, 126.952848 37.530037, 126.952843 37.530045, 126.952839 37.530054, 126.952837 37.530062, 126.952835 37.530071, 126.952834 37.53008, 126.952835 37.530089, 126.952837 37.530098, 126.952839 37.530106, 126.952843 37.530114, 126.952848 37.530122, 126.952853 37.53013, 126.95286 37.530137, 126.952867 37.530144, 126.952876 37.53015, 126.952885 37.530155, 126.952894 37.530159, 126.952904 37.530163, 126.952915 37.530166, 126.952925 37.530168, 126.952936 37.53017, 126.952947 37.53017, 126.952959 37.53017, 126.95297 37.530168, 126.95298 37.530166, 126.952991 37.530163, 126.953001 37.530159, 126.95301 37.530155, 126.953019 37.53015, 126.953027 37.530144, 126.953035 37.530137, 126.953042 37.53013, 126.953047 37.530122, 126.953052 37.530115, 126.953056 37.530106, 126.953058 37.530098, 126.95306 37.530089, 126.953061 37.53008))"
버스정류소,점10m,"POLYGON ((126.95472 37.530171, 126.954719 37.530162, 126.954717 37.530153, 126.954715 37.530145, 126.954711 37.530137, 126.954706 37.530129, 126.954701 37.530121, 126.954694 37.530114, 126.954687 37.530107, 126.954678 37.530101, 126.954669 37.530096, 126.95466 37.530092, 126.95465 37.530088, 126.954639 37.530085, 126.954629 37.530083, 126.954618 37.530081, 126.954607 37.530081, 126.954595 37.530081, 126.954584 37.530083, 126.954574 37.530085, 126.954563 37.530088, 126.954553 37.530092, 126.954544 37.530096, 126.954535 37.530101, 126.954527 37.530107, 126.954519 37.530114, 126.954512 37.530121, 126.954507 37.530129, 126.954502 37.530137, 126.954498 37.530145, 126.954496 37.530153, 126.954494 37.530162, 126.954493 37.530171, 126.954494 37.53018, 126.954496 37.530189, 126.954498 37.530197, 126.954502 37.530205, 126.954507 37.530213, 126.954512 37.530221, 126.954519 37.530228, 126.954526 37.530235, 126.954535 37.530241, 126.954544 37.530246, 126.954553 37.53025, 126.954563 37.530254, 126.954574 37.530257, 126.954584 37.530259, 126.954595 37.530261, 126.954606 37.530261, 126.954618 37.530261, 126.954629 37.530259, 126.954639 37.530257, 126.95465 37.530254, 126.95466 37.530251, 126.954669 37.530246, 126.954678 37.530241, 126.954686 37.530235, 126.954694 37.530228, 126.954701 37.530221, 126.954706 37.530214, 126.954711 37.530206, 126.954715 37.530197, 126.954717 37.530189, 126.954719 37.53018, 126.95472 37.530171))"
버스정류소,점10m,"POLYGON ((126.954464 37.529747, 126.954464 37.529739, 126.954462 37.52973, 126.954459 37.529721, 126.954456 37.529713, 126.954451 37.529705, 126.954445 37.529697, 126.954439 37.52969, 126.954431 37.529684, 126.954423 37.529678, 126.954414 37.529673, 126.954404 37.529668, 126.954394 37.529664, 126.954384 37.529661, 126.954373 37.529659, 126.954362 37.529658, 126.954351 37.529657, 126.95434 37.529658, 126.954329 37.529659, 126.954318 37.529661, 126.954308 37.529664, 126.954298 37.529668, 126.954288 37.529672, 126.954279 37.529678, 126.954271 37.529684, 126.954264 37.52969, 126.954257 37.529697, 126.954251 37.529705, 126.954247 37.529713, 126.954243 37.529721, 126.95424 37.52973, 126.954239 37.529739, 126.954238 37.529747, 126.954239 37.529756, 126.95424 37.529765, 126.954243 37.529774, 126.954247 37.529782, 126.954251 37.52979, 126.954257 37.529797, 126.954264 37.529805, 126.954271 37.529811, 126.954279 37.529817, 126.954288 37.529822, 126.954298 37.529827, 126.954308 37.529831, 126.954318 37.529834, 126.954329 37.529836, 126.95434 37.529837, 126.954351 37.529838, 126.954362 37.529837, 126.954373 37.529836, 126.954384 37.529834, 126.954394 37.529831, 126.954404 37.529827, 126.954414 37.529822, 126.954423 37.529817, 126.954431 37.529811, 126.954439 37.529805, 126.954445 37.529798, 126.954451 37.52979, 126.954456 37.529782, 126.954459 37.529774, 126.954462 37.529765, 126.954464 37.529756, 126.954464 37.529747))"
버스정류소,점10m,"POLYGON ((126.955177 37.527736, 126.955177 37.527728, 126.955175 37.527719, 126.955172 37.52771, 126.955169 37.527702, 126.955164 37.527694, 126.955158 37.527686, 126.955151 37.527679, 126.955144 37.527673, 126.955136 37.527667, 126.955127 37.527662, 126.955117 37.527657, 126.955107 37.527653, 126.955097 37.52765, 126.955086 37.527648, 126.955075 37.527647, 126.955064 37.527646, 126.955053 37.527647, 126.955042 37.527648, 126.955031 37.52765, 126.955021 37.527653, 126.955011 37.527657, 126.955001 37.527662, 126.954992 37.527667, 126.954984 37.527673, 126.954977 37.527679, 126.95497 37.527686, 126.954964 37.527694, 126.95496 37.527702, 126.954956 37.52771, 126.954953 37.527719, 126.954951 37.527728, 126.954951 37.527736, 126.954951 37.527745, 126.954953 37.527754, 126.954956 37.527763, 126.954959 37.527771, 126.954964 37.527779, 126.95497 37.527786, 126.954977 37.527794, 126.954984 37.5278, 126.954992 37.527806, 126.955001 37.527811, 126.955011 37.527816, 126.955021 37.52782, 126.955031 37.527823, 126.955042 37.527825, 126.955053 37.527826, 126.955064 37.527827, 126.955075 37.527826, 126.955086 37.527825, 126.955097 37.527823, 126.955107 37.52782, 126.955117 37.527816, 126.955127 37.527811, 126.955136 37.527806, 126.955144 37.5278, 126.955151 37.527794, 126.955158 37.527787, 126.955164 37.527779, 126.955168 37.527771, 126.955172 37.527763, 126.955175 37.527754, 126.955177 37.527745, 126.955177 37.527736))"
버스정류소,점10m,"POLYGON ((126.954974 37.527703, 126.954973 37.527694, 126.954972 37.527685, 126.954969 37.527677, 126.954965 37.527668, 126.95496 37.52766, 126.954955 37.527653, 126.954948 37.527646, 126.954941 37.527639, 126.954932 37.527633, 126.954923 37.527628, 126.954914 37.527623, 126.954904 37.52762, 126.954893 37.527617, 126.954883 37.527615, 126.954872 37.527613, 126.954861 37.527613, 126.95485 37.527613, 126.954839 37.527615, 126.954828 37.527617, 126.954817 37.52762, 126.954807 37.527623, 126.954798 37.527628, 126.954789 37.527633, 126.954781 37.527639, 126.954773 37.527646, 126.954767 37.527653, 126.954761 37.52766, 126.954756 37.527668, 126.954752 37.527677, 126.95475 37.527685, 126.954748 37.527694, 126.954747 37.527703, 126.954748 37.527712, 126.95475 37.52772, 126.954752 37.527729, 126.954756 37.527737, 126.954761 37.527745, 126.954767 37.527753, 126.954773 37.52776, 126.954781 37.527767, 126.954789 37.527773, 126.954798 37.527778, 126.954807 37.527782, 126.954817 37.527786, 126.954828 37.527789, 126.954838 37.527791, 126.954849 37.527793, 126.954861 37.527793, 126.954872 37.527793, 126.954883 37.527791, 126.954893 37.527789, 126.954904 37.527786, 126.954914 37.527782, 126.954923 37.527778, 126.954932 37.527773, 126.954941 37.527767, 126.954948 37.52776, 126.954955 37.527753, 126.95496 37.527745, 126.954965 37.527737, 126.954969 37.527729, 126.954972 37.527721, 126.954973 37.527712, 126.954974 37.527703))"
버스정류소,점10m,"POLYGON ((126.956436 37.526175, 126.956436 37.526167, 126.956434 37.526158, 126.956431 37.526149, 126.956428 37.526141, 126.956423 37.526133, 126.956417 37.526125, 126.956411 37.526118, 126.956403 37.526112, 126.956395 37.526106, 126.956386 37.5261, 126.956376 37.526096, 126.956366 37.526092, 126.956356 37.526089, 126.956345 37.526087, 126.956334 37.526086, 126.956323 37.526085, 126.956312 37.526086, 126.956301 37.526087, 126.95629 37.526089, 126.95628 37.526092, 126.95627 37.526096, 126.95626 37.5261, 126.956251 37.526106, 126.956243 37.526112, 126.956236 37.526118, 126.956229 37.526125, 126.956223 37.526133, 126.956219 37.526141, 126.956215 37.526149, 126.956212 37.526158, 126.956211 37.526166, 126.95621 37.526175, 126.956211 37.526184, 126.956212 37.526193, 126.956215 37.526201, 126.956219 37.52621, 126.956223 37.526218, 126.956229 37.526225, 126.956236 37.526232, 126.956243 37.526239, 126.956251 37.526245, 126.95626 37.52625, 126.95627 37.526255, 126.95628 37.526259, 126.95629 37.526262, 126.956301 37.526264, 126.956312 37.526265, 126.956323 37.526265, 126.956334 37.526265, 126.956345 37.526264, 126.956356 37.526262, 126.956366 37.526259, 126.956376 37.526255, 126.956386 37.52625, 126.956395 37.526245, 126.956403 37.526239, 126.956411 37.526233, 126.956417 37.526225, 126.956423 37.526218, 126.956428 37.52621, 126.956431 37.526202, 126.956434 37.526193, 126.956436 37.526184, 126.956436 37.526175))"
버스정류소,점10m,"POLYGON ((126.956279 37.526029, 126.956278 37.52602, 126.956277 37.526012, 126.956274 37.526003, 126.95627 37.525995, 126.956266 37.525987, 126.95626 37.525979, 126.956253 37.525972, 126.956246 37.525966, 126.956238 37.52596, 126.956229 37.525954, 126.956219 37.52595, 126.956209 37.525946, 126.956199 37.525943, 126.956188 37.525941, 126.956177 37.52594, 126.956166 37.525939, 126.956155 37.52594, 126.956144 37.525941, 126.956133 37.525943, 126.956123 37.525946, 126.956113 37.52595, 126.956103 37.525954, 126.956094 37.52596, 126.956086 37.525966, 126.956078 37.525972, 126.956072 37.525979, 126.956066 37.525987, 126.956061 37.525995, 126.956058 37.526003, 126.956055 37.526012, 126.956053 37.52602, 126.956053 37.526029, 126.956053 37.526038, 126.956055 37.526047, 126.956058 37.526055, 126.956061 37.526064, 126.956066 37.526072, 126.956072 37.526079, 126.956078 37.526086, 126.956086 37.526093, 126.956094 37.526099, 126.956103 37.526104, 126.956113 37.526109, 126.956123 37.526112, 126.956133 37.526115, 126.956144 37.526118, 126.956155 37.526119, 126.956166 37.526119, 126.956177 37.526119, 126.956188 37.526118, 126.956199 37.526116, 126.956209 37.526113, 126.956219 37.526109, 126.956229 37.526104, 126.956238 37.526099, 126.956246 37.526093, 126.956253 37.526086, 126.95626 37.526079, 126.956266 37.526072, 126.95627 37.526064, 126.956274 37.526055, 126.956277 37.526047, 126.956278 37.526038, 126.956279 37.526029))"
버스정류소,점10m,"POLYGON ((126.959609 37.523864, 126.959608 37.523855, 126.959606 37.523847, 126.959604 37.523838, 126.9596 37.52383, 126.959595 37.523822, 126.959589 37.523814, 126.959583 37.523807, 126.959575 37.5238, 126.959567 37.523794, 126.959558 37.523789, 126.959549 37.523785, 126.959539 37.523781, 126.959528 37.523778, 126.959518 37.523776, 126.959507 37.523774, 126.959495 37.523774, 126.959484 37.523774, 126.959473 37.523776, 126.959463 37.523778, 126.959452 37.523781, 126.959442 37.523785, 126.959433 37.523789, 126.959424 37.523794, 126.959415 37.5238, 126.959408 37.523807, 126.959401 37.523814, 126.959396 37.523822, 126.959391 37.52383, 126.959387 37.523838, 126.959384 37.523846, 126.959383 37.523855, 126.959382 37.523864, 126.959383 37.523873, 126.959384 37.523882, 126.959387 37.52389, 126.959391 37.523898, 126.959396 37.523906, 126.959401 37.523914, 126.959408 37.523921, 126.959415 37.523928, 126.959424 37.523934, 126.959433 37.523939, 126.959442 37.523943, 126.959452 37.523947, 126.959463 37.52395, 126.959473 37.523952, 126.959484 37.523954, 126.959495 37.523954, 126.959506 37.523954, 126.959517 37.523952, 126.959528 37.52395, 126.959539 37.523947, 126.959549 37.523944, 126.959558 37.523939, 126.959567 37.523934, 126.959575 37.523928, 126.959583 37.523921, 126.959589 37.523914, 126.959595 37.523907, 126.9596 37.523899, 126.959604 37.52389, 126.959606 37.523882, 126.959608 37.523873, 126.959609 37.523864))"
버스정류소,점10m,"POLYGON ((126.959894 37.523446, 126.959894 37.523437, 126.959892 37.523429, 126.959889 37.52342, 126.959886 37.523412, 126.959881 37.523404, 126.959875 37.523396, 126.959868 37.523389, 126.959861 37.523383, 126.959853 37.523377, 126.959844 37.523371, 126.959834 37.523367, 126.959824 37.523363, 126.959814 37.52336, 126.959803 37.523358, 126.959792 37.523357, 126.959781 37.523356, 126.95977 37.523357, 126.959759 37.523358, 126.959748 37.52336, 126.959738 37.523363, 126.959728 37.523367, 126.959718 37.523371, 126.959709 37.523377, 126.959701 37.523382, 126.959694 37.523389, 126.959687 37.523396, 126.959681 37.523404, 126.959677 37.523412, 126.959673 37.52342, 126.95967 37.523429, 126.959668 37.523437, 126.959668 37.523446, 126.959668 37.523455, 126.95967 37.523464, 126.959673 37.523472, 126.959676 37.523481, 126.959681 37.523489, 126.959687 37.523496, 126.959694 37.523503, 126.959701 37.52351, 126.959709 37.523516, 126.959718 37.523521, 126.959728 37.523526, 126.959738 37.523529, 126.959748 37.523532, 126.959759 37.523535, 126.95977 37.523536, 126.959781 37.523536, 126.959792 37.523536, 126.959803 37.523535, 126.959814 37.523532, 126.959824 37.523529, 126.959834 37.523526, 126.959844 37.523521, 126.959853 37.523516, 126.959861 37.52351, 126.959868 37.523503, 126.959875 37.523496, 126.959881 37.523489, 126.959885 37.523481, 126.959889 37.523472, 126.959892 37.523464, 126.959894 37.523455, 126.959894 37.523446))"
버스정류소,점10m,"POLYGON ((126.950126 37.53226, 126.950125 37.532251, 126.950124 37.532242, 126.950121 37.532234, 126.950117 37.532226, 126.950113 37.532218, 126.950107 37.53221, 126.9501 37.532203, 126.950093 37.532196, 126.950085 37.53219, 126.950076 37.532185, 126.950066 37.532181, 126.950056 37.532177, 126.950046 37.532174, 126.950035 37.532172, 126.950024 37.53217, 126.950013 37.53217, 126.950002 37.53217, 126.949991 37.532172, 126.94998 37.532174, 126.949969 37.532177, 126.949959 37.532181, 126.94995 37.532185, 126.949941 37.53219, 126.949933 37.532196, 126.949925 37.532203, 126.949919 37.53221, 126.949913 37.532217, 126.949908 37.532225, 126.949904 37.532234, 126.949902 37.532242, 126.9499 37.532251, 126.9499 37.53226, 126.9499 37.532269, 126.949902 37.532278, 126.949904 37.532286, 126.949908 37.532294, 126.949913 37.532302, 126.949919 37.53231, 126.949925 37.532317, 126.949933 37.532324, 126.949941 37.53233, 126.94995 37.532335, 126.949959 37.532339, 126.949969 37.532343, 126.94998 37.532346, 126.949991 37.532348, 126.950002 37.53235, 126.950013 37.53235, 126.950024 37.53235, 126.950035 37.532348, 126.950045 37.532346, 126.950056 37.532343, 126.950066 37.532339, 126.950076 37.532335, 126.950084 37.53233, 126.950093 37.532324, 126.9501 37.532317, 126.950107 37.53231, 126.950112 37.532303, 126.950117 37.532295, 126.950121 37.532286, 126.950124 37.532278, 126.950125 37.532269, 126.950126 37.53226))"
버스정류소,점10m,"POLYGON ((126.948357 37.534614, 126.948356 37.534606, 126.948354 37.534597, 126.948352 37.534588, 126.948348 37.53458, 126.948343 37.534572, 126.948338 37.534564, 126.948331 37.534557, 126.948324 37.534551, 126.948315 37.534545, 126.948306 37.53454, 126.948297 37.534535, 126.948287 37.534531, 126.948276 37.534528, 126.948266 37.534526, 126.948255 37.534525, 126.948244 37.534524, 126.948232 37.534525, 126.948221 37.534526, 126.948211 37.534528, 126.9482 37.534531, 126.94819 37.534535, 126.948181 37.534539, 126.948172 37.534545, 126.948164 37.534551, 126.948156 37.534557, 126.948149 37.534564, 126.948144 37.534572, 126.948139 37.53458, 126.948135 37.534588, 126.948133 37.534597, 126.948131 37.534606, 126.94813 37.534614, 126.948131 37.534623, 126.948133 37.534632, 126.948135 37.534641, 126.948139 37.534649, 126.948144 37.534657, 126.948149 37.534664, 126.948156 37.534672, 126.948163 37.534678, 126.948172 37.534684, 126.948181 37.534689, 126.94819 37.534694, 126.9482 37.534698, 126.948211 37.534701, 126.948221 37.534703, 126.948232 37.534704, 126.948243 37.534705, 126.948255 37.534704, 126.948266 37.534703, 126.948276 37.534701, 126.948287 37.534698, 126.948297 37.534694, 126.948306 37.534689, 126.948315 37.534684, 126.948323 37.534678, 126.948331 37.534672, 126.948338 37.534665, 126.948343 37.534657, 126.948348 37.534649, 126.948352 37.534641, 126.948354 37.534632, 126.948356 37.534623, 126.948357 37.534614))"
버스정류소,점10m,"POLYGON ((126.949436 37.534015, 126.949436 37.534006, 126.949434 37.533997, 126.949431 37.533989, 126.949428 37.533981, 126.949423 37.533973, 126.949417 37.533965, 126.94941 37.533958, 126.949403 37.533951, 126.949395 37.533945, 126.949386 37.53394, 126.949376 37.533936, 126.949366 37.533932, 126.949356 37.533929, 126.949345 37.533927, 126.949334 37.533925, 126.949323 37.533925, 126.949312 37.533925, 126.949301 37.533927, 126.94929 37.533929, 126.94928 37.533932, 126.94927 37.533936, 126.94926 37.53394, 126.949251 37.533945, 126.949243 37.533951, 126.949236 37.533958, 126.949229 37.533965, 126.949223 37.533972, 126.949218 37.53398, 126.949215 37.533989, 126.949212 37.533997, 126.94921 37.534006, 126.94921 37.534015, 126.94921 37.534024, 126.949212 37.534033, 126.949215 37.534041, 126.949218 37.534049, 126.949223 37.534057, 126.949229 37.534065, 126.949236 37.534072, 126.949243 37.534079, 126.949251 37.534085, 126.94926 37.53409, 126.94927 37.534094, 126.94928 37.534098, 126.94929 37.534101, 126.949301 37.534103, 126.949312 37.534105, 126.949323 37.534105, 126.949334 37.534105, 126.949345 37.534103, 126.949356 37.534101, 126.949366 37.534098, 126.949376 37.534094, 126.949386 37.53409, 126.949395 37.534085, 126.949403 37.534079, 126.94941 37.534072, 126.949417 37.534065, 126.949423 37.534058, 126.949428 37.53405, 126.949431 37.534041, 126.949434 37.534033, 126.949436 37.534024, 126.949436 37.534015))"
버스정류소,점10m,"POLYGON ((126.950655 37.533018, 126.950654 37.533009, 126.950653 37.533, 126.95065 37.532992, 126.950646 37.532983, 126.950641 37.532975, 126.950636 37.532968, 126.950629 37.532961, 126.950622 37.532954, 126.950613 37.532948, 126.950605 37.532943, 126.950595 37.532938, 126.950585 37.532935, 126.950574 37.532932, 126.950564 37.532929, 126.950553 37.532928, 126.950542 37.532928, 126.950531 37.532928, 126.95052 37.532929, 126.950509 37.532932, 126.950498 37.532935, 126.950488 37.532938, 126.950479 37.532943, 126.95047 37.532948, 126.950462 37.532954, 126.950454 37.532961, 126.950448 37.532968, 126.950442 37.532975, 126.950437 37.532983, 126.950433 37.532992, 126.950431 37.533, 126.950429 37.533009, 126.950428 37.533018, 126.950429 37.533027, 126.950431 37.533035, 126.950433 37.533044, 126.950437 37.533052, 126.950442 37.53306, 126.950447 37.533068, 126.950454 37.533075, 126.950462 37.533081, 126.95047 37.533087, 126.950479 37.533093, 126.950488 37.533097, 126.950498 37.533101, 126.950509 37.533104, 126.950519 37.533106, 126.95053 37.533107, 126.950542 37.533108, 126.950553 37.533107, 126.950564 37.533106, 126.950574 37.533104, 126.950585 37.533101, 126.950595 37.533097, 126.950604 37.533093, 126.950613 37.533087, 126.950622 37.533082, 126.950629 37.533075, 126.950636 37.533068, 126.950641 37.53306, 126.950646 37.533052, 126.95065 37.533044, 126.950653 37.533035, 126.950654 37.533027, 126.950655 37.533018))"
버스정류소,점10m,"POLYGON ((126.950941 37.533109, 126.95094 37.5331, 126.950939 37.533091, 126.950936 37.533083, 126.950932 37.533074, 126.950928 37.533066, 126.950922 37.533059, 126.950915 37.533052, 126.950908 37.533045, 126.9509 37.533039, 126.950891 37.533034, 126.950881 37.533029, 126.950871 37.533026, 126.950861 37.533023, 126.95085 37.533021, 126.950839 37.533019, 126.950828 37.533019, 126.950817 37.533019, 126.950806 37.533021, 126.950795 37.533023, 126.950785 37.533026, 126.950775 37.533029, 126.950765 37.533034, 126.950756 37.533039, 126.950748 37.533045, 126.95074 37.533052, 126.950734 37.533059, 126.950728 37.533066, 126.950723 37.533074, 126.95072 37.533083, 126.950717 37.533091, 126.950715 37.5331, 126.950715 37.533109, 126.950715 37.533118, 126.950717 37.533126, 126.95072 37.533135, 126.950723 37.533143, 126.950728 37.533151, 126.950734 37.533159, 126.95074 37.533166, 126.950748 37.533173, 126.950756 37.533179, 126.950765 37.533184, 126.950774 37.533188, 126.950784 37.533192, 126.950795 37.533195, 126.950806 37.533197, 126.950817 37.533199, 126.950828 37.533199, 126.950839 37.533199, 126.95085 37.533197, 126.950861 37.533195, 126.950871 37.533192, 126.950881 37.533188, 126.950891 37.533184, 126.9509 37.533179, 126.950908 37.533173, 126.950915 37.533166, 126.950922 37.533159, 126.950928 37.533151, 126.950932 37.533143, 126.950936 37.533135, 126.950939 37.533127, 126.95094 37.533118, 126.950941 37.533109))"
버스정류소,점10m,"POLYGON ((126.953636 37.532129, 126.953635 37.53212, 126.953633 37.532111, 126.953631 37.532103, 126.953627 37.532094, 126.953622 37.532086, 126.953617 37.532079, 126.95361 37.532072, 126.953603 37.532065, 126.953594 37.532059, 126.953585 37.532054, 126.953576 37.532049, 126.953566 37.532045, 126.953555 37.532042, 126.953545 37.53204, 126.953534 37.532039, 126.953523 37.532039, 126.953511 37.532039, 126.9535 37.53204, 126.95349 37.532042, 126.953479 37.532045, 126.953469 37.532049, 126.95346 37.532054, 126.953451 37.532059, 126.953443 37.532065, 126.953435 37.532071, 126.953428 37.532079, 126.953423 37.532086, 126.953418 37.532094, 126.953414 37.532102, 126.953412 37.532111, 126.95341 37.53212, 126.953409 37.532129, 126.95341 37.532137, 126.953412 37.532146, 126.953414 37.532155, 126.953418 37.532163, 126.953423 37.532171, 126.953428 37.532179, 126.953435 37.532186, 126.953442 37.532192, 126.953451 37.532198, 126.95346 37.532204, 126.953469 37.532208, 126.953479 37.532212, 126.95349 37.532215, 126.9535 37.532217, 126.953511 37.532218, 126.953522 37.532219, 126.953534 37.532218, 126.953545 37.532217, 126.953555 37.532215, 126.953566 37.532212, 126.953576 37.532208, 126.953585 37.532204, 126.953594 37.532198, 126.953602 37.532192, 126.95361 37.532186, 126.953617 37.532179, 126.953622 37.532171, 126.953627 37.532163, 126.953631 37.532155, 126.953633 37.532146, 126.953635 37.532138, 126.953636 37.532129))"
버스정류소,점10m,"POLYGON ((126.954627 37.532369, 126.954626 37.53236, 126.954625 37.532351, 126.954622 37.532343, 126.954618 37.532334, 126.954613 37.532326, 126.954608 37.532319, 126.954601 37.532312, 126.954594 37.532305, 126.954585 37.532299, 126.954577 37.532294, 126.954567 37.532289, 126.954557 37.532286, 126.954546 37.532283, 126.954536 37.53228, 126.954525 37.532279, 126.954514 37.532279, 126.954503 37.532279, 126.954492 37.53228, 126.954481 37.532283, 126.95447 37.532286, 126.95446 37.532289, 126.954451 37.532294, 126.954442 37.532299, 126.954434 37.532305, 126.954426 37.532312, 126.95442 37.532319, 126.954414 37.532326, 126.954409 37.532334, 126.954405 37.532343, 126.954403 37.532351, 126.954401 37.53236, 126.9544 37.532369, 126.954401 37.532378, 126.954403 37.532386, 126.954405 37.532395, 126.954409 37.532403, 126.954414 37.532411, 126.954419 37.532419, 126.954426 37.532426, 126.954434 37.532432, 126.954442 37.532438, 126.954451 37.532444, 126.95446 37.532448, 126.95447 37.532452, 126.954481 37.532455, 126.954491 37.532457, 126.954502 37.532458, 126.954514 37.532459, 126.954525 37.532458, 126.954536 37.532457, 126.954546 37.532455, 126.954557 37.532452, 126.954567 37.532448, 126.954576 37.532444, 126.954585 37.532438, 126.954594 37.532433, 126.954601 37.532426, 126.954608 37.532419, 126.954613 37.532411, 126.954618 37.532403, 126.954622 37.532395, 126.954625 37.532386, 126.954626 37.532378, 126.954627 37.532369))"
버스정류소,점10m,"POLYGON ((126.956031 37.532742, 126.956031 37.532733, 126.956029 37.532725, 126.956026 37.532716, 126.956023 37.532708, 126.956018 37.5327, 126.956012 37.532692, 126.956006 37.532685, 126.955998 37.532678, 126.95599 37.532673, 126.955981 37.532667, 126.955972 37.532663, 126.955962 37.532659, 126.955951 37.532656, 126.95594 37.532654, 126.955929 37.532652, 126.955918 37.532652, 126.955907 37.532652, 126.955896 37.532654, 126.955885 37.532656, 126.955875 37.532659, 126.955865 37.532663, 126.955855 37.532667, 126.955846 37.532672, 126.955838 37.532678, 126.955831 37.532685, 126.955824 37.532692, 126.955818 37.5327, 126.955814 37.532708, 126.95581 37.532716, 126.955807 37.532725, 126.955806 37.532733, 126.955805 37.532742, 126.955806 37.532751, 126.955807 37.53276, 126.95581 37.532768, 126.955814 37.532777, 126.955818 37.532785, 126.955824 37.532792, 126.955831 37.532799, 126.955838 37.532806, 126.955846 37.532812, 126.955855 37.532817, 126.955865 37.532822, 126.955875 37.532825, 126.955885 37.532828, 126.955896 37.532831, 126.955907 37.532832, 126.955918 37.532832, 126.955929 37.532832, 126.95594 37.532831, 126.955951 37.532828, 126.955961 37.532825, 126.955971 37.532822, 126.955981 37.532817, 126.95599 37.532812, 126.955998 37.532806, 126.956006 37.532799, 126.956012 37.532792, 126.956018 37.532785, 126.956023 37.532777, 126.956026 37.532768, 126.956029 37.53276, 126.956031 37.532751, 126.956031 37.532742))"
버스정류소,점10m,"POLYGON ((126.951509 37.534494, 126.951509 37.534485, 126.951507 37.534477, 126.951504 37.534468, 126.951501 37.53446, 126.951496 37.534452, 126.95149 37.534444, 126.951484 37.534437, 126.951476 37.53443, 126.951468 37.534424, 126.951459 37.534419, 126.95145 37.534415, 126.95144 37.534411, 126.951429 37.534408, 126.951418 37.534406, 126.951407 37.534404, 126.951396 37.534404, 126.951385 37.534404, 126.951374 37.534406, 126.951363 37.534408, 126.951353 37.534411, 126.951343 37.534415, 126.951333 37.534419, 126.951324 37.534424, 126.951316 37.53443, 126.951309 37.534437, 126.951302 37.534444, 126.951296 37.534452, 126.951292 37.53446, 126.951288 37.534468, 126.951285 37.534476, 126.951284 37.534485, 126.951283 37.534494, 126.951284 37.534503, 126.951285 37.534512, 126.951288 37.53452, 126.951292 37.534529, 126.951296 37.534537, 126.951302 37.534544, 126.951309 37.534551, 126.951316 37.534558, 126.951324 37.534564, 126.951333 37.534569, 126.951343 37.534574, 126.951353 37.534577, 126.951363 37.53458, 126.951374 37.534582, 126.951385 37.534584, 126.951396 37.534584, 126.951407 37.534584, 126.951418 37.534582, 126.951429 37.53458, 126.951439 37.534577, 126.951449 37.534574, 126.951459 37.534569, 126.951468 37.534564, 126.951476 37.534558, 126.951484 37.534551, 126.95149 37.534544, 126.951496 37.534537, 126.951501 37.534529, 126.951504 37.53452, 126.951507 37.534512, 126.951509 37.534503, 126.951509 37.534494))"
버스정류소,점10m,"POLYGON ((126.951305 37.5345, 126.951305 37.534492, 126.951303 37.534483, 126.951301 37.534474, 126.951297 37.534466, 126.951292 37.534458, 126.951286 37.53445, 126.95128 37.534443, 126.951272 37.534437, 126.951264 37.534431, 126.951255 37.534425, 126.951246 37.534421, 126.951236 37.534417, 126.951225 37.534414, 126.951214 37.534412, 126.951203 37.534411, 126.951192 37.53441, 126.951181 37.534411, 126.95117 37.534412, 126.95116 37.534414, 126.951149 37.534417, 126.951139 37.534421, 126.951129 37.534425, 126.951121 37.534431, 126.951112 37.534437, 126.951105 37.534443, 126.951098 37.53445, 126.951093 37.534458, 126.951088 37.534466, 126.951084 37.534474, 126.951081 37.534483, 126.95108 37.534491, 126.951079 37.5345, 126.95108 37.534509, 126.951081 37.534518, 126.951084 37.534526, 126.951088 37.534535, 126.951092 37.534543, 126.951098 37.53455, 126.951105 37.534557, 126.951112 37.534564, 126.95112 37.53457, 126.951129 37.534575, 126.951139 37.53458, 126.951149 37.534584, 126.951159 37.534587, 126.95117 37.534589, 126.951181 37.53459, 126.951192 37.53459, 126.951203 37.53459, 126.951214 37.534589, 126.951225 37.534587, 126.951236 37.534584, 126.951246 37.53458, 126.951255 37.534575, 126.951264 37.53457, 126.951272 37.534564, 126.95128 37.534558, 126.951286 37.53455, 126.951292 37.534543, 126.951297 37.534535, 126.951301 37.534527, 126.951303 37.534518, 126.951305 37.534509, 126.951305 37.5345))"
버스정류소,점10m,"POLYGON ((126.953756 37.53532, 126.953755 37.535312, 126.953753 37.535303, 126.953751 37.535294, 126.953747 37.535286, 126.953742 37.535278, 126.953737 37.53527, 126.95373 37.535263, 126.953723 37.535257, 126.953714 37.535251, 126.953705 37.535245, 126.953696 37.535241, 126.953686 37.535237, 126.953675 37.535234, 126.953665 37.535232, 126.953654 37.535231, 126.953643 37.53523, 126.953631 37.535231, 126.95362 37.535232, 126.95361 37.535234, 126.953599 37.535237, 126.953589 37.535241, 126.95358 37.535245, 126.953571 37.535251, 126.953563 37.535257, 126.953555 37.535263, 126.953548 37.53527, 126.953543 37.535278, 126.953538 37.535286, 126.953534 37.535294, 126.953532 37.535303, 126.95353 37.535312, 126.953529 37.53532, 126.95353 37.535329, 126.953532 37.535338, 126.953534 37.535347, 126.953538 37.535355, 126.953543 37.535363, 126.953548 37.53537, 126.953555 37.535378, 126.953562 37.535384, 126.953571 37.53539, 126.95358 37.535395, 126.953589 37.5354, 126.953599 37.535404, 126.95361 37.535407, 126.95362 37.535409, 126.953631 37.53541, 126.953642 37.53541, 126.953654 37.53541, 126.953665 37.535409, 126.953675 37.535407, 126.953686 37.535404, 126.953696 37.5354, 126.953705 37.535395, 126.953714 37.53539, 126.953722 37.535384, 126.95373 37.535378, 126.953737 37.53537, 126.953742 37.535363, 126.953747 37.535355, 126.953751 37.535347, 126.953753 37.535338, 126.953755 37.535329, 126.953756 37.53532))"
버스정류소,점10m,"POLYGON ((126.953495 37.535408, 126.953495 37.535399, 126.953493 37.535391, 126.95349 37.535382, 126.953487 37.535374, 126.953482 37.535366, 126.953476 37.535358, 126.95347 37.535351, 126.953462 37.535344, 126.953454 37.535339, 126.953445 37.535333, 126.953436 37.535329, 126.953426 37.535325, 126.953415 37.535322, 126.953404 37.53532, 126.953393 37.535318, 126.953382 37.535318, 126.953371 37.535318, 126.95336 37.53532, 126.953349 37.535322, 126.953339 37.535325, 126.953329 37.535329, 126.953319 37.535333, 126.95331 37.535338, 126.953302 37.535344, 126.953295 37.535351, 126.953288 37.535358, 126.953282 37.535366, 126.953278 37.535374, 126.953274 37.535382, 126.953271 37.535391, 126.95327 37.535399, 126.953269 37.535408, 126.95327 37.535417, 126.953271 37.535426, 126.953274 37.535434, 126.953278 37.535443, 126.953282 37.535451, 126.953288 37.535458, 126.953295 37.535465, 126.953302 37.535472, 126.95331 37.535478, 126.953319 37.535483, 126.953329 37.535488, 126.953339 37.535491, 126.953349 37.535494, 126.95336 37.535496, 126.953371 37.535498, 126.953382 37.535498, 126.953393 37.535498, 126.953404 37.535497, 126.953415 37.535494, 126.953425 37.535491, 126.953435 37.535488, 126.953445 37.535483, 126.953454 37.535478, 126.953462 37.535472, 126.95347 37.535465, 126.953476 37.535458, 126.953482 37.535451, 126.953487 37.535443, 126.95349 37.535434, 126.953493 37.535426, 126.953495 37.535417, 126.953495 37.535408))"
버스정류소,점10m,"POLYGON ((126.955071 37.535708, 126.95507 37.5357, 126.955069 37.535691, 126.955066 37.535682, 126.955062 37.535674, 126.955057 37.535666, 126.955052 37.535658, 126.955045 37.535651, 126.955038 37.535645, 126.955029 37.535639, 126.955021 37.535633, 126.955011 37.535629, 126.955001 37.535625, 126.95499 37.535622, 126.95498 37.53562, 126.954969 37.535619, 126.954958 37.535618, 126.954947 37.535619, 126.954936 37.53562, 126.954925 37.535622, 126.954914 37.535625, 126.954904 37.535629, 126.954895 37.535633, 126.954886 37.535639, 126.954878 37.535645, 126.95487 37.535651, 126.954864 37.535658, 126.954858 37.535666, 126.954853 37.535674, 126.954849 37.535682, 126.954847 37.535691, 126.954845 37.535699, 126.954844 37.535708, 126.954845 37.535717, 126.954847 37.535726, 126.954849 37.535734, 126.954853 37.535743, 126.954858 37.535751, 126.954863 37.535758, 126.95487 37.535765, 126.954878 37.535772, 126.954886 37.535778, 126.954895 37.535783, 126.954904 37.535788, 126.954914 37.535792, 126.954925 37.535795, 126.954935 37.535797, 126.954946 37.535798, 126.954958 37.535798, 126.954969 37.535798, 126.95498 37.535797, 126.95499 37.535795, 126.955001 37.535792, 126.955011 37.535788, 126.95502 37.535783, 126.955029 37.535778, 126.955038 37.535772, 126.955045 37.535766, 126.955052 37.535758, 126.955057 37.535751, 126.955062 37.535743, 126.955066 37.535735, 126.955069 37.535726, 126.95507 37.535717, 126.955071 37.535708))"
버스정류소,점10m,"POLYGON ((126.95506 37.53583, 126.95506 37.535821, 126.955058 37.535813, 126.955055 37.535804, 126.955052 37.535796, 126.955047 37.535788, 126.955041 37.53578, 126.955035 37.535773, 126.955027 37.535766, 126.955019 37.53576, 126.95501 37.535755, 126.955 37.535751, 126.95499 37.535747, 126.95498 37.535744, 126.954969 37.535742, 126.954958 37.53574, 126.954947 37.53574, 126.954936 37.53574, 126.954925 37.535742, 126.954914 37.535744, 126.954904 37.535747, 126.954894 37.535751, 126.954884 37.535755, 126.954875 37.53576, 126.954867 37.535766, 126.95486 37.535773, 126.954853 37.53578, 126.954847 37.535788, 126.954843 37.535796, 126.954839 37.535804, 126.954836 37.535812, 126.954835 37.535821, 126.954834 37.53583, 126.954834 37.535839, 126.954836 37.535848, 126.954839 37.535856, 126.954843 37.535864, 126.954847 37.535872, 126.954853 37.53588, 126.95486 37.535887, 126.954867 37.535894, 126.954875 37.5359, 126.954884 37.535905, 126.954894 37.535909, 126.954904 37.535913, 126.954914 37.535916, 126.954925 37.535918, 126.954936 37.53592, 126.954947 37.53592, 126.954958 37.53592, 126.954969 37.535918, 126.95498 37.535916, 126.95499 37.535913, 126.955 37.53591, 126.95501 37.535905, 126.955019 37.5359, 126.955027 37.535894, 126.955035 37.535887, 126.955041 37.53588, 126.955047 37.535873, 126.955052 37.535865, 126.955055 37.535856, 126.955058 37.535848, 126.95506 37.535839, 126.95506 37.53583))"
버스정류소,점10m,"POLYGON ((126.958107 37.536659, 126.958106 37.53665, 126.958105 37.536642, 126.958102 37.536633, 126.958098 37.536625, 126.958094 37.536617, 126.958088 37.536609, 126.958081 37.536602, 126.958074 37.536595, 126.958066 37.536589, 126.958057 37.536584, 126.958047 37.53658, 126.958037 37.536576, 126.958027 37.536573, 126.958016 37.536571, 126.958005 37.536569, 126.957994 37.536569, 126.957983 37.536569, 126.957972 37.536571, 126.957961 37.536573, 126.957951 37.536576, 126.957941 37.53658, 126.957931 37.536584, 126.957922 37.536589, 126.957914 37.536595, 126.957906 37.536602, 126.9579 37.536609, 126.957894 37.536617, 126.957889 37.536625, 126.957886 37.536633, 126.957883 37.536641, 126.957881 37.53665, 126.957881 37.536659, 126.957881 37.536668, 126.957883 37.536677, 126.957886 37.536685, 126.957889 37.536694, 126.957894 37.536702, 126.9579 37.536709, 126.957906 37.536716, 126.957914 37.536723, 126.957922 37.536729, 126.957931 37.536734, 126.95794 37.536739, 126.95795 37.536742, 126.957961 37.536745, 126.957972 37.536747, 126.957983 37.536749, 126.957994 37.536749, 126.958005 37.536749, 126.958016 37.536747, 126.958027 37.536745, 126.958037 37.536742, 126.958047 37.536739, 126.958057 37.536734, 126.958066 37.536729, 126.958074 37.536723, 126.958081 37.536716, 126.958088 37.536709, 126.958094 37.536702, 126.958098 37.536694, 126.958102 37.536685, 126.958105 37.536677, 126.958106 37.536668, 126.958107 37.536659))"
버스정류소,점10m,"POLYGON ((126.957706 37.536755, 126.957706 37.536746, 126.957704 37.536737, 126.957701 37.536728, 126.957698 37.53672, 126.957693 37.536712, 126.957687 37.536704, 126.957681 37.536697, 126.957673 37.536691, 126.957665 37.536685, 126.957656 37.53668, 126.957647 37.536675, 126.957637 37.536671, 126.957626 37.536668, 126.957615 37.536666, 126.957604 37.536665, 126.957593 37.536664, 126.957582 37.536665, 126.957571 37.536666, 126.95756 37.536668, 126.95755 37.536671, 126.95754 37.536675, 126.95753 37.53668, 126.957521 37.536685, 126.957513 37.536691, 126.957506 37.536697, 126.957499 37.536704, 126.957493 37.536712, 126.957489 37.53672, 126.957485 37.536728, 126.957482 37.536737, 126.957481 37.536746, 126.95748 37.536754, 126.957481 37.536763, 126.957482 37.536772, 126.957485 37.536781, 126.957489 37.536789, 126.957493 37.536797, 126.957499 37.536804, 126.957506 37.536812, 126.957513 37.536818, 126.957521 37.536824, 126.95753 37.536829, 126.95754 37.536834, 126.95755 37.536838, 126.95756 37.536841, 126.957571 37.536843, 126.957582 37.536844, 126.957593 37.536845, 126.957604 37.536844, 126.957615 37.536843, 126.957626 37.536841, 126.957636 37.536838, 126.957646 37.536834, 126.957656 37.536829, 126.957665 37.536824, 126.957673 37.536818, 126.957681 37.536812, 126.957687 37.536805, 126.957693 37.536797, 126.957698 37.536789, 126.957701 37.536781, 126.957704 37.536772, 126.957706 37.536763, 126.957706 37.536755))"
버스정류소,점10m,"POLYGON ((126.959647 37.537072, 126.959646 37.537063, 126.959645 37.537054, 126.959642 37.537046, 126.959638 37.537037, 126.959634 37.537029, 126.959628 37.537022, 126.959621 37.537014, 126.959614 37.537008, 126.959606 37.537002, 126.959597 37.536997, 126.959587 37.536992, 126.959577 37.536988, 126.959567 37.536985, 126.959556 37.536983, 126.959545 37.536982, 126.959534 37.536982, 126.959523 37.536982, 126.959512 37.536983, 126.959501 37.536985, 126.959491 37.536988, 126.959481 37.536992, 126.959471 37.536997, 126.959462 37.537002, 126.959454 37.537008, 126.959446 37.537014, 126.95944 37.537022, 126.959434 37.537029, 126.959429 37.537037, 126.959426 37.537045, 126.959423 37.537054, 126.959421 37.537063, 126.959421 37.537072, 126.959421 37.53708, 126.959423 37.537089, 126.959426 37.537098, 126.959429 37.537106, 126.959434 37.537114, 126.95944 37.537122, 126.959446 37.537129, 126.959454 37.537135, 126.959462 37.537141, 126.959471 37.537147, 126.95948 37.537151, 126.95949 37.537155, 126.959501 37.537158, 126.959512 37.53716, 126.959523 37.537161, 126.959534 37.537162, 126.959545 37.537161, 126.959556 37.53716, 126.959567 37.537158, 126.959577 37.537155, 126.959587 37.537151, 126.959597 37.537147, 126.959606 37.537141, 126.959614 37.537135, 126.959621 37.537129, 126.959628 37.537122, 126.959634 37.537114, 126.959638 37.537106, 126.959642 37.537098, 126.959645 37.537089, 126.959646 37.53708, 126.959647 37.537072))"
버스정류소,점10m,"POLYGON ((126.95931 37.537149, 126.959309 37.53714, 126.959308 37.537132, 126.959305 37.537123, 126.959301 37.537115, 126.959297 37.537107, 126.959291 37.537099, 126.959284 37.537092, 126.959277 37.537086, 126.959269 37.53708, 126.95926 37.537074, 126.95925 37.53707, 126.95924 37.537066, 126.95923 37.537063, 126.959219 37.537061, 126.959208 37.53706, 126.959197 37.537059, 126.959186 37.53706, 126.959175 37.537061, 126.959164 37.537063, 126.959154 37.537066, 126.959144 37.53707, 126.959134 37.537074, 126.959125 37.53708, 126.959117 37.537085, 126.959109 37.537092, 126.959103 37.537099, 126.959097 37.537107, 126.959092 37.537115, 126.959089 37.537123, 126.959086 37.537132, 126.959084 37.53714, 126.959084 37.537149, 126.959084 37.537158, 126.959086 37.537167, 126.959089 37.537175, 126.959092 37.537184, 126.959097 37.537192, 126.959103 37.537199, 126.959109 37.537206, 126.959117 37.537213, 126.959125 37.537219, 126.959134 37.537224, 126.959143 37.537229, 126.959153 37.537232, 126.959164 37.537235, 126.959175 37.537238, 126.959186 37.537239, 126.959197 37.537239, 126.959208 37.537239, 126.959219 37.537238, 126.95923 37.537235, 126.95924 37.537232, 126.95925 37.537229, 126.95926 37.537224, 126.959269 37.537219, 126.959277 37.537213, 126.959284 37.537206, 126.959291 37.537199, 126.959297 37.537192, 126.959301 37.537184, 126.959305 37.537175, 126.959308 37.537167, 126.959309 37.537158, 126.95931 37.537149))"
버스정류소,점10m,"POLYGON ((127.006864 37.532631, 127.006863 37.532622, 127.006862 37.532613, 127.006859 37.532604, 127.006855 37.532596, 127.00685 37.532588, 127.006845 37.53258, 127.006838 37.532573, 127.006831 37.532567, 127.006822 37.532561, 127.006813 37.532556, 127.006804 37.532551, 127.006794 37.532547, 127.006783 37.532544, 127.006773 37.532542, 127.006762 37.532541, 127.006751 37.53254, 127.00674 37.532541, 127.006729 37.532542, 127.006718 37.532544, 127.006707 37.532547, 127.006697 37.532551, 127.006688 37.532556, 127.006679 37.532561, 127.006671 37.532567, 127.006663 37.532573, 127.006657 37.53258, 127.006651 37.532588, 127.006646 37.532596, 127.006642 37.532604, 127.00664 37.532613, 127.006638 37.532622, 127.006637 37.532631, 127.006638 37.532639, 127.00664 37.532648, 127.006642 37.532657, 127.006646 37.532665, 127.006651 37.532673, 127.006657 37.532681, 127.006663 37.532688, 127.006671 37.532694, 127.006679 37.5327, 127.006688 37.532705, 127.006697 37.53271, 127.006707 37.532714, 127.006718 37.532717, 127.006729 37.532719, 127.00674 37.53272, 127.006751 37.532721, 127.006762 37.53272, 127.006773 37.532719, 127.006783 37.532717, 127.006794 37.532714, 127.006804 37.53271, 127.006813 37.532705, 127.006822 37.5327, 127.006831 37.532694, 127.006838 37.532688, 127.006845 37.532681, 127.00685 37.532673, 127.006855 37.532665, 127.006859 37.532657, 127.006862 37.532648, 127.006863 37.532639, 127.006864 37.532631))"
버스정류소,점10m,"POLYGON ((126.991308 37.551014, 126.991307 37.551006, 126.991306 37.550997, 126.991303 37.550988, 126.991299 37.55098, 126.991295 37.550972, 126.991289 37.550964, 126.991282 37.550957, 126.991275 37.550951, 126.991267 37.550945, 126.991258 37.55094, 126.991248 37.550935, 126.991238 37.550931, 126.991228 37.550928, 126.991217 37.550926, 126.991206 37.550925, 126.991195 37.550924, 126.991184 37.550925, 126.991173 37.550926, 126.991162 37.550928, 126.991152 37.550931, 126.991141 37.550935, 126.991132 37.55094, 126.991123 37.550945, 126.991115 37.550951, 126.991107 37.550957, 126.991101 37.550964, 126.991095 37.550972, 126.99109 37.55098, 126.991087 37.550988, 126.991084 37.550997, 126.991082 37.551006, 126.991082 37.551014, 126.991082 37.551023, 126.991084 37.551032, 126.991087 37.551041, 126.99109 37.551049, 126.991095 37.551057, 126.991101 37.551065, 126.991107 37.551072, 126.991115 37.551078, 126.991123 37.551084, 126.991132 37.551089, 126.991141 37.551094, 126.991151 37.551098, 126.991162 37.551101, 126.991173 37.551103, 126.991184 37.551104, 126.991195 37.551105, 126.991206 37.551104, 126.991217 37.551103, 126.991228 37.551101, 126.991238 37.551098, 126.991248 37.551094, 126.991258 37.551089, 126.991267 37.551084, 126.991275 37.551078, 126.991282 37.551072, 126.991289 37.551065, 126.991295 37.551057, 126.991299 37.551049, 126.991303 37.551041, 126.991306 37.551032, 126.991307 37.551023, 126.991308 37.551014))"
버스정류소,점10m,"POLYGON ((126.950804 37.533888, 126.950803 37.533879, 126.950802 37.53387, 126.950799 37.533862, 126.950795 37.533853, 126.950791 37.533845, 126.950785 37.533838, 126.950778 37.533831, 126.950771 37.533824, 126.950763 37.533818, 126.950754 37.533813, 126.950744 37.533808, 126.950734 37.533805, 126.950724 37.533802, 126.950713 37.5338, 126.950702 37.533798, 126.950691 37.533798, 126.95068 37.533798, 126.950669 37.5338, 126.950658 37.533802, 126.950647 37.533805, 126.950637 37.533808, 126.950628 37.533813, 126.950619 37.533818, 126.950611 37.533824, 126.950603 37.533831, 126.950597 37.533838, 126.950591 37.533845, 126.950586 37.533853, 126.950582 37.533862, 126.95058 37.53387, 126.950578 37.533879, 126.950578 37.533888, 126.950578 37.533897, 126.95058 37.533905, 126.950582 37.533914, 126.950586 37.533922, 126.950591 37.53393, 126.950597 37.533938, 126.950603 37.533945, 126.950611 37.533952, 126.950619 37.533958, 126.950628 37.533963, 126.950637 37.533967, 126.950647 37.533971, 126.950658 37.533974, 126.950669 37.533976, 126.95068 37.533978, 126.950691 37.533978, 126.950702 37.533978, 126.950713 37.533976, 126.950723 37.533974, 126.950734 37.533971, 126.950744 37.533967, 126.950754 37.533963, 126.950762 37.533958, 126.950771 37.533952, 126.950778 37.533945, 126.950785 37.533938, 126.95079 37.53393, 126.950795 37.533922, 126.950799 37.533914, 126.950802 37.533906, 126.950803 37.533897, 126.950804 37.533888))"
버스정류소,점10m,"POLYGON ((126.950498 37.533747, 126.950498 37.533738, 126.950496 37.533729, 126.950493 37.533721, 126.950489 37.533712, 126.950485 37.533704, 126.950479 37.533697, 126.950472 37.53369, 126.950465 37.533683, 126.950457 37.533677, 126.950448 37.533672, 126.950438 37.533667, 126.950428 37.533663, 126.950418 37.53366, 126.950407 37.533658, 126.950396 37.533657, 126.950385 37.533657, 126.950374 37.533657, 126.950363 37.533658, 126.950352 37.53366, 126.950342 37.533663, 126.950332 37.533667, 126.950322 37.533672, 126.950313 37.533677, 126.950305 37.533683, 126.950297 37.533689, 126.950291 37.533697, 126.950285 37.533704, 126.95028 37.533712, 126.950277 37.53372, 126.950274 37.533729, 126.950272 37.533738, 126.950272 37.533747, 126.950272 37.533755, 126.950274 37.533764, 126.950277 37.533773, 126.95028 37.533781, 126.950285 37.533789, 126.950291 37.533797, 126.950297 37.533804, 126.950305 37.53381, 126.950313 37.533816, 126.950322 37.533822, 126.950332 37.533826, 126.950342 37.53383, 126.950352 37.533833, 126.950363 37.533835, 126.950374 37.533836, 126.950385 37.533837, 126.950396 37.533836, 126.950407 37.533835, 126.950418 37.533833, 126.950428 37.53383, 126.950438 37.533826, 126.950448 37.533822, 126.950457 37.533816, 126.950465 37.53381, 126.950472 37.533804, 126.950479 37.533797, 126.950485 37.533789, 126.950489 37.533781, 126.950493 37.533773, 126.950496 37.533764, 126.950497 37.533756, 126.950498 37.533747))"
버스정류소,점10m,"POLYGON ((126.991104 37.522614, 126.991104 37.522605, 126.991102 37.522596, 126.991099 37.522588, 126.991096 37.522579, 126.991091 37.522571, 126.991085 37.522564, 126.991078 37.522557, 126.991071 37.52255, 126.991063 37.522544, 126.991054 37.522539, 126.991044 37.522534, 126.991034 37.522531, 126.991024 37.522528, 126.991013 37.522525, 126.991002 37.522524, 126.990991 37.522524, 126.99098 37.522524, 126.990969 37.522525, 126.990958 37.522528, 126.990948 37.522531, 126.990938 37.522534, 126.990928 37.522539, 126.990919 37.522544, 126.990911 37.52255, 126.990904 37.522557, 126.990897 37.522564, 126.990891 37.522571, 126.990886 37.522579, 126.990883 37.522588, 126.99088 37.522596, 126.990878 37.522605, 126.990878 37.522614, 126.990878 37.522623, 126.99088 37.522631, 126.990883 37.52264, 126.990886 37.522648, 126.990891 37.522656, 126.990897 37.522664, 126.990904 37.522671, 126.990911 37.522677, 126.990919 37.522683, 126.990928 37.522689, 126.990938 37.522693, 126.990948 37.522697, 126.990958 37.5227, 126.990969 37.522702, 126.99098 37.522703, 126.990991 37.522704, 126.991002 37.522703, 126.991013 37.522702, 126.991024 37.5227, 126.991034 37.522697, 126.991044 37.522693, 126.991054 37.522689, 126.991063 37.522683, 126.991071 37.522678, 126.991078 37.522671, 126.991085 37.522664, 126.991091 37.522656, 126.991096 37.522648, 126.991099 37.52264, 126.991102 37.522631, 126.991104 37.522623, 126.991104 37.522614))"
버스정류소,점10m,"POLYGON ((127.005661 37.527844, 127.00566 37.527835, 127.005658 37.527826, 127.005656 37.527818, 127.005652 37.527809, 127.005647 37.527802, 127.005641 37.527794, 127.005635 37.527787, 127.005627 37.52778, 127.005619 37.527774, 127.00561 37.527769, 127.005601 37.527765, 127.005591 37.527761, 127.00558 37.527758, 127.005569 37.527756, 127.005558 37.527754, 127.005547 37.527754, 127.005536 37.527754, 127.005525 37.527756, 127.005515 37.527758, 127.005504 37.527761, 127.005494 37.527765, 127.005485 37.527769, 127.005476 37.527774, 127.005467 37.52778, 127.00546 37.527787, 127.005453 37.527794, 127.005448 37.527802, 127.005443 37.52781, 127.005439 37.527818, 127.005436 37.527826, 127.005435 37.527835, 127.005434 37.527844, 127.005435 37.527853, 127.005436 37.527862, 127.005439 37.52787, 127.005443 37.527878, 127.005448 37.527886, 127.005453 37.527894, 127.00546 37.527901, 127.005467 37.527908, 127.005476 37.527914, 127.005485 37.527919, 127.005494 37.527923, 127.005504 37.527927, 127.005515 37.52793, 127.005525 37.527932, 127.005536 37.527934, 127.005547 37.527934, 127.005558 37.527934, 127.005569 37.527932, 127.00558 37.52793, 127.005591 37.527927, 127.005601 37.527923, 127.00561 37.527919, 127.005619 37.527914, 127.005627 37.527908, 127.005635 37.527901, 127.005641 37.527894, 127.005647 37.527886, 127.005652 37.527878, 127.005656 37.52787, 127.005658 37.527862, 127.00566 37.527853, 127.005661 37.527844))"
버스정류소,점10m,"POLYGON ((126.989599 37.520035, 126.989598 37.520026, 126.989596 37.520017, 126.989594 37.520008, 126.98959 37.52, 126.989585 37.519992, 126.98958 37.519984, 126.989573 37.519977, 126.989565 37.519971, 126.989557 37.519965, 126.989548 37.51996, 126.989539 37.519955, 126.989529 37.519951, 126.989518 37.519948, 126.989508 37.519946, 126.989497 37.519945, 126.989486 37.519944, 126.989474 37.519945, 126.989463 37.519946, 126.989453 37.519948, 126.989442 37.519951, 126.989432 37.519955, 126.989423 37.51996, 126.989414 37.519965, 126.989406 37.519971, 126.989398 37.519977, 126.989391 37.519984, 126.989386 37.519992, 126.989381 37.52, 126.989377 37.520008, 126.989375 37.520017, 126.989373 37.520026, 126.989372 37.520034, 126.989373 37.520043, 126.989375 37.520052, 126.989377 37.520061, 126.989381 37.520069, 126.989386 37.520077, 126.989391 37.520085, 126.989398 37.520092, 126.989406 37.520098, 126.989414 37.520104, 126.989423 37.520109, 126.989432 37.520114, 126.989442 37.520118, 126.989453 37.520121, 126.989463 37.520123, 126.989474 37.520124, 126.989485 37.520125, 126.989497 37.520124, 126.989508 37.520123, 126.989518 37.520121, 126.989529 37.520118, 126.989539 37.520114, 126.989548 37.520109, 126.989557 37.520104, 126.989565 37.520098, 126.989573 37.520092, 126.98958 37.520085, 126.989585 37.520077, 126.98959 37.520069, 126.989594 37.520061, 126.989596 37.520052, 126.989598 37.520043, 126.989599 37.520035))"
버스정류소,점10m,"POLYGON ((126.971174 37.53887, 126.971173 37.538861, 126.971171 37.538852, 126.971169 37.538844, 126.971165 37.538836, 126.97116 37.538828, 126.971154 37.53882, 126.971148 37.538813, 126.97114 37.538806, 126.971132 37.5388, 126.971123 37.538795, 126.971114 37.538791, 126.971104 37.538787, 126.971093 37.538784, 126.971083 37.538782, 126.971072 37.53878, 126.97106 37.53878, 126.971049 37.53878, 126.971038 37.538782, 126.971028 37.538784, 126.971017 37.538787, 126.971007 37.538791, 126.970998 37.538795, 126.970989 37.5388, 126.97098 37.538806, 126.970973 37.538813, 126.970966 37.53882, 126.970961 37.538828, 126.970956 37.538835, 126.970952 37.538844, 126.970949 37.538852, 126.970948 37.538861, 126.970947 37.53887, 126.970948 37.538879, 126.970949 37.538888, 126.970952 37.538896, 126.970956 37.538904, 126.970961 37.538912, 126.970966 37.53892, 126.970973 37.538927, 126.97098 37.538934, 126.970989 37.53894, 126.970998 37.538945, 126.971007 37.538949, 126.971017 37.538953, 126.971028 37.538956, 126.971038 37.538958, 126.971049 37.53896, 126.97106 37.53896, 126.971071 37.53896, 126.971082 37.538958, 126.971093 37.538956, 126.971104 37.538953, 126.971114 37.538949, 126.971123 37.538945, 126.971132 37.53894, 126.97114 37.538934, 126.971148 37.538927, 126.971154 37.53892, 126.97116 37.538912, 126.971165 37.538905, 126.971169 37.538896, 126.971171 37.538888, 126.971173 37.538879, 126.971174 37.53887))"
버스정류소,점10m,"POLYGON ((126.971772 37.546386, 126.971772 37.546377, 126.97177 37.546368, 126.971767 37.54636, 126.971764 37.546351, 126.971759 37.546343, 126.971753 37.546336, 126.971747 37.546329, 126.971739 37.546322, 126.971731 37.546316, 126.971722 37.546311, 126.971713 37.546306, 126.971703 37.546303, 126.971692 37.5463, 126.971681 37.546297, 126.97167 37.546296, 126.971659 37.546296, 126.971648 37.546296, 126.971637 37.546297, 126.971626 37.5463, 126.971616 37.546303, 126.971606 37.546306, 126.971596 37.546311, 126.971587 37.546316, 126.971579 37.546322, 126.971572 37.546329, 126.971565 37.546336, 126.971559 37.546343, 126.971555 37.546351, 126.971551 37.54636, 126.971548 37.546368, 126.971547 37.546377, 126.971546 37.546386, 126.971547 37.546395, 126.971548 37.546403, 126.971551 37.546412, 126.971555 37.54642, 126.971559 37.546428, 126.971565 37.546436, 126.971572 37.546443, 126.971579 37.54645, 126.971587 37.546455, 126.971596 37.546461, 126.971606 37.546465, 126.971616 37.546469, 126.971626 37.546472, 126.971637 37.546474, 126.971648 37.546476, 126.971659 37.546476, 126.97167 37.546476, 126.971681 37.546474, 126.971692 37.546472, 126.971702 37.546469, 126.971713 37.546465, 126.971722 37.546461, 126.971731 37.546456, 126.971739 37.54645, 126.971747 37.546443, 126.971753 37.546436, 126.971759 37.546428, 126.971764 37.54642, 126.971767 37.546412, 126.97177 37.546403, 126.971772 37.546395, 126.971772 37.546386))"
버스정류소,점10m,"POLYGON ((126.974661 37.536204, 126.974661 37.536195, 126.974659 37.536186, 126.974656 37.536178, 126.974653 37.53617, 126.974648 37.536162, 126.974642 37.536154, 126.974635 37.536147, 126.974628 37.53614, 126.97462 37.536134, 126.974611 37.536129, 126.974601 37.536125, 126.974591 37.536121, 126.974581 37.536118, 126.97457 37.536116, 126.974559 37.536114, 126.974548 37.536114, 126.974537 37.536114, 126.974526 37.536116, 126.974515 37.536118, 126.974505 37.536121, 126.974495 37.536125, 126.974485 37.536129, 126.974476 37.536134, 126.974468 37.53614, 126.974461 37.536147, 126.974454 37.536154, 126.974448 37.536162, 126.974443 37.536169, 126.97444 37.536178, 126.974437 37.536186, 126.974435 37.536195, 126.974435 37.536204, 126.974435 37.536213, 126.974437 37.536222, 126.97444 37.53623, 126.974443 37.536238, 126.974448 37.536246, 126.974454 37.536254, 126.974461 37.536261, 126.974468 37.536268, 126.974476 37.536274, 126.974485 37.536279, 126.974495 37.536283, 126.974505 37.536287, 126.974515 37.53629, 126.974526 37.536292, 126.974537 37.536294, 126.974548 37.536294, 126.974559 37.536294, 126.97457 37.536292, 126.974581 37.53629, 126.974591 37.536287, 126.974601 37.536283, 126.974611 37.536279, 126.97462 37.536274, 126.974628 37.536268, 126.974635 37.536261, 126.974642 37.536254, 126.974648 37.536246, 126.974653 37.536239, 126.974656 37.53623, 126.974659 37.536222, 126.974661 37.536213, 126.974661 37.536204))"
버스정류소,점10m,"POLYGON ((126.970636 37.544531, 126.970636 37.544522, 126.970634 37.544513, 126.970631 37.544504, 126.970627 37.544496, 126.970623 37.544488, 126.970617 37.544481, 126.97061 37.544473, 126.970603 37.544467, 126.970595 37.544461, 126.970586 37.544456, 126.970576 37.544451, 126.970566 37.544447, 126.970556 37.544444, 126.970545 37.544442, 126.970534 37.544441, 126.970523 37.54444, 126.970512 37.544441, 126.970501 37.544442, 126.97049 37.544444, 126.97048 37.544447, 126.97047 37.544451, 126.97046 37.544456, 126.970451 37.544461, 126.970443 37.544467, 126.970435 37.544473, 126.970429 37.54448, 126.970423 37.544488, 126.970418 37.544496, 126.970415 37.544504, 126.970412 37.544513, 126.97041 37.544522, 126.97041 37.544531, 126.97041 37.544539, 126.970412 37.544548, 126.970415 37.544557, 126.970418 37.544565, 126.970423 37.544573, 126.970429 37.544581, 126.970435 37.544588, 126.970443 37.544594, 126.970451 37.5446, 126.97046 37.544605, 126.97047 37.54461, 126.97048 37.544614, 126.97049 37.544617, 126.970501 37.544619, 126.970512 37.54462, 126.970523 37.544621, 126.970534 37.54462, 126.970545 37.544619, 126.970556 37.544617, 126.970566 37.544614, 126.970576 37.54461, 126.970586 37.544605, 126.970595 37.5446, 126.970603 37.544594, 126.97061 37.544588, 126.970617 37.544581, 126.970623 37.544573, 126.970627 37.544565, 126.970631 37.544557, 126.970634 37.544548, 126.970636 37.544539, 126.970636 37.544531))"
버스정류소,점10m,"POLYGON ((126.955723 37.532138, 126.955723 37.53213, 126.955721 37.532121, 126.955719 37.532112, 126.955715 37.532104, 126.95571 37.532096, 126.955704 37.532088, 126.955698 37.532081, 126.95569 37.532075, 126.955682 37.532069, 126.955673 37.532063, 126.955664 37.532059, 126.955654 37.532055, 126.955643 37.532052, 126.955632 37.53205, 126.955621 37.532049, 126.95561 37.532048, 126.955599 37.532049, 126.955588 37.53205, 126.955578 37.532052, 126.955567 37.532055, 126.955557 37.532059, 126.955547 37.532063, 126.955539 37.532069, 126.95553 37.532075, 126.955523 37.532081, 126.955516 37.532088, 126.955511 37.532096, 126.955506 37.532104, 126.955502 37.532112, 126.955499 37.532121, 126.955498 37.532129, 126.955497 37.532138, 126.955498 37.532147, 126.955499 37.532156, 126.955502 37.532164, 126.955506 37.532173, 126.95551 37.532181, 126.955516 37.532188, 126.955523 37.532195, 126.95553 37.532202, 126.955538 37.532208, 126.955547 37.532213, 126.955557 37.532218, 126.955567 37.532222, 126.955577 37.532225, 126.955588 37.532227, 126.955599 37.532228, 126.95561 37.532228, 126.955621 37.532228, 126.955632 37.532227, 126.955643 37.532225, 126.955654 37.532222, 126.955664 37.532218, 126.955673 37.532213, 126.955682 37.532208, 126.95569 37.532202, 126.955698 37.532196, 126.955704 37.532188, 126.95571 37.532181, 126.955715 37.532173, 126.955719 37.532165, 126.955721 37.532156, 126.955723 37.532147, 126.955723 37.532138))"
버스정류소,점10m,"POLYGON ((126.970913 37.538365, 126.970912 37.538356, 126.97091 37.538347, 126.970908 37.538338, 126.970904 37.53833, 126.970899 37.538322, 126.970894 37.538314, 126.970887 37.538307, 126.97088 37.538301, 126.970871 37.538295, 126.970862 37.53829, 126.970853 37.538285, 126.970843 37.538281, 126.970832 37.538278, 126.970822 37.538276, 126.970811 37.538275, 126.9708 37.538274, 126.970788 37.538275, 126.970777 37.538276, 126.970767 37.538278, 126.970756 37.538281, 126.970746 37.538285, 126.970737 37.53829, 126.970728 37.538295, 126.97072 37.538301, 126.970712 37.538307, 126.970705 37.538314, 126.9707 37.538322, 126.970695 37.53833, 126.970691 37.538338, 126.970689 37.538347, 126.970687 37.538356, 126.970686 37.538364, 126.970687 37.538373, 126.970689 37.538382, 126.970691 37.538391, 126.970695 37.538399, 126.9707 37.538407, 126.970705 37.538415, 126.970712 37.538422, 126.970719 37.538428, 126.970728 37.538434, 126.970737 37.538439, 126.970746 37.538444, 126.970756 37.538448, 126.970767 37.538451, 126.970777 37.538453, 126.970788 37.538454, 126.970799 37.538455, 126.970811 37.538454, 126.970822 37.538453, 126.970832 37.538451, 126.970843 37.538448, 126.970853 37.538444, 126.970862 37.538439, 126.970871 37.538434, 126.970879 37.538428, 126.970887 37.538422, 126.970894 37.538415, 126.970899 37.538407, 126.970904 37.538399, 126.970908 37.538391, 126.97091 37.538382, 126.970912 37.538373, 126.970913 37.538365))"
버스정류소,점10m,"POLYGON ((127.007109 37.532695, 127.007109 37.532686, 127.007107 37.532677, 127.007104 37.532668, 127.007101 37.53266, 127.007096 37.532652, 127.00709 37.532644, 127.007084 37.532637, 127.007076 37.532631, 127.007068 37.532625, 127.007059 37.53262, 127.007049 37.532615, 127.007039 37.532611, 127.007029 37.532608, 127.007018 37.532606, 127.007007 37.532605, 127.006996 37.532604, 127.006985 37.532605, 127.006974 37.532606, 127.006963 37.532608, 127.006953 37.532611, 127.006943 37.532615, 127.006933 37.53262, 127.006924 37.532625, 127.006916 37.532631, 127.006909 37.532637, 127.006902 37.532644, 127.006896 37.532652, 127.006892 37.53266, 127.006888 37.532668, 127.006885 37.532677, 127.006884 37.532686, 127.006883 37.532695, 127.006884 37.532703, 127.006885 37.532712, 127.006888 37.532721, 127.006892 37.532729, 127.006896 37.532737, 127.006902 37.532745, 127.006909 37.532752, 127.006916 37.532758, 127.006924 37.532764, 127.006933 37.532769, 127.006943 37.532774, 127.006953 37.532778, 127.006963 37.532781, 127.006974 37.532783, 127.006985 37.532784, 127.006996 37.532785, 127.007007 37.532784, 127.007018 37.532783, 127.007029 37.532781, 127.007039 37.532778, 127.007049 37.532774, 127.007059 37.532769, 127.007068 37.532764, 127.007076 37.532758, 127.007084 37.532752, 127.00709 37.532745, 127.007096 37.532737, 127.007101 37.532729, 127.007104 37.532721, 127.007107 37.532712, 127.007109 37.532703, 127.007109 37.532695))"
버스정류소,점10m,"POLYGON ((126.969757 37.544884, 126.969756 37.544876, 126.969754 37.544867, 126.969752 37.544858, 126.969748 37.54485, 126.969743 37.544842, 126.969738 37.544834, 126.969731 37.544827, 126.969724 37.544821, 126.969715 37.544815, 126.969706 37.54481, 126.969697 37.544805, 126.969687 37.544801, 126.969676 37.544798, 126.969666 37.544796, 126.969655 37.544795, 126.969644 37.544794, 126.969632 37.544795, 126.969621 37.544796, 126.969611 37.544798, 126.9696 37.544801, 126.96959 37.544805, 126.969581 37.54481, 126.969572 37.544815, 126.969564 37.544821, 126.969556 37.544827, 126.969549 37.544834, 126.969544 37.544842, 126.969539 37.54485, 126.969535 37.544858, 126.969533 37.544867, 126.969531 37.544876, 126.96953 37.544884, 126.969531 37.544893, 126.969533 37.544902, 126.969535 37.544911, 126.969539 37.544919, 126.969544 37.544927, 126.969549 37.544934, 126.969556 37.544942, 126.969563 37.544948, 126.969572 37.544954, 126.969581 37.544959, 126.96959 37.544964, 126.9696 37.544968, 126.969611 37.544971, 126.969621 37.544973, 126.969632 37.544974, 126.969643 37.544975, 126.969655 37.544974, 126.969666 37.544973, 126.969676 37.544971, 126.969687 37.544968, 126.969697 37.544964, 126.969706 37.544959, 126.969715 37.544954, 126.969723 37.544948, 126.969731 37.544942, 126.969738 37.544935, 126.969743 37.544927, 126.969748 37.544919, 126.969752 37.544911, 126.969754 37.544902, 126.969756 37.544893, 126.969757 37.544884))"
버스정류소,점10m,"POLYGON ((126.990723 37.520841, 126.990723 37.520832, 126.990721 37.520824, 126.990718 37.520815, 126.990715 37.520807, 126.99071 37.520799, 126.990704 37.520791, 126.990697 37.520784, 126.99069 37.520778, 126.990682 37.520772, 126.990673 37.520766, 126.990663 37.520762, 126.990653 37.520758, 126.990643 37.520755, 126.990632 37.520753, 126.990621 37.520752, 126.99061 37.520751, 126.990599 37.520752, 126.990588 37.520753, 126.990577 37.520755, 126.990567 37.520758, 126.990557 37.520762, 126.990547 37.520766, 126.990538 37.520772, 126.99053 37.520778, 126.990523 37.520784, 126.990516 37.520791, 126.99051 37.520799, 126.990505 37.520807, 126.990502 37.520815, 126.990499 37.520824, 126.990497 37.520832, 126.990497 37.520841, 126.990497 37.52085, 126.990499 37.520859, 126.990502 37.520867, 126.990505 37.520876, 126.99051 37.520884, 126.990516 37.520891, 126.990523 37.520898, 126.99053 37.520905, 126.990538 37.520911, 126.990547 37.520916, 126.990557 37.520921, 126.990567 37.520925, 126.990577 37.520928, 126.990588 37.52093, 126.990599 37.520931, 126.99061 37.520931, 126.990621 37.520931, 126.990632 37.52093, 126.990643 37.520928, 126.990653 37.520925, 126.990663 37.520921, 126.990673 37.520916, 126.990682 37.520911, 126.99069 37.520905, 126.990697 37.520898, 126.990704 37.520891, 126.99071 37.520884, 126.990715 37.520876, 126.990718 37.520867, 126.990721 37.520859, 126.990723 37.52085, 126.990723 37.520841))"
버스정류소,점10m,"POLYGON ((126.960929 37.521331, 126.960929 37.521322, 126.960927 37.521313, 126.960924 37.521305, 126.960921 37.521296, 126.960916 37.521288, 126.96091 37.521281, 126.960904 37.521274, 126.960896 37.521267, 126.960888 37.521261, 126.960879 37.521256, 126.96087 37.521251, 126.96086 37.521248, 126.960849 37.521245, 126.960838 37.521242, 126.960827 37.521241, 126.960816 37.521241, 126.960805 37.521241, 126.960794 37.521242, 126.960783 37.521245, 126.960773 37.521248, 126.960763 37.521251, 126.960753 37.521256, 126.960744 37.521261, 126.960736 37.521267, 126.960729 37.521274, 126.960722 37.521281, 126.960716 37.521288, 126.960712 37.521296, 126.960708 37.521305, 126.960705 37.521313, 126.960704 37.521322, 126.960703 37.521331, 126.960704 37.52134, 126.960705 37.521348, 126.960708 37.521357, 126.960712 37.521365, 126.960716 37.521373, 126.960722 37.521381, 126.960729 37.521388, 126.960736 37.521394, 126.960744 37.5214, 126.960753 37.521406, 126.960763 37.52141, 126.960773 37.521414, 126.960783 37.521417, 126.960794 37.521419, 126.960805 37.52142, 126.960816 37.521421, 126.960827 37.52142, 126.960838 37.521419, 126.960849 37.521417, 126.960859 37.521414, 126.960869 37.52141, 126.960879 37.521406, 126.960888 37.5214, 126.960896 37.521395, 126.960904 37.521388, 126.96091 37.521381, 126.960916 37.521373, 126.960921 37.521365, 126.960924 37.521357, 126.960927 37.521348, 126.960929 37.52134, 126.960929 37.521331))"
버스정류소,점10m,"POLYGON ((126.961457 37.521236, 126.961456 37.521227, 126.961454 37.521218, 126.961452 37.52121, 126.961448 37.521202, 126.961443 37.521194, 126.961438 37.521186, 126.961431 37.521179, 126.961424 37.521172, 126.961415 37.521166, 126.961406 37.521161, 126.961397 37.521157, 126.961387 37.521153, 126.961376 37.52115, 126.961366 37.521148, 126.961355 37.521146, 126.961344 37.521146, 126.961332 37.521146, 126.961321 37.521148, 126.961311 37.52115, 126.9613 37.521153, 126.96129 37.521157, 126.961281 37.521161, 126.961272 37.521166, 126.961264 37.521172, 126.961256 37.521179, 126.961249 37.521186, 126.961244 37.521193, 126.961239 37.521201, 126.961235 37.52121, 126.961233 37.521218, 126.961231 37.521227, 126.96123 37.521236, 126.961231 37.521245, 126.961233 37.521254, 126.961235 37.521262, 126.961239 37.52127, 126.961244 37.521278, 126.961249 37.521286, 126.961256 37.521293, 126.961263 37.5213, 126.961272 37.521306, 126.961281 37.521311, 126.96129 37.521315, 126.9613 37.521319, 126.961311 37.521322, 126.961321 37.521324, 126.961332 37.521326, 126.961343 37.521326, 126.961355 37.521326, 126.961366 37.521324, 126.961376 37.521322, 126.961387 37.521319, 126.961397 37.521315, 126.961406 37.521311, 126.961415 37.521306, 126.961423 37.5213, 126.961431 37.521293, 126.961438 37.521286, 126.961443 37.521279, 126.961448 37.521271, 126.961452 37.521262, 126.961454 37.521254, 126.961456 37.521245, 126.961457 37.521236))"
버스정류소,점10m,"POLYGON ((126.958718 37.517516, 126.958718 37.517507, 126.958716 37.517499, 126.958713 37.51749, 126.95871 37.517482, 126.958705 37.517474, 126.958699 37.517466, 126.958693 37.517459, 126.958685 37.517452, 126.958677 37.517447, 126.958668 37.517441, 126.958659 37.517437, 126.958649 37.517433, 126.958638 37.51743, 126.958627 37.517428, 126.958616 37.517427, 126.958605 37.517426, 126.958594 37.517427, 126.958583 37.517428, 126.958572 37.51743, 126.958562 37.517433, 126.958552 37.517437, 126.958542 37.517441, 126.958533 37.517447, 126.958525 37.517452, 126.958518 37.517459, 126.958511 37.517466, 126.958505 37.517474, 126.958501 37.517482, 126.958497 37.51749, 126.958494 37.517499, 126.958493 37.517507, 126.958492 37.517516, 126.958493 37.517525, 126.958494 37.517534, 126.958497 37.517542, 126.958501 37.517551, 126.958505 37.517559, 126.958511 37.517566, 126.958518 37.517573, 126.958525 37.51758, 126.958533 37.517586, 126.958542 37.517591, 126.958552 37.517596, 126.958562 37.517599, 126.958572 37.517602, 126.958583 37.517605, 126.958594 37.517606, 126.958605 37.517606, 126.958616 37.517606, 126.958627 37.517605, 126.958638 37.517602, 126.958648 37.517599, 126.958658 37.517596, 126.958668 37.517591, 126.958677 37.517586, 126.958685 37.51758, 126.958693 37.517573, 126.958699 37.517566, 126.958705 37.517559, 126.95871 37.517551, 126.958713 37.517542, 126.958716 37.517534, 126.958718 37.517525, 126.958718 37.517516))"
버스정류소,점10m,"POLYGON ((126.959151 37.517364, 126.95915 37.517355, 126.959149 37.517346, 126.959146 37.517338, 126.959142 37.517329, 126.959137 37.517321, 126.959132 37.517314, 126.959125 37.517307, 126.959118 37.5173, 126.959109 37.517294, 126.959101 37.517289, 126.959091 37.517284, 126.959081 37.517281, 126.959071 37.517278, 126.95906 37.517275, 126.959049 37.517274, 126.959038 37.517274, 126.959027 37.517274, 126.959016 37.517275, 126.959005 37.517278, 126.958994 37.517281, 126.958984 37.517284, 126.958975 37.517289, 126.958966 37.517294, 126.958958 37.5173, 126.95895 37.517307, 126.958944 37.517314, 126.958938 37.517321, 126.958933 37.517329, 126.958929 37.517338, 126.958927 37.517346, 126.958925 37.517355, 126.958925 37.517364, 126.958925 37.517373, 126.958927 37.517381, 126.958929 37.51739, 126.958933 37.517398, 126.958938 37.517406, 126.958944 37.517414, 126.95895 37.517421, 126.958958 37.517428, 126.958966 37.517433, 126.958975 37.517439, 126.958984 37.517443, 126.958994 37.517447, 126.959005 37.51745, 126.959016 37.517452, 126.959027 37.517454, 126.959038 37.517454, 126.959049 37.517454, 126.95906 37.517452, 126.95907 37.51745, 126.959081 37.517447, 126.959091 37.517443, 126.959101 37.517439, 126.959109 37.517434, 126.959118 37.517428, 126.959125 37.517421, 126.959132 37.517414, 126.959137 37.517406, 126.959142 37.517398, 126.959146 37.51739, 126.959149 37.517381, 126.95915 37.517373, 126.959151 37.517364))"
버스정류소,점10m,"POLYGON ((126.990846 37.544673, 126.990846 37.544664, 126.990844 37.544655, 126.990841 37.544647, 126.990838 37.544639, 126.990833 37.544631, 126.990827 37.544623, 126.99082 37.544616, 126.990813 37.544609, 126.990805 37.544603, 126.990796 37.544598, 126.990786 37.544594, 126.990776 37.54459, 126.990766 37.544587, 126.990755 37.544585, 126.990744 37.544583, 126.990733 37.544583, 126.990722 37.544583, 126.990711 37.544585, 126.9907 37.544587, 126.99069 37.54459, 126.99068 37.544594, 126.99067 37.544598, 126.990661 37.544603, 126.990653 37.544609, 126.990646 37.544616, 126.990639 37.544623, 126.990633 37.544631, 126.990628 37.544639, 126.990625 37.544647, 126.990622 37.544655, 126.99062 37.544664, 126.99062 37.544673, 126.99062 37.544682, 126.990622 37.544691, 126.990625 37.544699, 126.990628 37.544707, 126.990633 37.544715, 126.990639 37.544723, 126.990646 37.54473, 126.990653 37.544737, 126.990661 37.544743, 126.99067 37.544748, 126.99068 37.544752, 126.99069 37.544756, 126.9907 37.544759, 126.990711 37.544761, 126.990722 37.544763, 126.990733 37.544763, 126.990744 37.544763, 126.990755 37.544761, 126.990766 37.544759, 126.990776 37.544756, 126.990786 37.544752, 126.990796 37.544748, 126.990805 37.544743, 126.990813 37.544737, 126.99082 37.54473, 126.990827 37.544723, 126.990833 37.544715, 126.990838 37.544707, 126.990841 37.544699, 126.990844 37.544691, 126.990846 37.544682, 126.990846 37.544673))"
버스정류소,점10m,"POLYGON ((126.991045 37.54485, 126.991045 37.544841, 126.991043 37.544832, 126.99104 37.544824, 126.991037 37.544815, 126.991032 37.544807, 126.991026 37.5448, 126.99102 37.544793, 126.991012 37.544786, 126.991004 37.54478, 126.990995 37.544775, 126.990985 37.54477, 126.990975 37.544766, 126.990965 37.544763, 126.990954 37.544761, 126.990943 37.54476, 126.990932 37.54476, 126.990921 37.54476, 126.99091 37.544761, 126.990899 37.544763, 126.990889 37.544766, 126.990879 37.54477, 126.990869 37.544775, 126.99086 37.54478, 126.990852 37.544786, 126.990845 37.544793, 126.990838 37.5448, 126.990832 37.544807, 126.990828 37.544815, 126.990824 37.544824, 126.990821 37.544832, 126.990819 37.544841, 126.990819 37.54485, 126.990819 37.544858, 126.990821 37.544867, 126.990824 37.544876, 126.990828 37.544884, 126.990832 37.544892, 126.990838 37.5449, 126.990845 37.544907, 126.990852 37.544913, 126.99086 37.544919, 126.990869 37.544925, 126.990879 37.544929, 126.990889 37.544933, 126.990899 37.544936, 126.99091 37.544938, 126.990921 37.544939, 126.990932 37.54494, 126.990943 37.544939, 126.990954 37.544938, 126.990965 37.544936, 126.990975 37.544933, 126.990985 37.544929, 126.990995 37.544925, 126.991004 37.544919, 126.991012 37.544913, 126.99102 37.544907, 126.991026 37.5449, 126.991032 37.544892, 126.991037 37.544884, 126.99104 37.544876, 126.991043 37.544867, 126.991045 37.544859, 126.991045 37.54485))"
버스정류소,점10m,"POLYGON ((126.96395 37.544607, 126.96395 37.544598, 126.963948 37.54459, 126.963945 37.544581, 126.963941 37.544573, 126.963937 37.544565, 126.963931 37.544557, 126.963924 37.54455, 126.963917 37.544543, 126.963909 37.544537, 126.9639 37.544532, 126.96389 37.544528, 126.96388 37.544524, 126.96387 37.544521, 126.963859 37.544519, 126.963848 37.544517, 126.963837 37.544517, 126.963826 37.544517, 126.963815 37.544519, 126.963804 37.544521, 126.963794 37.544524, 126.963784 37.544528, 126.963774 37.544532, 126.963765 37.544537, 126.963757 37.544543, 126.963749 37.54455, 126.963743 37.544557, 126.963737 37.544565, 126.963732 37.544573, 126.963729 37.544581, 126.963726 37.544589, 126.963724 37.544598, 126.963724 37.544607, 126.963724 37.544616, 126.963726 37.544625, 126.963729 37.544633, 126.963732 37.544642, 126.963737 37.54465, 126.963743 37.544657, 126.963749 37.544664, 126.963757 37.544671, 126.963765 37.544677, 126.963774 37.544682, 126.963784 37.544687, 126.963794 37.54469, 126.963804 37.544693, 126.963815 37.544695, 126.963826 37.544697, 126.963837 37.544697, 126.963848 37.544697, 126.963859 37.544695, 126.96387 37.544693, 126.96388 37.54469, 126.96389 37.544687, 126.9639 37.544682, 126.963909 37.544677, 126.963917 37.544671, 126.963924 37.544664, 126.963931 37.544657, 126.963937 37.54465, 126.963941 37.544642, 126.963945 37.544633, 126.963948 37.544625, 126.96395 37.544616, 126.96395 37.544607))"
버스정류소,점10m,"POLYGON ((126.96896 37.553078, 126.968959 37.553069, 126.968958 37.55306, 126.968955 37.553052, 126.968951 37.553043, 126.968947 37.553035, 126.968941 37.553028, 126.968934 37.553021, 126.968927 37.553014, 126.968919 37.553008, 126.96891 37.553003, 126.9689 37.552998, 126.96889 37.552995, 126.96888 37.552992, 126.968869 37.55299, 126.968858 37.552988, 126.968847 37.552988, 126.968836 37.552988, 126.968825 37.55299, 126.968814 37.552992, 126.968804 37.552995, 126.968793 37.552998, 126.968784 37.553003, 126.968775 37.553008, 126.968767 37.553014, 126.968759 37.553021, 126.968753 37.553028, 126.968747 37.553035, 126.968742 37.553043, 126.968739 37.553052, 126.968736 37.55306, 126.968734 37.553069, 126.968734 37.553078, 126.968734 37.553087, 126.968736 37.553095, 126.968738 37.553104, 126.968742 37.553112, 126.968747 37.55312, 126.968753 37.553128, 126.968759 37.553135, 126.968767 37.553142, 126.968775 37.553148, 126.968784 37.553153, 126.968793 37.553157, 126.968803 37.553161, 126.968814 37.553164, 126.968825 37.553166, 126.968836 37.553168, 126.968847 37.553168, 126.968858 37.553168, 126.968869 37.553166, 126.96888 37.553164, 126.96889 37.553161, 126.9689 37.553157, 126.96891 37.553153, 126.968919 37.553148, 126.968927 37.553142, 126.968934 37.553135, 126.968941 37.553128, 126.968947 37.55312, 126.968951 37.553112, 126.968955 37.553104, 126.968958 37.553096, 126.968959 37.553087, 126.96896 37.553078))"
버스정류소,점10m,"POLYGON ((126.967353 37.538487, 126.967353 37.538478, 126.967351 37.538469, 126.967349 37.538461, 126.967345 37.538452, 126.96734 37.538444, 126.967334 37.538437, 126.967328 37.53843, 126.96732 37.538423, 126.967312 37.538417, 126.967303 37.538412, 126.967294 37.538407, 126.967284 37.538404, 126.967273 37.538401, 126.967262 37.538399, 126.967251 37.538397, 126.96724 37.538397, 126.967229 37.538397, 126.967218 37.538399, 126.967207 37.538401, 126.967197 37.538404, 126.967187 37.538407, 126.967177 37.538412, 126.967169 37.538417, 126.96716 37.538423, 126.967153 37.53843, 126.967146 37.538437, 126.967141 37.538444, 126.967136 37.538452, 126.967132 37.538461, 126.967129 37.538469, 126.967128 37.538478, 126.967127 37.538487, 126.967128 37.538496, 126.967129 37.538504, 126.967132 37.538513, 126.967136 37.538521, 126.96714 37.538529, 126.967146 37.538537, 126.967153 37.538544, 126.96716 37.538551, 126.967168 37.538557, 126.967177 37.538562, 126.967187 37.538566, 126.967197 37.53857, 126.967207 37.538573, 126.967218 37.538575, 126.967229 37.538577, 126.96724 37.538577, 126.967251 37.538577, 126.967262 37.538575, 126.967273 37.538573, 126.967284 37.53857, 126.967294 37.538566, 126.967303 37.538562, 126.967312 37.538557, 126.96732 37.538551, 126.967328 37.538544, 126.967334 37.538537, 126.96734 37.538529, 126.967345 37.538521, 126.967349 37.538513, 126.967351 37.538505, 126.967353 37.538496, 126.967353 37.538487))"
버스정류소,점10m,"POLYGON ((126.981959 37.552344, 126.981959 37.552335, 126.981957 37.552326, 126.981955 37.552318, 126.981951 37.552309, 126.981946 37.552301, 126.98194 37.552294, 126.981934 37.552287, 126.981926 37.55228, 126.981918 37.552274, 126.981909 37.552269, 126.9819 37.552264, 126.98189 37.55226, 126.981879 37.552257, 126.981868 37.552255, 126.981857 37.552254, 126.981846 37.552254, 126.981835 37.552254, 126.981824 37.552255, 126.981813 37.552257, 126.981803 37.55226, 126.981793 37.552264, 126.981783 37.552269, 126.981774 37.552274, 126.981766 37.55228, 126.981759 37.552286, 126.981752 37.552294, 126.981746 37.552301, 126.981742 37.552309, 126.981738 37.552317, 126.981735 37.552326, 126.981734 37.552335, 126.981733 37.552344, 126.981734 37.552352, 126.981735 37.552361, 126.981738 37.55237, 126.981742 37.552378, 126.981746 37.552386, 126.981752 37.552394, 126.981759 37.552401, 126.981766 37.552407, 126.981774 37.552413, 126.981783 37.552419, 126.981793 37.552423, 126.981803 37.552427, 126.981813 37.55243, 126.981824 37.552432, 126.981835 37.552433, 126.981846 37.552434, 126.981857 37.552433, 126.981868 37.552432, 126.981879 37.55243, 126.981889 37.552427, 126.9819 37.552423, 126.981909 37.552419, 126.981918 37.552413, 126.981926 37.552407, 126.981934 37.552401, 126.98194 37.552394, 126.981946 37.552386, 126.981951 37.552378, 126.981954 37.55237, 126.981957 37.552361, 126.981959 37.552353, 126.981959 37.552344))"
버스정류소,점10m,"POLYGON ((126.997106 37.54066, 126.997106 37.540652, 126.997104 37.540643, 126.997102 37.540634, 126.997098 37.540626, 126.997093 37.540618, 126.997087 37.54061, 126.997081 37.540603, 126.997073 37.540597, 126.997065 37.540591, 126.997056 37.540585, 126.997047 37.540581, 126.997037 37.540577, 126.997026 37.540574, 126.997015 37.540572, 126.997004 37.540571, 126.996993 37.54057, 126.996982 37.540571, 126.996971 37.540572, 126.99696 37.540574, 126.99695 37.540577, 126.99694 37.540581, 126.99693 37.540585, 126.996922 37.540591, 126.996913 37.540597, 126.996906 37.540603, 126.996899 37.54061, 126.996894 37.540618, 126.996889 37.540626, 126.996885 37.540634, 126.996882 37.540643, 126.996881 37.540652, 126.99688 37.54066, 126.996881 37.540669, 126.996882 37.540678, 126.996885 37.540687, 126.996889 37.540695, 126.996894 37.540703, 126.996899 37.54071, 126.996906 37.540718, 126.996913 37.540724, 126.996922 37.54073, 126.99693 37.540735, 126.99694 37.54074, 126.99695 37.540744, 126.99696 37.540747, 126.996971 37.540749, 126.996982 37.54075, 126.996993 37.54075, 126.997004 37.54075, 126.997015 37.540749, 126.997026 37.540747, 126.997037 37.540744, 126.997047 37.54074, 126.997056 37.540735, 126.997065 37.54073, 126.997073 37.540724, 126.997081 37.540718, 126.997087 37.54071, 126.997093 37.540703, 126.997098 37.540695, 126.997102 37.540687, 126.997104 37.540678, 126.997106 37.540669, 126.997106 37.54066))"
버스정류소,점10m,"POLYGON ((126.986809 37.538983, 126.986808 37.538974, 126.986807 37.538965, 126.986804 37.538957, 126.9868 37.538948, 126.986795 37.53894, 126.98679 37.538933, 126.986783 37.538926, 126.986776 37.538919, 126.986767 37.538913, 126.986759 37.538908, 126.986749 37.538903, 126.986739 37.538899, 126.986729 37.538897, 126.986718 37.538894, 126.986707 37.538893, 126.986696 37.538893, 126.986685 37.538893, 126.986674 37.538894, 126.986663 37.538897, 126.986652 37.538899, 126.986642 37.538903, 126.986633 37.538908, 126.986624 37.538913, 126.986616 37.538919, 126.986608 37.538926, 126.986602 37.538933, 126.986596 37.53894, 126.986591 37.538948, 126.986587 37.538957, 126.986585 37.538965, 126.986583 37.538974, 126.986583 37.538983, 126.986583 37.538992, 126.986585 37.539, 126.986587 37.539009, 126.986591 37.539017, 126.986596 37.539025, 126.986602 37.539033, 126.986608 37.53904, 126.986616 37.539046, 126.986624 37.539052, 126.986633 37.539058, 126.986642 37.539062, 126.986652 37.539066, 126.986663 37.539069, 126.986674 37.539071, 126.986685 37.539072, 126.986696 37.539073, 126.986707 37.539072, 126.986718 37.539071, 126.986729 37.539069, 126.986739 37.539066, 126.986749 37.539062, 126.986759 37.539058, 126.986767 37.539052, 126.986776 37.539046, 126.986783 37.53904, 126.98679 37.539033, 126.986795 37.539025, 126.9868 37.539017, 126.986804 37.539009, 126.986807 37.539, 126.986808 37.538992, 126.986809 37.538983))"
버스정류소,점10m,"POLYGON ((127.004929 37.533249, 127.004928 37.53324, 127.004927 37.533231, 127.004924 37.533223, 127.00492 37.533214, 127.004915 37.533206, 127.00491 37.533199, 127.004903 37.533192, 127.004896 37.533185, 127.004887 37.533179, 127.004879 37.533174, 127.004869 37.533169, 127.004859 37.533166, 127.004849 37.533163, 127.004838 37.53316, 127.004827 37.533159, 127.004816 37.533159, 127.004805 37.533159, 127.004794 37.53316, 127.004783 37.533163, 127.004772 37.533166, 127.004762 37.533169, 127.004753 37.533174, 127.004744 37.533179, 127.004736 37.533185, 127.004728 37.533192, 127.004722 37.533199, 127.004716 37.533206, 127.004711 37.533214, 127.004707 37.533223, 127.004705 37.533231, 127.004703 37.53324, 127.004703 37.533249, 127.004703 37.533258, 127.004705 37.533266, 127.004707 37.533275, 127.004711 37.533283, 127.004716 37.533291, 127.004722 37.533299, 127.004728 37.533306, 127.004736 37.533313, 127.004744 37.533318, 127.004753 37.533324, 127.004762 37.533328, 127.004772 37.533332, 127.004783 37.533335, 127.004794 37.533337, 127.004805 37.533338, 127.004816 37.533339, 127.004827 37.533338, 127.004838 37.533337, 127.004849 37.533335, 127.004859 37.533332, 127.004869 37.533328, 127.004879 37.533324, 127.004887 37.533318, 127.004896 37.533313, 127.004903 37.533306, 127.00491 37.533299, 127.004915 37.533291, 127.00492 37.533283, 127.004924 37.533275, 127.004927 37.533266, 127.004928 37.533258, 127.004929 37.533249))"
버스정류소,점10m,"POLYGON ((126.987032 37.540597, 126.987031 37.540588, 126.987029 37.540579, 126.987027 37.54057, 126.987023 37.540562, 126.987018 37.540554, 126.987012 37.540547, 126.987006 37.540539, 126.986998 37.540533, 126.98699 37.540527, 126.986981 37.540522, 126.986972 37.540517, 126.986962 37.540513, 126.986951 37.54051, 126.98694 37.540508, 126.98693 37.540507, 126.986918 37.540507, 126.986907 37.540507, 126.986896 37.540508, 126.986886 37.54051, 126.986875 37.540513, 126.986865 37.540517, 126.986856 37.540522, 126.986847 37.540527, 126.986838 37.540533, 126.986831 37.540539, 126.986824 37.540547, 126.986819 37.540554, 126.986814 37.540562, 126.98681 37.54057, 126.986807 37.540579, 126.986806 37.540588, 126.986805 37.540597, 126.986806 37.540605, 126.986807 37.540614, 126.98681 37.540623, 126.986814 37.540631, 126.986819 37.540639, 126.986824 37.540647, 126.986831 37.540654, 126.986838 37.54066, 126.986847 37.540666, 126.986856 37.540672, 126.986865 37.540676, 126.986875 37.54068, 126.986886 37.540683, 126.986896 37.540685, 126.986907 37.540686, 126.986918 37.540687, 126.986929 37.540686, 126.98694 37.540685, 126.986951 37.540683, 126.986962 37.54068, 126.986972 37.540676, 126.986981 37.540672, 126.98699 37.540666, 126.986998 37.54066, 126.987006 37.540654, 126.987012 37.540647, 126.987018 37.540639, 126.987023 37.540631, 126.987027 37.540623, 126.987029 37.540614, 126.987031 37.540605, 126.987032 37.540597))"
버스정류소,점10m,"POLYGON ((127.00677 37.53309, 127.006769 37.533081, 127.006768 37.533073, 127.006765 37.533064, 127.006761 37.533056, 127.006756 37.533048, 127.006751 37.53304, 127.006744 37.533033, 127.006737 37.533026, 127.006728 37.53302, 127.00672 37.533015, 127.00671 37.533011, 127.0067 37.533007, 127.00669 37.533004, 127.006679 37.533002, 127.006668 37.533, 127.006657 37.533, 127.006646 37.533, 127.006635 37.533002, 127.006624 37.533004, 127.006613 37.533007, 127.006603 37.533011, 127.006594 37.533015, 127.006585 37.53302, 127.006577 37.533026, 127.006569 37.533033, 127.006563 37.53304, 127.006557 37.533048, 127.006552 37.533056, 127.006548 37.533064, 127.006546 37.533073, 127.006544 37.533081, 127.006544 37.53309, 127.006544 37.533099, 127.006546 37.533108, 127.006548 37.533116, 127.006552 37.533125, 127.006557 37.533133, 127.006563 37.53314, 127.006569 37.533147, 127.006577 37.533154, 127.006585 37.53316, 127.006594 37.533165, 127.006603 37.53317, 127.006613 37.533173, 127.006624 37.533176, 127.006635 37.533178, 127.006646 37.53318, 127.006657 37.53318, 127.006668 37.53318, 127.006679 37.533178, 127.00669 37.533176, 127.0067 37.533173, 127.00671 37.53317, 127.00672 37.533165, 127.006728 37.53316, 127.006737 37.533154, 127.006744 37.533147, 127.006751 37.53314, 127.006756 37.533133, 127.006761 37.533125, 127.006765 37.533116, 127.006768 37.533108, 127.006769 37.533099, 127.00677 37.53309))"
버스정류소,점10m,"POLYGON ((126.993717 37.540195, 126.993717 37.540186, 126.993715 37.540178, 126.993712 37.540169, 126.993709 37.540161, 126.993704 37.540153, 126.993698 37.540145, 126.993692 37.540138, 126.993684 37.540132, 126.993676 37.540126, 126.993667 37.54012, 126.993657 37.540116, 126.993647 37.540112, 126.993637 37.540109, 126.993626 37.540107, 126.993615 37.540106, 126.993604 37.540105, 126.993593 37.540106, 126.993582 37.540107, 126.993571 37.540109, 126.993561 37.540112, 126.993551 37.540116, 126.993541 37.54012, 126.993532 37.540126, 126.993524 37.540132, 126.993517 37.540138, 126.99351 37.540145, 126.993504 37.540153, 126.9935 37.540161, 126.993496 37.540169, 126.993493 37.540178, 126.993491 37.540186, 126.993491 37.540195, 126.993491 37.540204, 126.993493 37.540213, 126.993496 37.540221, 126.9935 37.54023, 126.993504 37.540238, 126.99351 37.540245, 126.993517 37.540252, 126.993524 37.540259, 126.993532 37.540265, 126.993541 37.54027, 126.993551 37.540275, 126.993561 37.540279, 126.993571 37.540281, 126.993582 37.540284, 126.993593 37.540285, 126.993604 37.540285, 126.993615 37.540285, 126.993626 37.540284, 126.993637 37.540282, 126.993647 37.540279, 126.993657 37.540275, 126.993667 37.54027, 126.993676 37.540265, 126.993684 37.540259, 126.993692 37.540252, 126.993698 37.540245, 126.993704 37.540238, 126.993709 37.54023, 126.993712 37.540221, 126.993715 37.540213, 126.993717 37.540204, 126.993717 37.540195))"
버스정류소,점10m,"POLYGON ((126.987548 37.542077, 126.987548 37.542068, 126.987546 37.54206, 126.987544 37.542051, 126.98754 37.542043, 126.987535 37.542035, 126.987529 37.542027, 126.987523 37.54202, 126.987515 37.542013, 126.987507 37.542008, 126.987498 37.542002, 126.987489 37.541998, 126.987479 37.541994, 126.987468 37.541991, 126.987457 37.541989, 126.987446 37.541988, 126.987435 37.541987, 126.987424 37.541988, 126.987413 37.541989, 126.987402 37.541991, 126.987392 37.541994, 126.987382 37.541998, 126.987372 37.542002, 126.987364 37.542008, 126.987355 37.542013, 126.987348 37.54202, 126.987341 37.542027, 126.987336 37.542035, 126.987331 37.542043, 126.987327 37.542051, 126.987324 37.54206, 126.987323 37.542068, 126.987322 37.542077, 126.987323 37.542086, 126.987324 37.542095, 126.987327 37.542103, 126.987331 37.542112, 126.987336 37.54212, 126.987341 37.542127, 126.987348 37.542134, 126.987355 37.542141, 126.987364 37.542147, 126.987372 37.542152, 126.987382 37.542157, 126.987392 37.54216, 126.987402 37.542163, 126.987413 37.542166, 126.987424 37.542167, 126.987435 37.542167, 126.987446 37.542167, 126.987457 37.542166, 126.987468 37.542163, 126.987479 37.54216, 126.987489 37.542157, 126.987498 37.542152, 126.987507 37.542147, 126.987515 37.542141, 126.987523 37.542134, 126.987529 37.542127, 126.987535 37.54212, 126.98754 37.542112, 126.987544 37.542103, 126.987546 37.542095, 126.987548 37.542086, 126.987548 37.542077))"
버스정류소,점10m,"POLYGON ((126.961005 37.547069, 126.961005 37.54706, 126.961003 37.547051, 126.961 37.547043, 126.960997 37.547034, 126.960992 37.547026, 126.960986 37.547019, 126.96098 37.547012, 126.960972 37.547005, 126.960964 37.546999, 126.960955 37.546994, 126.960945 37.546989, 126.960935 37.546986, 126.960925 37.546983, 126.960914 37.54698, 126.960903 37.546979, 126.960892 37.546979, 126.960881 37.546979, 126.96087 37.54698, 126.960859 37.546983, 126.960849 37.546986, 126.960839 37.546989, 126.960829 37.546994, 126.96082 37.546999, 126.960812 37.547005, 126.960805 37.547012, 126.960798 37.547019, 126.960792 37.547026, 126.960788 37.547034, 126.960784 37.547043, 126.960781 37.547051, 126.960779 37.54706, 126.960779 37.547069, 126.960779 37.547078, 126.960781 37.547086, 126.960784 37.547095, 126.960788 37.547103, 126.960792 37.547111, 126.960798 37.547119, 126.960805 37.547126, 126.960812 37.547133, 126.96082 37.547138, 126.960829 37.547144, 126.960839 37.547148, 126.960849 37.547152, 126.960859 37.547155, 126.96087 37.547157, 126.960881 37.547159, 126.960892 37.547159, 126.960903 37.547159, 126.960914 37.547157, 126.960925 37.547155, 126.960935 37.547152, 126.960945 37.547148, 126.960955 37.547144, 126.960964 37.547139, 126.960972 37.547133, 126.96098 37.547126, 126.960986 37.547119, 126.960992 37.547111, 126.960997 37.547103, 126.961 37.547095, 126.961003 37.547086, 126.961005 37.547078, 126.961005 37.547069))"
버스정류소,점10m,"POLYGON ((126.991739 37.539803, 126.991739 37.539794, 126.991737 37.539786, 126.991734 37.539777, 126.991731 37.539769, 126.991726 37.539761, 126.99172 37.539753, 126.991713 37.539746, 126.991706 37.539739, 126.991698 37.539734, 126.991689 37.539728, 126.991679 37.539724, 126.991669 37.53972, 126.991659 37.539717, 126.991648 37.539715, 126.991637 37.539714, 126.991626 37.539713, 126.991615 37.539714, 126.991604 37.539715, 126.991593 37.539717, 126.991583 37.53972, 126.991573 37.539724, 126.991563 37.539728, 126.991554 37.539734, 126.991546 37.539739, 126.991539 37.539746, 126.991532 37.539753, 126.991526 37.539761, 126.991521 37.539769, 126.991518 37.539777, 126.991515 37.539786, 126.991513 37.539794, 126.991513 37.539803, 126.991513 37.539812, 126.991515 37.539821, 126.991518 37.539829, 126.991521 37.539838, 126.991526 37.539846, 126.991532 37.539853, 126.991539 37.53986, 126.991546 37.539867, 126.991554 37.539873, 126.991563 37.539878, 126.991573 37.539883, 126.991583 37.539886, 126.991593 37.539889, 126.991604 37.539892, 126.991615 37.539893, 126.991626 37.539893, 126.991637 37.539893, 126.991648 37.539892, 126.991659 37.539889, 126.991669 37.539886, 126.991679 37.539883, 126.991689 37.539878, 126.991698 37.539873, 126.991706 37.539867, 126.991713 37.53986, 126.99172 37.539853, 126.991726 37.539846, 126.991731 37.539838, 126.991734 37.539829, 126.991737 37.539821, 126.991739 37.539812, 126.991739 37.539803))"
버스정류소,점10m,"POLYGON ((126.987908 37.543232, 126.987908 37.543223, 126.987906 37.543214, 126.987903 37.543205, 126.9879 37.543197, 126.987895 37.543189, 126.987889 37.543181, 126.987882 37.543174, 126.987875 37.543168, 126.987867 37.543162, 126.987858 37.543157, 126.987848 37.543152, 126.987838 37.543148, 126.987828 37.543145, 126.987817 37.543143, 126.987806 37.543142, 126.987795 37.543141, 126.987784 37.543142, 126.987773 37.543143, 126.987762 37.543145, 126.987752 37.543148, 126.987742 37.543152, 126.987732 37.543157, 126.987723 37.543162, 126.987715 37.543168, 126.987708 37.543174, 126.987701 37.543181, 126.987695 37.543189, 126.98769 37.543197, 126.987687 37.543205, 126.987684 37.543214, 126.987682 37.543223, 126.987682 37.543231, 126.987682 37.54324, 126.987684 37.543249, 126.987687 37.543258, 126.98769 37.543266, 126.987695 37.543274, 126.987701 37.543282, 126.987708 37.543289, 126.987715 37.543295, 126.987723 37.543301, 126.987732 37.543306, 126.987742 37.543311, 126.987752 37.543315, 126.987762 37.543318, 126.987773 37.54332, 126.987784 37.543321, 126.987795 37.543322, 126.987806 37.543321, 126.987817 37.54332, 126.987828 37.543318, 126.987838 37.543315, 126.987848 37.543311, 126.987858 37.543306, 126.987867 37.543301, 126.987875 37.543295, 126.987882 37.543289, 126.987889 37.543282, 126.987895 37.543274, 126.9879 37.543266, 126.987903 37.543258, 126.987906 37.543249, 126.987908 37.54324, 126.987908 37.543232))"
버스정류소,점10m,"POLYGON ((126.956345 37.539069, 126.956345 37.53906, 126.956343 37.539051, 126.95634 37.539042, 126.956337 37.539034, 126.956332 37.539026, 126.956326 37.539019, 126.95632 37.539011, 126.956312 37.539005, 126.956304 37.538999, 126.956295 37.538994, 126.956285 37.538989, 126.956275 37.538985, 126.956265 37.538982, 126.956254 37.53898, 126.956243 37.538979, 126.956232 37.538978, 126.956221 37.538979, 126.95621 37.53898, 126.956199 37.538982, 126.956189 37.538985, 126.956179 37.538989, 126.956169 37.538994, 126.95616 37.538999, 126.956152 37.539005, 126.956145 37.539011, 126.956138 37.539018, 126.956132 37.539026, 126.956128 37.539034, 126.956124 37.539042, 126.956121 37.539051, 126.95612 37.53906, 126.956119 37.539069, 126.956119 37.539077, 126.956121 37.539086, 126.956124 37.539095, 126.956128 37.539103, 126.956132 37.539111, 126.956138 37.539119, 126.956145 37.539126, 126.956152 37.539132, 126.95616 37.539138, 126.956169 37.539143, 126.956179 37.539148, 126.956189 37.539152, 126.956199 37.539155, 126.95621 37.539157, 126.956221 37.539158, 126.956232 37.539159, 126.956243 37.539158, 126.956254 37.539157, 126.956265 37.539155, 126.956275 37.539152, 126.956285 37.539148, 126.956295 37.539144, 126.956304 37.539138, 126.956312 37.539132, 126.95632 37.539126, 126.956326 37.539119, 126.956332 37.539111, 126.956337 37.539103, 126.95634 37.539095, 126.956343 37.539086, 126.956345 37.539077, 126.956345 37.539069))"
버스정류소,점10m,"POLYGON ((126.989667 37.539451, 126.989667 37.539442, 126.989665 37.539433, 126.989662 37.539425, 126.989659 37.539416, 126.989654 37.539408, 126.989648 37.539401, 126.989642 37.539394, 126.989634 37.539387, 126.989626 37.539381, 126.989617 37.539376, 126.989607 37.539371, 126.989597 37.539367, 126.989587 37.539364, 126.989576 37.539362, 126.989565 37.539361, 126.989554 37.539361, 126.989543 37.539361, 126.989532 37.539362, 126.989521 37.539364, 126.989511 37.539367, 126.989501 37.539371, 126.989491 37.539376, 126.989482 37.539381, 126.989474 37.539387, 126.989467 37.539394, 126.98946 37.539401, 126.989454 37.539408, 126.98945 37.539416, 126.989446 37.539425, 126.989443 37.539433, 126.989441 37.539442, 126.989441 37.539451, 126.989441 37.53946, 126.989443 37.539468, 126.989446 37.539477, 126.98945 37.539485, 126.989454 37.539493, 126.98946 37.539501, 126.989467 37.539508, 126.989474 37.539514, 126.989482 37.53952, 126.989491 37.539526, 126.989501 37.53953, 126.989511 37.539534, 126.989521 37.539537, 126.989532 37.539539, 126.989543 37.53954, 126.989554 37.539541, 126.989565 37.53954, 126.989576 37.539539, 126.989587 37.539537, 126.989597 37.539534, 126.989607 37.53953, 126.989617 37.539526, 126.989626 37.53952, 126.989634 37.539514, 126.989642 37.539508, 126.989648 37.539501, 126.989654 37.539493, 126.989659 37.539485, 126.989662 37.539477, 126.989665 37.539468, 126.989667 37.53946, 126.989667 37.539451))"
버스정류소,점10m,"POLYGON ((126.98676 37.544671, 126.98676 37.544663, 126.986758 37.544654, 126.986755 37.544645, 126.986752 37.544637, 126.986747 37.544629, 126.986741 37.544621, 126.986735 37.544614, 126.986727 37.544608, 126.986719 37.544602, 126.98671 37.544596, 126.986701 37.544592, 126.986691 37.544588, 126.98668 37.544585, 126.986669 37.544583, 126.986658 37.544582, 126.986647 37.544581, 126.986636 37.544582, 126.986625 37.544583, 126.986614 37.544585, 126.986604 37.544588, 126.986594 37.544592, 126.986584 37.544596, 126.986575 37.544602, 126.986567 37.544608, 126.98656 37.544614, 126.986553 37.544621, 126.986547 37.544629, 126.986543 37.544637, 126.986539 37.544645, 126.986536 37.544654, 126.986535 37.544662, 126.986534 37.544671, 126.986535 37.54468, 126.986536 37.544689, 126.986539 37.544697, 126.986543 37.544706, 126.986547 37.544714, 126.986553 37.544721, 126.98656 37.544728, 126.986567 37.544735, 126.986575 37.544741, 126.986584 37.544746, 126.986594 37.544751, 126.986604 37.544755, 126.986614 37.544758, 126.986625 37.54476, 126.986636 37.544761, 126.986647 37.544761, 126.986658 37.544761, 126.986669 37.54476, 126.98668 37.544758, 126.98669 37.544755, 126.986701 37.544751, 126.98671 37.544746, 126.986719 37.544741, 126.986727 37.544735, 126.986735 37.544729, 126.986741 37.544721, 126.986747 37.544714, 126.986752 37.544706, 126.986755 37.544698, 126.986758 37.544689, 126.98676 37.54468, 126.98676 37.544671))"
버스정류소,점10m,"POLYGON ((126.9586 37.545519, 126.9586 37.54551, 126.958598 37.545502, 126.958595 37.545493, 126.958591 37.545485, 126.958587 37.545477, 126.958581 37.545469, 126.958574 37.545462, 126.958567 37.545455, 126.958559 37.545449, 126.95855 37.545444, 126.95854 37.54544, 126.95853 37.545436, 126.95852 37.545433, 126.958509 37.545431, 126.958498 37.545429, 126.958487 37.545429, 126.958476 37.545429, 126.958465 37.545431, 126.958454 37.545433, 126.958444 37.545436, 126.958434 37.54544, 126.958424 37.545444, 126.958415 37.545449, 126.958407 37.545455, 126.958399 37.545462, 126.958393 37.545469, 126.958387 37.545477, 126.958382 37.545485, 126.958379 37.545493, 126.958376 37.545501, 126.958374 37.54551, 126.958374 37.545519, 126.958374 37.545528, 126.958376 37.545537, 126.958379 37.545545, 126.958382 37.545553, 126.958387 37.545561, 126.958393 37.545569, 126.958399 37.545576, 126.958407 37.545583, 126.958415 37.545589, 126.958424 37.545594, 126.958434 37.545598, 126.958444 37.545602, 126.958454 37.545605, 126.958465 37.545607, 126.958476 37.545609, 126.958487 37.545609, 126.958498 37.545609, 126.958509 37.545607, 126.95852 37.545605, 126.95853 37.545602, 126.95854 37.545599, 126.95855 37.545594, 126.958559 37.545589, 126.958567 37.545583, 126.958574 37.545576, 126.958581 37.545569, 126.958587 37.545562, 126.958591 37.545554, 126.958595 37.545545, 126.958598 37.545537, 126.9586 37.545528, 126.9586 37.545519))"
버스정류소,점10m,"POLYGON ((126.988665 37.538923, 126.988664 37.538914, 126.988663 37.538905, 126.98866 37.538896, 126.988656 37.538888, 126.988651 37.53888, 126.988646 37.538873, 126.988639 37.538865, 126.988632 37.538859, 126.988623 37.538853, 126.988614 37.538848, 126.988605 37.538843, 126.988595 37.538839, 126.988584 37.538836, 126.988574 37.538834, 126.988563 37.538833, 126.988552 37.538832, 126.988541 37.538833, 126.98853 37.538834, 126.988519 37.538836, 126.988508 37.538839, 126.988498 37.538843, 126.988489 37.538848, 126.98848 37.538853, 126.988472 37.538859, 126.988464 37.538865, 126.988458 37.538872, 126.988452 37.53888, 126.988447 37.538888, 126.988443 37.538896, 126.988441 37.538905, 126.988439 37.538914, 126.988438 37.538923, 126.988439 37.538931, 126.988441 37.53894, 126.988443 37.538949, 126.988447 37.538957, 126.988452 37.538965, 126.988458 37.538973, 126.988464 37.53898, 126.988472 37.538986, 126.98848 37.538992, 126.988489 37.538997, 126.988498 37.539002, 126.988508 37.539006, 126.988519 37.539009, 126.98853 37.539011, 126.98854 37.539012, 126.988552 37.539013, 126.988563 37.539012, 126.988574 37.539011, 126.988584 37.539009, 126.988595 37.539006, 126.988605 37.539002, 126.988614 37.538997, 126.988623 37.538992, 126.988632 37.538986, 126.988639 37.53898, 126.988646 37.538973, 126.988651 37.538965, 126.988656 37.538957, 126.98866 37.538949, 126.988663 37.53894, 126.988664 37.538931, 126.988665 37.538923))"
버스정류소,점10m,"POLYGON ((126.985261 37.54573, 126.98526 37.545721, 126.985258 37.545712, 126.985256 37.545704, 126.985252 37.545695, 126.985247 37.545687, 126.985242 37.54568, 126.985235 37.545673, 126.985228 37.545666, 126.985219 37.54566, 126.98521 37.545655, 126.985201 37.54565, 126.985191 37.545647, 126.98518 37.545644, 126.98517 37.545642, 126.985159 37.54564, 126.985148 37.54564, 126.985136 37.54564, 126.985125 37.545642, 126.985115 37.545644, 126.985104 37.545647, 126.985094 37.54565, 126.985085 37.545655, 126.985076 37.54566, 126.985067 37.545666, 126.98506 37.545673, 126.985053 37.54568, 126.985048 37.545687, 126.985043 37.545695, 126.985039 37.545704, 126.985037 37.545712, 126.985035 37.545721, 126.985034 37.54573, 126.985035 37.545739, 126.985037 37.545748, 126.985039 37.545756, 126.985043 37.545764, 126.985048 37.545772, 126.985053 37.54578, 126.98506 37.545787, 126.985067 37.545794, 126.985076 37.5458, 126.985085 37.545805, 126.985094 37.545809, 126.985104 37.545813, 126.985115 37.545816, 126.985125 37.545818, 126.985136 37.54582, 126.985147 37.54582, 126.985159 37.54582, 126.98517 37.545818, 126.98518 37.545816, 126.985191 37.545813, 126.985201 37.545809, 126.98521 37.545805, 126.985219 37.5458, 126.985228 37.545794, 126.985235 37.545787, 126.985242 37.54578, 126.985247 37.545772, 126.985252 37.545764, 126.985256 37.545756, 126.985258 37.545748, 126.98526 37.545739, 126.985261 37.54573))"
버스정류소,점10m,"POLYGON ((127.00021 37.526147, 127.00021 37.526139, 127.000208 37.52613, 127.000206 37.526121, 127.000202 37.526113, 127.000197 37.526105, 127.000191 37.526097, 127.000185 37.52609, 127.000177 37.526084, 127.000169 37.526078, 127.00016 37.526072, 127.000151 37.526068, 127.000141 37.526064, 127.00013 37.526061, 127.000119 37.526059, 127.000108 37.526058, 127.000097 37.526057, 127.000086 37.526058, 127.000075 37.526059, 127.000064 37.526061, 127.000054 37.526064, 127.000044 37.526068, 127.000034 37.526072, 127.000026 37.526078, 127.000017 37.526084, 127.00001 37.52609, 127.000003 37.526097, 126.999998 37.526105, 126.999993 37.526113, 126.999989 37.526121, 126.999986 37.52613, 126.999985 37.526139, 126.999984 37.526147, 126.999985 37.526156, 126.999986 37.526165, 126.999989 37.526173, 126.999993 37.526182, 126.999998 37.52619, 127.000003 37.526197, 127.00001 37.526204, 127.000017 37.526211, 127.000026 37.526217, 127.000034 37.526222, 127.000044 37.526227, 127.000054 37.526231, 127.000064 37.526234, 127.000075 37.526236, 127.000086 37.526237, 127.000097 37.526237, 127.000108 37.526237, 127.000119 37.526236, 127.00013 37.526234, 127.000141 37.526231, 127.000151 37.526227, 127.00016 37.526222, 127.000169 37.526217, 127.000177 37.526211, 127.000185 37.526204, 127.000191 37.526197, 127.000197 37.52619, 127.000202 37.526182, 127.000206 37.526173, 127.000208 37.526165, 127.00021 37.526156, 127.00021 37.526147))"
버스정류소,점10m,"POLYGON ((126.957742 37.544037, 126.957741 37.544028, 126.95774 37.544019, 126.957737 37.544011, 126.957733 37.544002, 126.957729 37.543994, 126.957723 37.543987, 126.957716 37.54398, 126.957709 37.543973, 126.957701 37.543967, 126.957692 37.543962, 126.957682 37.543957, 126.957672 37.543954, 126.957662 37.543951, 126.957651 37.543948, 126.95764 37.543947, 126.957629 37.543947, 126.957618 37.543947, 126.957607 37.543948, 126.957596 37.543951, 126.957585 37.543954, 126.957575 37.543957, 126.957566 37.543962, 126.957557 37.543967, 126.957549 37.543973, 126.957541 37.54398, 126.957535 37.543987, 126.957529 37.543994, 126.957524 37.544002, 126.95752 37.544011, 126.957518 37.544019, 126.957516 37.544028, 126.957516 37.544037, 126.957516 37.544046, 126.957518 37.544054, 126.95752 37.544063, 126.957524 37.544071, 126.957529 37.544079, 126.957535 37.544087, 126.957541 37.544094, 126.957549 37.5441, 126.957557 37.544106, 126.957566 37.544112, 126.957575 37.544116, 126.957585 37.54412, 126.957596 37.544123, 126.957607 37.544125, 126.957618 37.544126, 126.957629 37.544127, 126.95764 37.544126, 126.957651 37.544125, 126.957661 37.544123, 126.957672 37.54412, 126.957682 37.544116, 126.957692 37.544112, 126.9577 37.544106, 126.957709 37.544101, 126.957716 37.544094, 126.957723 37.544087, 126.957728 37.544079, 126.957733 37.544071, 126.957737 37.544063, 126.95774 37.544054, 126.957741 37.544046, 126.957742 37.544037))"
버스정류소,점10m,"POLYGON ((126.95641 37.539022, 126.956409 37.539013, 126.956408 37.539005, 126.956405 37.538996, 126.956401 37.538988, 126.956396 37.53898, 126.956391 37.538972, 126.956384 37.538965, 126.956377 37.538959, 126.956368 37.538953, 126.95636 37.538947, 126.95635 37.538943, 126.95634 37.538939, 126.956329 37.538936, 126.956319 37.538934, 126.956308 37.538933, 126.956297 37.538932, 126.956286 37.538933, 126.956275 37.538934, 126.956264 37.538936, 126.956253 37.538939, 126.956243 37.538943, 126.956234 37.538947, 126.956225 37.538953, 126.956217 37.538959, 126.956209 37.538965, 126.956203 37.538972, 126.956197 37.53898, 126.956192 37.538988, 126.956188 37.538996, 126.956186 37.539005, 126.956184 37.539013, 126.956183 37.539022, 126.956184 37.539031, 126.956186 37.53904, 126.956188 37.539048, 126.956192 37.539057, 126.956197 37.539065, 126.956202 37.539072, 126.956209 37.539079, 126.956217 37.539086, 126.956225 37.539092, 126.956234 37.539097, 126.956243 37.539102, 126.956253 37.539105, 126.956264 37.539108, 126.956274 37.539111, 126.956285 37.539112, 126.956297 37.539112, 126.956308 37.539112, 126.956319 37.539111, 126.956329 37.539108, 126.95634 37.539106, 126.95635 37.539102, 126.956359 37.539097, 126.956368 37.539092, 126.956377 37.539086, 126.956384 37.539079, 126.956391 37.539072, 126.956396 37.539065, 126.956401 37.539057, 126.956405 37.539048, 126.956408 37.53904, 126.956409 37.539031, 126.95641 37.539022))"
버스정류소,점10m,"POLYGON ((126.9835 37.544746, 126.983499 37.544737, 126.983498 37.544728, 126.983495 37.54472, 126.983491 37.544711, 126.983487 37.544703, 126.983481 37.544696, 126.983474 37.544689, 126.983467 37.544682, 126.983459 37.544676, 126.98345 37.544671, 126.98344 37.544666, 126.98343 37.544662, 126.98342 37.54466, 126.983409 37.544657, 126.983398 37.544656, 126.983387 37.544656, 126.983376 37.544656, 126.983365 37.544657, 126.983354 37.544659, 126.983344 37.544662, 126.983333 37.544666, 126.983324 37.544671, 126.983315 37.544676, 126.983307 37.544682, 126.983299 37.544689, 126.983293 37.544696, 126.983287 37.544703, 126.983282 37.544711, 126.983279 37.54472, 126.983276 37.544728, 126.983274 37.544737, 126.983274 37.544746, 126.983274 37.544755, 126.983276 37.544763, 126.983279 37.544772, 126.983282 37.54478, 126.983287 37.544788, 126.983293 37.544796, 126.983299 37.544803, 126.983307 37.544809, 126.983315 37.544815, 126.983324 37.544821, 126.983333 37.544825, 126.983343 37.544829, 126.983354 37.544832, 126.983365 37.544834, 126.983376 37.544835, 126.983387 37.544836, 126.983398 37.544835, 126.983409 37.544834, 126.98342 37.544832, 126.98343 37.544829, 126.98344 37.544825, 126.98345 37.544821, 126.983459 37.544815, 126.983467 37.544809, 126.983474 37.544803, 126.983481 37.544796, 126.983487 37.544788, 126.983491 37.54478, 126.983495 37.544772, 126.983498 37.544763, 126.983499 37.544755, 126.9835 37.544746))"
버스정류소,점10m,"POLYGON ((126.996431 37.526004, 126.99643 37.525995, 126.996429 37.525986, 126.996426 37.525978, 126.996422 37.52597, 126.996417 37.525962, 126.996412 37.525954, 126.996405 37.525947, 126.996398 37.52594, 126.996389 37.525934, 126.996381 37.525929, 126.996371 37.525925, 126.996361 37.525921, 126.996351 37.525918, 126.99634 37.525916, 126.996329 37.525914, 126.996318 37.525914, 126.996307 37.525914, 126.996296 37.525916, 126.996285 37.525918, 126.996274 37.525921, 126.996264 37.525925, 126.996255 37.525929, 126.996246 37.525934, 126.996238 37.52594, 126.99623 37.525947, 126.996224 37.525954, 126.996218 37.525962, 126.996213 37.52597, 126.996209 37.525978, 126.996207 37.525986, 126.996205 37.525995, 126.996205 37.526004, 126.996205 37.526013, 126.996207 37.526022, 126.996209 37.52603, 126.996213 37.526039, 126.996218 37.526047, 126.996224 37.526054, 126.99623 37.526061, 126.996238 37.526068, 126.996246 37.526074, 126.996255 37.526079, 126.996264 37.526084, 126.996274 37.526087, 126.996285 37.52609, 126.996296 37.526092, 126.996307 37.526094, 126.996318 37.526094, 126.996329 37.526094, 126.99634 37.526092, 126.996351 37.52609, 126.996361 37.526087, 126.996371 37.526084, 126.996381 37.526079, 126.996389 37.526074, 126.996398 37.526068, 126.996405 37.526061, 126.996412 37.526054, 126.996417 37.526047, 126.996422 37.526039, 126.996426 37.52603, 126.996429 37.526022, 126.99643 37.526013, 126.996431 37.526004))"
버스정류소,점10m,"POLYGON ((126.958679 37.54314, 126.958679 37.543131, 126.958677 37.543123, 126.958675 37.543114, 126.958671 37.543106, 126.958666 37.543098, 126.95866 37.54309, 126.958654 37.543083, 126.958646 37.543076, 126.958638 37.543071, 126.958629 37.543065, 126.95862 37.543061, 126.95861 37.543057, 126.958599 37.543054, 126.958588 37.543052, 126.958577 37.543051, 126.958566 37.54305, 126.958555 37.543051, 126.958544 37.543052, 126.958534 37.543054, 126.958523 37.543057, 126.958513 37.543061, 126.958503 37.543065, 126.958495 37.54307, 126.958486 37.543076, 126.958479 37.543083, 126.958472 37.54309, 126.958467 37.543098, 126.958462 37.543106, 126.958458 37.543114, 126.958455 37.543123, 126.958454 37.543131, 126.958453 37.54314, 126.958454 37.543149, 126.958455 37.543158, 126.958458 37.543166, 126.958462 37.543175, 126.958466 37.543183, 126.958472 37.54319, 126.958479 37.543197, 126.958486 37.543204, 126.958494 37.54321, 126.958503 37.543215, 126.958513 37.54322, 126.958523 37.543223, 126.958533 37.543226, 126.958544 37.543229, 126.958555 37.54323, 126.958566 37.54323, 126.958577 37.54323, 126.958588 37.543229, 126.958599 37.543226, 126.95861 37.543223, 126.95862 37.54322, 126.958629 37.543215, 126.958638 37.54321, 126.958646 37.543204, 126.958654 37.543197, 126.95866 37.54319, 126.958666 37.543183, 126.958671 37.543175, 126.958675 37.543166, 126.958677 37.543158, 126.958679 37.543149, 126.958679 37.54314))"
버스정류소,점10m,"POLYGON ((126.985984 37.535011, 126.985984 37.535002, 126.985982 37.534993, 126.98598 37.534985, 126.985976 37.534977, 126.985971 37.534969, 126.985965 37.534961, 126.985959 37.534954, 126.985951 37.534947, 126.985943 37.534941, 126.985934 37.534936, 126.985925 37.534932, 126.985915 37.534928, 126.985904 37.534925, 126.985893 37.534923, 126.985882 37.534921, 126.985871 37.534921, 126.98586 37.534921, 126.985849 37.534923, 126.985838 37.534925, 126.985828 37.534928, 126.985818 37.534932, 126.985808 37.534936, 126.9858 37.534941, 126.985791 37.534947, 126.985784 37.534954, 126.985777 37.534961, 126.985772 37.534969, 126.985767 37.534977, 126.985763 37.534985, 126.98576 37.534993, 126.985759 37.535002, 126.985758 37.535011, 126.985759 37.53502, 126.98576 37.535029, 126.985763 37.535037, 126.985767 37.535046, 126.985772 37.535054, 126.985777 37.535061, 126.985784 37.535068, 126.985791 37.535075, 126.9858 37.535081, 126.985808 37.535086, 126.985818 37.53509, 126.985828 37.535094, 126.985838 37.535097, 126.985849 37.535099, 126.98586 37.535101, 126.985871 37.535101, 126.985882 37.535101, 126.985893 37.535099, 126.985904 37.535097, 126.985915 37.535094, 126.985925 37.535091, 126.985934 37.535086, 126.985943 37.535081, 126.985951 37.535075, 126.985959 37.535068, 126.985965 37.535061, 126.985971 37.535054, 126.985976 37.535046, 126.98598 37.535037, 126.985982 37.535029, 126.985984 37.53502, 126.985984 37.535011))"
버스정류소,점10m,"POLYGON ((126.982111 37.544548, 126.982111 37.544539, 126.982109 37.544531, 126.982106 37.544522, 126.982103 37.544514, 126.982098 37.544506, 126.982092 37.544498, 126.982086 37.544491, 126.982078 37.544484, 126.98207 37.544479, 126.982061 37.544473, 126.982052 37.544469, 126.982042 37.544465, 126.982031 37.544462, 126.98202 37.54446, 126.982009 37.544459, 126.981998 37.544458, 126.981987 37.544459, 126.981976 37.54446, 126.981965 37.544462, 126.981955 37.544465, 126.981945 37.544469, 126.981935 37.544473, 126.981926 37.544479, 126.981918 37.544484, 126.981911 37.544491, 126.981904 37.544498, 126.981898 37.544506, 126.981894 37.544514, 126.98189 37.544522, 126.981887 37.544531, 126.981886 37.544539, 126.981885 37.544548, 126.981886 37.544557, 126.981887 37.544566, 126.98189 37.544574, 126.981894 37.544583, 126.981898 37.544591, 126.981904 37.544598, 126.981911 37.544605, 126.981918 37.544612, 126.981926 37.544618, 126.981935 37.544623, 126.981945 37.544628, 126.981955 37.544631, 126.981965 37.544634, 126.981976 37.544637, 126.981987 37.544638, 126.981998 37.544638, 126.982009 37.544638, 126.98202 37.544637, 126.982031 37.544634, 126.982041 37.544631, 126.982052 37.544628, 126.982061 37.544623, 126.98207 37.544618, 126.982078 37.544612, 126.982086 37.544605, 126.982092 37.544598, 126.982098 37.544591, 126.982103 37.544583, 126.982106 37.544574, 126.982109 37.544566, 126.982111 37.544557, 126.982111 37.544548))"
버스정류소,점10m,"POLYGON ((126.992702 37.528596, 126.992702 37.528587, 126.9927 37.528578, 126.992697 37.52857, 126.992694 37.528562, 126.992689 37.528554, 126.992683 37.528546, 126.992676 37.528539, 126.992669 37.528532, 126.992661 37.528526, 126.992652 37.528521, 126.992642 37.528517, 126.992632 37.528513, 126.992622 37.52851, 126.992611 37.528508, 126.9926 37.528506, 126.992589 37.528506, 126.992578 37.528506, 126.992567 37.528508, 126.992556 37.52851, 126.992546 37.528513, 126.992536 37.528517, 126.992526 37.528521, 126.992517 37.528526, 126.992509 37.528532, 126.992502 37.528539, 126.992495 37.528546, 126.992489 37.528554, 126.992484 37.528562, 126.992481 37.52857, 126.992478 37.528578, 126.992476 37.528587, 126.992476 37.528596, 126.992476 37.528605, 126.992478 37.528614, 126.992481 37.528622, 126.992484 37.52863, 126.992489 37.528638, 126.992495 37.528646, 126.992502 37.528653, 126.992509 37.52866, 126.992517 37.528666, 126.992526 37.528671, 126.992536 37.528675, 126.992546 37.528679, 126.992556 37.528682, 126.992567 37.528684, 126.992578 37.528686, 126.992589 37.528686, 126.9926 37.528686, 126.992611 37.528684, 126.992622 37.528682, 126.992632 37.528679, 126.992642 37.528675, 126.992652 37.528671, 126.992661 37.528666, 126.992669 37.52866, 126.992676 37.528653, 126.992683 37.528646, 126.992689 37.528638, 126.992694 37.52863, 126.992697 37.528622, 126.9927 37.528614, 126.992702 37.528605, 126.992702 37.528596))"
버스정류소,점10m,"POLYGON ((126.957799 37.539688, 126.957799 37.539679, 126.957797 37.53967, 126.957794 37.539662, 126.95779 37.539654, 126.957786 37.539646, 126.95778 37.539638, 126.957773 37.539631, 126.957766 37.539624, 126.957758 37.539618, 126.957749 37.539613, 126.957739 37.539609, 126.957729 37.539605, 126.957719 37.539602, 126.957708 37.5396, 126.957697 37.539598, 126.957686 37.539598, 126.957675 37.539598, 126.957664 37.5396, 126.957653 37.539602, 126.957643 37.539605, 126.957633 37.539608, 126.957623 37.539613, 126.957614 37.539618, 126.957606 37.539624, 126.957598 37.539631, 126.957592 37.539638, 126.957586 37.539645, 126.957581 37.539653, 126.957578 37.539662, 126.957575 37.53967, 126.957573 37.539679, 126.957573 37.539688, 126.957573 37.539697, 126.957575 37.539705, 126.957578 37.539714, 126.957581 37.539722, 126.957586 37.53973, 126.957592 37.539738, 126.957598 37.539745, 126.957606 37.539752, 126.957614 37.539758, 126.957623 37.539763, 126.957633 37.539767, 126.957643 37.539771, 126.957653 37.539774, 126.957664 37.539776, 126.957675 37.539778, 126.957686 37.539778, 126.957697 37.539778, 126.957708 37.539776, 126.957719 37.539774, 126.957729 37.539771, 126.957739 37.539767, 126.957749 37.539763, 126.957758 37.539758, 126.957766 37.539752, 126.957773 37.539745, 126.95778 37.539738, 126.957786 37.53973, 126.95779 37.539722, 126.957794 37.539714, 126.957797 37.539706, 126.957798 37.539697, 126.957799 37.539688))"
버스정류소,점10m,"POLYGON ((126.981479 37.546701, 126.981479 37.546692, 126.981477 37.546683, 126.981474 37.546675, 126.981471 37.546666, 126.981466 37.546658, 126.98146 37.546651, 126.981454 37.546644, 126.981446 37.546637, 126.981438 37.546631, 126.981429 37.546626, 126.98142 37.546621, 126.98141 37.546618, 126.981399 37.546615, 126.981388 37.546612, 126.981377 37.546611, 126.981366 37.546611, 126.981355 37.546611, 126.981344 37.546612, 126.981333 37.546615, 126.981323 37.546618, 126.981313 37.546621, 126.981303 37.546626, 126.981294 37.546631, 126.981286 37.546637, 126.981279 37.546644, 126.981272 37.546651, 126.981266 37.546658, 126.981262 37.546666, 126.981258 37.546675, 126.981255 37.546683, 126.981254 37.546692, 126.981253 37.546701, 126.981254 37.54671, 126.981255 37.546718, 126.981258 37.546727, 126.981262 37.546735, 126.981266 37.546743, 126.981272 37.546751, 126.981279 37.546758, 126.981286 37.546764, 126.981294 37.54677, 126.981303 37.546776, 126.981313 37.54678, 126.981323 37.546784, 126.981333 37.546787, 126.981344 37.546789, 126.981355 37.54679, 126.981366 37.546791, 126.981377 37.54679, 126.981388 37.546789, 126.981399 37.546787, 126.981409 37.546784, 126.98142 37.54678, 126.981429 37.546776, 126.981438 37.54677, 126.981446 37.546765, 126.981454 37.546758, 126.98146 37.546751, 126.981466 37.546743, 126.981471 37.546735, 126.981474 37.546727, 126.981477 37.546718, 126.981479 37.54671, 126.981479 37.546701))"
버스정류소,점10m,"POLYGON ((126.99159 37.530573, 126.99159 37.530564, 126.991588 37.530555, 126.991585 37.530547, 126.991582 37.530539, 126.991577 37.530531, 126.991571 37.530523, 126.991564 37.530516, 126.991557 37.530509, 126.991549 37.530503, 126.99154 37.530498, 126.99153 37.530494, 126.99152 37.53049, 126.99151 37.530487, 126.991499 37.530485, 126.991488 37.530483, 126.991477 37.530483, 126.991466 37.530483, 126.991455 37.530485, 126.991444 37.530487, 126.991434 37.53049, 126.991424 37.530494, 126.991414 37.530498, 126.991405 37.530503, 126.991397 37.530509, 126.99139 37.530516, 126.991383 37.530523, 126.991377 37.530531, 126.991372 37.530539, 126.991369 37.530547, 126.991366 37.530555, 126.991364 37.530564, 126.991364 37.530573, 126.991364 37.530582, 126.991366 37.530591, 126.991369 37.530599, 126.991372 37.530607, 126.991377 37.530615, 126.991383 37.530623, 126.99139 37.53063, 126.991397 37.530637, 126.991405 37.530643, 126.991414 37.530648, 126.991424 37.530652, 126.991434 37.530656, 126.991444 37.530659, 126.991455 37.530661, 126.991466 37.530663, 126.991477 37.530663, 126.991488 37.530663, 126.991499 37.530661, 126.99151 37.530659, 126.99152 37.530656, 126.99153 37.530652, 126.99154 37.530648, 126.991549 37.530643, 126.991557 37.530637, 126.991564 37.53063, 126.991571 37.530623, 126.991577 37.530615, 126.991582 37.530607, 126.991585 37.530599, 126.991588 37.530591, 126.99159 37.530582, 126.99159 37.530573))"
버스정류소,점10m,"POLYGON ((126.979622 37.546136, 126.979622 37.546128, 126.97962 37.546119, 126.979617 37.54611, 126.979614 37.546102, 126.979609 37.546094, 126.979603 37.546086, 126.979597 37.546079, 126.979589 37.546073, 126.979581 37.546067, 126.979572 37.546061, 126.979563 37.546057, 126.979553 37.546053, 126.979542 37.54605, 126.979531 37.546048, 126.97952 37.546047, 126.979509 37.546046, 126.979498 37.546047, 126.979487 37.546048, 126.979476 37.54605, 126.979466 37.546053, 126.979456 37.546057, 126.979446 37.546061, 126.979437 37.546067, 126.979429 37.546073, 126.979422 37.546079, 126.979415 37.546086, 126.979409 37.546094, 126.979405 37.546102, 126.979401 37.54611, 126.979398 37.546119, 126.979397 37.546128, 126.979396 37.546136, 126.979397 37.546145, 126.979398 37.546154, 126.979401 37.546163, 126.979405 37.546171, 126.979409 37.546179, 126.979415 37.546186, 126.979422 37.546194, 126.979429 37.5462, 126.979437 37.546206, 126.979446 37.546211, 126.979456 37.546216, 126.979466 37.54622, 126.979476 37.546223, 126.979487 37.546225, 126.979498 37.546226, 126.979509 37.546226, 126.97952 37.546226, 126.979531 37.546225, 126.979542 37.546223, 126.979552 37.54622, 126.979563 37.546216, 126.979572 37.546211, 126.979581 37.546206, 126.979589 37.5462, 126.979597 37.546194, 126.979603 37.546186, 126.979609 37.546179, 126.979614 37.546171, 126.979617 37.546163, 126.97962 37.546154, 126.979622 37.546145, 126.979622 37.546136))"
버스정류소,점10m,"POLYGON ((126.992355 37.531832, 126.992355 37.531823, 126.992353 37.531814, 126.99235 37.531806, 126.992347 37.531798, 126.992342 37.53179, 126.992336 37.531782, 126.992329 37.531775, 126.992322 37.531768, 126.992314 37.531762, 126.992305 37.531757, 126.992295 37.531753, 126.992285 37.531749, 126.992275 37.531746, 126.992264 37.531744, 126.992253 37.531742, 126.992242 37.531742, 126.992231 37.531742, 126.99222 37.531744, 126.992209 37.531746, 126.992199 37.531749, 126.992189 37.531753, 126.992179 37.531757, 126.99217 37.531762, 126.992162 37.531768, 126.992155 37.531775, 126.992148 37.531782, 126.992142 37.53179, 126.992137 37.531798, 126.992134 37.531806, 126.992131 37.531814, 126.992129 37.531823, 126.992129 37.531832, 126.992129 37.531841, 126.992131 37.53185, 126.992134 37.531858, 126.992137 37.531866, 126.992142 37.531874, 126.992148 37.531882, 126.992155 37.531889, 126.992162 37.531896, 126.99217 37.531902, 126.992179 37.531907, 126.992189 37.531911, 126.992199 37.531915, 126.992209 37.531918, 126.99222 37.53192, 126.992231 37.531922, 126.992242 37.531922, 126.992253 37.531922, 126.992264 37.53192, 126.992275 37.531918, 126.992285 37.531915, 126.992295 37.531911, 126.992305 37.531907, 126.992314 37.531902, 126.992322 37.531896, 126.992329 37.531889, 126.992336 37.531882, 126.992342 37.531874, 126.992347 37.531866, 126.99235 37.531858, 126.992353 37.53185, 126.992355 37.531841, 126.992355 37.531832))"
버스정류소,점10m,"POLYGON ((126.961545 37.539671, 126.961545 37.539662, 126.961543 37.539653, 126.961541 37.539645, 126.961537 37.539637, 126.961532 37.539629, 126.961526 37.539621, 126.96152 37.539614, 126.961512 37.539607, 126.961504 37.539601, 126.961495 37.539596, 126.961486 37.539592, 126.961476 37.539588, 126.961465 37.539585, 126.961454 37.539583, 126.961443 37.539581, 126.961432 37.539581, 126.961421 37.539581, 126.96141 37.539583, 126.961399 37.539585, 126.961389 37.539588, 126.961379 37.539592, 126.961369 37.539596, 126.961361 37.539601, 126.961352 37.539607, 126.961345 37.539614, 126.961338 37.539621, 126.961333 37.539629, 126.961328 37.539637, 126.961324 37.539645, 126.961321 37.539653, 126.96132 37.539662, 126.961319 37.539671, 126.96132 37.53968, 126.961321 37.539689, 126.961324 37.539697, 126.961328 37.539705, 126.961332 37.539713, 126.961338 37.539721, 126.961345 37.539728, 126.961352 37.539735, 126.96136 37.539741, 126.961369 37.539746, 126.961379 37.53975, 126.961389 37.539754, 126.961399 37.539757, 126.96141 37.539759, 126.961421 37.539761, 126.961432 37.539761, 126.961443 37.539761, 126.961454 37.539759, 126.961465 37.539757, 126.961476 37.539754, 126.961486 37.53975, 126.961495 37.539746, 126.961504 37.539741, 126.961512 37.539735, 126.96152 37.539728, 126.961526 37.539721, 126.961532 37.539714, 126.961537 37.539706, 126.961541 37.539697, 126.961543 37.539689, 126.961545 37.53968, 126.961545 37.539671))"
버스정류소,점10m,"POLYGON ((126.9955 37.531157, 126.9955 37.531148, 126.995498 37.531139, 126.995495 37.531131, 126.995492 37.531123, 126.995487 37.531115, 126.995481 37.531107, 126.995474 37.5311, 126.995467 37.531093, 126.995459 37.531087, 126.99545 37.531082, 126.99544 37.531078, 126.99543 37.531074, 126.99542 37.531071, 126.995409 37.531069, 126.995398 37.531067, 126.995387 37.531067, 126.995376 37.531067, 126.995365 37.531069, 126.995354 37.531071, 126.995344 37.531074, 126.995334 37.531078, 126.995324 37.531082, 126.995315 37.531087, 126.995307 37.531093, 126.9953 37.5311, 126.995293 37.531107, 126.995287 37.531115, 126.995282 37.531123, 126.995279 37.531131, 126.995276 37.531139, 126.995274 37.531148, 126.995274 37.531157, 126.995274 37.531166, 126.995276 37.531175, 126.995279 37.531183, 126.995282 37.531191, 126.995287 37.531199, 126.995293 37.531207, 126.9953 37.531214, 126.995307 37.531221, 126.995315 37.531227, 126.995324 37.531232, 126.995334 37.531236, 126.995344 37.53124, 126.995354 37.531243, 126.995365 37.531245, 126.995376 37.531247, 126.995387 37.531247, 126.995398 37.531247, 126.995409 37.531245, 126.99542 37.531243, 126.99543 37.53124, 126.99544 37.531236, 126.99545 37.531232, 126.995459 37.531227, 126.995467 37.531221, 126.995474 37.531214, 126.995481 37.531207, 126.995487 37.531199, 126.995492 37.531191, 126.995495 37.531183, 126.995498 37.531175, 126.9955 37.531166, 126.9955 37.531157))"
버스정류소,점10m,"POLYGON ((126.969919 37.541023, 126.969918 37.541014, 126.969917 37.541006, 126.969914 37.540997, 126.96991 37.540989, 126.969906 37.540981, 126.9699 37.540973, 126.969893 37.540966, 126.969886 37.54096, 126.969878 37.540954, 126.969869 37.540948, 126.969859 37.540944, 126.969849 37.54094, 126.969839 37.540937, 126.969828 37.540935, 126.969817 37.540934, 126.969806 37.540933, 126.969795 37.540934, 126.969784 37.540935, 126.969773 37.540937, 126.969762 37.54094, 126.969752 37.540944, 126.969743 37.540948, 126.969734 37.540954, 126.969726 37.54096, 126.969718 37.540966, 126.969712 37.540973, 126.969706 37.540981, 126.969701 37.540989, 126.969697 37.540997, 126.969695 37.541006, 126.969693 37.541014, 126.969693 37.541023, 126.969693 37.541032, 126.969695 37.541041, 126.969697 37.541049, 126.969701 37.541058, 126.969706 37.541066, 126.969712 37.541073, 126.969718 37.54108, 126.969726 37.541087, 126.969734 37.541093, 126.969743 37.541098, 126.969752 37.541103, 126.969762 37.541107, 126.969773 37.54111, 126.969784 37.541112, 126.969795 37.541113, 126.969806 37.541113, 126.969817 37.541113, 126.969828 37.541112, 126.969839 37.54111, 126.969849 37.541107, 126.969859 37.541103, 126.969869 37.541098, 126.969877 37.541093, 126.969886 37.541087, 126.969893 37.54108, 126.9699 37.541073, 126.969905 37.541066, 126.96991 37.541058, 126.969914 37.541049, 126.969917 37.541041, 126.969918 37.541032, 126.969919 37.541023))"
버스정류소,점10m,"POLYGON ((126.97241 37.543476, 126.972409 37.543467, 126.972408 37.543458, 126.972405 37.54345, 126.972401 37.543441, 126.972397 37.543433, 126.972391 37.543426, 126.972384 37.543419, 126.972377 37.543412, 126.972369 37.543406, 126.97236 37.543401, 126.97235 37.543396, 126.97234 37.543393, 126.97233 37.54339, 126.972319 37.543387, 126.972308 37.543386, 126.972297 37.543386, 126.972286 37.543386, 126.972275 37.543387, 126.972264 37.54339, 126.972254 37.543393, 126.972243 37.543396, 126.972234 37.543401, 126.972225 37.543406, 126.972217 37.543412, 126.972209 37.543419, 126.972203 37.543426, 126.972197 37.543433, 126.972192 37.543441, 126.972189 37.54345, 126.972186 37.543458, 126.972184 37.543467, 126.972184 37.543476, 126.972184 37.543485, 126.972186 37.543493, 126.972189 37.543502, 126.972192 37.54351, 126.972197 37.543518, 126.972203 37.543526, 126.972209 37.543533, 126.972217 37.543539, 126.972225 37.543545, 126.972234 37.543551, 126.972243 37.543555, 126.972253 37.543559, 126.972264 37.543562, 126.972275 37.543564, 126.972286 37.543565, 126.972297 37.543566, 126.972308 37.543565, 126.972319 37.543564, 126.97233 37.543562, 126.97234 37.543559, 126.97235 37.543555, 126.97236 37.543551, 126.972369 37.543545, 126.972377 37.54354, 126.972384 37.543533, 126.972391 37.543526, 126.972397 37.543518, 126.972401 37.54351, 126.972405 37.543502, 126.972408 37.543493, 126.972409 37.543485, 126.97241 37.543476))"
버스정류소,점10m,"POLYGON ((126.996924 37.530752, 126.996924 37.530743, 126.996922 37.530734, 126.996919 37.530726, 126.996916 37.530718, 126.996911 37.53071, 126.996905 37.530702, 126.996898 37.530695, 126.996891 37.530688, 126.996883 37.530682, 126.996874 37.530677, 126.996864 37.530673, 126.996854 37.530669, 126.996844 37.530666, 126.996833 37.530664, 126.996822 37.530662, 126.996811 37.530662, 126.9968 37.530662, 126.996789 37.530664, 126.996778 37.530666, 126.996768 37.530669, 126.996758 37.530673, 126.996748 37.530677, 126.996739 37.530682, 126.996731 37.530688, 126.996724 37.530695, 126.996717 37.530702, 126.996711 37.53071, 126.996706 37.530718, 126.996703 37.530726, 126.9967 37.530734, 126.996698 37.530743, 126.996698 37.530752, 126.996698 37.530761, 126.9967 37.53077, 126.996703 37.530778, 126.996706 37.530786, 126.996711 37.530794, 126.996717 37.530802, 126.996724 37.530809, 126.996731 37.530816, 126.996739 37.530822, 126.996748 37.530827, 126.996758 37.530831, 126.996768 37.530835, 126.996778 37.530838, 126.996789 37.53084, 126.9968 37.530842, 126.996811 37.530842, 126.996822 37.530842, 126.996833 37.53084, 126.996844 37.530838, 126.996854 37.530835, 126.996864 37.530831, 126.996874 37.530827, 126.996883 37.530822, 126.996891 37.530816, 126.996898 37.530809, 126.996905 37.530802, 126.996911 37.530794, 126.996916 37.530786, 126.996919 37.530778, 126.996922 37.53077, 126.996924 37.530761, 126.996924 37.530752))"
버스정류소,점10m,"POLYGON ((126.959592 37.538568, 126.959591 37.53856, 126.95959 37.538551, 126.959587 37.538542, 126.959583 37.538534, 126.959578 37.538526, 126.959573 37.538518, 126.959566 37.538511, 126.959559 37.538505, 126.95955 37.538499, 126.959542 37.538493, 126.959532 37.538489, 126.959522 37.538485, 126.959511 37.538482, 126.959501 37.53848, 126.95949 37.538479, 126.959479 37.538478, 126.959468 37.538479, 126.959457 37.53848, 126.959446 37.538482, 126.959435 37.538485, 126.959425 37.538489, 126.959416 37.538493, 126.959407 37.538499, 126.959399 37.538505, 126.959391 37.538511, 126.959385 37.538518, 126.959379 37.538526, 126.959374 37.538534, 126.95937 37.538542, 126.959368 37.538551, 126.959366 37.538559, 126.959365 37.538568, 126.959366 37.538577, 126.959368 37.538586, 126.95937 37.538594, 126.959374 37.538603, 126.959379 37.538611, 126.959384 37.538618, 126.959391 37.538625, 126.959399 37.538632, 126.959407 37.538638, 126.959416 37.538643, 126.959425 37.538648, 126.959435 37.538652, 126.959446 37.538655, 126.959456 37.538657, 126.959467 37.538658, 126.959479 37.538658, 126.95949 37.538658, 126.959501 37.538657, 126.959511 37.538655, 126.959522 37.538652, 126.959532 37.538648, 126.959541 37.538643, 126.95955 37.538638, 126.959559 37.538632, 126.959566 37.538626, 126.959573 37.538618, 126.959578 37.538611, 126.959583 37.538603, 126.959587 37.538595, 126.95959 37.538586, 126.959591 37.538577, 126.959592 37.538568))"
버스정류소,점10m,"POLYGON ((126.967467 37.538967, 126.967466 37.538958, 126.967465 37.53895, 126.967462 37.538941, 126.967458 37.538933, 126.967454 37.538925, 126.967448 37.538917, 126.967441 37.53891, 126.967434 37.538904, 126.967426 37.538898, 126.967417 37.538892, 126.967407 37.538888, 126.967397 37.538884, 126.967387 37.538881, 126.967376 37.538879, 126.967365 37.538878, 126.967354 37.538877, 126.967343 37.538878, 126.967332 37.538879, 126.967321 37.538881, 126.967311 37.538884, 126.9673 37.538888, 126.967291 37.538892, 126.967282 37.538898, 126.967274 37.538904, 126.967266 37.53891, 126.96726 37.538917, 126.967254 37.538925, 126.967249 37.538933, 126.967246 37.538941, 126.967243 37.53895, 126.967241 37.538958, 126.967241 37.538967, 126.967241 37.538976, 126.967243 37.538985, 126.967246 37.538993, 126.967249 37.539002, 126.967254 37.53901, 126.96726 37.539017, 126.967266 37.539024, 126.967274 37.539031, 126.967282 37.539037, 126.967291 37.539042, 126.9673 37.539047, 126.96731 37.53905, 126.967321 37.539053, 126.967332 37.539056, 126.967343 37.539057, 126.967354 37.539057, 126.967365 37.539057, 126.967376 37.539056, 126.967387 37.539053, 126.967397 37.539051, 126.967407 37.539047, 126.967417 37.539042, 126.967426 37.539037, 126.967434 37.539031, 126.967441 37.539024, 126.967448 37.539017, 126.967454 37.53901, 126.967458 37.539002, 126.967462 37.538993, 126.967465 37.538985, 126.967466 37.538976, 126.967467 37.538967))"
버스정류소,점10m,"POLYGON ((126.996843 37.531373, 126.996843 37.531364, 126.996841 37.531355, 126.996838 37.531347, 126.996835 37.531339, 126.99683 37.531331, 126.996824 37.531323, 126.996817 37.531316, 126.99681 37.531309, 126.996802 37.531303, 126.996793 37.531298, 126.996783 37.531294, 126.996773 37.53129, 126.996763 37.531287, 126.996752 37.531285, 126.996741 37.531283, 126.99673 37.531283, 126.996719 37.531283, 126.996708 37.531285, 126.996697 37.531287, 126.996687 37.53129, 126.996677 37.531294, 126.996667 37.531298, 126.996658 37.531303, 126.99665 37.531309, 126.996643 37.531316, 126.996636 37.531323, 126.99663 37.531331, 126.996625 37.531339, 126.996622 37.531347, 126.996619 37.531355, 126.996617 37.531364, 126.996617 37.531373, 126.996617 37.531382, 126.996619 37.531391, 126.996622 37.531399, 126.996625 37.531407, 126.99663 37.531415, 126.996636 37.531423, 126.996643 37.53143, 126.99665 37.531437, 126.996658 37.531443, 126.996667 37.531448, 126.996677 37.531452, 126.996687 37.531456, 126.996697 37.531459, 126.996708 37.531461, 126.996719 37.531463, 126.99673 37.531463, 126.996741 37.531463, 126.996752 37.531461, 126.996763 37.531459, 126.996773 37.531456, 126.996783 37.531452, 126.996793 37.531448, 126.996802 37.531443, 126.99681 37.531437, 126.996817 37.53143, 126.996824 37.531423, 126.99683 37.531415, 126.996835 37.531407, 126.996838 37.531399, 126.996841 37.531391, 126.996843 37.531382, 126.996843 37.531373))"
버스정류소,점10m,"POLYGON ((126.959747 37.537348, 126.959747 37.53734, 126.959745 37.537331, 126.959743 37.537322, 126.959739 37.537314, 126.959734 37.537306, 126.959728 37.537298, 126.959722 37.537291, 126.959714 37.537285, 126.959706 37.537279, 126.959697 37.537273, 126.959688 37.537269, 126.959678 37.537265, 126.959667 37.537262, 126.959656 37.53726, 126.959645 37.537259, 126.959634 37.537258, 126.959623 37.537259, 126.959612 37.53726, 126.959602 37.537262, 126.959591 37.537265, 126.959581 37.537269, 126.959571 37.537273, 126.959563 37.537279, 126.959554 37.537285, 126.959547 37.537291, 126.95954 37.537298, 126.959535 37.537306, 126.95953 37.537314, 126.959526 37.537322, 126.959523 37.537331, 126.959522 37.537339, 126.959521 37.537348, 126.959522 37.537357, 126.959523 37.537366, 126.959526 37.537374, 126.95953 37.537383, 126.959534 37.537391, 126.95954 37.537398, 126.959547 37.537405, 126.959554 37.537412, 126.959562 37.537418, 126.959571 37.537423, 126.959581 37.537428, 126.959591 37.537432, 126.959601 37.537435, 126.959612 37.537437, 126.959623 37.537438, 126.959634 37.537438, 126.959645 37.537438, 126.959656 37.537437, 126.959667 37.537435, 126.959678 37.537432, 126.959688 37.537428, 126.959697 37.537423, 126.959706 37.537418, 126.959714 37.537412, 126.959722 37.537405, 126.959728 37.537398, 126.959734 37.537391, 126.959739 37.537383, 126.959743 37.537374, 126.959745 37.537366, 126.959747 37.537357, 126.959747 37.537348))"
버스정류소,점10m,"POLYGON ((126.959232 37.538147, 126.959232 37.538139, 126.95923 37.53813, 126.959227 37.538121, 126.959224 37.538113, 126.959219 37.538105, 126.959213 37.538097, 126.959206 37.53809, 126.959199 37.538084, 126.959191 37.538078, 126.959182 37.538072, 126.959172 37.538068, 126.959162 37.538064, 126.959152 37.538061, 126.959141 37.538059, 126.95913 37.538058, 126.959119 37.538057, 126.959108 37.538058, 126.959097 37.538059, 126.959086 37.538061, 126.959076 37.538064, 126.959066 37.538068, 126.959056 37.538072, 126.959047 37.538078, 126.959039 37.538084, 126.959032 37.53809, 126.959025 37.538097, 126.959019 37.538105, 126.959014 37.538113, 126.959011 37.538121, 126.959008 37.53813, 126.959006 37.538139, 126.959006 37.538147, 126.959006 37.538156, 126.959008 37.538165, 126.959011 37.538174, 126.959014 37.538182, 126.959019 37.53819, 126.959025 37.538197, 126.959032 37.538205, 126.959039 37.538211, 126.959047 37.538217, 126.959056 37.538222, 126.959066 37.538227, 126.959076 37.538231, 126.959086 37.538234, 126.959097 37.538236, 126.959108 37.538237, 126.959119 37.538237, 126.95913 37.538237, 126.959141 37.538236, 126.959152 37.538234, 126.959162 37.538231, 126.959172 37.538227, 126.959182 37.538222, 126.959191 37.538217, 126.959199 37.538211, 126.959206 37.538205, 126.959213 37.538197, 126.959219 37.53819, 126.959224 37.538182, 126.959227 37.538174, 126.95923 37.538165, 126.959232 37.538156, 126.959232 37.538147))"
버스정류소,점10m,"POLYGON ((126.969838 37.536938, 126.969838 37.53693, 126.969836 37.536921, 126.969833 37.536912, 126.96983 37.536904, 126.969825 37.536896, 126.969819 37.536888, 126.969813 37.536881, 126.969805 37.536875, 126.969797 37.536869, 126.969788 37.536863, 126.969778 37.536859, 126.969768 37.536855, 126.969758 37.536852, 126.969747 37.53685, 126.969736 37.536849, 126.969725 37.536848, 126.969714 37.536849, 126.969703 37.53685, 126.969692 37.536852, 126.969682 37.536855, 126.969672 37.536859, 126.969662 37.536863, 126.969653 37.536869, 126.969645 37.536875, 126.969638 37.536881, 126.969631 37.536888, 126.969625 37.536896, 126.969621 37.536904, 126.969617 37.536912, 126.969614 37.536921, 126.969613 37.53693, 126.969612 37.536938, 126.969612 37.536947, 126.969614 37.536956, 126.969617 37.536965, 126.969621 37.536973, 126.969625 37.536981, 126.969631 37.536988, 126.969638 37.536996, 126.969645 37.537002, 126.969653 37.537008, 126.969662 37.537013, 126.969672 37.537018, 126.969682 37.537022, 126.969692 37.537025, 126.969703 37.537027, 126.969714 37.537028, 126.969725 37.537028, 126.969736 37.537028, 126.969747 37.537027, 126.969758 37.537025, 126.969768 37.537022, 126.969778 37.537018, 126.969788 37.537013, 126.969797 37.537008, 126.969805 37.537002, 126.969813 37.536996, 126.969819 37.536988, 126.969825 37.536981, 126.96983 37.536973, 126.969833 37.536965, 126.969836 37.536956, 126.969838 37.536947, 126.969838 37.536938))"
버스정류소,점10m,"POLYGON ((126.969703 37.537143, 126.969703 37.537134, 126.969701 37.537126, 126.969698 37.537117, 126.969695 37.537109, 126.96969 37.537101, 126.969684 37.537093, 126.969677 37.537086, 126.96967 37.537079, 126.969662 37.537073, 126.969653 37.537068, 126.969643 37.537064, 126.969633 37.53706, 126.969623 37.537057, 126.969612 37.537055, 126.969601 37.537053, 126.96959 37.537053, 126.969579 37.537053, 126.969568 37.537055, 126.969557 37.537057, 126.969547 37.53706, 126.969537 37.537064, 126.969527 37.537068, 126.969518 37.537073, 126.96951 37.537079, 126.969503 37.537086, 126.969496 37.537093, 126.96949 37.537101, 126.969485 37.537109, 126.969482 37.537117, 126.969479 37.537126, 126.969477 37.537134, 126.969477 37.537143, 126.969477 37.537152, 126.969479 37.537161, 126.969482 37.537169, 126.969485 37.537178, 126.96949 37.537186, 126.969496 37.537193, 126.969503 37.5372, 126.96951 37.537207, 126.969518 37.537213, 126.969527 37.537218, 126.969537 37.537223, 126.969547 37.537226, 126.969557 37.537229, 126.969568 37.537231, 126.969579 37.537233, 126.96959 37.537233, 126.969601 37.537233, 126.969612 37.537231, 126.969623 37.537229, 126.969633 37.537226, 126.969643 37.537223, 126.969653 37.537218, 126.969662 37.537213, 126.96967 37.537207, 126.969677 37.5372, 126.969684 37.537193, 126.96969 37.537186, 126.969695 37.537178, 126.969698 37.537169, 126.969701 37.537161, 126.969703 37.537152, 126.969703 37.537143))"
버스정류소,점10m,"POLYGON ((126.967568 37.529917, 126.967567 37.529908, 126.967565 37.529899, 126.967563 37.529891, 126.967559 37.529882, 126.967554 37.529874, 126.967549 37.529867, 126.967542 37.52986, 126.967535 37.529853, 126.967526 37.529847, 126.967517 37.529842, 126.967508 37.529837, 126.967498 37.529833, 126.967487 37.52983, 126.967477 37.529828, 126.967466 37.529827, 126.967455 37.529827, 126.967443 37.529827, 126.967432 37.529828, 126.967422 37.52983, 126.967411 37.529833, 126.967401 37.529837, 126.967392 37.529842, 126.967383 37.529847, 126.967375 37.529853, 126.967367 37.529859, 126.96736 37.529867, 126.967355 37.529874, 126.96735 37.529882, 126.967346 37.52989, 126.967344 37.529899, 126.967342 37.529908, 126.967341 37.529917, 126.967342 37.529925, 126.967344 37.529934, 126.967346 37.529943, 126.96735 37.529951, 126.967355 37.529959, 126.96736 37.529967, 126.967367 37.529974, 126.967374 37.52998, 126.967383 37.529986, 126.967392 37.529992, 126.967401 37.529996, 126.967411 37.53, 126.967422 37.530003, 126.967432 37.530005, 126.967443 37.530006, 126.967454 37.530007, 126.967466 37.530006, 126.967477 37.530005, 126.967487 37.530003, 126.967498 37.53, 126.967508 37.529996, 126.967517 37.529992, 126.967526 37.529986, 126.967534 37.52998, 126.967542 37.529974, 126.967549 37.529967, 126.967554 37.529959, 126.967559 37.529951, 126.967563 37.529943, 126.967565 37.529934, 126.967567 37.529926, 126.967568 37.529917))"
버스정류소,점10m,"POLYGON ((126.970429 37.531376, 126.970428 37.531367, 126.970426 37.531359, 126.970424 37.53135, 126.97042 37.531342, 126.970415 37.531334, 126.970409 37.531326, 126.970403 37.531319, 126.970395 37.531313, 126.970387 37.531307, 126.970378 37.531301, 126.970369 37.531297, 126.970359 37.531293, 126.970348 37.53129, 126.970338 37.531288, 126.970327 37.531287, 126.970315 37.531286, 126.970304 37.531287, 126.970293 37.531288, 126.970283 37.53129, 126.970272 37.531293, 126.970262 37.531297, 126.970253 37.531301, 126.970244 37.531307, 126.970235 37.531313, 126.970228 37.531319, 126.970221 37.531326, 126.970216 37.531334, 126.970211 37.531342, 126.970207 37.53135, 126.970204 37.531359, 126.970203 37.531367, 126.970202 37.531376, 126.970203 37.531385, 126.970204 37.531394, 126.970207 37.531402, 126.970211 37.531411, 126.970216 37.531419, 126.970221 37.531426, 126.970228 37.531433, 126.970235 37.53144, 126.970244 37.531446, 126.970253 37.531451, 126.970262 37.531456, 126.970272 37.53146, 126.970283 37.531463, 126.970293 37.531465, 126.970304 37.531466, 126.970315 37.531466, 126.970326 37.531466, 126.970337 37.531465, 126.970348 37.531463, 126.970359 37.53146, 126.970369 37.531456, 126.970378 37.531451, 126.970387 37.531446, 126.970395 37.53144, 126.970403 37.531433, 126.970409 37.531426, 126.970415 37.531419, 126.97042 37.531411, 126.970424 37.531402, 126.970426 37.531394, 126.970428 37.531385, 126.970429 37.531376))"
버스정류소,점10m,"POLYGON ((126.972625 37.544038, 126.972624 37.544029, 126.972622 37.544021, 126.97262 37.544012, 126.972616 37.544004, 126.972611 37.543996, 126.972606 37.543988, 126.972599 37.543981, 126.972592 37.543974, 126.972583 37.543968, 126.972574 37.543963, 126.972565 37.543959, 126.972555 37.543955, 126.972544 37.543952, 126.972534 37.54395, 126.972523 37.543948, 126.972512 37.543948, 126.9725 37.543948, 126.972489 37.54395, 126.972479 37.543952, 126.972468 37.543955, 126.972458 37.543959, 126.972449 37.543963, 126.97244 37.543968, 126.972432 37.543974, 126.972424 37.543981, 126.972417 37.543988, 126.972412 37.543996, 126.972407 37.544004, 126.972403 37.544012, 126.972401 37.544021, 126.972399 37.544029, 126.972398 37.544038, 126.972399 37.544047, 126.972401 37.544056, 126.972403 37.544064, 126.972407 37.544073, 126.972412 37.544081, 126.972417 37.544088, 126.972424 37.544095, 126.972431 37.544102, 126.97244 37.544108, 126.972449 37.544113, 126.972458 37.544118, 126.972468 37.544121, 126.972479 37.544124, 126.972489 37.544126, 126.9725 37.544128, 126.972511 37.544128, 126.972523 37.544128, 126.972534 37.544127, 126.972544 37.544124, 126.972555 37.544121, 126.972565 37.544118, 126.972574 37.544113, 126.972583 37.544108, 126.972591 37.544102, 126.972599 37.544095, 126.972606 37.544088, 126.972611 37.544081, 126.972616 37.544073, 126.97262 37.544064, 126.972622 37.544056, 126.972624 37.544047, 126.972625 37.544038))"
버스정류소,점10m,"POLYGON ((126.973386 37.534507, 126.973386 37.534498, 126.973384 37.534489, 126.973381 37.53448, 126.973378 37.534472, 126.973373 37.534464, 126.973367 37.534457, 126.973361 37.534449, 126.973353 37.534443, 126.973345 37.534437, 126.973336 37.534432, 126.973326 37.534427, 126.973316 37.534423, 126.973306 37.53442, 126.973295 37.534418, 126.973284 37.534417, 126.973273 37.534416, 126.973262 37.534417, 126.973251 37.534418, 126.97324 37.53442, 126.97323 37.534423, 126.97322 37.534427, 126.97321 37.534432, 126.973201 37.534437, 126.973193 37.534443, 126.973186 37.534449, 126.973179 37.534456, 126.973173 37.534464, 126.973169 37.534472, 126.973165 37.53448, 126.973162 37.534489, 126.973161 37.534498, 126.97316 37.534507, 126.97316 37.534515, 126.973162 37.534524, 126.973165 37.534533, 126.973169 37.534541, 126.973173 37.534549, 126.973179 37.534557, 126.973186 37.534564, 126.973193 37.53457, 126.973201 37.534576, 126.97321 37.534581, 126.97322 37.534586, 126.97323 37.53459, 126.97324 37.534593, 126.973251 37.534595, 126.973262 37.534596, 126.973273 37.534597, 126.973284 37.534596, 126.973295 37.534595, 126.973306 37.534593, 126.973316 37.53459, 126.973326 37.534586, 126.973336 37.534581, 126.973345 37.534576, 126.973353 37.53457, 126.973361 37.534564, 126.973367 37.534557, 126.973373 37.534549, 126.973378 37.534541, 126.973381 37.534533, 126.973384 37.534524, 126.973386 37.534515, 126.973386 37.534507))"
버스정류소,점10m,"POLYGON ((126.972206 37.546324, 126.972206 37.546315, 126.972204 37.546307, 126.972201 37.546298, 126.972198 37.54629, 126.972193 37.546282, 126.972187 37.546274, 126.972181 37.546267, 126.972173 37.54626, 126.972165 37.546254, 126.972156 37.546249, 126.972146 37.546245, 126.972136 37.546241, 126.972126 37.546238, 126.972115 37.546236, 126.972104 37.546234, 126.972093 37.546234, 126.972082 37.546234, 126.972071 37.546236, 126.97206 37.546238, 126.97205 37.546241, 126.97204 37.546245, 126.97203 37.546249, 126.972021 37.546254, 126.972013 37.54626, 126.972006 37.546267, 126.971999 37.546274, 126.971993 37.546282, 126.971989 37.54629, 126.971985 37.546298, 126.971982 37.546307, 126.97198 37.546315, 126.97198 37.546324, 126.97198 37.546333, 126.971982 37.546342, 126.971985 37.54635, 126.971989 37.546359, 126.971993 37.546367, 126.971999 37.546374, 126.972006 37.546381, 126.972013 37.546388, 126.972021 37.546394, 126.97203 37.546399, 126.97204 37.546404, 126.97205 37.546407, 126.97206 37.54641, 126.972071 37.546412, 126.972082 37.546414, 126.972093 37.546414, 126.972104 37.546414, 126.972115 37.546412, 126.972126 37.54641, 126.972136 37.546407, 126.972146 37.546404, 126.972156 37.546399, 126.972165 37.546394, 126.972173 37.546388, 126.972181 37.546381, 126.972187 37.546374, 126.972193 37.546367, 126.972198 37.546359, 126.972201 37.54635, 126.972204 37.546342, 126.972206 37.546333, 126.972206 37.546324))"
버스정류소,점10m,"POLYGON ((126.995748 37.533162, 126.995748 37.533153, 126.995746 37.533144, 126.995743 37.533136, 126.99574 37.533128, 126.995735 37.53312, 126.995729 37.533112, 126.995722 37.533105, 126.995715 37.533098, 126.995707 37.533092, 126.995698 37.533087, 126.995688 37.533083, 126.995678 37.533079, 126.995668 37.533076, 126.995657 37.533074, 126.995646 37.533072, 126.995635 37.533072, 126.995624 37.533072, 126.995613 37.533074, 126.995602 37.533076, 126.995592 37.533079, 126.995582 37.533083, 126.995572 37.533087, 126.995563 37.533092, 126.995555 37.533098, 126.995548 37.533105, 126.995541 37.533112, 126.995535 37.53312, 126.99553 37.533128, 126.995527 37.533136, 126.995524 37.533144, 126.995522 37.533153, 126.995522 37.533162, 126.995522 37.533171, 126.995524 37.53318, 126.995527 37.533188, 126.99553 37.533196, 126.995535 37.533204, 126.995541 37.533212, 126.995548 37.533219, 126.995555 37.533226, 126.995563 37.533232, 126.995572 37.533237, 126.995582 37.533241, 126.995592 37.533245, 126.995602 37.533248, 126.995613 37.53325, 126.995624 37.533252, 126.995635 37.533252, 126.995646 37.533252, 126.995657 37.53325, 126.995668 37.533248, 126.995678 37.533245, 126.995688 37.533241, 126.995698 37.533237, 126.995707 37.533232, 126.995715 37.533226, 126.995722 37.533219, 126.995729 37.533212, 126.995735 37.533204, 126.99574 37.533196, 126.995743 37.533188, 126.995746 37.53318, 126.995748 37.533171, 126.995748 37.533162))"
버스정류소,점10m,"POLYGON ((126.974309 37.550287, 126.974308 37.550278, 126.974306 37.550269, 126.974304 37.550261, 126.9743 37.550252, 126.974295 37.550244, 126.97429 37.550237, 126.974283 37.55023, 126.974276 37.550223, 126.974267 37.550217, 126.974258 37.550212, 126.974249 37.550207, 126.974239 37.550203, 126.974228 37.5502, 126.974218 37.550198, 126.974207 37.550197, 126.974196 37.550197, 126.974184 37.550197, 126.974173 37.550198, 126.974163 37.5502, 126.974152 37.550203, 126.974142 37.550207, 126.974133 37.550212, 126.974124 37.550217, 126.974116 37.550223, 126.974108 37.55023, 126.974101 37.550237, 126.974096 37.550244, 126.974091 37.550252, 126.974087 37.550261, 126.974085 37.550269, 126.974083 37.550278, 126.974082 37.550287, 126.974083 37.550296, 126.974085 37.550304, 126.974087 37.550313, 126.974091 37.550321, 126.974096 37.550329, 126.974101 37.550337, 126.974108 37.550344, 126.974115 37.55035, 126.974124 37.550356, 126.974133 37.550362, 126.974142 37.550366, 126.974152 37.55037, 126.974163 37.550373, 126.974173 37.550375, 126.974184 37.550376, 126.974195 37.550377, 126.974207 37.550376, 126.974218 37.550375, 126.974228 37.550373, 126.974239 37.55037, 126.974249 37.550366, 126.974258 37.550362, 126.974267 37.550356, 126.974275 37.55035, 126.974283 37.550344, 126.97429 37.550337, 126.974295 37.550329, 126.9743 37.550321, 126.974304 37.550313, 126.974306 37.550304, 126.974308 37.550296, 126.974309 37.550287))"
버스정류소,점10m,"POLYGON ((126.995813 37.534339, 126.995813 37.53433, 126.995811 37.534321, 126.995808 37.534313, 126.995805 37.534305, 126.9958 37.534297, 126.995794 37.534289, 126.995787 37.534282, 126.99578 37.534275, 126.995772 37.534269, 126.995763 37.534264, 126.995753 37.53426, 126.995743 37.534256, 126.995733 37.534253, 126.995722 37.534251, 126.995711 37.534249, 126.9957 37.534249, 126.995689 37.534249, 126.995678 37.534251, 126.995667 37.534253, 126.995657 37.534256, 126.995647 37.53426, 126.995637 37.534264, 126.995628 37.534269, 126.99562 37.534275, 126.995613 37.534282, 126.995606 37.534289, 126.9956 37.534297, 126.995595 37.534305, 126.995592 37.534313, 126.995589 37.534321, 126.995587 37.53433, 126.995587 37.534339, 126.995587 37.534348, 126.995589 37.534357, 126.995592 37.534365, 126.995595 37.534373, 126.9956 37.534381, 126.995606 37.534389, 126.995613 37.534396, 126.99562 37.534403, 126.995628 37.534409, 126.995637 37.534414, 126.995647 37.534418, 126.995657 37.534422, 126.995667 37.534425, 126.995678 37.534427, 126.995689 37.534429, 126.9957 37.534429, 126.995711 37.534429, 126.995722 37.534427, 126.995733 37.534425, 126.995743 37.534422, 126.995753 37.534418, 126.995763 37.534414, 126.995772 37.534409, 126.99578 37.534403, 126.995787 37.534396, 126.995794 37.534389, 126.9958 37.534381, 126.995805 37.534373, 126.995808 37.534365, 126.995811 37.534357, 126.995813 37.534348, 126.995813 37.534339))"
버스정류소,점10m,"POLYGON ((126.987297 37.53514, 126.987296 37.535131, 126.987295 37.535122, 126.987292 37.535113, 126.987288 37.535105, 126.987284 37.535097, 126.987278 37.53509, 126.987271 37.535082, 126.987264 37.535076, 126.987256 37.53507, 126.987247 37.535065, 126.987237 37.53506, 126.987227 37.535056, 126.987217 37.535053, 126.987206 37.535051, 126.987195 37.53505, 126.987184 37.535049, 126.987173 37.53505, 126.987162 37.535051, 126.987151 37.535053, 126.987141 37.535056, 126.98713 37.53506, 126.987121 37.535065, 126.987112 37.53507, 126.987104 37.535076, 126.987096 37.535082, 126.98709 37.53509, 126.987084 37.535097, 126.987079 37.535105, 126.987076 37.535113, 126.987073 37.535122, 126.987071 37.535131, 126.987071 37.53514, 126.987071 37.535148, 126.987073 37.535157, 126.987076 37.535166, 126.987079 37.535174, 126.987084 37.535182, 126.98709 37.53519, 126.987096 37.535197, 126.987104 37.535203, 126.987112 37.535209, 126.987121 37.535214, 126.98713 37.535219, 126.98714 37.535223, 126.987151 37.535226, 126.987162 37.535228, 126.987173 37.535229, 126.987184 37.53523, 126.987195 37.535229, 126.987206 37.535228, 126.987217 37.535226, 126.987227 37.535223, 126.987237 37.535219, 126.987247 37.535215, 126.987256 37.535209, 126.987264 37.535203, 126.987271 37.535197, 126.987278 37.53519, 126.987284 37.535182, 126.987288 37.535174, 126.987292 37.535166, 126.987295 37.535157, 126.987296 37.535148, 126.987297 37.53514))"
버스정류소,점10m,"POLYGON ((126.976918 37.550067, 126.976917 37.550058, 126.976915 37.550049, 126.976913 37.55004, 126.976909 37.550032, 126.976904 37.550024, 126.976899 37.550016, 126.976892 37.550009, 126.976884 37.550003, 126.976876 37.549997, 126.976867 37.549992, 126.976858 37.549987, 126.976848 37.549983, 126.976837 37.54998, 126.976827 37.549978, 126.976816 37.549977, 126.976804 37.549976, 126.976793 37.549977, 126.976782 37.549978, 126.976772 37.54998, 126.976761 37.549983, 126.976751 37.549987, 126.976742 37.549992, 126.976733 37.549997, 126.976724 37.550003, 126.976717 37.550009, 126.97671 37.550016, 126.976705 37.550024, 126.9767 37.550032, 126.976696 37.55004, 126.976693 37.550049, 126.976692 37.550058, 126.976691 37.550066, 126.976692 37.550075, 126.976693 37.550084, 126.976696 37.550093, 126.9767 37.550101, 126.976705 37.550109, 126.97671 37.550117, 126.976717 37.550124, 126.976724 37.55013, 126.976733 37.550136, 126.976742 37.550141, 126.976751 37.550146, 126.976761 37.55015, 126.976772 37.550153, 126.976782 37.550155, 126.976793 37.550156, 126.976804 37.550157, 126.976815 37.550156, 126.976826 37.550155, 126.976837 37.550153, 126.976848 37.55015, 126.976858 37.550146, 126.976867 37.550141, 126.976876 37.550136, 126.976884 37.55013, 126.976892 37.550124, 126.976898 37.550117, 126.976904 37.550109, 126.976909 37.550101, 126.976913 37.550093, 126.976915 37.550084, 126.976917 37.550075, 126.976918 37.550067))"
버스정류소,점10m,"POLYGON ((126.977819 37.548365, 126.977818 37.548356, 126.977817 37.548347, 126.977814 37.548338, 126.97781 37.54833, 126.977806 37.548322, 126.9778 37.548314, 126.977793 37.548307, 126.977786 37.548301, 126.977778 37.548295, 126.977769 37.54829, 126.977759 37.548285, 126.977749 37.548281, 126.977739 37.548278, 126.977728 37.548276, 126.977717 37.548275, 126.977706 37.548274, 126.977695 37.548275, 126.977684 37.548276, 126.977673 37.548278, 126.977663 37.548281, 126.977652 37.548285, 126.977643 37.54829, 126.977634 37.548295, 126.977626 37.548301, 126.977618 37.548307, 126.977612 37.548314, 126.977606 37.548322, 126.977601 37.54833, 126.977598 37.548338, 126.977595 37.548347, 126.977593 37.548356, 126.977593 37.548364, 126.977593 37.548373, 126.977595 37.548382, 126.977598 37.548391, 126.977601 37.548399, 126.977606 37.548407, 126.977612 37.548415, 126.977618 37.548422, 126.977626 37.548428, 126.977634 37.548434, 126.977643 37.548439, 126.977652 37.548444, 126.977662 37.548448, 126.977673 37.548451, 126.977684 37.548453, 126.977695 37.548454, 126.977706 37.548455, 126.977717 37.548454, 126.977728 37.548453, 126.977739 37.548451, 126.977749 37.548448, 126.977759 37.548444, 126.977769 37.548439, 126.977778 37.548434, 126.977786 37.548428, 126.977793 37.548422, 126.9778 37.548415, 126.977806 37.548407, 126.97781 37.548399, 126.977814 37.548391, 126.977817 37.548382, 126.977818 37.548373, 126.977819 37.548365))"
버스정류소,점10m,"POLYGON ((126.998531 37.53495, 126.998531 37.534941, 126.998529 37.534932, 126.998526 37.534924, 126.998523 37.534916, 126.998518 37.534908, 126.998512 37.5349, 126.998505 37.534893, 126.998498 37.534886, 126.99849 37.53488, 126.998481 37.534875, 126.998471 37.534871, 126.998461 37.534867, 126.998451 37.534864, 126.99844 37.534862, 126.998429 37.53486, 126.998418 37.53486, 126.998407 37.53486, 126.998396 37.534862, 126.998385 37.534864, 126.998375 37.534867, 126.998365 37.534871, 126.998355 37.534875, 126.998346 37.53488, 126.998338 37.534886, 126.998331 37.534893, 126.998324 37.5349, 126.998318 37.534908, 126.998313 37.534916, 126.99831 37.534924, 126.998307 37.534932, 126.998305 37.534941, 126.998305 37.53495, 126.998305 37.534959, 126.998307 37.534968, 126.99831 37.534976, 126.998313 37.534984, 126.998318 37.534992, 126.998324 37.535, 126.998331 37.535007, 126.998338 37.535014, 126.998346 37.53502, 126.998355 37.535025, 126.998365 37.535029, 126.998375 37.535033, 126.998385 37.535036, 126.998396 37.535038, 126.998407 37.53504, 126.998418 37.53504, 126.998429 37.53504, 126.99844 37.535038, 126.998451 37.535036, 126.998461 37.535033, 126.998471 37.535029, 126.998481 37.535025, 126.99849 37.53502, 126.998498 37.535014, 126.998505 37.535007, 126.998512 37.535, 126.998518 37.534992, 126.998523 37.534984, 126.998526 37.534976, 126.998529 37.534968, 126.998531 37.534959, 126.998531 37.53495))"
버스정류소,점10m,"POLYGON ((126.988565 37.5387, 126.988565 37.538691, 126.988563 37.538682, 126.98856 37.538674, 126.988557 37.538666, 126.988552 37.538658, 126.988546 37.53865, 126.988539 37.538643, 126.988532 37.538636, 126.988524 37.53863, 126.988515 37.538625, 126.988505 37.538621, 126.988495 37.538617, 126.988485 37.538614, 126.988474 37.538612, 126.988463 37.53861, 126.988452 37.53861, 126.988441 37.53861, 126.98843 37.538612, 126.988419 37.538614, 126.988409 37.538617, 126.988399 37.538621, 126.988389 37.538625, 126.98838 37.53863, 126.988372 37.538636, 126.988365 37.538643, 126.988358 37.53865, 126.988352 37.538657, 126.988347 37.538665, 126.988344 37.538674, 126.988341 37.538682, 126.988339 37.538691, 126.988339 37.5387, 126.988339 37.538709, 126.988341 37.538718, 126.988344 37.538726, 126.988347 37.538734, 126.988352 37.538742, 126.988358 37.53875, 126.988365 37.538757, 126.988372 37.538764, 126.98838 37.53877, 126.988389 37.538775, 126.988399 37.538779, 126.988409 37.538783, 126.988419 37.538786, 126.98843 37.538788, 126.988441 37.53879, 126.988452 37.53879, 126.988463 37.53879, 126.988474 37.538788, 126.988485 37.538786, 126.988495 37.538783, 126.988505 37.538779, 126.988515 37.538775, 126.988524 37.53877, 126.988532 37.538764, 126.988539 37.538757, 126.988546 37.53875, 126.988552 37.538742, 126.988557 37.538734, 126.98856 37.538726, 126.988563 37.538718, 126.988565 37.538709, 126.988565 37.5387))"
버스정류소,점10m,"POLYGON ((126.979066 37.545908, 126.979065 37.5459, 126.979063 37.545891, 126.979061 37.545882, 126.979057 37.545874, 126.979052 37.545866, 126.979047 37.545858, 126.97904 37.545851, 126.979033 37.545845, 126.979024 37.545839, 126.979015 37.545833, 126.979006 37.545829, 126.978996 37.545825, 126.978985 37.545822, 126.978975 37.54582, 126.978964 37.545819, 126.978953 37.545818, 126.978941 37.545819, 126.97893 37.54582, 126.97892 37.545822, 126.978909 37.545825, 126.978899 37.545829, 126.97889 37.545833, 126.978881 37.545839, 126.978873 37.545845, 126.978865 37.545851, 126.978858 37.545858, 126.978853 37.545866, 126.978848 37.545874, 126.978844 37.545882, 126.978842 37.545891, 126.97884 37.545899, 126.978839 37.545908, 126.97884 37.545917, 126.978842 37.545926, 126.978844 37.545934, 126.978848 37.545943, 126.978853 37.545951, 126.978858 37.545958, 126.978865 37.545965, 126.978872 37.545972, 126.978881 37.545978, 126.97889 37.545983, 126.978899 37.545988, 126.978909 37.545992, 126.97892 37.545995, 126.97893 37.545997, 126.978941 37.545998, 126.978952 37.545998, 126.978964 37.545998, 126.978975 37.545997, 126.978985 37.545995, 126.978996 37.545992, 126.979006 37.545988, 126.979015 37.545983, 126.979024 37.545978, 126.979032 37.545972, 126.97904 37.545966, 126.979047 37.545958, 126.979052 37.545951, 126.979057 37.545943, 126.979061 37.545935, 126.979063 37.545926, 126.979065 37.545917, 126.979066 37.545908))"
버스정류소,점10m,"POLYGON ((126.989544 37.539278, 126.989543 37.539269, 126.989542 37.53926, 126.989539 37.539252, 126.989535 37.539243, 126.989531 37.539235, 126.989525 37.539228, 126.989518 37.539221, 126.989511 37.539214, 126.989503 37.539208, 126.989494 37.539203, 126.989484 37.539198, 126.989474 37.539194, 126.989464 37.539191, 126.989453 37.539189, 126.989442 37.539188, 126.989431 37.539188, 126.98942 37.539188, 126.989409 37.539189, 126.989398 37.539191, 126.989388 37.539194, 126.989377 37.539198, 126.989368 37.539203, 126.989359 37.539208, 126.989351 37.539214, 126.989343 37.53922, 126.989337 37.539228, 126.989331 37.539235, 126.989326 37.539243, 126.989323 37.539251, 126.98932 37.53926, 126.989318 37.539269, 126.989318 37.539278, 126.989318 37.539286, 126.98932 37.539295, 126.989323 37.539304, 126.989326 37.539312, 126.989331 37.53932, 126.989337 37.539328, 126.989343 37.539335, 126.989351 37.539341, 126.989359 37.539347, 126.989368 37.539353, 126.989377 37.539357, 126.989387 37.539361, 126.989398 37.539364, 126.989409 37.539366, 126.98942 37.539367, 126.989431 37.539368, 126.989442 37.539367, 126.989453 37.539366, 126.989464 37.539364, 126.989474 37.539361, 126.989484 37.539357, 126.989494 37.539353, 126.989503 37.539347, 126.989511 37.539341, 126.989518 37.539335, 126.989525 37.539328, 126.989531 37.53932, 126.989535 37.539312, 126.989539 37.539304, 126.989542 37.539295, 126.989543 37.539287, 126.989544 37.539278))"
버스정류소,점10m,"POLYGON ((126.981473 37.546502, 126.981472 37.546493, 126.98147 37.546484, 126.981468 37.546476, 126.981464 37.546467, 126.981459 37.546459, 126.981454 37.546452, 126.981447 37.546445, 126.98144 37.546438, 126.981431 37.546432, 126.981422 37.546427, 126.981413 37.546422, 126.981403 37.546418, 126.981392 37.546415, 126.981382 37.546413, 126.981371 37.546412, 126.98136 37.546412, 126.981348 37.546412, 126.981337 37.546413, 126.981327 37.546415, 126.981316 37.546418, 126.981306 37.546422, 126.981297 37.546427, 126.981288 37.546432, 126.981279 37.546438, 126.981272 37.546444, 126.981265 37.546452, 126.98126 37.546459, 126.981255 37.546467, 126.981251 37.546475, 126.981249 37.546484, 126.981247 37.546493, 126.981246 37.546502, 126.981247 37.54651, 126.981249 37.546519, 126.981251 37.546528, 126.981255 37.546536, 126.98126 37.546544, 126.981265 37.546552, 126.981272 37.546559, 126.981279 37.546565, 126.981288 37.546571, 126.981297 37.546577, 126.981306 37.546581, 126.981316 37.546585, 126.981327 37.546588, 126.981337 37.54659, 126.981348 37.546591, 126.981359 37.546592, 126.981371 37.546591, 126.981382 37.54659, 126.981392 37.546588, 126.981403 37.546585, 126.981413 37.546581, 126.981422 37.546577, 126.981431 37.546571, 126.98144 37.546565, 126.981447 37.546559, 126.981454 37.546552, 126.981459 37.546544, 126.981464 37.546536, 126.981468 37.546528, 126.98147 37.546519, 126.981472 37.54651, 126.981473 37.546502))"
버스정류소,점10m,"POLYGON ((126.99197 37.539714, 126.99197 37.539705, 126.991968 37.539696, 126.991965 37.539688, 126.991961 37.53968, 126.991957 37.539672, 126.991951 37.539664, 126.991944 37.539657, 126.991937 37.53965, 126.991929 37.539644, 126.99192 37.539639, 126.99191 37.539635, 126.9919 37.539631, 126.99189 37.539628, 126.991879 37.539626, 126.991868 37.539624, 126.991857 37.539624, 126.991846 37.539624, 126.991835 37.539626, 126.991824 37.539628, 126.991814 37.539631, 126.991804 37.539635, 126.991794 37.539639, 126.991785 37.539644, 126.991777 37.53965, 126.991769 37.539657, 126.991763 37.539664, 126.991757 37.539672, 126.991752 37.539679, 126.991749 37.539688, 126.991746 37.539696, 126.991744 37.539705, 126.991744 37.539714, 126.991744 37.539723, 126.991746 37.539732, 126.991749 37.53974, 126.991752 37.539748, 126.991757 37.539756, 126.991763 37.539764, 126.991769 37.539771, 126.991777 37.539778, 126.991785 37.539784, 126.991794 37.539789, 126.991804 37.539793, 126.991814 37.539797, 126.991824 37.5398, 126.991835 37.539802, 126.991846 37.539804, 126.991857 37.539804, 126.991868 37.539804, 126.991879 37.539802, 126.99189 37.5398, 126.9919 37.539797, 126.99191 37.539793, 126.99192 37.539789, 126.991929 37.539784, 126.991937 37.539778, 126.991944 37.539771, 126.991951 37.539764, 126.991957 37.539756, 126.991961 37.539748, 126.991965 37.53974, 126.991968 37.539732, 126.99197 37.539723, 126.99197 37.539714))"
버스정류소,점10m,"POLYGON ((126.982021 37.544483, 126.98202 37.544474, 126.982019 37.544466, 126.982016 37.544457, 126.982012 37.544449, 126.982008 37.544441, 126.982002 37.544433, 126.981995 37.544426, 126.981988 37.54442, 126.98198 37.544414, 126.981971 37.544408, 126.981961 37.544404, 126.981951 37.5444, 126.981941 37.544397, 126.98193 37.544395, 126.981919 37.544394, 126.981908 37.544393, 126.981897 37.544394, 126.981886 37.544395, 126.981875 37.544397, 126.981864 37.5444, 126.981854 37.544404, 126.981845 37.544408, 126.981836 37.544414, 126.981828 37.54442, 126.98182 37.544426, 126.981814 37.544433, 126.981808 37.544441, 126.981803 37.544449, 126.981799 37.544457, 126.981797 37.544466, 126.981795 37.544474, 126.981795 37.544483, 126.981795 37.544492, 126.981797 37.544501, 126.981799 37.544509, 126.981803 37.544518, 126.981808 37.544526, 126.981814 37.544533, 126.98182 37.54454, 126.981828 37.544547, 126.981836 37.544553, 126.981845 37.544558, 126.981854 37.544563, 126.981864 37.544567, 126.981875 37.544569, 126.981886 37.544572, 126.981897 37.544573, 126.981908 37.544573, 126.981919 37.544573, 126.98193 37.544572, 126.981941 37.54457, 126.981951 37.544567, 126.981961 37.544563, 126.981971 37.544558, 126.981979 37.544553, 126.981988 37.544547, 126.981995 37.54454, 126.982002 37.544533, 126.982007 37.544526, 126.982012 37.544518, 126.982016 37.544509, 126.982019 37.544501, 126.98202 37.544492, 126.982021 37.544483))"
버스정류소,점10m,"POLYGON ((126.993865 37.540089, 126.993865 37.54008, 126.993863 37.540071, 126.993861 37.540063, 126.993857 37.540054, 126.993852 37.540046, 126.993846 37.540039, 126.99384 37.540032, 126.993832 37.540025, 126.993824 37.540019, 126.993815 37.540014, 126.993806 37.54001, 126.993796 37.540006, 126.993785 37.540003, 126.993774 37.540001, 126.993763 37.539999, 126.993752 37.539999, 126.993741 37.539999, 126.99373 37.540001, 126.993719 37.540003, 126.993709 37.540006, 126.993699 37.540009, 126.993689 37.540014, 126.993681 37.540019, 126.993672 37.540025, 126.993665 37.540032, 126.993658 37.540039, 126.993653 37.540046, 126.993648 37.540054, 126.993644 37.540063, 126.993641 37.540071, 126.99364 37.54008, 126.993639 37.540089, 126.99364 37.540098, 126.993641 37.540107, 126.993644 37.540115, 126.993648 37.540123, 126.993653 37.540131, 126.993658 37.540139, 126.993665 37.540146, 126.993672 37.540153, 126.993681 37.540159, 126.993689 37.540164, 126.993699 37.540168, 126.993709 37.540172, 126.993719 37.540175, 126.99373 37.540177, 126.993741 37.540179, 126.993752 37.540179, 126.993763 37.540179, 126.993774 37.540177, 126.993785 37.540175, 126.993796 37.540172, 126.993806 37.540168, 126.993815 37.540164, 126.993824 37.540159, 126.993832 37.540153, 126.99384 37.540146, 126.993846 37.540139, 126.993852 37.540131, 126.993857 37.540123, 126.993861 37.540115, 126.993863 37.540107, 126.993865 37.540098, 126.993865 37.540089))"
버스정류소,점10m,"POLYGON ((126.983501 37.544623, 126.983501 37.544614, 126.983499 37.544606, 126.983496 37.544597, 126.983492 37.544589, 126.983488 37.544581, 126.983482 37.544573, 126.983475 37.544566, 126.983468 37.544559, 126.98346 37.544554, 126.983451 37.544548, 126.983441 37.544544, 126.983431 37.54454, 126.983421 37.544537, 126.98341 37.544535, 126.983399 37.544534, 126.983388 37.544533, 126.983377 37.544534, 126.983366 37.544535, 126.983355 37.544537, 126.983345 37.54454, 126.983335 37.544544, 126.983325 37.544548, 126.983316 37.544554, 126.983308 37.544559, 126.9833 37.544566, 126.983294 37.544573, 126.983288 37.544581, 126.983283 37.544589, 126.98328 37.544597, 126.983277 37.544606, 126.983275 37.544614, 126.983275 37.544623, 126.983275 37.544632, 126.983277 37.544641, 126.98328 37.544649, 126.983283 37.544658, 126.983288 37.544666, 126.983294 37.544673, 126.9833 37.54468, 126.983308 37.544687, 126.983316 37.544693, 126.983325 37.544698, 126.983335 37.544703, 126.983345 37.544706, 126.983355 37.544709, 126.983366 37.544712, 126.983377 37.544713, 126.983388 37.544713, 126.983399 37.544713, 126.98341 37.544712, 126.983421 37.544709, 126.983431 37.544706, 126.983441 37.544703, 126.983451 37.544698, 126.98346 37.544693, 126.983468 37.544687, 126.983475 37.54468, 126.983482 37.544673, 126.983488 37.544666, 126.983492 37.544658, 126.983496 37.544649, 126.983499 37.544641, 126.983501 37.544632, 126.983501 37.544623))"
버스정류소,점10m,"POLYGON ((126.98551 37.545703, 126.985509 37.545694, 126.985507 37.545685, 126.985505 37.545677, 126.985501 37.545668, 126.985496 37.54566, 126.985491 37.545653, 126.985484 37.545646, 126.985477 37.545639, 126.985468 37.545633, 126.985459 37.545628, 126.98545 37.545623, 126.98544 37.54562, 126.985429 37.545617, 126.985419 37.545615, 126.985408 37.545613, 126.985397 37.545613, 126.985385 37.545613, 126.985374 37.545615, 126.985364 37.545617, 126.985353 37.54562, 126.985343 37.545623, 126.985334 37.545628, 126.985325 37.545633, 126.985316 37.545639, 126.985309 37.545646, 126.985302 37.545653, 126.985297 37.54566, 126.985292 37.545668, 126.985288 37.545677, 126.985286 37.545685, 126.985284 37.545694, 126.985283 37.545703, 126.985284 37.545712, 126.985286 37.545721, 126.985288 37.545729, 126.985292 37.545737, 126.985297 37.545745, 126.985302 37.545753, 126.985309 37.54576, 126.985316 37.545767, 126.985325 37.545773, 126.985334 37.545778, 126.985343 37.545782, 126.985353 37.545786, 126.985364 37.545789, 126.985374 37.545791, 126.985385 37.545793, 126.985396 37.545793, 126.985408 37.545793, 126.985419 37.545791, 126.985429 37.545789, 126.98544 37.545786, 126.98545 37.545782, 126.985459 37.545778, 126.985468 37.545773, 126.985477 37.545767, 126.985484 37.54576, 126.985491 37.545753, 126.985496 37.545745, 126.985501 37.545737, 126.985505 37.545729, 126.985507 37.545721, 126.985509 37.545712, 126.98551 37.545703))"
버스정류소,점10m,"POLYGON ((126.986735 37.544551, 126.986735 37.544542, 126.986733 37.544533, 126.986731 37.544524, 126.986727 37.544516, 126.986722 37.544508, 126.986716 37.544501, 126.98671 37.544493, 126.986702 37.544487, 126.986694 37.544481, 126.986685 37.544476, 126.986676 37.544471, 126.986666 37.544467, 126.986655 37.544464, 126.986644 37.544462, 126.986633 37.544461, 126.986622 37.54446, 126.986611 37.544461, 126.9866 37.544462, 126.986589 37.544464, 126.986579 37.544467, 126.986569 37.544471, 126.986559 37.544476, 126.986551 37.544481, 126.986542 37.544487, 126.986535 37.544493, 126.986528 37.544501, 126.986523 37.544508, 126.986518 37.544516, 126.986514 37.544524, 126.986511 37.544533, 126.98651 37.544542, 126.986509 37.544551, 126.98651 37.544559, 126.986511 37.544568, 126.986514 37.544577, 126.986518 37.544585, 126.986522 37.544593, 126.986528 37.544601, 126.986535 37.544608, 126.986542 37.544614, 126.986551 37.54462, 126.986559 37.544625, 126.986569 37.54463, 126.986579 37.544634, 126.986589 37.544637, 126.9866 37.544639, 126.986611 37.54464, 126.986622 37.544641, 126.986633 37.54464, 126.986644 37.544639, 126.986655 37.544637, 126.986666 37.544634, 126.986676 37.54463, 126.986685 37.544626, 126.986694 37.54462, 126.986702 37.544614, 126.98671 37.544608, 126.986716 37.544601, 126.986722 37.544593, 126.986727 37.544585, 126.986731 37.544577, 126.986733 37.544568, 126.986735 37.544559, 126.986735 37.544551))"
버스정류소,점10m,"POLYGON ((126.987772 37.543242, 126.987772 37.543233, 126.98777 37.543225, 126.987767 37.543216, 126.987764 37.543208, 126.987759 37.5432, 126.987753 37.543192, 126.987747 37.543185, 126.987739 37.543179, 126.987731 37.543173, 126.987722 37.543167, 126.987713 37.543163, 126.987703 37.543159, 126.987692 37.543156, 126.987681 37.543154, 126.98767 37.543153, 126.987659 37.543152, 126.987648 37.543153, 126.987637 37.543154, 126.987626 37.543156, 126.987616 37.543159, 126.987606 37.543163, 126.987596 37.543167, 126.987587 37.543173, 126.987579 37.543179, 126.987572 37.543185, 126.987565 37.543192, 126.987559 37.5432, 126.987555 37.543208, 126.987551 37.543216, 126.987548 37.543225, 126.987547 37.543233, 126.987546 37.543242, 126.987547 37.543251, 126.987548 37.54326, 126.987551 37.543268, 126.987555 37.543277, 126.987559 37.543285, 126.987565 37.543292, 126.987572 37.543299, 126.987579 37.543306, 126.987587 37.543312, 126.987596 37.543317, 126.987606 37.543322, 126.987616 37.543326, 126.987626 37.543329, 126.987637 37.543331, 126.987648 37.543332, 126.987659 37.543332, 126.98767 37.543332, 126.987681 37.543331, 126.987692 37.543329, 126.987702 37.543326, 126.987713 37.543322, 126.987722 37.543317, 126.987731 37.543312, 126.987739 37.543306, 126.987747 37.543299, 126.987753 37.543292, 126.987759 37.543285, 126.987764 37.543277, 126.987767 37.543268, 126.98777 37.54326, 126.987772 37.543251, 126.987772 37.543242))"
버스정류소,점10m,"POLYGON ((126.987527 37.542388, 126.987526 37.542379, 126.987525 37.54237, 126.987522 37.542362, 126.987518 37.542354, 126.987513 37.542346, 126.987508 37.542338, 126.987501 37.542331, 126.987494 37.542324, 126.987485 37.542318, 126.987477 37.542313, 126.987467 37.542309, 126.987457 37.542305, 126.987447 37.542302, 126.987436 37.5423, 126.987425 37.542298, 126.987414 37.542298, 126.987403 37.542298, 126.987392 37.5423, 126.987381 37.542302, 126.98737 37.542305, 126.98736 37.542309, 126.987351 37.542313, 126.987342 37.542318, 126.987334 37.542324, 126.987326 37.542331, 126.98732 37.542338, 126.987314 37.542346, 126.987309 37.542354, 126.987305 37.542362, 126.987303 37.54237, 126.987301 37.542379, 126.987301 37.542388, 126.987301 37.542397, 126.987303 37.542406, 126.987305 37.542414, 126.987309 37.542423, 126.987314 37.542431, 126.98732 37.542438, 126.987326 37.542445, 126.987334 37.542452, 126.987342 37.542458, 126.987351 37.542463, 126.98736 37.542468, 126.98737 37.542471, 126.987381 37.542474, 126.987392 37.542476, 126.987403 37.542478, 126.987414 37.542478, 126.987425 37.542478, 126.987436 37.542476, 126.987447 37.542474, 126.987457 37.542471, 126.987467 37.542468, 126.987477 37.542463, 126.987485 37.542458, 126.987494 37.542452, 126.987501 37.542445, 126.987508 37.542438, 126.987513 37.542431, 126.987518 37.542423, 126.987522 37.542414, 126.987525 37.542406, 126.987526 37.542397, 126.987527 37.542388))"
버스정류소,점10m,"POLYGON ((126.987073 37.541099, 126.987073 37.54109, 126.987071 37.541081, 126.987068 37.541072, 126.987065 37.541064, 126.98706 37.541056, 126.987054 37.541048, 126.987048 37.541041, 126.98704 37.541035, 126.987032 37.541029, 126.987023 37.541024, 126.987014 37.541019, 126.987004 37.541015, 126.986993 37.541012, 126.986982 37.54101, 126.986971 37.541009, 126.98696 37.541008, 126.986949 37.541009, 126.986938 37.54101, 126.986927 37.541012, 126.986917 37.541015, 126.986907 37.541019, 126.986897 37.541024, 126.986888 37.541029, 126.98688 37.541035, 126.986873 37.541041, 126.986866 37.541048, 126.98686 37.541056, 126.986856 37.541064, 126.986852 37.541072, 126.986849 37.541081, 126.986848 37.54109, 126.986847 37.541099, 126.986848 37.541107, 126.986849 37.541116, 126.986852 37.541125, 126.986856 37.541133, 126.98686 37.541141, 126.986866 37.541149, 126.986873 37.541156, 126.98688 37.541162, 126.986888 37.541168, 126.986897 37.541173, 126.986907 37.541178, 126.986917 37.541182, 126.986927 37.541185, 126.986938 37.541187, 126.986949 37.541188, 126.98696 37.541189, 126.986971 37.541188, 126.986982 37.541187, 126.986993 37.541185, 126.987003 37.541182, 126.987014 37.541178, 126.987023 37.541173, 126.987032 37.541168, 126.98704 37.541162, 126.987048 37.541156, 126.987054 37.541149, 126.98706 37.541141, 126.987065 37.541133, 126.987068 37.541125, 126.987071 37.541116, 126.987073 37.541107, 126.987073 37.541099))"
버스정류소,점10m,"POLYGON ((126.986671 37.538988, 126.98667 37.538979, 126.986669 37.538971, 126.986666 37.538962, 126.986662 37.538954, 126.986657 37.538946, 126.986652 37.538938, 126.986645 37.538931, 126.986638 37.538924, 126.986629 37.538918, 126.986621 37.538913, 126.986611 37.538909, 126.986601 37.538905, 126.986591 37.538902, 126.98658 37.5389, 126.986569 37.538898, 126.986558 37.538898, 126.986547 37.538898, 126.986536 37.5389, 126.986525 37.538902, 126.986514 37.538905, 126.986504 37.538909, 126.986495 37.538913, 126.986486 37.538918, 126.986478 37.538924, 126.98647 37.538931, 126.986464 37.538938, 126.986458 37.538946, 126.986453 37.538954, 126.986449 37.538962, 126.986447 37.538971, 126.986445 37.538979, 126.986445 37.538988, 126.986445 37.538997, 126.986447 37.539006, 126.986449 37.539014, 126.986453 37.539023, 126.986458 37.539031, 126.986464 37.539038, 126.98647 37.539045, 126.986478 37.539052, 126.986486 37.539058, 126.986495 37.539063, 126.986504 37.539068, 126.986514 37.539071, 126.986525 37.539074, 126.986536 37.539076, 126.986547 37.539078, 126.986558 37.539078, 126.986569 37.539078, 126.98658 37.539076, 126.986591 37.539074, 126.986601 37.539071, 126.986611 37.539068, 126.986621 37.539063, 126.986629 37.539058, 126.986638 37.539052, 126.986645 37.539045, 126.986652 37.539038, 126.986657 37.539031, 126.986662 37.539023, 126.986666 37.539014, 126.986669 37.539006, 126.98667 37.538997, 126.986671 37.538988))"
버스정류소,점10m,"POLYGON ((126.972152 37.549096, 126.972151 37.549087, 126.97215 37.549078, 126.972147 37.54907, 126.972143 37.549061, 126.972139 37.549053, 126.972133 37.549046, 126.972126 37.549039, 126.972119 37.549032, 126.972111 37.549026, 126.972102 37.549021, 126.972092 37.549016, 126.972082 37.549013, 126.972072 37.54901, 126.972061 37.549008, 126.97205 37.549006, 126.972039 37.549006, 126.972028 37.549006, 126.972017 37.549007, 126.972006 37.54901, 126.971996 37.549013, 126.971985 37.549016, 126.971976 37.549021, 126.971967 37.549026, 126.971959 37.549032, 126.971951 37.549039, 126.971945 37.549046, 126.971939 37.549053, 126.971934 37.549061, 126.971931 37.54907, 126.971928 37.549078, 126.971926 37.549087, 126.971926 37.549096, 126.971926 37.549105, 126.971928 37.549113, 126.97193 37.549122, 126.971934 37.54913, 126.971939 37.549138, 126.971945 37.549146, 126.971951 37.549153, 126.971959 37.54916, 126.971967 37.549166, 126.971976 37.549171, 126.971985 37.549175, 126.971995 37.549179, 126.972006 37.549182, 126.972017 37.549184, 126.972028 37.549186, 126.972039 37.549186, 126.97205 37.549186, 126.972061 37.549184, 126.972072 37.549182, 126.972082 37.549179, 126.972092 37.549175, 126.972102 37.549171, 126.972111 37.549166, 126.972119 37.54916, 126.972126 37.549153, 126.972133 37.549146, 126.972139 37.549138, 126.972143 37.54913, 126.972147 37.549122, 126.97215 37.549113, 126.972151 37.549105, 126.972152 37.549096))"
버스정류소,점10m,"POLYGON ((126.948834 37.534946, 126.948833 37.534937, 126.948832 37.534929, 126.948829 37.53492, 126.948825 37.534912, 126.948821 37.534904, 126.948815 37.534896, 126.948808 37.534889, 126.948801 37.534883, 126.948793 37.534877, 126.948784 37.534871, 126.948774 37.534867, 126.948764 37.534863, 126.948754 37.53486, 126.948743 37.534858, 126.948732 37.534857, 126.948721 37.534856, 126.94871 37.534857, 126.948699 37.534858, 126.948688 37.53486, 126.948678 37.534863, 126.948668 37.534867, 126.948658 37.534871, 126.948649 37.534877, 126.948641 37.534882, 126.948633 37.534889, 126.948627 37.534896, 126.948621 37.534904, 126.948616 37.534912, 126.948613 37.53492, 126.94861 37.534929, 126.948608 37.534937, 126.948608 37.534946, 126.948608 37.534955, 126.94861 37.534964, 126.948613 37.534972, 126.948616 37.534981, 126.948621 37.534989, 126.948627 37.534996, 126.948633 37.535003, 126.948641 37.53501, 126.948649 37.535016, 126.948658 37.535021, 126.948667 37.535026, 126.948677 37.535029, 126.948688 37.535032, 126.948699 37.535035, 126.94871 37.535036, 126.948721 37.535036, 126.948732 37.535036, 126.948743 37.535035, 126.948754 37.535032, 126.948764 37.53503, 126.948774 37.535026, 126.948784 37.535021, 126.948793 37.535016, 126.948801 37.53501, 126.948808 37.535003, 126.948815 37.534996, 126.948821 37.534989, 126.948825 37.534981, 126.948829 37.534972, 126.948832 37.534964, 126.948833 37.534955, 126.948834 37.534946))"
버스정류소,점10m,"POLYGON ((126.963154 37.551568, 126.963154 37.551559, 126.963152 37.55155, 126.96315 37.551542, 126.963146 37.551533, 126.963141 37.551525, 126.963135 37.551518, 126.963129 37.551511, 126.963121 37.551504, 126.963113 37.551498, 126.963104 37.551493, 126.963095 37.551488, 126.963085 37.551485, 126.963074 37.551482, 126.963063 37.551479, 126.963052 37.551478, 126.963041 37.551478, 126.96303 37.551478, 126.963019 37.551479, 126.963008 37.551482, 126.962998 37.551485, 126.962988 37.551488, 126.962978 37.551493, 126.96297 37.551498, 126.962961 37.551504, 126.962954 37.551511, 126.962947 37.551518, 126.962942 37.551525, 126.962937 37.551533, 126.962933 37.551542, 126.96293 37.55155, 126.962929 37.551559, 126.962928 37.551568, 126.962929 37.551577, 126.96293 37.551585, 126.962933 37.551594, 126.962937 37.551602, 126.962941 37.55161, 126.962947 37.551618, 126.962954 37.551625, 126.962961 37.551631, 126.962969 37.551637, 126.962978 37.551643, 126.962988 37.551647, 126.962998 37.551651, 126.963008 37.551654, 126.963019 37.551656, 126.96303 37.551657, 126.963041 37.551658, 126.963052 37.551657, 126.963063 37.551656, 126.963074 37.551654, 126.963085 37.551651, 126.963095 37.551647, 126.963104 37.551643, 126.963113 37.551637, 126.963121 37.551632, 126.963129 37.551625, 126.963135 37.551618, 126.963141 37.55161, 126.963146 37.551602, 126.96315 37.551594, 126.963152 37.551585, 126.963154 37.551577, 126.963154 37.551568))"
버스정류소,점10m,"POLYGON ((126.96373 37.550375, 126.963729 37.550366, 126.963728 37.550357, 126.963725 37.550349, 126.963721 37.55034, 126.963717 37.550332, 126.963711 37.550325, 126.963704 37.550318, 126.963697 37.550311, 126.963689 37.550305, 126.96368 37.5503, 126.96367 37.550295, 126.96366 37.550292, 126.96365 37.550289, 126.963639 37.550287, 126.963628 37.550285, 126.963617 37.550285, 126.963606 37.550285, 126.963595 37.550287, 126.963584 37.550289, 126.963574 37.550292, 126.963563 37.550295, 126.963554 37.5503, 126.963545 37.550305, 126.963537 37.550311, 126.963529 37.550318, 126.963523 37.550325, 126.963517 37.550332, 126.963512 37.55034, 126.963509 37.550349, 126.963506 37.550357, 126.963504 37.550366, 126.963504 37.550375, 126.963504 37.550384, 126.963506 37.550392, 126.963508 37.550401, 126.963512 37.550409, 126.963517 37.550417, 126.963523 37.550425, 126.963529 37.550432, 126.963537 37.550439, 126.963545 37.550445, 126.963554 37.55045, 126.963563 37.550454, 126.963573 37.550458, 126.963584 37.550461, 126.963595 37.550463, 126.963606 37.550465, 126.963617 37.550465, 126.963628 37.550465, 126.963639 37.550463, 126.96365 37.550461, 126.96366 37.550458, 126.96367 37.550454, 126.96368 37.55045, 126.963689 37.550445, 126.963697 37.550439, 126.963704 37.550432, 126.963711 37.550425, 126.963717 37.550417, 126.963721 37.550409, 126.963725 37.550401, 126.963728 37.550393, 126.963729 37.550384, 126.96373 37.550375))"
버스정류소,점10m,"POLYGON ((126.963489 37.548584, 126.963488 37.548575, 126.963486 37.548566, 126.963484 37.548557, 126.96348 37.548549, 126.963475 37.548541, 126.96347 37.548533, 126.963463 37.548526, 126.963456 37.54852, 126.963447 37.548514, 126.963438 37.548509, 126.963429 37.548504, 126.963419 37.5485, 126.963408 37.548497, 126.963398 37.548495, 126.963387 37.548494, 126.963376 37.548493, 126.963364 37.548494, 126.963353 37.548495, 126.963343 37.548497, 126.963332 37.5485, 126.963322 37.548504, 126.963313 37.548509, 126.963304 37.548514, 126.963296 37.54852, 126.963288 37.548526, 126.963281 37.548533, 126.963276 37.548541, 126.963271 37.548549, 126.963267 37.548557, 126.963265 37.548566, 126.963263 37.548575, 126.963262 37.548583, 126.963263 37.548592, 126.963265 37.548601, 126.963267 37.54861, 126.963271 37.548618, 126.963276 37.548626, 126.963281 37.548634, 126.963288 37.548641, 126.963295 37.548647, 126.963304 37.548653, 126.963313 37.548658, 126.963322 37.548663, 126.963332 37.548667, 126.963343 37.54867, 126.963353 37.548672, 126.963364 37.548673, 126.963375 37.548674, 126.963387 37.548673, 126.963398 37.548672, 126.963408 37.54867, 126.963419 37.548667, 126.963429 37.548663, 126.963438 37.548658, 126.963447 37.548653, 126.963455 37.548647, 126.963463 37.548641, 126.96347 37.548634, 126.963475 37.548626, 126.96348 37.548618, 126.963484 37.54861, 126.963486 37.548601, 126.963488 37.548592, 126.963489 37.548584))"
버스정류소,점10m,"POLYGON ((126.972786 37.520139, 126.972786 37.52013, 126.972784 37.520122, 126.972781 37.520113, 126.972778 37.520105, 126.972773 37.520097, 126.972767 37.520089, 126.97276 37.520082, 126.972753 37.520076, 126.972745 37.52007, 126.972736 37.520064, 126.972726 37.52006, 126.972716 37.520056, 126.972706 37.520053, 126.972695 37.520051, 126.972684 37.52005, 126.972673 37.520049, 126.972662 37.52005, 126.972651 37.520051, 126.97264 37.520053, 126.97263 37.520056, 126.97262 37.52006, 126.97261 37.520064, 126.972601 37.52007, 126.972593 37.520076, 126.972586 37.520082, 126.972579 37.520089, 126.972573 37.520097, 126.972569 37.520105, 126.972565 37.520113, 126.972562 37.520122, 126.97256 37.52013, 126.97256 37.520139, 126.97256 37.520148, 126.972562 37.520157, 126.972565 37.520165, 126.972568 37.520174, 126.972573 37.520182, 126.972579 37.520189, 126.972586 37.520196, 126.972593 37.520203, 126.972601 37.520209, 126.97261 37.520214, 126.97262 37.520219, 126.97263 37.520222, 126.97264 37.520225, 126.972651 37.520228, 126.972662 37.520229, 126.972673 37.520229, 126.972684 37.520229, 126.972695 37.520228, 126.972706 37.520225, 126.972716 37.520223, 126.972726 37.520219, 126.972736 37.520214, 126.972745 37.520209, 126.972753 37.520203, 126.97276 37.520196, 126.972767 37.520189, 126.972773 37.520182, 126.972777 37.520174, 126.972781 37.520165, 126.972784 37.520157, 126.972786 37.520148, 126.972786 37.520139))"
버스정류소,점10m,"POLYGON ((126.976307 37.5191, 126.976307 37.519091, 126.976305 37.519082, 126.976302 37.519074, 126.976299 37.519066, 126.976294 37.519058, 126.976288 37.51905, 126.976282 37.519043, 126.976274 37.519036, 126.976266 37.51903, 126.976257 37.519025, 126.976248 37.519021, 126.976238 37.519017, 126.976227 37.519014, 126.976216 37.519012, 126.976205 37.51901, 126.976194 37.51901, 126.976183 37.51901, 126.976172 37.519012, 126.976161 37.519014, 126.976151 37.519017, 126.976141 37.519021, 126.976131 37.519025, 126.976122 37.51903, 126.976114 37.519036, 126.976107 37.519043, 126.9761 37.51905, 126.976094 37.519058, 126.97609 37.519066, 126.976086 37.519074, 126.976083 37.519082, 126.976082 37.519091, 126.976081 37.5191, 126.976082 37.519109, 126.976083 37.519118, 126.976086 37.519126, 126.97609 37.519134, 126.976094 37.519142, 126.9761 37.51915, 126.976107 37.519157, 126.976114 37.519164, 126.976122 37.51917, 126.976131 37.519175, 126.976141 37.519179, 126.976151 37.519183, 126.976161 37.519186, 126.976172 37.519188, 126.976183 37.51919, 126.976194 37.51919, 126.976205 37.51919, 126.976216 37.519188, 126.976227 37.519186, 126.976237 37.519183, 126.976247 37.51918, 126.976257 37.519175, 126.976266 37.51917, 126.976274 37.519164, 126.976282 37.519157, 126.976288 37.51915, 126.976294 37.519143, 126.976299 37.519135, 126.976302 37.519126, 126.976305 37.519118, 126.976307 37.519109, 126.976307 37.5191))"
버스정류소,점10m,"POLYGON ((126.997481 37.539826, 126.997481 37.539817, 126.997479 37.539808, 126.997476 37.5398, 126.997472 37.539791, 126.997468 37.539783, 126.997462 37.539776, 126.997455 37.539769, 126.997448 37.539762, 126.99744 37.539756, 126.997431 37.539751, 126.997421 37.539747, 126.997411 37.539743, 126.997401 37.53974, 126.99739 37.539738, 126.997379 37.539736, 126.997368 37.539736, 126.997357 37.539736, 126.997346 37.539738, 126.997335 37.53974, 126.997325 37.539743, 126.997315 37.539747, 126.997305 37.539751, 126.997296 37.539756, 126.997288 37.539762, 126.99728 37.539769, 126.997274 37.539776, 126.997268 37.539783, 126.997263 37.539791, 126.99726 37.5398, 126.997257 37.539808, 126.997255 37.539817, 126.997255 37.539826, 126.997255 37.539835, 126.997257 37.539844, 126.99726 37.539852, 126.997263 37.53986, 126.997268 37.539868, 126.997274 37.539876, 126.99728 37.539883, 126.997288 37.53989, 126.997296 37.539896, 126.997305 37.539901, 126.997315 37.539905, 126.997325 37.539909, 126.997335 37.539912, 126.997346 37.539914, 126.997357 37.539916, 126.997368 37.539916, 126.997379 37.539916, 126.99739 37.539914, 126.997401 37.539912, 126.997411 37.539909, 126.997421 37.539905, 126.997431 37.539901, 126.99744 37.539896, 126.997448 37.53989, 126.997455 37.539883, 126.997462 37.539876, 126.997468 37.539868, 126.997472 37.53986, 126.997476 37.539852, 126.997479 37.539844, 126.997481 37.539835, 126.997481 37.539826))"
버스정류소,점10m,"POLYGON ((126.963619 37.54847, 126.963618 37.548461, 126.963617 37.548452, 126.963614 37.548444, 126.96361 37.548436, 126.963606 37.548428, 126.9636 37.54842, 126.963593 37.548413, 126.963586 37.548406, 126.963578 37.5484, 126.963569 37.548395, 126.963559 37.548391, 126.963549 37.548387, 126.963539 37.548384, 126.963528 37.548382, 126.963517 37.54838, 126.963506 37.54838, 126.963495 37.54838, 126.963484 37.548382, 126.963473 37.548384, 126.963462 37.548387, 126.963452 37.548391, 126.963443 37.548395, 126.963434 37.5484, 126.963426 37.548406, 126.963418 37.548413, 126.963412 37.54842, 126.963406 37.548427, 126.963401 37.548435, 126.963397 37.548444, 126.963395 37.548452, 126.963393 37.548461, 126.963393 37.54847, 126.963393 37.548479, 126.963395 37.548488, 126.963397 37.548496, 126.963401 37.548504, 126.963406 37.548512, 126.963412 37.54852, 126.963418 37.548527, 126.963426 37.548534, 126.963434 37.54854, 126.963443 37.548545, 126.963452 37.548549, 126.963462 37.548553, 126.963473 37.548556, 126.963484 37.548558, 126.963495 37.54856, 126.963506 37.54856, 126.963517 37.54856, 126.963528 37.548558, 126.963539 37.548556, 126.963549 37.548553, 126.963559 37.548549, 126.963569 37.548545, 126.963577 37.54854, 126.963586 37.548534, 126.963593 37.548527, 126.9636 37.54852, 126.963605 37.548512, 126.96361 37.548504, 126.963614 37.548496, 126.963617 37.548488, 126.963618 37.548479, 126.963619 37.54847))"
버스정류소,점10m,"POLYGON ((126.963842 37.550381, 126.963842 37.550372, 126.96384 37.550364, 126.963837 37.550355, 126.963833 37.550347, 126.963829 37.550339, 126.963823 37.550331, 126.963816 37.550324, 126.963809 37.550318, 126.963801 37.550312, 126.963792 37.550306, 126.963782 37.550302, 126.963772 37.550298, 126.963762 37.550295, 126.963751 37.550293, 126.96374 37.550292, 126.963729 37.550291, 126.963718 37.550292, 126.963707 37.550293, 126.963696 37.550295, 126.963686 37.550298, 126.963676 37.550302, 126.963666 37.550306, 126.963657 37.550312, 126.963649 37.550318, 126.963641 37.550324, 126.963635 37.550331, 126.963629 37.550339, 126.963624 37.550347, 126.963621 37.550355, 126.963618 37.550364, 126.963616 37.550372, 126.963616 37.550381, 126.963616 37.55039, 126.963618 37.550399, 126.963621 37.550407, 126.963624 37.550416, 126.963629 37.550424, 126.963635 37.550431, 126.963641 37.550438, 126.963649 37.550445, 126.963657 37.550451, 126.963666 37.550456, 126.963676 37.550461, 126.963686 37.550464, 126.963696 37.550467, 126.963707 37.55047, 126.963718 37.550471, 126.963729 37.550471, 126.96374 37.550471, 126.963751 37.55047, 126.963762 37.550468, 126.963772 37.550465, 126.963782 37.550461, 126.963792 37.550456, 126.963801 37.550451, 126.963809 37.550445, 126.963816 37.550438, 126.963823 37.550431, 126.963829 37.550424, 126.963833 37.550416, 126.963837 37.550407, 126.96384 37.550399, 126.963842 37.55039, 126.963842 37.550381))"
버스정류소,점10m,"POLYGON ((126.963258 37.551776, 126.963258 37.551767, 126.963256 37.551758, 126.963254 37.55175, 126.96325 37.551742, 126.963245 37.551734, 126.963239 37.551726, 126.963233 37.551719, 126.963225 37.551712, 126.963217 37.551706, 126.963208 37.551701, 126.963199 37.551697, 126.963189 37.551693, 126.963178 37.55169, 126.963167 37.551688, 126.963156 37.551686, 126.963145 37.551686, 126.963134 37.551686, 126.963123 37.551688, 126.963112 37.55169, 126.963102 37.551693, 126.963092 37.551697, 126.963082 37.551701, 126.963074 37.551706, 126.963065 37.551712, 126.963058 37.551719, 126.963051 37.551726, 126.963046 37.551733, 126.963041 37.551741, 126.963037 37.55175, 126.963034 37.551758, 126.963033 37.551767, 126.963032 37.551776, 126.963033 37.551785, 126.963034 37.551794, 126.963037 37.551802, 126.963041 37.55181, 126.963045 37.551818, 126.963051 37.551826, 126.963058 37.551833, 126.963065 37.55184, 126.963073 37.551846, 126.963082 37.551851, 126.963092 37.551855, 126.963102 37.551859, 126.963112 37.551862, 126.963123 37.551864, 126.963134 37.551866, 126.963145 37.551866, 126.963156 37.551866, 126.963167 37.551864, 126.963178 37.551862, 126.963189 37.551859, 126.963199 37.551855, 126.963208 37.551851, 126.963217 37.551846, 126.963225 37.55184, 126.963233 37.551833, 126.963239 37.551826, 126.963245 37.551818, 126.96325 37.551811, 126.963254 37.551802, 126.963256 37.551794, 126.963258 37.551785, 126.963258 37.551776))"
버스정류소,점10m,"POLYGON ((126.948681 37.534867, 126.948681 37.534858, 126.948679 37.53485, 126.948677 37.534841, 126.948673 37.534833, 126.948668 37.534825, 126.948662 37.534817, 126.948656 37.53481, 126.948648 37.534804, 126.94864 37.534798, 126.948631 37.534792, 126.948622 37.534788, 126.948612 37.534784, 126.948601 37.534781, 126.94859 37.534779, 126.948579 37.534778, 126.948568 37.534777, 126.948557 37.534778, 126.948546 37.534779, 126.948536 37.534781, 126.948525 37.534784, 126.948515 37.534788, 126.948505 37.534792, 126.948497 37.534798, 126.948488 37.534803, 126.948481 37.53481, 126.948474 37.534817, 126.948469 37.534825, 126.948464 37.534833, 126.94846 37.534841, 126.948457 37.53485, 126.948456 37.534858, 126.948455 37.534867, 126.948456 37.534876, 126.948457 37.534885, 126.94846 37.534893, 126.948464 37.534902, 126.948468 37.53491, 126.948474 37.534917, 126.948481 37.534924, 126.948488 37.534931, 126.948496 37.534937, 126.948505 37.534942, 126.948515 37.534947, 126.948525 37.53495, 126.948535 37.534953, 126.948546 37.534956, 126.948557 37.534957, 126.948568 37.534957, 126.948579 37.534957, 126.94859 37.534956, 126.948601 37.534953, 126.948612 37.53495, 126.948622 37.534947, 126.948631 37.534942, 126.94864 37.534937, 126.948648 37.534931, 126.948656 37.534924, 126.948662 37.534917, 126.948668 37.53491, 126.948673 37.534902, 126.948677 37.534893, 126.948679 37.534885, 126.948681 37.534876, 126.948681 37.534867))"
버스정류소,점10m,"POLYGON ((126.985476 37.517599, 126.985475 37.51759, 126.985473 37.517581, 126.985471 37.517572, 126.985467 37.517564, 126.985462 37.517556, 126.985456 37.517549, 126.98545 37.517541, 126.985442 37.517535, 126.985434 37.517529, 126.985425 37.517524, 126.985416 37.517519, 126.985406 37.517515, 126.985395 37.517512, 126.985384 37.51751, 126.985374 37.517509, 126.985362 37.517508, 126.985351 37.517509, 126.98534 37.51751, 126.98533 37.517512, 126.985319 37.517515, 126.985309 37.517519, 126.9853 37.517524, 126.985291 37.517529, 126.985282 37.517535, 126.985275 37.517541, 126.985268 37.517549, 126.985263 37.517556, 126.985258 37.517564, 126.985254 37.517572, 126.985251 37.517581, 126.98525 37.51759, 126.985249 37.517599, 126.98525 37.517607, 126.985251 37.517616, 126.985254 37.517625, 126.985258 37.517633, 126.985263 37.517641, 126.985268 37.517649, 126.985275 37.517656, 126.985282 37.517662, 126.985291 37.517668, 126.9853 37.517674, 126.985309 37.517678, 126.985319 37.517682, 126.98533 37.517685, 126.98534 37.517687, 126.985351 37.517688, 126.985362 37.517689, 126.985373 37.517688, 126.985384 37.517687, 126.985395 37.517685, 126.985406 37.517682, 126.985416 37.517678, 126.985425 37.517674, 126.985434 37.517668, 126.985442 37.517662, 126.98545 37.517656, 126.985456 37.517649, 126.985462 37.517641, 126.985467 37.517633, 126.985471 37.517625, 126.985473 37.517616, 126.985475 37.517607, 126.985476 37.517599))"
버스정류소,점10m,"POLYGON ((126.985417 37.517922, 126.985416 37.517913, 126.985414 37.517905, 126.985412 37.517896, 126.985408 37.517888, 126.985403 37.51788, 126.985398 37.517872, 126.985391 37.517865, 126.985383 37.517858, 126.985375 37.517852, 126.985366 37.517847, 126.985357 37.517843, 126.985347 37.517839, 126.985336 37.517836, 126.985326 37.517834, 126.985315 37.517832, 126.985304 37.517832, 126.985292 37.517832, 126.985281 37.517834, 126.985271 37.517836, 126.98526 37.517839, 126.98525 37.517843, 126.985241 37.517847, 126.985232 37.517852, 126.985224 37.517858, 126.985216 37.517865, 126.985209 37.517872, 126.985204 37.51788, 126.985199 37.517888, 126.985195 37.517896, 126.985193 37.517904, 126.985191 37.517913, 126.98519 37.517922, 126.985191 37.517931, 126.985193 37.51794, 126.985195 37.517948, 126.985199 37.517957, 126.985204 37.517965, 126.985209 37.517972, 126.985216 37.517979, 126.985224 37.517986, 126.985232 37.517992, 126.985241 37.517997, 126.98525 37.518002, 126.98526 37.518005, 126.985271 37.518008, 126.985281 37.51801, 126.985292 37.518012, 126.985303 37.518012, 126.985315 37.518012, 126.985326 37.51801, 126.985336 37.518008, 126.985347 37.518005, 126.985357 37.518002, 126.985366 37.517997, 126.985375 37.517992, 126.985383 37.517986, 126.985391 37.517979, 126.985398 37.517972, 126.985403 37.517965, 126.985408 37.517957, 126.985412 37.517948, 126.985414 37.51794, 126.985416 37.517931, 126.985417 37.517922))"
버스정류소,점10m,"POLYGON ((126.977426 37.518906, 126.977425 37.518897, 126.977424 37.518888, 126.977421 37.51888, 126.977417 37.518871, 126.977413 37.518863, 126.977407 37.518856, 126.9774 37.518849, 126.977393 37.518842, 126.977385 37.518836, 126.977376 37.518831, 126.977366 37.518826, 126.977356 37.518822, 126.977346 37.51882, 126.977335 37.518817, 126.977324 37.518816, 126.977313 37.518816, 126.977302 37.518816, 126.977291 37.518817, 126.97728 37.51882, 126.97727 37.518822, 126.97726 37.518826, 126.97725 37.518831, 126.977241 37.518836, 126.977233 37.518842, 126.977225 37.518849, 126.977219 37.518856, 126.977213 37.518863, 126.977208 37.518871, 126.977205 37.51888, 126.977202 37.518888, 126.9772 37.518897, 126.9772 37.518906, 126.9772 37.518915, 126.977202 37.518923, 126.977205 37.518932, 126.977208 37.51894, 126.977213 37.518948, 126.977219 37.518956, 126.977225 37.518963, 126.977233 37.518969, 126.977241 37.518975, 126.97725 37.518981, 126.97726 37.518985, 126.97727 37.518989, 126.97728 37.518992, 126.977291 37.518994, 126.977302 37.518995, 126.977313 37.518996, 126.977324 37.518995, 126.977335 37.518994, 126.977346 37.518992, 126.977356 37.518989, 126.977366 37.518985, 126.977376 37.518981, 126.977385 37.518975, 126.977393 37.518969, 126.9774 37.518963, 126.977407 37.518956, 126.977413 37.518948, 126.977417 37.51894, 126.977421 37.518932, 126.977424 37.518923, 126.977425 37.518915, 126.977426 37.518906))"
버스정류소,점10m,"POLYGON ((126.971931 37.520678, 126.97193 37.520669, 126.971928 37.52066, 126.971926 37.520652, 126.971922 37.520643, 126.971917 37.520635, 126.971912 37.520628, 126.971905 37.520621, 126.971898 37.520614, 126.971889 37.520608, 126.97188 37.520603, 126.971871 37.520598, 126.971861 37.520595, 126.97185 37.520592, 126.97184 37.52059, 126.971829 37.520588, 126.971818 37.520588, 126.971806 37.520588, 126.971795 37.52059, 126.971785 37.520592, 126.971774 37.520595, 126.971764 37.520598, 126.971755 37.520603, 126.971746 37.520608, 126.971738 37.520614, 126.97173 37.520621, 126.971723 37.520628, 126.971718 37.520635, 126.971713 37.520643, 126.971709 37.520652, 126.971707 37.52066, 126.971705 37.520669, 126.971704 37.520678, 126.971705 37.520687, 126.971707 37.520695, 126.971709 37.520704, 126.971713 37.520712, 126.971718 37.52072, 126.971723 37.520728, 126.97173 37.520735, 126.971737 37.520742, 126.971746 37.520748, 126.971755 37.520753, 126.971764 37.520757, 126.971774 37.520761, 126.971785 37.520764, 126.971795 37.520766, 126.971806 37.520768, 126.971817 37.520768, 126.971829 37.520768, 126.97184 37.520766, 126.97185 37.520764, 126.971861 37.520761, 126.971871 37.520757, 126.97188 37.520753, 126.971889 37.520748, 126.971897 37.520742, 126.971905 37.520735, 126.971912 37.520728, 126.971917 37.52072, 126.971922 37.520712, 126.971926 37.520704, 126.971928 37.520696, 126.97193 37.520687, 126.971931 37.520678))"
버스정류소,점10m,"POLYGON ((126.966105 37.521494, 126.966104 37.521485, 126.966103 37.521476, 126.9661 37.521468, 126.966096 37.521459, 126.966092 37.521451, 126.966086 37.521444, 126.966079 37.521437, 126.966072 37.52143, 126.966064 37.521424, 126.966055 37.521419, 126.966045 37.521414, 126.966035 37.52141, 126.966025 37.521407, 126.966014 37.521405, 126.966003 37.521404, 126.965992 37.521404, 126.965981 37.521404, 126.96597 37.521405, 126.965959 37.521407, 126.965949 37.52141, 126.965939 37.521414, 126.965929 37.521419, 126.96592 37.521424, 126.965912 37.52143, 126.965904 37.521436, 126.965898 37.521444, 126.965892 37.521451, 126.965887 37.521459, 126.965884 37.521467, 126.965881 37.521476, 126.965879 37.521485, 126.965879 37.521494, 126.965879 37.521502, 126.965881 37.521511, 126.965884 37.52152, 126.965887 37.521528, 126.965892 37.521536, 126.965898 37.521544, 126.965904 37.521551, 126.965912 37.521557, 126.96592 37.521563, 126.965929 37.521569, 126.965939 37.521573, 126.965949 37.521577, 126.965959 37.52158, 126.96597 37.521582, 126.965981 37.521583, 126.965992 37.521584, 126.966003 37.521583, 126.966014 37.521582, 126.966025 37.52158, 126.966035 37.521577, 126.966045 37.521573, 126.966055 37.521569, 126.966064 37.521563, 126.966072 37.521557, 126.966079 37.521551, 126.966086 37.521544, 126.966092 37.521536, 126.966096 37.521528, 126.9661 37.52152, 126.966103 37.521511, 126.966104 37.521503, 126.966105 37.521494))"
버스정류소,점10m,"POLYGON ((126.967687 37.521528, 126.967686 37.52152, 126.967684 37.521511, 126.967682 37.521502, 126.967678 37.521494, 126.967673 37.521486, 126.967668 37.521478, 126.967661 37.521471, 126.967654 37.521465, 126.967645 37.521459, 126.967636 37.521453, 126.967627 37.521449, 126.967617 37.521445, 126.967606 37.521442, 126.967596 37.52144, 126.967585 37.521439, 126.967574 37.521438, 126.967562 37.521439, 126.967551 37.52144, 126.967541 37.521442, 126.96753 37.521445, 126.96752 37.521449, 126.967511 37.521453, 126.967502 37.521459, 126.967494 37.521465, 126.967486 37.521471, 126.967479 37.521478, 126.967474 37.521486, 126.967469 37.521494, 126.967465 37.521502, 126.967463 37.521511, 126.967461 37.521519, 126.96746 37.521528, 126.967461 37.521537, 126.967463 37.521546, 126.967465 37.521554, 126.967469 37.521563, 126.967474 37.521571, 126.967479 37.521578, 126.967486 37.521585, 126.967493 37.521592, 126.967502 37.521598, 126.967511 37.521603, 126.96752 37.521608, 126.96753 37.521612, 126.967541 37.521615, 126.967551 37.521617, 126.967562 37.521618, 126.967573 37.521618, 126.967585 37.521618, 126.967596 37.521617, 126.967606 37.521615, 126.967617 37.521612, 126.967627 37.521608, 126.967636 37.521603, 126.967645 37.521598, 126.967653 37.521592, 126.967661 37.521586, 126.967668 37.521578, 126.967673 37.521571, 126.967678 37.521563, 126.967682 37.521555, 126.967684 37.521546, 126.967686 37.521537, 126.967687 37.521528))"
버스정류소,점10m,"POLYGON ((126.981154 37.517719, 126.981153 37.51771, 126.981152 37.517701, 126.981149 37.517693, 126.981145 37.517684, 126.981141 37.517676, 126.981135 37.517669, 126.981128 37.517662, 126.981121 37.517655, 126.981113 37.517649, 126.981104 37.517644, 126.981094 37.517639, 126.981084 37.517636, 126.981074 37.517633, 126.981063 37.51763, 126.981052 37.517629, 126.981041 37.517629, 126.98103 37.517629, 126.981019 37.51763, 126.981008 37.517633, 126.980998 37.517635, 126.980987 37.517639, 126.980978 37.517644, 126.980969 37.517649, 126.980961 37.517655, 126.980953 37.517662, 126.980947 37.517669, 126.980941 37.517676, 126.980936 37.517684, 126.980933 37.517693, 126.98093 37.517701, 126.980928 37.51771, 126.980928 37.517719, 126.980928 37.517728, 126.98093 37.517736, 126.980933 37.517745, 126.980936 37.517753, 126.980941 37.517761, 126.980947 37.517769, 126.980953 37.517776, 126.980961 37.517782, 126.980969 37.517788, 126.980978 37.517794, 126.980987 37.517798, 126.980997 37.517802, 126.981008 37.517805, 126.981019 37.517807, 126.98103 37.517808, 126.981041 37.517809, 126.981052 37.517808, 126.981063 37.517807, 126.981074 37.517805, 126.981084 37.517802, 126.981094 37.517798, 126.981104 37.517794, 126.981113 37.517788, 126.981121 37.517782, 126.981128 37.517776, 126.981135 37.517769, 126.981141 37.517761, 126.981145 37.517753, 126.981149 37.517745, 126.981152 37.517736, 126.981153 37.517728, 126.981154 37.517719))"
버스정류소,점10m,"POLYGON ((126.978861 37.518508, 126.978861 37.518499, 126.978859 37.518491, 126.978856 37.518482, 126.978853 37.518474, 126.978848 37.518466, 126.978842 37.518458, 126.978835 37.518451, 126.978828 37.518444, 126.97882 37.518438, 126.978811 37.518433, 126.978801 37.518429, 126.978791 37.518425, 126.978781 37.518422, 126.97877 37.51842, 126.978759 37.518418, 126.978748 37.518418, 126.978737 37.518418, 126.978726 37.51842, 126.978715 37.518422, 126.978705 37.518425, 126.978695 37.518429, 126.978685 37.518433, 126.978676 37.518438, 126.978668 37.518444, 126.978661 37.518451, 126.978654 37.518458, 126.978648 37.518466, 126.978644 37.518474, 126.97864 37.518482, 126.978637 37.518491, 126.978635 37.518499, 126.978635 37.518508, 126.978635 37.518517, 126.978637 37.518526, 126.97864 37.518534, 126.978643 37.518543, 126.978648 37.518551, 126.978654 37.518558, 126.978661 37.518565, 126.978668 37.518572, 126.978676 37.518578, 126.978685 37.518583, 126.978695 37.518588, 126.978705 37.518591, 126.978715 37.518594, 126.978726 37.518596, 126.978737 37.518598, 126.978748 37.518598, 126.978759 37.518598, 126.97877 37.518596, 126.978781 37.518594, 126.978791 37.518591, 126.978801 37.518588, 126.978811 37.518583, 126.97882 37.518578, 126.978828 37.518572, 126.978835 37.518565, 126.978842 37.518558, 126.978848 37.518551, 126.978852 37.518543, 126.978856 37.518534, 126.978859 37.518526, 126.978861 37.518517, 126.978861 37.518508))"
버스정류소,점10m,"POLYGON ((127.006845 37.531207, 127.006845 37.531198, 127.006843 37.531189, 127.006841 37.531181, 127.006837 37.531172, 127.006832 37.531164, 127.006826 37.531157, 127.00682 37.53115, 127.006812 37.531143, 127.006804 37.531137, 127.006795 37.531132, 127.006786 37.531127, 127.006776 37.531124, 127.006765 37.531121, 127.006754 37.531118, 127.006743 37.531117, 127.006732 37.531117, 127.006721 37.531117, 127.00671 37.531118, 127.006699 37.531121, 127.006689 37.531124, 127.006679 37.531127, 127.006669 37.531132, 127.006661 37.531137, 127.006652 37.531143, 127.006645 37.53115, 127.006638 37.531157, 127.006633 37.531164, 127.006628 37.531172, 127.006624 37.531181, 127.006621 37.531189, 127.00662 37.531198, 127.006619 37.531207, 127.00662 37.531216, 127.006621 37.531224, 127.006624 37.531233, 127.006628 37.531241, 127.006633 37.531249, 127.006638 37.531257, 127.006645 37.531264, 127.006652 37.531271, 127.006661 37.531276, 127.006669 37.531282, 127.006679 37.531286, 127.006689 37.53129, 127.006699 37.531293, 127.00671 37.531295, 127.006721 37.531296, 127.006732 37.531297, 127.006743 37.531296, 127.006754 37.531295, 127.006765 37.531293, 127.006776 37.53129, 127.006786 37.531286, 127.006795 37.531282, 127.006804 37.531276, 127.006812 37.531271, 127.00682 37.531264, 127.006826 37.531257, 127.006832 37.531249, 127.006837 37.531241, 127.006841 37.531233, 127.006843 37.531224, 127.006845 37.531216, 127.006845 37.531207))"
버스정류소,점10m,"POLYGON ((126.955501 37.538198, 126.955501 37.53819, 126.955499 37.538181, 126.955496 37.538172, 126.955493 37.538164, 126.955488 37.538156, 126.955482 37.538148, 126.955476 37.538141, 126.955468 37.538135, 126.95546 37.538129, 126.955451 37.538123, 126.955441 37.538119, 126.955431 37.538115, 126.955421 37.538112, 126.95541 37.53811, 126.955399 37.538109, 126.955388 37.538108, 126.955377 37.538109, 126.955366 37.53811, 126.955355 37.538112, 126.955345 37.538115, 126.955335 37.538119, 126.955325 37.538123, 126.955316 37.538129, 126.955308 37.538135, 126.955301 37.538141, 126.955294 37.538148, 126.955288 37.538156, 126.955284 37.538164, 126.95528 37.538172, 126.955277 37.538181, 126.955276 37.538189, 126.955275 37.538198, 126.955275 37.538207, 126.955277 37.538216, 126.95528 37.538224, 126.955284 37.538233, 126.955288 37.538241, 126.955294 37.538248, 126.955301 37.538255, 126.955308 37.538262, 126.955316 37.538268, 126.955325 37.538273, 126.955335 37.538278, 126.955345 37.538282, 126.955355 37.538285, 126.955366 37.538287, 126.955377 37.538288, 126.955388 37.538288, 126.955399 37.538288, 126.95541 37.538287, 126.955421 37.538285, 126.955431 37.538282, 126.955441 37.538278, 126.955451 37.538273, 126.95546 37.538268, 126.955468 37.538262, 126.955476 37.538255, 126.955482 37.538248, 126.955488 37.538241, 126.955493 37.538233, 126.955496 37.538224, 126.955499 37.538216, 126.955501 37.538207, 126.955501 37.538198))"
버스정류소,점10m,"POLYGON ((127.000716 37.534102, 127.000716 37.534093, 127.000714 37.534084, 127.000711 37.534076, 127.000708 37.534068, 127.000703 37.53406, 127.000697 37.534052, 127.00069 37.534045, 127.000683 37.534038, 127.000675 37.534032, 127.000666 37.534027, 127.000656 37.534023, 127.000646 37.534019, 127.000636 37.534016, 127.000625 37.534014, 127.000614 37.534012, 127.000603 37.534012, 127.000592 37.534012, 127.000581 37.534014, 127.00057 37.534016, 127.00056 37.534019, 127.00055 37.534023, 127.00054 37.534027, 127.000531 37.534032, 127.000523 37.534038, 127.000516 37.534045, 127.000509 37.534052, 127.000503 37.53406, 127.000498 37.534068, 127.000495 37.534076, 127.000492 37.534084, 127.00049 37.534093, 127.00049 37.534102, 127.00049 37.534111, 127.000492 37.53412, 127.000495 37.534128, 127.000498 37.534136, 127.000503 37.534144, 127.000509 37.534152, 127.000516 37.534159, 127.000523 37.534166, 127.000531 37.534172, 127.00054 37.534177, 127.00055 37.534181, 127.00056 37.534185, 127.00057 37.534188, 127.000581 37.53419, 127.000592 37.534192, 127.000603 37.534192, 127.000614 37.534192, 127.000625 37.53419, 127.000636 37.534188, 127.000646 37.534185, 127.000656 37.534181, 127.000666 37.534177, 127.000675 37.534172, 127.000683 37.534166, 127.00069 37.534159, 127.000697 37.534152, 127.000703 37.534144, 127.000708 37.534136, 127.000711 37.534128, 127.000714 37.53412, 127.000716 37.534111, 127.000716 37.534102))"
버스정류소,점10m,"POLYGON ((126.969666 37.535871, 126.969666 37.535862, 126.969664 37.535853, 126.969661 37.535845, 126.969658 37.535836, 126.969653 37.535828, 126.969647 37.535821, 126.96964 37.535814, 126.969633 37.535807, 126.969625 37.535801, 126.969616 37.535796, 126.969606 37.535791, 126.969596 37.535787, 126.969586 37.535784, 126.969575 37.535782, 126.969564 37.535781, 126.969553 37.535781, 126.969542 37.535781, 126.969531 37.535782, 126.96952 37.535784, 126.96951 37.535787, 126.9695 37.535791, 126.96949 37.535796, 126.969481 37.535801, 126.969473 37.535807, 126.969466 37.535813, 126.969459 37.535821, 126.969453 37.535828, 126.969448 37.535836, 126.969445 37.535844, 126.969442 37.535853, 126.96944 37.535862, 126.96944 37.535871, 126.96944 37.535879, 126.969442 37.535888, 126.969445 37.535897, 126.969448 37.535905, 126.969453 37.535913, 126.969459 37.535921, 126.969466 37.535928, 126.969473 37.535934, 126.969481 37.53594, 126.96949 37.535946, 126.9695 37.53595, 126.96951 37.535954, 126.96952 37.535957, 126.969531 37.535959, 126.969542 37.53596, 126.969553 37.535961, 126.969564 37.53596, 126.969575 37.535959, 126.969586 37.535957, 126.969596 37.535954, 126.969606 37.53595, 126.969616 37.535946, 126.969625 37.53594, 126.969633 37.535934, 126.96964 37.535928, 126.969647 37.535921, 126.969653 37.535913, 126.969658 37.535905, 126.969661 37.535897, 126.969664 37.535888, 126.969666 37.53588, 126.969666 37.535871))"
버스정류소,점10m,"POLYGON ((126.967334 37.534462, 126.967334 37.534453, 126.967332 37.534445, 126.967329 37.534436, 126.967326 37.534428, 126.967321 37.53442, 126.967315 37.534412, 126.967309 37.534405, 126.967301 37.534399, 126.967293 37.534393, 126.967284 37.534387, 126.967275 37.534383, 126.967265 37.534379, 126.967254 37.534376, 126.967243 37.534374, 126.967232 37.534373, 126.967221 37.534372, 126.96721 37.534373, 126.967199 37.534374, 126.967188 37.534376, 126.967178 37.534379, 126.967168 37.534383, 126.967158 37.534387, 126.967149 37.534393, 126.967141 37.534398, 126.967134 37.534405, 126.967127 37.534412, 126.967121 37.53442, 126.967117 37.534428, 126.967113 37.534436, 126.96711 37.534445, 126.967109 37.534453, 126.967108 37.534462, 126.967109 37.534471, 126.96711 37.53448, 126.967113 37.534488, 126.967117 37.534497, 126.967121 37.534505, 126.967127 37.534512, 126.967134 37.534519, 126.967141 37.534526, 126.967149 37.534532, 126.967158 37.534537, 126.967168 37.534542, 126.967178 37.534545, 126.967188 37.534548, 126.967199 37.534551, 126.96721 37.534552, 126.967221 37.534552, 126.967232 37.534552, 126.967243 37.534551, 126.967254 37.534548, 126.967264 37.534545, 126.967274 37.534542, 126.967284 37.534537, 126.967293 37.534532, 126.967301 37.534526, 126.967309 37.534519, 126.967315 37.534512, 126.967321 37.534505, 126.967326 37.534497, 126.967329 37.534488, 126.967332 37.53448, 126.967334 37.534471, 126.967334 37.534462))"
버스정류소,점10m,"POLYGON ((127.011388 37.535257, 127.011387 37.535248, 127.011386 37.535239, 127.011383 37.535231, 127.011379 37.535222, 127.011374 37.535214, 127.011369 37.535207, 127.011362 37.5352, 127.011355 37.535193, 127.011346 37.535187, 127.011338 37.535182, 127.011328 37.535177, 127.011318 37.535174, 127.011308 37.535171, 127.011297 37.535168, 127.011286 37.535167, 127.011275 37.535167, 127.011264 37.535167, 127.011253 37.535169, 127.011242 37.535171, 127.011231 37.535174, 127.011221 37.535177, 127.011212 37.535182, 127.011203 37.535187, 127.011195 37.535193, 127.011187 37.5352, 127.011181 37.535207, 127.011175 37.535214, 127.01117 37.535222, 127.011166 37.535231, 127.011164 37.535239, 127.011162 37.535248, 127.011162 37.535257, 127.011162 37.535266, 127.011164 37.535274, 127.011166 37.535283, 127.01117 37.535291, 127.011175 37.535299, 127.011181 37.535307, 127.011187 37.535314, 127.011195 37.535321, 127.011203 37.535327, 127.011212 37.535332, 127.011221 37.535336, 127.011231 37.53534, 127.011242 37.535343, 127.011253 37.535345, 127.011264 37.535347, 127.011275 37.535347, 127.011286 37.535347, 127.011297 37.535345, 127.011308 37.535343, 127.011318 37.53534, 127.011328 37.535336, 127.011338 37.535332, 127.011346 37.535327, 127.011355 37.535321, 127.011362 37.535314, 127.011369 37.535307, 127.011374 37.535299, 127.011379 37.535291, 127.011383 37.535283, 127.011386 37.535274, 127.011387 37.535266, 127.011388 37.535257))"
버스정류소,점10m,"POLYGON ((127.011544 37.536241, 127.011544 37.536232, 127.011542 37.536223, 127.011539 37.536215, 127.011536 37.536206, 127.011531 37.536198, 127.011525 37.536191, 127.011518 37.536184, 127.011511 37.536177, 127.011503 37.536171, 127.011494 37.536166, 127.011484 37.536161, 127.011474 37.536158, 127.011464 37.536155, 127.011453 37.536153, 127.011442 37.536151, 127.011431 37.536151, 127.01142 37.536151, 127.011409 37.536153, 127.011398 37.536155, 127.011388 37.536158, 127.011378 37.536161, 127.011368 37.536166, 127.011359 37.536171, 127.011351 37.536177, 127.011344 37.536184, 127.011337 37.536191, 127.011331 37.536198, 127.011326 37.536206, 127.011323 37.536215, 127.01132 37.536223, 127.011318 37.536232, 127.011318 37.536241, 127.011318 37.53625, 127.01132 37.536258, 127.011323 37.536267, 127.011326 37.536275, 127.011331 37.536283, 127.011337 37.536291, 127.011344 37.536298, 127.011351 37.536305, 127.011359 37.536311, 127.011368 37.536316, 127.011378 37.53632, 127.011388 37.536324, 127.011398 37.536327, 127.011409 37.536329, 127.01142 37.536331, 127.011431 37.536331, 127.011442 37.536331, 127.011453 37.536329, 127.011464 37.536327, 127.011474 37.536324, 127.011484 37.53632, 127.011494 37.536316, 127.011503 37.536311, 127.011511 37.536305, 127.011518 37.536298, 127.011525 37.536291, 127.011531 37.536283, 127.011536 37.536275, 127.011539 37.536267, 127.011542 37.536258, 127.011544 37.53625, 127.011544 37.536241))"
버스정류소,점10m,"POLYGON ((127.007857 37.530585, 127.007856 37.530576, 127.007855 37.530567, 127.007852 37.530559, 127.007848 37.530551, 127.007844 37.530543, 127.007838 37.530535, 127.007831 37.530528, 127.007824 37.530521, 127.007816 37.530515, 127.007807 37.53051, 127.007797 37.530506, 127.007787 37.530502, 127.007777 37.530499, 127.007766 37.530497, 127.007755 37.530495, 127.007744 37.530495, 127.007733 37.530495, 127.007722 37.530497, 127.007711 37.530499, 127.0077 37.530502, 127.00769 37.530506, 127.007681 37.53051, 127.007672 37.530515, 127.007664 37.530521, 127.007656 37.530528, 127.00765 37.530535, 127.007644 37.530543, 127.007639 37.530551, 127.007636 37.530559, 127.007633 37.530567, 127.007631 37.530576, 127.007631 37.530585, 127.007631 37.530594, 127.007633 37.530603, 127.007636 37.530611, 127.007639 37.530619, 127.007644 37.530627, 127.00765 37.530635, 127.007656 37.530642, 127.007664 37.530649, 127.007672 37.530655, 127.007681 37.53066, 127.00769 37.530664, 127.007701 37.530668, 127.007711 37.530671, 127.007722 37.530673, 127.007733 37.530675, 127.007744 37.530675, 127.007755 37.530675, 127.007766 37.530673, 127.007777 37.530671, 127.007787 37.530668, 127.007797 37.530664, 127.007807 37.53066, 127.007816 37.530655, 127.007824 37.530649, 127.007831 37.530642, 127.007838 37.530635, 127.007844 37.530627, 127.007848 37.530619, 127.007852 37.530611, 127.007855 37.530603, 127.007856 37.530594, 127.007857 37.530585))"
버스정류소,점10m,"POLYGON ((127.008686 37.533757, 127.008686 37.533748, 127.008684 37.533739, 127.008681 37.533731, 127.008678 37.533722, 127.008673 37.533714, 127.008667 37.533707, 127.008661 37.5337, 127.008653 37.533693, 127.008645 37.533687, 127.008636 37.533682, 127.008627 37.533677, 127.008616 37.533674, 127.008606 37.533671, 127.008595 37.533669, 127.008584 37.533667, 127.008573 37.533667, 127.008562 37.533667, 127.008551 37.533669, 127.00854 37.533671, 127.00853 37.533674, 127.00852 37.533677, 127.00851 37.533682, 127.008501 37.533687, 127.008493 37.533693, 127.008486 37.5337, 127.008479 37.533707, 127.008473 37.533714, 127.008469 37.533722, 127.008465 37.533731, 127.008462 37.533739, 127.008461 37.533748, 127.00846 37.533757, 127.008461 37.533766, 127.008462 37.533775, 127.008465 37.533783, 127.008469 37.533791, 127.008473 37.533799, 127.008479 37.533807, 127.008486 37.533814, 127.008493 37.533821, 127.008501 37.533827, 127.00851 37.533832, 127.00852 37.533836, 127.00853 37.53384, 127.00854 37.533843, 127.008551 37.533845, 127.008562 37.533847, 127.008573 37.533847, 127.008584 37.533847, 127.008595 37.533845, 127.008606 37.533843, 127.008617 37.53384, 127.008627 37.533836, 127.008636 37.533832, 127.008645 37.533827, 127.008653 37.533821, 127.008661 37.533814, 127.008667 37.533807, 127.008673 37.533799, 127.008678 37.533791, 127.008681 37.533783, 127.008684 37.533774, 127.008686 37.533766, 127.008686 37.533757))"
버스정류소,점10m,"POLYGON ((127.008679 37.533963, 127.008678 37.533954, 127.008677 37.533946, 127.008674 37.533937, 127.00867 37.533929, 127.008665 37.533921, 127.00866 37.533913, 127.008653 37.533906, 127.008646 37.533899, 127.008637 37.533893, 127.008629 37.533888, 127.008619 37.533884, 127.008609 37.53388, 127.008599 37.533877, 127.008588 37.533875, 127.008577 37.533873, 127.008566 37.533873, 127.008555 37.533873, 127.008544 37.533875, 127.008533 37.533877, 127.008522 37.53388, 127.008512 37.533884, 127.008503 37.533888, 127.008494 37.533894, 127.008486 37.533899, 127.008478 37.533906, 127.008472 37.533913, 127.008466 37.533921, 127.008461 37.533929, 127.008457 37.533937, 127.008455 37.533946, 127.008453 37.533954, 127.008453 37.533963, 127.008453 37.533972, 127.008455 37.533981, 127.008457 37.533989, 127.008461 37.533998, 127.008466 37.534006, 127.008472 37.534013, 127.008478 37.53402, 127.008486 37.534027, 127.008494 37.534033, 127.008503 37.534038, 127.008512 37.534043, 127.008522 37.534046, 127.008533 37.534049, 127.008544 37.534052, 127.008555 37.534053, 127.008566 37.534053, 127.008577 37.534053, 127.008588 37.534052, 127.008599 37.534049, 127.008609 37.534046, 127.008619 37.534043, 127.008629 37.534038, 127.008637 37.534033, 127.008646 37.534027, 127.008653 37.53402, 127.00866 37.534013, 127.008665 37.534006, 127.00867 37.533998, 127.008674 37.533989, 127.008677 37.533981, 127.008678 37.533972, 127.008679 37.533963))"
버스정류소,점10m,"POLYGON ((126.995206 37.5407, 126.995206 37.540691, 126.995204 37.540682, 126.995202 37.540674, 126.995198 37.540665, 126.995193 37.540657, 126.995187 37.54065, 126.995181 37.540643, 126.995173 37.540636, 126.995165 37.54063, 126.995156 37.540625, 126.995147 37.540621, 126.995137 37.540617, 126.995126 37.540614, 126.995115 37.540612, 126.995104 37.54061, 126.995093 37.54061, 126.995082 37.54061, 126.995071 37.540612, 126.99506 37.540614, 126.99505 37.540617, 126.99504 37.54062, 126.99503 37.540625, 126.995022 37.54063, 126.995013 37.540636, 126.995006 37.540643, 126.994999 37.54065, 126.994994 37.540657, 126.994989 37.540665, 126.994985 37.540674, 126.994982 37.540682, 126.994981 37.540691, 126.99498 37.5407, 126.994981 37.540709, 126.994982 37.540718, 126.994985 37.540726, 126.994989 37.540734, 126.994994 37.540742, 126.994999 37.54075, 126.995006 37.540757, 126.995013 37.540764, 126.995022 37.54077, 126.99503 37.540775, 126.99504 37.540779, 126.99505 37.540783, 126.99506 37.540786, 126.995071 37.540788, 126.995082 37.54079, 126.995093 37.54079, 126.995104 37.54079, 126.995115 37.540788, 126.995126 37.540786, 126.995137 37.540783, 126.995147 37.540779, 126.995156 37.540775, 126.995165 37.54077, 126.995173 37.540764, 126.995181 37.540757, 126.995187 37.54075, 126.995193 37.540742, 126.995198 37.540734, 126.995202 37.540726, 126.995204 37.540718, 126.995206 37.540709, 126.995206 37.5407))"
버스정류소,점10m,"POLYGON ((126.995273 37.54057, 126.995273 37.540561, 126.995271 37.540553, 126.995268 37.540544, 126.995265 37.540536, 126.99526 37.540528, 126.995254 37.54052, 126.995247 37.540513, 126.99524 37.540507, 126.995232 37.540501, 126.995223 37.540495, 126.995213 37.540491, 126.995203 37.540487, 126.995193 37.540484, 126.995182 37.540482, 126.995171 37.540481, 126.99516 37.54048, 126.995149 37.540481, 126.995138 37.540482, 126.995127 37.540484, 126.995117 37.540487, 126.995107 37.540491, 126.995097 37.540495, 126.995088 37.540501, 126.99508 37.540506, 126.995073 37.540513, 126.995066 37.54052, 126.99506 37.540528, 126.995055 37.540536, 126.995052 37.540544, 126.995049 37.540553, 126.995047 37.540561, 126.995047 37.54057, 126.995047 37.540579, 126.995049 37.540588, 126.995052 37.540596, 126.995055 37.540605, 126.99506 37.540613, 126.995066 37.54062, 126.995073 37.540627, 126.99508 37.540634, 126.995088 37.54064, 126.995097 37.540645, 126.995107 37.54065, 126.995117 37.540653, 126.995127 37.540656, 126.995138 37.540659, 126.995149 37.54066, 126.99516 37.54066, 126.995171 37.54066, 126.995182 37.540659, 126.995193 37.540656, 126.995203 37.540653, 126.995213 37.54065, 126.995223 37.540645, 126.995232 37.54064, 126.99524 37.540634, 126.995247 37.540627, 126.995254 37.54062, 126.99526 37.540613, 126.995265 37.540605, 126.995268 37.540596, 126.995271 37.540588, 126.995273 37.540579, 126.995273 37.54057))"
버스정류소,점10m,"POLYGON ((126.973598 37.538401, 126.973598 37.538393, 126.973596 37.538384, 126.973593 37.538375, 126.97359 37.538367, 126.973585 37.538359, 126.973579 37.538351, 126.973573 37.538344, 126.973565 37.538338, 126.973557 37.538332, 126.973548 37.538327, 126.973539 37.538322, 126.973529 37.538318, 126.973518 37.538315, 126.973507 37.538313, 126.973496 37.538312, 126.973485 37.538311, 126.973474 37.538312, 126.973463 37.538313, 126.973452 37.538315, 126.973442 37.538318, 126.973432 37.538322, 126.973422 37.538327, 126.973413 37.538332, 126.973405 37.538338, 126.973398 37.538344, 126.973391 37.538351, 126.973385 37.538359, 126.973381 37.538367, 126.973377 37.538375, 126.973374 37.538384, 126.973373 37.538393, 126.973372 37.538401, 126.973373 37.53841, 126.973374 37.538419, 126.973377 37.538428, 126.973381 37.538436, 126.973385 37.538444, 126.973391 37.538452, 126.973398 37.538459, 126.973405 37.538465, 126.973413 37.538471, 126.973422 37.538476, 126.973432 37.538481, 126.973442 37.538485, 126.973452 37.538488, 126.973463 37.53849, 126.973474 37.538491, 126.973485 37.538492, 126.973496 37.538491, 126.973507 37.53849, 126.973518 37.538488, 126.973528 37.538485, 126.973539 37.538481, 126.973548 37.538476, 126.973557 37.538471, 126.973565 37.538465, 126.973573 37.538459, 126.973579 37.538452, 126.973585 37.538444, 126.97359 37.538436, 126.973593 37.538428, 126.973596 37.538419, 126.973598 37.53841, 126.973598 37.538401))"
버스정류소,점10m,"POLYGON ((126.964907 37.527598, 126.964907 37.527589, 126.964905 37.52758, 126.964902 37.527572, 126.964899 37.527564, 126.964894 37.527556, 126.964888 37.527548, 126.964881 37.527541, 126.964874 37.527534, 126.964866 37.527528, 126.964857 37.527523, 126.964847 37.527519, 126.964837 37.527515, 126.964827 37.527512, 126.964816 37.52751, 126.964805 37.527508, 126.964794 37.527508, 126.964783 37.527508, 126.964772 37.52751, 126.964761 37.527512, 126.964751 37.527515, 126.964741 37.527519, 126.964731 37.527523, 126.964722 37.527528, 126.964714 37.527534, 126.964707 37.527541, 126.9647 37.527548, 126.964694 37.527555, 126.964689 37.527563, 126.964686 37.527572, 126.964683 37.52758, 126.964681 37.527589, 126.964681 37.527598, 126.964681 37.527607, 126.964683 37.527616, 126.964686 37.527624, 126.964689 37.527632, 126.964694 37.52764, 126.9647 37.527648, 126.964707 37.527655, 126.964714 37.527662, 126.964722 37.527668, 126.964731 37.527673, 126.964741 37.527677, 126.964751 37.527681, 126.964761 37.527684, 126.964772 37.527686, 126.964783 37.527688, 126.964794 37.527688, 126.964805 37.527688, 126.964816 37.527686, 126.964827 37.527684, 126.964837 37.527681, 126.964847 37.527677, 126.964857 37.527673, 126.964866 37.527668, 126.964874 37.527662, 126.964881 37.527655, 126.964888 37.527648, 126.964894 37.527641, 126.964899 37.527633, 126.964902 37.527624, 126.964905 37.527616, 126.964907 37.527607, 126.964907 37.527598))"
버스정류소,점10m,"POLYGON ((126.978663 37.520848, 126.978662 37.520839, 126.978661 37.52083, 126.978658 37.520821, 126.978654 37.520813, 126.978649 37.520805, 126.978644 37.520798, 126.978637 37.52079, 126.97863 37.520784, 126.978621 37.520778, 126.978612 37.520773, 126.978603 37.520768, 126.978593 37.520764, 126.978582 37.520761, 126.978572 37.520759, 126.978561 37.520758, 126.97855 37.520758, 126.978539 37.520758, 126.978528 37.520759, 126.978517 37.520761, 126.978506 37.520764, 126.978496 37.520768, 126.978487 37.520773, 126.978478 37.520778, 126.97847 37.520784, 126.978462 37.52079, 126.978456 37.520798, 126.97845 37.520805, 126.978445 37.520813, 126.978441 37.520821, 126.978439 37.52083, 126.978437 37.520839, 126.978436 37.520848, 126.978437 37.520856, 126.978439 37.520865, 126.978441 37.520874, 126.978445 37.520882, 126.97845 37.52089, 126.978456 37.520898, 126.978462 37.520905, 126.97847 37.520911, 126.978478 37.520917, 126.978487 37.520923, 126.978496 37.520927, 126.978506 37.520931, 126.978517 37.520934, 126.978528 37.520936, 126.978538 37.520937, 126.97855 37.520938, 126.978561 37.520937, 126.978572 37.520936, 126.978582 37.520934, 126.978593 37.520931, 126.978603 37.520927, 126.978612 37.520923, 126.978621 37.520917, 126.97863 37.520911, 126.978637 37.520905, 126.978644 37.520898, 126.978649 37.52089, 126.978654 37.520882, 126.978658 37.520874, 126.978661 37.520865, 126.978662 37.520856, 126.978663 37.520848))"
버스정류소,점10m,"POLYGON ((126.997314 37.540892, 126.997314 37.540883, 126.997312 37.540874, 126.99731 37.540866, 126.997306 37.540857, 126.997301 37.540849, 126.997295 37.540842, 126.997289 37.540835, 126.997281 37.540828, 126.997273 37.540822, 126.997264 37.540817, 126.997255 37.540812, 126.997245 37.540809, 126.997234 37.540806, 126.997223 37.540804, 126.997212 37.540802, 126.997201 37.540802, 126.99719 37.540802, 126.997179 37.540804, 126.997168 37.540806, 126.997158 37.540809, 126.997148 37.540812, 126.997138 37.540817, 126.99713 37.540822, 126.997121 37.540828, 126.997114 37.540835, 126.997107 37.540842, 126.997102 37.540849, 126.997097 37.540857, 126.997093 37.540866, 126.99709 37.540874, 126.997089 37.540883, 126.997088 37.540892, 126.997089 37.540901, 126.99709 37.540909, 126.997093 37.540918, 126.997097 37.540926, 126.997102 37.540934, 126.997107 37.540942, 126.997114 37.540949, 126.997121 37.540956, 126.99713 37.540962, 126.997138 37.540967, 126.997148 37.540971, 126.997158 37.540975, 126.997168 37.540978, 126.997179 37.54098, 126.99719 37.540982, 126.997201 37.540982, 126.997212 37.540982, 126.997223 37.54098, 126.997234 37.540978, 126.997245 37.540975, 126.997255 37.540971, 126.997264 37.540967, 126.997273 37.540962, 126.997281 37.540956, 126.997289 37.540949, 126.997295 37.540942, 126.997301 37.540934, 126.997306 37.540926, 126.99731 37.540918, 126.997312 37.540909, 126.997314 37.540901, 126.997314 37.540892))"
버스정류소,점10m,"POLYGON ((126.956943 37.541133, 126.956942 37.541124, 126.956941 37.541116, 126.956938 37.541107, 126.956934 37.541099, 126.95693 37.541091, 126.956924 37.541083, 126.956917 37.541076, 126.95691 37.541069, 126.956902 37.541063, 126.956893 37.541058, 126.956883 37.541054, 126.956873 37.54105, 126.956863 37.541047, 126.956852 37.541045, 126.956841 37.541043, 126.95683 37.541043, 126.956819 37.541043, 126.956808 37.541045, 126.956797 37.541047, 126.956787 37.54105, 126.956777 37.541054, 126.956767 37.541058, 126.956758 37.541063, 126.95675 37.541069, 126.956742 37.541076, 126.956736 37.541083, 126.95673 37.541091, 126.956725 37.541099, 126.956722 37.541107, 126.956719 37.541115, 126.956717 37.541124, 126.956717 37.541133, 126.956717 37.541142, 126.956719 37.541151, 126.956722 37.541159, 126.956725 37.541167, 126.95673 37.541175, 126.956736 37.541183, 126.956742 37.54119, 126.95675 37.541197, 126.956758 37.541203, 126.956767 37.541208, 126.956776 37.541212, 126.956786 37.541216, 126.956797 37.541219, 126.956808 37.541221, 126.956819 37.541223, 126.95683 37.541223, 126.956841 37.541223, 126.956852 37.541221, 126.956863 37.541219, 126.956873 37.541216, 126.956883 37.541213, 126.956893 37.541208, 126.956902 37.541203, 126.95691 37.541197, 126.956917 37.54119, 126.956924 37.541183, 126.95693 37.541176, 126.956934 37.541168, 126.956938 37.541159, 126.956941 37.541151, 126.956942 37.541142, 126.956943 37.541133))"
지하철역,점10m,"POLYGON ((126.971729 37.554948, 126.971729 37.554939, 126.971727 37.55493, 126.971725 37.554921, 126.971721 37.554913, 126.971716 37.554905, 126.97171 37.554898, 126.971704 37.55489, 126.971696 37.554884, 126.971688 37.554878, 126.971679 37.554873, 126.97167 37.554868, 126.97166 37.554864, 126.971649 37.554861, 126.971638 37.554859, 126.971627 37.554858, 126.971616 37.554857, 126.971605 37.554858, 126.971594 37.554859, 126.971583 37.554861, 126.971573 37.554864, 126.971563 37.554868, 126.971553 37.554873, 126.971545 37.554878, 126.971536 37.554884, 126.971529 37.55489, 126.971522 37.554898, 126.971517 37.554905, 126.971512 37.554913, 126.971508 37.554921, 126.971505 37.55493, 126.971504 37.554939, 126.971503 37.554948, 126.971504 37.554956, 126.971505 37.554965, 126.971508 37.554974, 126.971512 37.554982, 126.971516 37.55499, 126.971522 37.554998, 126.971529 37.555005, 126.971536 37.555011, 126.971544 37.555017, 126.971553 37.555022, 126.971563 37.555027, 126.971573 37.555031, 126.971583 37.555034, 126.971594 37.555036, 126.971605 37.555037, 126.971616 37.555038, 126.971627 37.555037, 126.971638 37.555036, 126.971649 37.555034, 126.97166 37.555031, 126.97167 37.555027, 126.971679 37.555023, 126.971688 37.555017, 126.971696 37.555011, 126.971704 37.555005, 126.97171 37.554998, 126.971716 37.55499, 126.971721 37.554982, 126.971725 37.554974, 126.971727 37.554965, 126.971729 37.554956, 126.971729 37.554948))"
지하철역,점10m,"POLYGON ((126.971809 37.554434, 126.971808 37.554425, 126.971807 37.554416, 126.971804 37.554408, 126.9718 37.5544, 126.971796 37.554392, 126.97179 37.554384, 126.971783 37.554377, 126.971776 37.55437, 126.971768 37.554364, 126.971759 37.554359, 126.971749 37.554355, 126.971739 37.554351, 126.971729 37.554348, 126.971718 37.554346, 126.971707 37.554344, 126.971696 37.554344, 126.971685 37.554344, 126.971674 37.554346, 126.971663 37.554348, 126.971652 37.554351, 126.971642 37.554355, 126.971633 37.554359, 126.971624 37.554364, 126.971616 37.55437, 126.971608 37.554377, 126.971602 37.554384, 126.971596 37.554392, 126.971591 37.5544, 126.971587 37.554408, 126.971585 37.554416, 126.971583 37.554425, 126.971583 37.554434, 126.971583 37.554443, 126.971585 37.554452, 126.971587 37.55446, 126.971591 37.554468, 126.971596 37.554476, 126.971602 37.554484, 126.971608 37.554491, 126.971616 37.554498, 126.971624 37.554504, 126.971633 37.554509, 126.971642 37.554513, 126.971652 37.554517, 126.971663 37.55452, 126.971674 37.554522, 126.971685 37.554524, 126.971696 37.554524, 126.971707 37.554524, 126.971718 37.554522, 126.971729 37.55452, 126.971739 37.554517, 126.971749 37.554514, 126.971759 37.554509, 126.971767 37.554504, 126.971776 37.554498, 126.971783 37.554491, 126.97179 37.554484, 126.971795 37.554477, 126.9718 37.554469, 126.971804 37.55446, 126.971807 37.554452, 126.971808 37.554443, 126.971809 37.554434))"
지하철역,점10m,"POLYGON ((126.969964 37.554307, 126.969964 37.554299, 126.969962 37.55429, 126.969959 37.554281, 126.969956 37.554273, 126.969951 37.554265, 126.969945 37.554257, 126.969939 37.55425, 126.969931 37.554244, 126.969923 37.554238, 126.969914 37.554233, 126.969904 37.554228, 126.969894 37.554224, 126.969884 37.554221, 126.969873 37.554219, 126.969862 37.554218, 126.969851 37.554217, 126.96984 37.554218, 126.969829 37.554219, 126.969818 37.554221, 126.969808 37.554224, 126.969798 37.554228, 126.969788 37.554233, 126.969779 37.554238, 126.969771 37.554244, 126.969764 37.55425, 126.969757 37.554257, 126.969751 37.554265, 126.969747 37.554273, 126.969743 37.554281, 126.96974 37.55429, 126.969738 37.554299, 126.969738 37.554307, 126.969738 37.554316, 126.96974 37.554325, 126.969743 37.554334, 126.969747 37.554342, 126.969751 37.55435, 126.969757 37.554357, 126.969764 37.554365, 126.969771 37.554371, 126.969779 37.554377, 126.969788 37.554382, 126.969798 37.554387, 126.969808 37.554391, 126.969818 37.554394, 126.969829 37.554396, 126.96984 37.554397, 126.969851 37.554398, 126.969862 37.554397, 126.969873 37.554396, 126.969884 37.554394, 126.969894 37.554391, 126.969904 37.554387, 126.969914 37.554382, 126.969923 37.554377, 126.969931 37.554371, 126.969939 37.554365, 126.969945 37.554358, 126.969951 37.55435, 126.969956 37.554342, 126.969959 37.554334, 126.969962 37.554325, 126.969964 37.554316, 126.969964 37.554307))"
지하철역,점10m,"POLYGON ((126.973256 37.557444, 126.973256 37.557435, 126.973254 37.557426, 126.973252 37.557418, 126.973248 37.557409, 126.973243 37.557401, 126.973237 37.557394, 126.973231 37.557387, 126.973223 37.55738, 126.973215 37.557374, 126.973206 37.557369, 126.973197 37.557364, 126.973187 37.55736, 126.973176 37.557357, 126.973165 37.557355, 126.973154 37.557354, 126.973143 37.557354, 126.973132 37.557354, 126.973121 37.557355, 126.97311 37.557357, 126.9731 37.55736, 126.97309 37.557364, 126.97308 37.557369, 126.973071 37.557374, 126.973063 37.55738, 126.973056 37.557387, 126.973049 37.557394, 126.973043 37.557401, 126.973039 37.557409, 126.973035 37.557418, 126.973032 37.557426, 126.973031 37.557435, 126.97303 37.557444, 126.973031 37.557453, 126.973032 37.557461, 126.973035 37.55747, 126.973039 37.557478, 126.973043 37.557486, 126.973049 37.557494, 126.973056 37.557501, 126.973063 37.557507, 126.973071 37.557513, 126.97308 37.557519, 126.97309 37.557523, 126.9731 37.557527, 126.97311 37.55753, 126.973121 37.557532, 126.973132 37.557533, 126.973143 37.557534, 126.973154 37.557533, 126.973165 37.557532, 126.973176 37.55753, 126.973186 37.557527, 126.973197 37.557523, 126.973206 37.557519, 126.973215 37.557513, 126.973223 37.557507, 126.973231 37.557501, 126.973237 37.557494, 126.973243 37.557486, 126.973248 37.557478, 126.973251 37.55747, 126.973254 37.557461, 126.973256 37.557453, 126.973256 37.557444))"
지하철역,점10m,"POLYGON ((126.973257 37.557002, 126.973256 37.556993, 126.973254 37.556985, 126.973252 37.556976, 126.973248 37.556968, 126.973243 37.55696, 126.973238 37.556952, 126.973231 37.556945, 126.973223 37.556939, 126.973215 37.556933, 126.973206 37.556927, 126.973197 37.556923, 126.973187 37.556919, 126.973176 37.556916, 126.973166 37.556914, 126.973155 37.556913, 126.973143 37.556912, 126.973132 37.556913, 126.973121 37.556914, 126.973111 37.556916, 126.9731 37.556919, 126.97309 37.556923, 126.973081 37.556927, 126.973072 37.556933, 126.973063 37.556938, 126.973056 37.556945, 126.973049 37.556952, 126.973044 37.55696, 126.973039 37.556968, 126.973035 37.556976, 126.973032 37.556985, 126.973031 37.556993, 126.97303 37.557002, 126.973031 37.557011, 126.973032 37.55702, 126.973035 37.557028, 126.973039 37.557037, 126.973044 37.557045, 126.973049 37.557052, 126.973056 37.557059, 126.973063 37.557066, 126.973072 37.557072, 126.97308 37.557077, 126.97309 37.557082, 126.9731 37.557085, 126.973111 37.557088, 126.973121 37.557091, 126.973132 37.557092, 126.973143 37.557092, 126.973154 37.557092, 126.973165 37.557091, 126.973176 37.557088, 126.973187 37.557085, 126.973197 37.557082, 126.973206 37.557077, 126.973215 37.557072, 126.973223 37.557066, 126.973231 37.557059, 126.973237 37.557052, 126.973243 37.557045, 126.973248 37.557037, 126.973252 37.557028, 126.973254 37.55702, 126.973256 37.557011, 126.973257 37.557002))"
지하철역,점10m,"POLYGON ((126.973449 37.556822, 126.973449 37.556813, 126.973447 37.556805, 126.973444 37.556796, 126.97344 37.556788, 126.973436 37.55678, 126.97343 37.556772, 126.973423 37.556765, 126.973416 37.556758, 126.973408 37.556752, 126.973399 37.556747, 126.973389 37.556743, 126.973379 37.556739, 126.973369 37.556736, 126.973358 37.556734, 126.973347 37.556732, 126.973336 37.556732, 126.973325 37.556732, 126.973314 37.556734, 126.973303 37.556736, 126.973293 37.556739, 126.973283 37.556743, 126.973273 37.556747, 126.973264 37.556752, 126.973256 37.556758, 126.973248 37.556765, 126.973242 37.556772, 126.973236 37.55678, 126.973231 37.556788, 126.973228 37.556796, 126.973225 37.556804, 126.973223 37.556813, 126.973223 37.556822, 126.973223 37.556831, 126.973225 37.55684, 126.973228 37.556848, 126.973231 37.556857, 126.973236 37.556865, 126.973242 37.556872, 126.973248 37.556879, 126.973256 37.556886, 126.973264 37.556892, 126.973273 37.556897, 126.973283 37.556902, 126.973293 37.556905, 126.973303 37.556908, 126.973314 37.55691, 126.973325 37.556912, 126.973336 37.556912, 126.973347 37.556912, 126.973358 37.55691, 126.973369 37.556908, 126.973379 37.556905, 126.973389 37.556902, 126.973399 37.556897, 126.973408 37.556892, 126.973416 37.556886, 126.973423 37.556879, 126.97343 37.556872, 126.973436 37.556865, 126.97344 37.556857, 126.973444 37.556848, 126.973447 37.55684, 126.973449 37.556831, 126.973449 37.556822))"
지하철역,점10m,"POLYGON ((126.973732 37.556696, 126.973732 37.556687, 126.97373 37.556678, 126.973727 37.55667, 126.973723 37.556662, 126.973719 37.556654, 126.973713 37.556646, 126.973706 37.556639, 126.973699 37.556632, 126.973691 37.556626, 126.973682 37.556621, 126.973672 37.556617, 126.973662 37.556613, 126.973652 37.55661, 126.973641 37.556608, 126.97363 37.556606, 126.973619 37.556606, 126.973608 37.556606, 126.973597 37.556608, 126.973586 37.55661, 126.973576 37.556613, 126.973566 37.556617, 126.973556 37.556621, 126.973547 37.556626, 126.973539 37.556632, 126.973531 37.556639, 126.973525 37.556646, 126.973519 37.556653, 126.973514 37.556661, 126.973511 37.55667, 126.973508 37.556678, 126.973506 37.556687, 126.973506 37.556696, 126.973506 37.556705, 126.973508 37.556714, 126.973511 37.556722, 126.973514 37.55673, 126.973519 37.556738, 126.973525 37.556746, 126.973531 37.556753, 126.973539 37.55676, 126.973547 37.556766, 126.973556 37.556771, 126.973566 37.556775, 126.973576 37.556779, 126.973586 37.556782, 126.973597 37.556784, 126.973608 37.556786, 126.973619 37.556786, 126.97363 37.556786, 126.973641 37.556784, 126.973652 37.556782, 126.973662 37.556779, 126.973672 37.556775, 126.973682 37.556771, 126.973691 37.556766, 126.973699 37.55676, 126.973706 37.556753, 126.973713 37.556746, 126.973719 37.556738, 126.973723 37.55673, 126.973727 37.556722, 126.97373 37.556714, 126.973732 37.556705, 126.973732 37.556696))"
지하철역,점10m,"POLYGON ((126.97363 37.556164, 126.97363 37.556156, 126.973628 37.556147, 126.973626 37.556138, 126.973622 37.55613, 126.973617 37.556122, 126.973611 37.556114, 126.973605 37.556107, 126.973597 37.556101, 126.973589 37.556095, 126.97358 37.556089, 126.973571 37.556085, 126.973561 37.556081, 126.97355 37.556078, 126.973539 37.556076, 126.973528 37.556075, 126.973517 37.556074, 126.973506 37.556075, 126.973495 37.556076, 126.973484 37.556078, 126.973474 37.556081, 126.973464 37.556085, 126.973454 37.556089, 126.973445 37.556095, 126.973437 37.556101, 126.97343 37.556107, 126.973423 37.556114, 126.973417 37.556122, 126.973413 37.55613, 126.973409 37.556138, 126.973406 37.556147, 126.973405 37.556156, 126.973404 37.556164, 126.973405 37.556173, 126.973406 37.556182, 126.973409 37.556191, 126.973413 37.556199, 126.973417 37.556207, 126.973423 37.556214, 126.97343 37.556222, 126.973437 37.556228, 126.973445 37.556234, 126.973454 37.556239, 126.973464 37.556244, 126.973474 37.556248, 126.973484 37.556251, 126.973495 37.556253, 126.973506 37.556254, 126.973517 37.556254, 126.973528 37.556254, 126.973539 37.556253, 126.97355 37.556251, 126.97356 37.556248, 126.973571 37.556244, 126.97358 37.556239, 126.973589 37.556234, 126.973597 37.556228, 126.973605 37.556222, 126.973611 37.556214, 126.973617 37.556207, 126.973622 37.556199, 126.973625 37.556191, 126.973628 37.556182, 126.97363 37.556173, 126.97363 37.556164))"
지하철역,점10m,"POLYGON ((126.973393 37.555894, 126.973392 37.555885, 126.973391 37.555876, 126.973388 37.555868, 126.973384 37.55586, 126.973379 37.555852, 126.973374 37.555844, 126.973367 37.555837, 126.97336 37.55583, 126.973351 37.555824, 126.973343 37.555819, 126.973333 37.555815, 126.973323 37.555811, 126.973312 37.555808, 126.973302 37.555806, 126.973291 37.555804, 126.97328 37.555804, 126.973269 37.555804, 126.973258 37.555806, 126.973247 37.555808, 126.973236 37.555811, 126.973226 37.555815, 126.973217 37.555819, 126.973208 37.555824, 126.9732 37.55583, 126.973192 37.555837, 126.973186 37.555844, 126.97318 37.555852, 126.973175 37.55586, 126.973171 37.555868, 126.973169 37.555876, 126.973167 37.555885, 126.973166 37.555894, 126.973167 37.555903, 126.973169 37.555912, 126.973171 37.55592, 126.973175 37.555928, 126.97318 37.555936, 126.973185 37.555944, 126.973192 37.555951, 126.9732 37.555958, 126.973208 37.555964, 126.973217 37.555969, 126.973226 37.555973, 126.973236 37.555977, 126.973247 37.55598, 126.973257 37.555982, 126.973268 37.555984, 126.97328 37.555984, 126.973291 37.555984, 126.973302 37.555982, 126.973312 37.55598, 126.973323 37.555977, 126.973333 37.555973, 126.973342 37.555969, 126.973351 37.555964, 126.97336 37.555958, 126.973367 37.555951, 126.973374 37.555944, 126.973379 37.555937, 126.973384 37.555929, 126.973388 37.55592, 126.973391 37.555912, 126.973392 37.555903, 126.973393 37.555894))"
지하철역,점10m,"POLYGON ((126.972872 37.554993, 126.972872 37.554984, 126.97287 37.554975, 126.972868 37.554967, 126.972864 37.554958, 126.972859 37.55495, 126.972853 37.554943, 126.972847 37.554936, 126.972839 37.554929, 126.972831 37.554923, 126.972822 37.554918, 126.972813 37.554913, 126.972803 37.55491, 126.972792 37.554907, 126.972781 37.554905, 126.97277 37.554903, 126.972759 37.554903, 126.972748 37.554903, 126.972737 37.554905, 126.972726 37.554907, 126.972716 37.55491, 126.972706 37.554913, 126.972696 37.554918, 126.972688 37.554923, 126.972679 37.554929, 126.972672 37.554936, 126.972665 37.554943, 126.97266 37.55495, 126.972655 37.554958, 126.972651 37.554967, 126.972648 37.554975, 126.972647 37.554984, 126.972646 37.554993, 126.972647 37.555002, 126.972648 37.55501, 126.972651 37.555019, 126.972655 37.555027, 126.972659 37.555035, 126.972665 37.555043, 126.972672 37.55505, 126.972679 37.555057, 126.972687 37.555063, 126.972696 37.555068, 126.972706 37.555072, 126.972716 37.555076, 126.972726 37.555079, 126.972737 37.555081, 126.972748 37.555083, 126.972759 37.555083, 126.97277 37.555083, 126.972781 37.555081, 126.972792 37.555079, 126.972803 37.555076, 126.972813 37.555072, 126.972822 37.555068, 126.972831 37.555063, 126.972839 37.555057, 126.972847 37.55505, 126.972853 37.555043, 126.972859 37.555035, 126.972864 37.555027, 126.972868 37.555019, 126.97287 37.555011, 126.972872 37.555002, 126.972872 37.554993))"
지하철역,점10m,"POLYGON ((126.973801 37.554227, 126.9738 37.554218, 126.973799 37.55421, 126.973796 37.554201, 126.973792 37.554193, 126.973787 37.554185, 126.973782 37.554177, 126.973775 37.55417, 126.973768 37.554164, 126.973759 37.554158, 126.973751 37.554152, 126.973741 37.554148, 126.973731 37.554144, 126.97372 37.554141, 126.97371 37.554139, 126.973699 37.554138, 126.973688 37.554137, 126.973677 37.554138, 126.973666 37.554139, 126.973655 37.554141, 126.973644 37.554144, 126.973634 37.554148, 126.973625 37.554152, 126.973616 37.554158, 126.973608 37.554164, 126.9736 37.55417, 126.973594 37.554177, 126.973588 37.554185, 126.973583 37.554193, 126.973579 37.554201, 126.973577 37.55421, 126.973575 37.554218, 126.973574 37.554227, 126.973575 37.554236, 126.973577 37.554245, 126.973579 37.554253, 126.973583 37.554262, 126.973588 37.55427, 126.973593 37.554277, 126.9736 37.554284, 126.973608 37.554291, 126.973616 37.554297, 126.973625 37.554302, 126.973634 37.554307, 126.973644 37.55431, 126.973655 37.554313, 126.973665 37.554316, 126.973676 37.554317, 126.973688 37.554317, 126.973699 37.554317, 126.97371 37.554316, 126.97372 37.554313, 126.973731 37.554311, 126.973741 37.554307, 126.97375 37.554302, 126.973759 37.554297, 126.973768 37.554291, 126.973775 37.554284, 126.973782 37.554277, 126.973787 37.55427, 126.973792 37.554262, 126.973796 37.554253, 126.973799 37.554245, 126.9738 37.554236, 126.973801 37.554227))"
지하철역,점10m,"POLYGON ((126.973111 37.553362, 126.97311 37.553353, 126.973109 37.553345, 126.973106 37.553336, 126.973102 37.553328, 126.973097 37.55332, 126.973092 37.553312, 126.973085 37.553305, 126.973078 37.553298, 126.973069 37.553293, 126.973061 37.553287, 126.973051 37.553283, 126.973041 37.553279, 126.97303 37.553276, 126.97302 37.553274, 126.973009 37.553272, 126.972998 37.553272, 126.972987 37.553272, 126.972976 37.553274, 126.972965 37.553276, 126.972954 37.553279, 126.972944 37.553283, 126.972935 37.553287, 126.972926 37.553292, 126.972918 37.553298, 126.97291 37.553305, 126.972904 37.553312, 126.972898 37.55332, 126.972893 37.553328, 126.972889 37.553336, 126.972887 37.553345, 126.972885 37.553353, 126.972884 37.553362, 126.972885 37.553371, 126.972887 37.55338, 126.972889 37.553388, 126.972893 37.553397, 126.972898 37.553405, 126.972903 37.553412, 126.97291 37.553419, 126.972918 37.553426, 126.972926 37.553432, 126.972935 37.553437, 126.972944 37.553442, 126.972954 37.553445, 126.972965 37.553448, 126.972975 37.553451, 126.972986 37.553452, 126.972998 37.553452, 126.973009 37.553452, 126.97302 37.553451, 126.97303 37.553448, 126.973041 37.553445, 126.973051 37.553442, 126.97306 37.553437, 126.973069 37.553432, 126.973078 37.553426, 126.973085 37.553419, 126.973092 37.553412, 126.973097 37.553405, 126.973102 37.553397, 126.973106 37.553388, 126.973109 37.55338, 126.97311 37.553371, 126.973111 37.553362))"
지하철역,점10m,"POLYGON ((126.972817 37.552362, 126.972816 37.552353, 126.972815 37.552344, 126.972812 37.552336, 126.972808 37.552328, 126.972804 37.55232, 126.972798 37.552312, 126.972791 37.552305, 126.972784 37.552298, 126.972776 37.552292, 126.972767 37.552287, 126.972757 37.552283, 126.972747 37.552279, 126.972737 37.552276, 126.972726 37.552274, 126.972715 37.552272, 126.972704 37.552272, 126.972693 37.552272, 126.972682 37.552274, 126.972671 37.552276, 126.97266 37.552279, 126.97265 37.552283, 126.972641 37.552287, 126.972632 37.552292, 126.972624 37.552298, 126.972616 37.552305, 126.97261 37.552312, 126.972604 37.552319, 126.972599 37.552327, 126.972595 37.552336, 126.972593 37.552344, 126.972591 37.552353, 126.972591 37.552362, 126.972591 37.552371, 126.972593 37.55238, 126.972595 37.552388, 126.972599 37.552396, 126.972604 37.552404, 126.97261 37.552412, 126.972616 37.552419, 126.972624 37.552426, 126.972632 37.552432, 126.972641 37.552437, 126.97265 37.552441, 126.97266 37.552445, 126.972671 37.552448, 126.972682 37.55245, 126.972693 37.552452, 126.972704 37.552452, 126.972715 37.552452, 126.972726 37.55245, 126.972737 37.552448, 126.972747 37.552445, 126.972757 37.552441, 126.972767 37.552437, 126.972775 37.552432, 126.972784 37.552426, 126.972791 37.552419, 126.972798 37.552412, 126.972803 37.552404, 126.972808 37.552396, 126.972812 37.552388, 126.972815 37.55238, 126.972816 37.552371, 126.972817 37.552362))"
지하철역,점10m,"POLYGON ((126.972398 37.552434, 126.972398 37.552425, 126.972396 37.552416, 126.972393 37.552408, 126.97239 37.5524, 126.972385 37.552392, 126.972379 37.552384, 126.972373 37.552377, 126.972365 37.55237, 126.972357 37.552364, 126.972348 37.552359, 126.972338 37.552355, 126.972328 37.552351, 126.972318 37.552348, 126.972307 37.552346, 126.972296 37.552344, 126.972285 37.552344, 126.972274 37.552344, 126.972263 37.552346, 126.972252 37.552348, 126.972242 37.552351, 126.972232 37.552354, 126.972222 37.552359, 126.972213 37.552364, 126.972205 37.55237, 126.972198 37.552377, 126.972191 37.552384, 126.972185 37.552391, 126.97218 37.552399, 126.972177 37.552408, 126.972174 37.552416, 126.972172 37.552425, 126.972172 37.552434, 126.972172 37.552443, 126.972174 37.552452, 126.972177 37.55246, 126.97218 37.552468, 126.972185 37.552476, 126.972191 37.552484, 126.972197 37.552491, 126.972205 37.552498, 126.972213 37.552504, 126.972222 37.552509, 126.972232 37.552513, 126.972242 37.552517, 126.972252 37.55252, 126.972263 37.552522, 126.972274 37.552524, 126.972285 37.552524, 126.972296 37.552524, 126.972307 37.552522, 126.972318 37.55252, 126.972328 37.552517, 126.972338 37.552513, 126.972348 37.552509, 126.972357 37.552504, 126.972365 37.552498, 126.972372 37.552491, 126.972379 37.552484, 126.972385 37.552476, 126.97239 37.552468, 126.972393 37.55246, 126.972396 37.552452, 126.972398 37.552443, 126.972398 37.552434))"
지하철역,점10m,"POLYGON ((126.972613 37.553344, 126.972612 37.553335, 126.972611 37.553326, 126.972608 37.553318, 126.972604 37.55331, 126.972599 37.553302, 126.972594 37.553294, 126.972587 37.553287, 126.97258 37.55328, 126.972571 37.553274, 126.972563 37.553269, 126.972553 37.553265, 126.972543 37.553261, 126.972532 37.553258, 126.972522 37.553256, 126.972511 37.553254, 126.9725 37.553254, 126.972489 37.553254, 126.972478 37.553256, 126.972467 37.553258, 126.972456 37.553261, 126.972446 37.553265, 126.972437 37.553269, 126.972428 37.553274, 126.97242 37.55328, 126.972412 37.553287, 126.972406 37.553294, 126.9724 37.553302, 126.972395 37.55331, 126.972391 37.553318, 126.972389 37.553326, 126.972387 37.553335, 126.972386 37.553344, 126.972387 37.553353, 126.972389 37.553362, 126.972391 37.55337, 126.972395 37.553378, 126.9724 37.553386, 126.972405 37.553394, 126.972412 37.553401, 126.97242 37.553408, 126.972428 37.553414, 126.972437 37.553419, 126.972446 37.553423, 126.972456 37.553427, 126.972467 37.55343, 126.972477 37.553432, 126.972488 37.553434, 126.9725 37.553434, 126.972511 37.553434, 126.972522 37.553432, 126.972532 37.55343, 126.972543 37.553427, 126.972553 37.553423, 126.972562 37.553419, 126.972571 37.553414, 126.97258 37.553408, 126.972587 37.553401, 126.972594 37.553394, 126.972599 37.553387, 126.972604 37.553379, 126.972608 37.55337, 126.972611 37.553362, 126.972612 37.553353, 126.972613 37.553344))"
지하철역,점10m,"POLYGON ((126.9695 37.553659, 126.9695 37.55365, 126.969498 37.553641, 126.969496 37.553632, 126.969492 37.553624, 126.969487 37.553616, 126.969481 37.553609, 126.969475 37.553601, 126.969467 37.553595, 126.969459 37.553589, 126.96945 37.553584, 126.969441 37.553579, 126.969431 37.553575, 126.96942 37.553572, 126.969409 37.55357, 126.969398 37.553569, 126.969387 37.553569, 126.969376 37.553569, 126.969365 37.55357, 126.969354 37.553572, 126.969344 37.553575, 126.969334 37.553579, 126.969324 37.553584, 126.969316 37.553589, 126.969307 37.553595, 126.9693 37.553601, 126.969293 37.553609, 126.969288 37.553616, 126.969283 37.553624, 126.969279 37.553632, 126.969276 37.553641, 126.969275 37.55365, 126.969274 37.553659, 126.969275 37.553667, 126.969276 37.553676, 126.969279 37.553685, 126.969283 37.553693, 126.969287 37.553701, 126.969293 37.553709, 126.9693 37.553716, 126.969307 37.553722, 126.969315 37.553728, 126.969324 37.553733, 126.969334 37.553738, 126.969344 37.553742, 126.969354 37.553745, 126.969365 37.553747, 126.969376 37.553748, 126.969387 37.553749, 126.969398 37.553748, 126.969409 37.553747, 126.96942 37.553745, 126.969431 37.553742, 126.969441 37.553738, 126.96945 37.553734, 126.969459 37.553728, 126.969467 37.553722, 126.969475 37.553716, 126.969481 37.553709, 126.969487 37.553701, 126.969492 37.553693, 126.969496 37.553685, 126.969498 37.553676, 126.9695 37.553667, 126.9695 37.553659))"
지하철역,점10m,"POLYGON ((126.965166 37.528943, 126.965166 37.528934, 126.965164 37.528925, 126.965161 37.528917, 126.965158 37.528909, 126.965153 37.528901, 126.965147 37.528893, 126.965141 37.528886, 126.965133 37.528879, 126.965125 37.528873, 126.965116 37.528868, 126.965106 37.528864, 126.965096 37.52886, 126.965086 37.528857, 126.965075 37.528855, 126.965064 37.528853, 126.965053 37.528853, 126.965042 37.528853, 126.965031 37.528855, 126.96502 37.528857, 126.96501 37.52886, 126.965 37.528863, 126.96499 37.528868, 126.964981 37.528873, 126.964973 37.528879, 126.964966 37.528886, 126.964959 37.528893, 126.964953 37.5289, 126.964949 37.528908, 126.964945 37.528917, 126.964942 37.528925, 126.964941 37.528934, 126.96494 37.528943, 126.964941 37.528952, 126.964942 37.528961, 126.964945 37.528969, 126.964949 37.528977, 126.964953 37.528985, 126.964959 37.528993, 126.964966 37.529, 126.964973 37.529007, 126.964981 37.529013, 126.96499 37.529018, 126.965 37.529022, 126.96501 37.529026, 126.96502 37.529029, 126.965031 37.529031, 126.965042 37.529033, 126.965053 37.529033, 126.965064 37.529033, 126.965075 37.529031, 126.965086 37.529029, 126.965096 37.529026, 126.965106 37.529022, 126.965116 37.529018, 126.965125 37.529013, 126.965133 37.529007, 126.965141 37.529, 126.965147 37.528993, 126.965153 37.528985, 126.965158 37.528977, 126.965161 37.528969, 126.965164 37.528961, 126.965166 37.528952, 126.965166 37.528943))"
지하철역,점10m,"POLYGON ((126.965087 37.529835, 126.965086 37.529826, 126.965084 37.529817, 126.965082 37.529809, 126.965078 37.5298, 126.965073 37.529792, 126.965068 37.529785, 126.965061 37.529778, 126.965054 37.529771, 126.965045 37.529765, 126.965036 37.52976, 126.965027 37.529755, 126.965017 37.529752, 126.965006 37.529749, 126.964996 37.529747, 126.964985 37.529745, 126.964974 37.529745, 126.964962 37.529745, 126.964951 37.529747, 126.964941 37.529749, 126.96493 37.529752, 126.96492 37.529755, 126.964911 37.52976, 126.964902 37.529765, 126.964894 37.529771, 126.964886 37.529778, 126.964879 37.529785, 126.964874 37.529792, 126.964869 37.5298, 126.964865 37.529809, 126.964863 37.529817, 126.964861 37.529826, 126.96486 37.529835, 126.964861 37.529844, 126.964863 37.529852, 126.964865 37.529861, 126.964869 37.529869, 126.964874 37.529877, 126.964879 37.529885, 126.964886 37.529892, 126.964893 37.529899, 126.964902 37.529905, 126.964911 37.52991, 126.96492 37.529914, 126.96493 37.529918, 126.964941 37.529921, 126.964951 37.529923, 126.964962 37.529925, 126.964973 37.529925, 126.964985 37.529925, 126.964996 37.529923, 126.965006 37.529921, 126.965017 37.529918, 126.965027 37.529914, 126.965036 37.52991, 126.965045 37.529905, 126.965053 37.529899, 126.965061 37.529892, 126.965068 37.529885, 126.965073 37.529877, 126.965078 37.529869, 126.965082 37.529861, 126.965084 37.529853, 126.965086 37.529844, 126.965087 37.529835))"
지하철역,점10m,"POLYGON ((126.963615 37.531646, 126.963614 37.531637, 126.963613 37.531628, 126.96361 37.531619, 126.963606 37.531611, 126.963602 37.531603, 126.963596 37.531595, 126.963589 37.531588, 126.963582 37.531582, 126.963574 37.531576, 126.963565 37.531571, 126.963555 37.531566, 126.963545 37.531562, 126.963535 37.531559, 126.963524 37.531557, 126.963513 37.531556, 126.963502 37.531555, 126.963491 37.531556, 126.96348 37.531557, 126.963469 37.531559, 126.963459 37.531562, 126.963449 37.531566, 126.963439 37.531571, 126.96343 37.531576, 126.963422 37.531582, 126.963414 37.531588, 126.963408 37.531595, 126.963402 37.531603, 126.963397 37.531611, 126.963394 37.531619, 126.963391 37.531628, 126.963389 37.531637, 126.963389 37.531645, 126.963389 37.531654, 126.963391 37.531663, 126.963394 37.531672, 126.963397 37.53168, 126.963402 37.531688, 126.963408 37.531696, 126.963414 37.531703, 126.963422 37.531709, 126.96343 37.531715, 126.963439 37.53172, 126.963449 37.531725, 126.963459 37.531729, 126.963469 37.531732, 126.96348 37.531734, 126.963491 37.531735, 126.963502 37.531736, 126.963513 37.531735, 126.963524 37.531734, 126.963535 37.531732, 126.963545 37.531729, 126.963555 37.531725, 126.963565 37.53172, 126.963574 37.531715, 126.963582 37.531709, 126.963589 37.531703, 126.963596 37.531696, 126.963602 37.531688, 126.963606 37.53168, 126.96361 37.531672, 126.963613 37.531663, 126.963614 37.531654, 126.963615 37.531646))"
지하철역,점10m,"POLYGON ((126.968922 37.529863, 126.968921 37.529854, 126.96892 37.529846, 126.968917 37.529837, 126.968913 37.529829, 126.968909 37.529821, 126.968903 37.529813, 126.968896 37.529806, 126.968889 37.529799, 126.968881 37.529793, 126.968872 37.529788, 126.968862 37.529784, 126.968852 37.52978, 126.968842 37.529777, 126.968831 37.529775, 126.96882 37.529773, 126.968809 37.529773, 126.968798 37.529773, 126.968787 37.529775, 126.968776 37.529777, 126.968766 37.52978, 126.968756 37.529784, 126.968746 37.529788, 126.968737 37.529793, 126.968729 37.529799, 126.968721 37.529806, 126.968715 37.529813, 126.968709 37.529821, 126.968704 37.529829, 126.968701 37.529837, 126.968698 37.529845, 126.968696 37.529854, 126.968696 37.529863, 126.968696 37.529872, 126.968698 37.529881, 126.968701 37.529889, 126.968704 37.529898, 126.968709 37.529905, 126.968715 37.529913, 126.968721 37.52992, 126.968729 37.529927, 126.968737 37.529933, 126.968746 37.529938, 126.968755 37.529942, 126.968765 37.529946, 126.968776 37.529949, 126.968787 37.529951, 126.968798 37.529953, 126.968809 37.529953, 126.96882 37.529953, 126.968831 37.529951, 126.968842 37.529949, 126.968852 37.529946, 126.968862 37.529943, 126.968872 37.529938, 126.968881 37.529933, 126.968889 37.529927, 126.968896 37.52992, 126.968903 37.529913, 126.968909 37.529906, 126.968913 37.529898, 126.968917 37.529889, 126.96892 37.529881, 126.968921 37.529872, 126.968922 37.529863))"
지하철역,점10m,"POLYGON ((126.967667 37.528547, 126.967666 37.528538, 126.967664 37.52853, 126.967662 37.528521, 126.967658 37.528513, 126.967653 37.528505, 126.967648 37.528497, 126.967641 37.52849, 126.967634 37.528484, 126.967625 37.528478, 126.967616 37.528472, 126.967607 37.528468, 126.967597 37.528464, 126.967586 37.528461, 126.967576 37.528459, 126.967565 37.528458, 126.967554 37.528457, 126.967542 37.528458, 126.967531 37.528459, 126.967521 37.528461, 126.96751 37.528464, 126.9675 37.528468, 126.967491 37.528472, 126.967482 37.528478, 126.967474 37.528484, 126.967466 37.52849, 126.967459 37.528497, 126.967454 37.528505, 126.967449 37.528513, 126.967445 37.528521, 126.967443 37.52853, 126.967441 37.528538, 126.96744 37.528547, 126.967441 37.528556, 126.967443 37.528565, 126.967445 37.528573, 126.967449 37.528582, 126.967454 37.52859, 126.967459 37.528597, 126.967466 37.528604, 126.967473 37.528611, 126.967482 37.528617, 126.967491 37.528622, 126.9675 37.528627, 126.96751 37.52863, 126.967521 37.528633, 126.967531 37.528636, 126.967542 37.528637, 126.967553 37.528637, 126.967565 37.528637, 126.967576 37.528636, 126.967586 37.528633, 126.967597 37.528631, 126.967607 37.528627, 126.967616 37.528622, 126.967625 37.528617, 126.967633 37.528611, 126.967641 37.528604, 126.967648 37.528597, 126.967653 37.52859, 126.967658 37.528582, 126.967662 37.528573, 126.967664 37.528565, 126.967666 37.528556, 126.967667 37.528547))"
지하철역,점10m,"POLYGON ((126.967101 37.528511, 126.9671 37.528502, 126.967099 37.528494, 126.967096 37.528485, 126.967092 37.528477, 126.967088 37.528469, 126.967082 37.528461, 126.967075 37.528454, 126.967068 37.528447, 126.96706 37.528441, 126.967051 37.528436, 126.967041 37.528432, 126.967031 37.528428, 126.967021 37.528425, 126.96701 37.528423, 126.966999 37.528421, 126.966988 37.528421, 126.966977 37.528421, 126.966966 37.528423, 126.966955 37.528425, 126.966945 37.528428, 126.966935 37.528432, 126.966925 37.528436, 126.966916 37.528441, 126.966908 37.528447, 126.9669 37.528454, 126.966894 37.528461, 126.966888 37.528469, 126.966883 37.528477, 126.96688 37.528485, 126.966877 37.528493, 126.966875 37.528502, 126.966875 37.528511, 126.966875 37.52852, 126.966877 37.528529, 126.96688 37.528537, 126.966883 37.528546, 126.966888 37.528553, 126.966894 37.528561, 126.9669 37.528568, 126.966908 37.528575, 126.966916 37.528581, 126.966925 37.528586, 126.966935 37.52859, 126.966945 37.528594, 126.966955 37.528597, 126.966966 37.528599, 126.966977 37.528601, 126.966988 37.528601, 126.966999 37.528601, 126.96701 37.528599, 126.967021 37.528597, 126.967031 37.528594, 126.967041 37.528591, 126.967051 37.528586, 126.96706 37.528581, 126.967068 37.528575, 126.967075 37.528568, 126.967082 37.528561, 126.967088 37.528554, 126.967092 37.528546, 126.967096 37.528537, 126.967099 37.528529, 126.9671 37.52852, 126.967101 37.528511))"
지하철역,점10m,"POLYGON ((126.967666 37.529124, 126.967666 37.529115, 126.967664 37.529106, 126.967662 37.529098, 126.967658 37.529089, 126.967653 37.529081, 126.967647 37.529074, 126.967641 37.529067, 126.967633 37.52906, 126.967625 37.529054, 126.967616 37.529049, 126.967607 37.529044, 126.967597 37.529041, 126.967586 37.529038, 126.967575 37.529036, 126.967564 37.529034, 126.967553 37.529034, 126.967542 37.529034, 126.967531 37.529036, 126.96752 37.529038, 126.96751 37.529041, 126.9675 37.529044, 126.96749 37.529049, 126.967482 37.529054, 126.967473 37.52906, 126.967466 37.529067, 126.967459 37.529074, 126.967454 37.529081, 126.967449 37.529089, 126.967445 37.529098, 126.967442 37.529106, 126.967441 37.529115, 126.96744 37.529124, 126.967441 37.529133, 126.967442 37.529141, 126.967445 37.52915, 126.967449 37.529158, 126.967454 37.529166, 126.967459 37.529174, 126.967466 37.529181, 126.967473 37.529188, 126.967481 37.529194, 126.96749 37.529199, 126.9675 37.529203, 126.96751 37.529207, 126.96752 37.52921, 126.967531 37.529212, 126.967542 37.529214, 126.967553 37.529214, 126.967564 37.529214, 126.967575 37.529212, 126.967586 37.52921, 126.967597 37.529207, 126.967607 37.529203, 126.967616 37.529199, 126.967625 37.529194, 126.967633 37.529188, 126.967641 37.529181, 126.967647 37.529174, 126.967653 37.529166, 126.967658 37.529158, 126.967662 37.52915, 126.967664 37.529141, 126.967666 37.529133, 126.967666 37.529124))"
지하철역,점10m,"POLYGON ((126.968107 37.529872, 126.968107 37.529863, 126.968105 37.529854, 126.968102 37.529846, 126.968099 37.529837, 126.968094 37.529829, 126.968088 37.529822, 126.968082 37.529815, 126.968074 37.529808, 126.968066 37.529802, 126.968057 37.529797, 126.968048 37.529792, 126.968038 37.529789, 126.968027 37.529786, 126.968016 37.529783, 126.968005 37.529782, 126.967994 37.529782, 126.967983 37.529782, 126.967972 37.529783, 126.967961 37.529786, 126.967951 37.529789, 126.967941 37.529792, 126.967931 37.529797, 126.967922 37.529802, 126.967914 37.529808, 126.967907 37.529815, 126.9679 37.529822, 126.967894 37.529829, 126.96789 37.529837, 126.967886 37.529846, 126.967883 37.529854, 126.967882 37.529863, 126.967881 37.529872, 126.967882 37.529881, 126.967883 37.529889, 126.967886 37.529898, 126.96789 37.529906, 126.967894 37.529914, 126.9679 37.529922, 126.967907 37.529929, 126.967914 37.529936, 126.967922 37.529941, 126.967931 37.529947, 126.967941 37.529951, 126.967951 37.529955, 126.967961 37.529958, 126.967972 37.52996, 126.967983 37.529962, 126.967994 37.529962, 126.968005 37.529962, 126.968016 37.52996, 126.968027 37.529958, 126.968037 37.529955, 126.968047 37.529951, 126.968057 37.529947, 126.968066 37.529942, 126.968074 37.529936, 126.968082 37.529929, 126.968088 37.529922, 126.968094 37.529914, 126.968099 37.529906, 126.968102 37.529898, 126.968105 37.529889, 126.968107 37.529881, 126.968107 37.529872))"
지하철역,점10m,"POLYGON ((126.968582 37.530052, 126.968582 37.530043, 126.96858 37.530035, 126.968578 37.530026, 126.968574 37.530018, 126.968569 37.53001, 126.968563 37.530002, 126.968557 37.529995, 126.968549 37.529988, 126.968541 37.529983, 126.968532 37.529977, 126.968523 37.529973, 126.968513 37.529969, 126.968502 37.529966, 126.968491 37.529964, 126.96848 37.529963, 126.968469 37.529962, 126.968458 37.529963, 126.968447 37.529964, 126.968436 37.529966, 126.968426 37.529969, 126.968416 37.529973, 126.968406 37.529977, 126.968398 37.529983, 126.968389 37.529988, 126.968382 37.529995, 126.968375 37.530002, 126.96837 37.53001, 126.968365 37.530018, 126.968361 37.530026, 126.968358 37.530035, 126.968357 37.530043, 126.968356 37.530052, 126.968357 37.530061, 126.968358 37.53007, 126.968361 37.530078, 126.968365 37.530087, 126.96837 37.530095, 126.968375 37.530102, 126.968382 37.530109, 126.968389 37.530116, 126.968397 37.530122, 126.968406 37.530127, 126.968416 37.530132, 126.968426 37.530135, 126.968436 37.530138, 126.968447 37.530141, 126.968458 37.530142, 126.968469 37.530142, 126.96848 37.530142, 126.968491 37.530141, 126.968502 37.530138, 126.968513 37.530135, 126.968523 37.530132, 126.968532 37.530127, 126.968541 37.530122, 126.968549 37.530116, 126.968557 37.530109, 126.968563 37.530102, 126.968569 37.530095, 126.968574 37.530087, 126.968578 37.530078, 126.96858 37.53007, 126.968582 37.530061, 126.968582 37.530052))"
지하철역,점10m,"POLYGON ((126.973525 37.534603, 126.973524 37.534595, 126.973523 37.534586, 126.97352 37.534577, 126.973516 37.534569, 126.973511 37.534561, 126.973506 37.534553, 126.973499 37.534546, 126.973492 37.53454, 126.973484 37.534534, 126.973475 37.534529, 126.973465 37.534524, 126.973455 37.53452, 126.973445 37.534517, 126.973434 37.534515, 126.973423 37.534514, 126.973412 37.534513, 126.973401 37.534514, 126.97339 37.534515, 126.973379 37.534517, 126.973368 37.53452, 126.973358 37.534524, 126.973349 37.534529, 126.97334 37.534534, 126.973332 37.53454, 126.973324 37.534546, 126.973318 37.534553, 126.973312 37.534561, 126.973307 37.534569, 126.973303 37.534577, 126.973301 37.534586, 126.973299 37.534595, 126.973299 37.534603, 126.973299 37.534612, 126.973301 37.534621, 126.973303 37.53463, 126.973307 37.534638, 126.973312 37.534646, 126.973318 37.534653, 126.973324 37.534661, 126.973332 37.534667, 126.97334 37.534673, 126.973349 37.534678, 126.973358 37.534683, 126.973368 37.534687, 126.973379 37.53469, 126.97339 37.534692, 126.973401 37.534693, 126.973412 37.534694, 126.973423 37.534693, 126.973434 37.534692, 126.973445 37.53469, 126.973455 37.534687, 126.973465 37.534683, 126.973475 37.534678, 126.973483 37.534673, 126.973492 37.534667, 126.973499 37.534661, 126.973506 37.534654, 126.973511 37.534646, 126.973516 37.534638, 126.97352 37.53463, 126.973523 37.534621, 126.973524 37.534612, 126.973525 37.534603))"
지하철역,점10m,"POLYGON ((126.97314 37.534225, 126.97314 37.534216, 126.973138 37.534207, 126.973135 37.534199, 126.973132 37.53419, 126.973127 37.534182, 126.973121 37.534175, 126.973115 37.534168, 126.973107 37.534161, 126.973099 37.534155, 126.97309 37.53415, 126.97308 37.534145, 126.97307 37.534142, 126.97306 37.534139, 126.973049 37.534137, 126.973038 37.534135, 126.973027 37.534135, 126.973016 37.534135, 126.973005 37.534137, 126.972994 37.534139, 126.972984 37.534142, 126.972974 37.534145, 126.972964 37.53415, 126.972955 37.534155, 126.972947 37.534161, 126.97294 37.534168, 126.972933 37.534175, 126.972927 37.534182, 126.972923 37.53419, 126.972919 37.534199, 126.972916 37.534207, 126.972915 37.534216, 126.972914 37.534225, 126.972915 37.534234, 126.972916 37.534242, 126.972919 37.534251, 126.972923 37.534259, 126.972927 37.534267, 126.972933 37.534275, 126.97294 37.534282, 126.972947 37.534289, 126.972955 37.534295, 126.972964 37.5343, 126.972974 37.534304, 126.972984 37.534308, 126.972994 37.534311, 126.973005 37.534313, 126.973016 37.534315, 126.973027 37.534315, 126.973038 37.534315, 126.973049 37.534313, 126.97306 37.534311, 126.97307 37.534308, 126.97308 37.534304, 126.97309 37.5343, 126.973099 37.534295, 126.973107 37.534289, 126.973115 37.534282, 126.973121 37.534275, 126.973127 37.534267, 126.973132 37.534259, 126.973135 37.534251, 126.973138 37.534243, 126.97314 37.534234, 126.97314 37.534225))"
지하철역,점10m,"POLYGON ((126.972213 37.533315, 126.972212 37.533306, 126.972211 37.533297, 126.972208 37.533289, 126.972204 37.53328, 126.972199 37.533272, 126.972194 37.533265, 126.972187 37.533258, 126.97218 37.533251, 126.972172 37.533245, 126.972163 37.53324, 126.972153 37.533235, 126.972143 37.533231, 126.972133 37.533228, 126.972122 37.533226, 126.972111 37.533225, 126.9721 37.533225, 126.972089 37.533225, 126.972078 37.533226, 126.972067 37.533228, 126.972056 37.533231, 126.972046 37.533235, 126.972037 37.53324, 126.972028 37.533245, 126.97202 37.533251, 126.972012 37.533258, 126.972006 37.533265, 126.972 37.533272, 126.971995 37.53328, 126.971991 37.533289, 126.971989 37.533297, 126.971987 37.533306, 126.971987 37.533315, 126.971987 37.533324, 126.971989 37.533332, 126.971991 37.533341, 126.971995 37.533349, 126.972 37.533357, 126.972006 37.533365, 126.972012 37.533372, 126.97202 37.533378, 126.972028 37.533384, 126.972037 37.53339, 126.972046 37.533394, 126.972056 37.533398, 126.972067 37.533401, 126.972078 37.533403, 126.972089 37.533404, 126.9721 37.533405, 126.972111 37.533404, 126.972122 37.533403, 126.972133 37.533401, 126.972143 37.533398, 126.972153 37.533394, 126.972163 37.53339, 126.972171 37.533384, 126.97218 37.533378, 126.972187 37.533372, 126.972194 37.533365, 126.972199 37.533357, 126.972204 37.533349, 126.972208 37.533341, 126.972211 37.533332, 126.972212 37.533324, 126.972213 37.533315))"
지하철역,점10m,"POLYGON ((126.971862 37.533531, 126.971861 37.533522, 126.97186 37.533513, 126.971857 37.533505, 126.971853 37.533496, 126.971849 37.533488, 126.971843 37.533481, 126.971836 37.533474, 126.971829 37.533467, 126.971821 37.533461, 126.971812 37.533456, 126.971802 37.533451, 126.971792 37.533448, 126.971782 37.533445, 126.971771 37.533442, 126.97176 37.533441, 126.971749 37.533441, 126.971738 37.533441, 126.971727 37.533442, 126.971716 37.533445, 126.971706 37.533448, 126.971696 37.533451, 126.971686 37.533456, 126.971677 37.533461, 126.971669 37.533467, 126.971661 37.533474, 126.971655 37.533481, 126.971649 37.533488, 126.971644 37.533496, 126.971641 37.533505, 126.971638 37.533513, 126.971636 37.533522, 126.971636 37.533531, 126.971636 37.53354, 126.971638 37.533548, 126.971641 37.533557, 126.971644 37.533565, 126.971649 37.533573, 126.971655 37.533581, 126.971661 37.533588, 126.971669 37.533595, 126.971677 37.5336, 126.971686 37.533606, 126.971696 37.53361, 126.971706 37.533614, 126.971716 37.533617, 126.971727 37.533619, 126.971738 37.533621, 126.971749 37.533621, 126.97176 37.533621, 126.971771 37.533619, 126.971782 37.533617, 126.971792 37.533614, 126.971802 37.53361, 126.971812 37.533606, 126.971821 37.533601, 126.971829 37.533595, 126.971836 37.533588, 126.971843 37.533581, 126.971849 37.533573, 126.971853 37.533565, 126.971857 37.533557, 126.97186 37.533548, 126.971861 37.53354, 126.971862 37.533531))"
지하철역,점10m,"POLYGON ((126.972744 37.534468, 126.972744 37.534459, 126.972742 37.534451, 126.972739 37.534442, 126.972736 37.534434, 126.972731 37.534426, 126.972725 37.534418, 126.972718 37.534411, 126.972711 37.534404, 126.972703 37.534398, 126.972694 37.534393, 126.972684 37.534389, 126.972674 37.534385, 126.972664 37.534382, 126.972653 37.53438, 126.972642 37.534378, 126.972631 37.534378, 126.97262 37.534378, 126.972609 37.53438, 126.972598 37.534382, 126.972588 37.534385, 126.972578 37.534389, 126.972568 37.534393, 126.972559 37.534398, 126.972551 37.534404, 126.972544 37.534411, 126.972537 37.534418, 126.972531 37.534426, 126.972526 37.534434, 126.972523 37.534442, 126.97252 37.534451, 126.972518 37.534459, 126.972518 37.534468, 126.972518 37.534477, 126.97252 37.534486, 126.972523 37.534494, 126.972526 37.534503, 126.972531 37.534511, 126.972537 37.534518, 126.972544 37.534525, 126.972551 37.534532, 126.972559 37.534538, 126.972568 37.534543, 126.972578 37.534548, 126.972588 37.534551, 126.972598 37.534554, 126.972609 37.534556, 126.97262 37.534558, 126.972631 37.534558, 126.972642 37.534558, 126.972653 37.534556, 126.972664 37.534554, 126.972674 37.534551, 126.972684 37.534548, 126.972694 37.534543, 126.972703 37.534538, 126.972711 37.534532, 126.972718 37.534525, 126.972725 37.534518, 126.972731 37.534511, 126.972736 37.534503, 126.972739 37.534494, 126.972742 37.534486, 126.972744 37.534477, 126.972744 37.534468))"
지하철역,점10m,"POLYGON ((126.973117 37.534856, 126.973117 37.534847, 126.973115 37.534838, 126.973113 37.53483, 126.973109 37.534821, 126.973104 37.534813, 126.973098 37.534806, 126.973092 37.534798, 126.973084 37.534792, 126.973076 37.534786, 126.973067 37.534781, 126.973058 37.534776, 126.973048 37.534772, 126.973037 37.534769, 126.973026 37.534767, 126.973015 37.534766, 126.973004 37.534766, 126.972993 37.534766, 126.972982 37.534767, 126.972971 37.534769, 126.972961 37.534772, 126.972951 37.534776, 126.972941 37.534781, 126.972933 37.534786, 126.972924 37.534792, 126.972917 37.534798, 126.97291 37.534806, 126.972905 37.534813, 126.9729 37.534821, 126.972896 37.534829, 126.972893 37.534838, 126.972892 37.534847, 126.972891 37.534856, 126.972892 37.534864, 126.972893 37.534873, 126.972896 37.534882, 126.9729 37.53489, 126.972905 37.534898, 126.97291 37.534906, 126.972917 37.534913, 126.972924 37.534919, 126.972932 37.534925, 126.972941 37.534931, 126.972951 37.534935, 126.972961 37.534939, 126.972971 37.534942, 126.972982 37.534944, 126.972993 37.534945, 126.973004 37.534946, 126.973015 37.534945, 126.973026 37.534944, 126.973037 37.534942, 126.973048 37.534939, 126.973058 37.534935, 126.973067 37.534931, 126.973076 37.534925, 126.973084 37.534919, 126.973092 37.534913, 126.973098 37.534906, 126.973104 37.534898, 126.973109 37.53489, 126.973113 37.534882, 126.973115 37.534873, 126.973117 37.534864, 126.973117 37.534856))"
지하철역,점10m,"POLYGON ((126.973502 37.535315, 126.973501 37.535306, 126.9735 37.535298, 126.973497 37.535289, 126.973493 37.535281, 126.973489 37.535273, 126.973483 37.535265, 126.973476 37.535258, 126.973469 37.535252, 126.973461 37.535246, 126.973452 37.53524, 126.973442 37.535236, 126.973432 37.535232, 126.973422 37.535229, 126.973411 37.535227, 126.9734 37.535226, 126.973389 37.535225, 126.973378 37.535226, 126.973367 37.535227, 126.973356 37.535229, 126.973346 37.535232, 126.973335 37.535236, 126.973326 37.53524, 126.973317 37.535246, 126.973309 37.535251, 126.973301 37.535258, 126.973295 37.535265, 126.973289 37.535273, 126.973284 37.535281, 126.973281 37.535289, 126.973278 37.535298, 126.973276 37.535306, 126.973276 37.535315, 126.973276 37.535324, 126.973278 37.535333, 126.973281 37.535341, 126.973284 37.53535, 126.973289 37.535358, 126.973295 37.535365, 126.973301 37.535372, 126.973309 37.535379, 126.973317 37.535385, 126.973326 37.53539, 126.973335 37.535395, 126.973345 37.535398, 126.973356 37.535401, 126.973367 37.535404, 126.973378 37.535405, 126.973389 37.535405, 126.9734 37.535405, 126.973411 37.535404, 126.973422 37.535401, 126.973432 37.535398, 126.973442 37.535395, 126.973452 37.53539, 126.973461 37.535385, 126.973469 37.535379, 126.973476 37.535372, 126.973483 37.535365, 126.973489 37.535358, 126.973493 37.53535, 126.973497 37.535341, 126.9735 37.535333, 126.973501 37.535324, 126.973502 37.535315))"
지하철역,점10m,"POLYGON ((126.973524 37.535522, 126.973524 37.535514, 126.973522 37.535505, 126.97352 37.535496, 126.973516 37.535488, 126.973511 37.53548, 126.973505 37.535472, 126.973499 37.535465, 126.973491 37.535459, 126.973483 37.535453, 126.973474 37.535448, 126.973465 37.535443, 126.973455 37.535439, 126.973444 37.535436, 126.973433 37.535434, 126.973422 37.535433, 126.973411 37.535432, 126.9734 37.535433, 126.973389 37.535434, 126.973378 37.535436, 126.973368 37.535439, 126.973358 37.535443, 126.973348 37.535448, 126.97334 37.535453, 126.973331 37.535459, 126.973324 37.535465, 126.973317 37.535472, 126.973312 37.53548, 126.973307 37.535488, 126.973303 37.535496, 126.9733 37.535505, 126.973299 37.535514, 126.973298 37.535522, 126.973299 37.535531, 126.9733 37.53554, 126.973303 37.535549, 126.973307 37.535557, 126.973312 37.535565, 126.973317 37.535572, 126.973324 37.53558, 126.973331 37.535586, 126.973339 37.535592, 126.973348 37.535597, 126.973358 37.535602, 126.973368 37.535606, 126.973378 37.535609, 126.973389 37.535611, 126.9734 37.535612, 126.973411 37.535613, 126.973422 37.535612, 126.973433 37.535611, 126.973444 37.535609, 126.973455 37.535606, 126.973465 37.535602, 126.973474 37.535597, 126.973483 37.535592, 126.973491 37.535586, 126.973499 37.53558, 126.973505 37.535573, 126.973511 37.535565, 126.973516 37.535557, 126.97352 37.535549, 126.973522 37.53554, 126.973524 37.535531, 126.973524 37.535522))"
지하철역,점10m,"POLYGON ((126.973807 37.536135, 126.973807 37.536126, 126.973805 37.536118, 126.973802 37.536109, 126.973799 37.536101, 126.973794 37.536093, 126.973788 37.536085, 126.973781 37.536078, 126.973774 37.536072, 126.973766 37.536066, 126.973757 37.53606, 126.973747 37.536056, 126.973737 37.536052, 126.973727 37.536049, 126.973716 37.536047, 126.973705 37.536046, 126.973694 37.536045, 126.973683 37.536046, 126.973672 37.536047, 126.973661 37.536049, 126.973651 37.536052, 126.973641 37.536056, 126.973631 37.53606, 126.973622 37.536066, 126.973614 37.536071, 126.973607 37.536078, 126.9736 37.536085, 126.973594 37.536093, 126.973589 37.536101, 126.973586 37.536109, 126.973583 37.536118, 126.973581 37.536126, 126.973581 37.536135, 126.973581 37.536144, 126.973583 37.536153, 126.973586 37.536161, 126.973589 37.53617, 126.973594 37.536178, 126.9736 37.536185, 126.973607 37.536192, 126.973614 37.536199, 126.973622 37.536205, 126.973631 37.53621, 126.973641 37.536215, 126.973651 37.536218, 126.973661 37.536221, 126.973672 37.536224, 126.973683 37.536225, 126.973694 37.536225, 126.973705 37.536225, 126.973716 37.536224, 126.973727 37.536221, 126.973737 37.536218, 126.973747 37.536215, 126.973757 37.53621, 126.973766 37.536205, 126.973774 37.536199, 126.973781 37.536192, 126.973788 37.536185, 126.973794 37.536178, 126.973799 37.53617, 126.973802 37.536161, 126.973805 37.536153, 126.973807 37.536144, 126.973807 37.536135))"
지하철역,점10m,"POLYGON ((126.974045 37.536388, 126.974044 37.536379, 126.974042 37.53637, 126.97404 37.536361, 126.974036 37.536353, 126.974031 37.536345, 126.974026 37.536338, 126.974019 37.53633, 126.974012 37.536324, 126.974003 37.536318, 126.973994 37.536313, 126.973985 37.536308, 126.973975 37.536304, 126.973964 37.536301, 126.973954 37.536299, 126.973943 37.536298, 126.973932 37.536297, 126.97392 37.536298, 126.973909 37.536299, 126.973899 37.536301, 126.973888 37.536304, 126.973878 37.536308, 126.973869 37.536313, 126.97386 37.536318, 126.973852 37.536324, 126.973844 37.53633, 126.973837 37.536337, 126.973832 37.536345, 126.973827 37.536353, 126.973823 37.536361, 126.973821 37.53637, 126.973819 37.536379, 126.973818 37.536388, 126.973819 37.536396, 126.973821 37.536405, 126.973823 37.536414, 126.973827 37.536422, 126.973832 37.53643, 126.973837 37.536438, 126.973844 37.536445, 126.973851 37.536451, 126.97386 37.536457, 126.973869 37.536462, 126.973878 37.536467, 126.973888 37.536471, 126.973899 37.536474, 126.973909 37.536476, 126.97392 37.536477, 126.973931 37.536478, 126.973943 37.536477, 126.973954 37.536476, 126.973964 37.536474, 126.973975 37.536471, 126.973985 37.536467, 126.973994 37.536462, 126.974003 37.536457, 126.974011 37.536451, 126.974019 37.536445, 126.974026 37.536438, 126.974031 37.53643, 126.974036 37.536422, 126.97404 37.536414, 126.974042 37.536405, 126.974044 37.536396, 126.974045 37.536388))"
지하철역,점10m,"POLYGON ((126.974803 37.535811, 126.974802 37.535802, 126.974801 37.535794, 126.974798 37.535785, 126.974794 37.535777, 126.97479 37.535769, 126.974784 37.535761, 126.974777 37.535754, 126.97477 37.535747, 126.974762 37.535741, 126.974753 37.535736, 126.974743 37.535732, 126.974733 37.535728, 126.974723 37.535725, 126.974712 37.535723, 126.974701 37.535721, 126.97469 37.535721, 126.974679 37.535721, 126.974668 37.535723, 126.974657 37.535725, 126.974647 37.535728, 126.974636 37.535732, 126.974627 37.535736, 126.974618 37.535741, 126.97461 37.535747, 126.974602 37.535754, 126.974596 37.535761, 126.97459 37.535769, 126.974585 37.535777, 126.974582 37.535785, 126.974579 37.535793, 126.974577 37.535802, 126.974577 37.535811, 126.974577 37.53582, 126.974579 37.535829, 126.974582 37.535837, 126.974585 37.535846, 126.97459 37.535854, 126.974596 37.535861, 126.974602 37.535868, 126.97461 37.535875, 126.974618 37.535881, 126.974627 37.535886, 126.974636 37.535891, 126.974646 37.535894, 126.974657 37.535897, 126.974668 37.535899, 126.974679 37.535901, 126.97469 37.535901, 126.974701 37.535901, 126.974712 37.535899, 126.974723 37.535897, 126.974733 37.535894, 126.974743 37.535891, 126.974753 37.535886, 126.974762 37.535881, 126.97477 37.535875, 126.974777 37.535868, 126.974784 37.535861, 126.97479 37.535854, 126.974794 37.535846, 126.974798 37.535837, 126.974801 37.535829, 126.974802 37.53582, 126.974803 37.535811))"
지하철역,점10m,"POLYGON ((126.974905 37.535541, 126.974904 37.535532, 126.974903 37.535523, 126.9749 37.535515, 126.974896 37.535506, 126.974891 37.535498, 126.974886 37.535491, 126.974879 37.535484, 126.974872 37.535477, 126.974864 37.535471, 126.974855 37.535466, 126.974845 37.535461, 126.974835 37.535458, 126.974825 37.535455, 126.974814 37.535452, 126.974803 37.535451, 126.974792 37.535451, 126.974781 37.535451, 126.97477 37.535452, 126.974759 37.535455, 126.974748 37.535458, 126.974738 37.535461, 126.974729 37.535466, 126.97472 37.535471, 126.974712 37.535477, 126.974704 37.535484, 126.974698 37.535491, 126.974692 37.535498, 126.974687 37.535506, 126.974683 37.535515, 126.974681 37.535523, 126.974679 37.535532, 126.974679 37.535541, 126.974679 37.53555, 126.974681 37.535558, 126.974683 37.535567, 126.974687 37.535575, 126.974692 37.535583, 126.974698 37.535591, 126.974704 37.535598, 126.974712 37.535604, 126.97472 37.53561, 126.974729 37.535616, 126.974738 37.53562, 126.974748 37.535624, 126.974759 37.535627, 126.97477 37.535629, 126.974781 37.53563, 126.974792 37.535631, 126.974803 37.53563, 126.974814 37.535629, 126.974825 37.535627, 126.974835 37.535624, 126.974845 37.53562, 126.974855 37.535616, 126.974863 37.53561, 126.974872 37.535605, 126.974879 37.535598, 126.974886 37.535591, 126.974891 37.535583, 126.974896 37.535575, 126.9749 37.535567, 126.974903 37.535558, 126.974904 37.53555, 126.974905 37.535541))"
지하철역,점10m,"POLYGON ((126.974543 37.535072, 126.974542 37.535063, 126.974541 37.535055, 126.974538 37.535046, 126.974534 37.535038, 126.97453 37.53503, 126.974524 37.535022, 126.974517 37.535015, 126.97451 37.535008, 126.974502 37.535003, 126.974493 37.534997, 126.974483 37.534993, 126.974473 37.534989, 126.974463 37.534986, 126.974452 37.534984, 126.974441 37.534983, 126.97443 37.534982, 126.974419 37.534983, 126.974408 37.534984, 126.974397 37.534986, 126.974387 37.534989, 126.974376 37.534993, 126.974367 37.534997, 126.974358 37.535003, 126.97435 37.535008, 126.974342 37.535015, 126.974336 37.535022, 126.97433 37.53503, 126.974325 37.535038, 126.974322 37.535046, 126.974319 37.535055, 126.974317 37.535063, 126.974317 37.535072, 126.974317 37.535081, 126.974319 37.53509, 126.974322 37.535098, 126.974325 37.535107, 126.97433 37.535115, 126.974336 37.535122, 126.974342 37.535129, 126.97435 37.535136, 126.974358 37.535142, 126.974367 37.535147, 126.974376 37.535152, 126.974386 37.535155, 126.974397 37.535158, 126.974408 37.535161, 126.974419 37.535162, 126.97443 37.535162, 126.974441 37.535162, 126.974452 37.535161, 126.974463 37.535158, 126.974473 37.535155, 126.974483 37.535152, 126.974493 37.535147, 126.974502 37.535142, 126.97451 37.535136, 126.974517 37.535129, 126.974524 37.535122, 126.97453 37.535115, 126.974534 37.535107, 126.974538 37.535098, 126.974541 37.53509, 126.974542 37.535081, 126.974543 37.535072))"
지하철역,점10m,"POLYGON ((126.974249 37.535054, 126.974248 37.535045, 126.974247 37.535037, 126.974244 37.535028, 126.97424 37.53502, 126.974235 37.535012, 126.97423 37.535004, 126.974223 37.534997, 126.974216 37.53499, 126.974207 37.534984, 126.974198 37.534979, 126.974189 37.534975, 126.974179 37.534971, 126.974168 37.534968, 126.974158 37.534966, 126.974147 37.534964, 126.974136 37.534964, 126.974125 37.534964, 126.974114 37.534966, 126.974103 37.534968, 126.974092 37.534971, 126.974082 37.534975, 126.974073 37.534979, 126.974064 37.534984, 126.974056 37.53499, 126.974048 37.534997, 126.974042 37.535004, 126.974036 37.535012, 126.974031 37.53502, 126.974027 37.535028, 126.974025 37.535036, 126.974023 37.535045, 126.974022 37.535054, 126.974023 37.535063, 126.974025 37.535072, 126.974027 37.53508, 126.974031 37.535089, 126.974036 37.535097, 126.974042 37.535104, 126.974048 37.535111, 126.974056 37.535118, 126.974064 37.535124, 126.974073 37.535129, 126.974082 37.535134, 126.974092 37.535137, 126.974103 37.53514, 126.974113 37.535142, 126.974124 37.535144, 126.974136 37.535144, 126.974147 37.535144, 126.974158 37.535142, 126.974168 37.53514, 126.974179 37.535137, 126.974189 37.535134, 126.974198 37.535129, 126.974207 37.535124, 126.974216 37.535118, 126.974223 37.535111, 126.97423 37.535104, 126.974235 37.535097, 126.97424 37.535089, 126.974244 37.53508, 126.974247 37.535072, 126.974248 37.535063, 126.974249 37.535054))"
지하철역,점10m,"POLYGON ((126.972265 37.545622, 126.972264 37.545614, 126.972263 37.545605, 126.97226 37.545596, 126.972256 37.545588, 126.972252 37.54558, 126.972246 37.545572, 126.972239 37.545565, 126.972232 37.545559, 126.972224 37.545553, 126.972215 37.545547, 126.972205 37.545543, 126.972195 37.545539, 126.972185 37.545536, 126.972174 37.545534, 126.972163 37.545533, 126.972152 37.545532, 126.972141 37.545533, 126.97213 37.545534, 126.972119 37.545536, 126.972108 37.545539, 126.972098 37.545543, 126.972089 37.545547, 126.97208 37.545553, 126.972072 37.545559, 126.972064 37.545565, 126.972058 37.545572, 126.972052 37.54558, 126.972047 37.545588, 126.972043 37.545596, 126.972041 37.545605, 126.972039 37.545614, 126.972039 37.545622, 126.972039 37.545631, 126.972041 37.54564, 126.972043 37.545649, 126.972047 37.545657, 126.972052 37.545665, 126.972058 37.545672, 126.972064 37.54568, 126.972072 37.545686, 126.97208 37.545692, 126.972089 37.545697, 126.972098 37.545702, 126.972108 37.545706, 126.972119 37.545709, 126.97213 37.545711, 126.972141 37.545712, 126.972152 37.545712, 126.972163 37.545712, 126.972174 37.545711, 126.972185 37.545709, 126.972195 37.545706, 126.972205 37.545702, 126.972215 37.545697, 126.972223 37.545692, 126.972232 37.545686, 126.972239 37.54568, 126.972246 37.545672, 126.972251 37.545665, 126.972256 37.545657, 126.97226 37.545649, 126.972263 37.54564, 126.972264 37.545631, 126.972265 37.545622))"
지하철역,점10m,"POLYGON ((126.972469 37.545325, 126.972468 37.545316, 126.972466 37.545308, 126.972464 37.545299, 126.97246 37.545291, 126.972455 37.545283, 126.97245 37.545275, 126.972443 37.545268, 126.972436 37.545261, 126.972427 37.545255, 126.972418 37.54525, 126.972409 37.545246, 126.972399 37.545242, 126.972388 37.545239, 126.972378 37.545237, 126.972367 37.545235, 126.972356 37.545235, 126.972344 37.545235, 126.972333 37.545237, 126.972323 37.545239, 126.972312 37.545242, 126.972302 37.545246, 126.972293 37.54525, 126.972284 37.545255, 126.972276 37.545261, 126.972268 37.545268, 126.972261 37.545275, 126.972256 37.545283, 126.972251 37.545291, 126.972247 37.545299, 126.972245 37.545307, 126.972243 37.545316, 126.972242 37.545325, 126.972243 37.545334, 126.972245 37.545343, 126.972247 37.545351, 126.972251 37.54536, 126.972256 37.545368, 126.972261 37.545375, 126.972268 37.545382, 126.972275 37.545389, 126.972284 37.545395, 126.972293 37.5454, 126.972302 37.545405, 126.972312 37.545408, 126.972323 37.545411, 126.972333 37.545413, 126.972344 37.545415, 126.972355 37.545415, 126.972367 37.545415, 126.972378 37.545413, 126.972388 37.545411, 126.972399 37.545408, 126.972409 37.545405, 126.972418 37.5454, 126.972427 37.545395, 126.972435 37.545389, 126.972443 37.545382, 126.97245 37.545375, 126.972455 37.545368, 126.97246 37.54536, 126.972464 37.545351, 126.972466 37.545343, 126.972468 37.545334, 126.972469 37.545325))"
지하철역,점10m,"POLYGON ((126.972503 37.545028, 126.972502 37.545019, 126.9725 37.54501, 126.972498 37.545002, 126.972494 37.544993, 126.972489 37.544985, 126.972484 37.544978, 126.972477 37.544971, 126.97247 37.544964, 126.972461 37.544958, 126.972452 37.544953, 126.972443 37.544948, 126.972433 37.544945, 126.972422 37.544942, 126.972412 37.544939, 126.972401 37.544938, 126.97239 37.544938, 126.972378 37.544938, 126.972367 37.544939, 126.972357 37.544942, 126.972346 37.544945, 126.972336 37.544948, 126.972327 37.544953, 126.972318 37.544958, 126.97231 37.544964, 126.972302 37.544971, 126.972295 37.544978, 126.97229 37.544985, 126.972285 37.544993, 126.972281 37.545002, 126.972279 37.54501, 126.972277 37.545019, 126.972276 37.545028, 126.972277 37.545037, 126.972279 37.545045, 126.972281 37.545054, 126.972285 37.545062, 126.97229 37.54507, 126.972295 37.545078, 126.972302 37.545085, 126.972309 37.545091, 126.972318 37.545097, 126.972327 37.545103, 126.972336 37.545107, 126.972346 37.545111, 126.972357 37.545114, 126.972367 37.545116, 126.972378 37.545117, 126.972389 37.545118, 126.972401 37.545117, 126.972412 37.545116, 126.972422 37.545114, 126.972433 37.545111, 126.972443 37.545107, 126.972452 37.545103, 126.972461 37.545097, 126.972469 37.545091, 126.972477 37.545085, 126.972484 37.545078, 126.972489 37.54507, 126.972494 37.545062, 126.972498 37.545054, 126.9725 37.545045, 126.972502 37.545037, 126.972503 37.545028))"
지하철역,점10m,"POLYGON ((126.97239 37.544766, 126.972389 37.544758, 126.972387 37.544749, 126.972385 37.54474, 126.972381 37.544732, 126.972376 37.544724, 126.972371 37.544716, 126.972364 37.544709, 126.972357 37.544703, 126.972348 37.544697, 126.972339 37.544692, 126.97233 37.544687, 126.97232 37.544683, 126.972309 37.54468, 126.972299 37.544678, 126.972288 37.544677, 126.972277 37.544676, 126.972265 37.544677, 126.972254 37.544678, 126.972244 37.54468, 126.972233 37.544683, 126.972223 37.544687, 126.972214 37.544692, 126.972205 37.544697, 126.972197 37.544703, 126.972189 37.544709, 126.972182 37.544716, 126.972177 37.544724, 126.972172 37.544732, 126.972168 37.54474, 126.972166 37.544749, 126.972164 37.544758, 126.972163 37.544766, 126.972164 37.544775, 126.972166 37.544784, 126.972168 37.544793, 126.972172 37.544801, 126.972177 37.544809, 126.972182 37.544816, 126.972189 37.544824, 126.972196 37.54483, 126.972205 37.544836, 126.972214 37.544841, 126.972223 37.544846, 126.972233 37.54485, 126.972244 37.544853, 126.972254 37.544855, 126.972265 37.544856, 126.972276 37.544857, 126.972288 37.544856, 126.972299 37.544855, 126.972309 37.544853, 126.97232 37.54485, 126.97233 37.544846, 126.972339 37.544841, 126.972348 37.544836, 126.972356 37.54483, 126.972364 37.544824, 126.972371 37.544817, 126.972376 37.544809, 126.972381 37.544801, 126.972385 37.544793, 126.972387 37.544784, 126.972389 37.544775, 126.97239 37.544766))"
지하철역,점10m,"POLYGON ((126.97256 37.544118, 126.972559 37.544109, 126.972557 37.5441, 126.972555 37.544092, 126.972551 37.544083, 126.972546 37.544075, 126.972541 37.544068, 126.972534 37.544061, 126.972527 37.544054, 126.972518 37.544048, 126.972509 37.544043, 126.9725 37.544038, 126.97249 37.544035, 126.972479 37.544032, 126.972469 37.544029, 126.972458 37.544028, 126.972447 37.544028, 126.972435 37.544028, 126.972424 37.544029, 126.972414 37.544032, 126.972403 37.544035, 126.972393 37.544038, 126.972384 37.544043, 126.972375 37.544048, 126.972367 37.544054, 126.972359 37.544061, 126.972352 37.544068, 126.972347 37.544075, 126.972342 37.544083, 126.972338 37.544092, 126.972336 37.5441, 126.972334 37.544109, 126.972333 37.544118, 126.972334 37.544127, 126.972336 37.544135, 126.972338 37.544144, 126.972342 37.544152, 126.972347 37.54416, 126.972352 37.544168, 126.972359 37.544175, 126.972366 37.544181, 126.972375 37.544187, 126.972384 37.544193, 126.972393 37.544197, 126.972403 37.544201, 126.972414 37.544204, 126.972424 37.544206, 126.972435 37.544207, 126.972446 37.544208, 126.972458 37.544207, 126.972469 37.544206, 126.972479 37.544204, 126.97249 37.544201, 126.9725 37.544197, 126.972509 37.544193, 126.972518 37.544187, 126.972526 37.544182, 126.972534 37.544175, 126.972541 37.544168, 126.972546 37.54416, 126.972551 37.544152, 126.972555 37.544144, 126.972557 37.544135, 126.972559 37.544127, 126.97256 37.544118))"
지하철역,점10m,"POLYGON ((126.972639 37.543811, 126.972638 37.543803, 126.972637 37.543794, 126.972634 37.543785, 126.97263 37.543777, 126.972626 37.543769, 126.97262 37.543761, 126.972613 37.543754, 126.972606 37.543748, 126.972598 37.543742, 126.972589 37.543737, 126.972579 37.543732, 126.972569 37.543728, 126.972559 37.543725, 126.972548 37.543723, 126.972537 37.543722, 126.972526 37.543721, 126.972515 37.543722, 126.972504 37.543723, 126.972493 37.543725, 126.972483 37.543728, 126.972472 37.543732, 126.972463 37.543737, 126.972454 37.543742, 126.972446 37.543748, 126.972438 37.543754, 126.972432 37.543761, 126.972426 37.543769, 126.972421 37.543777, 126.972418 37.543785, 126.972415 37.543794, 126.972413 37.543803, 126.972413 37.543811, 126.972413 37.54382, 126.972415 37.543829, 126.972418 37.543838, 126.972421 37.543846, 126.972426 37.543854, 126.972432 37.543861, 126.972438 37.543869, 126.972446 37.543875, 126.972454 37.543881, 126.972463 37.543886, 126.972472 37.543891, 126.972482 37.543895, 126.972493 37.543898, 126.972504 37.5439, 126.972515 37.543901, 126.972526 37.543902, 126.972537 37.543901, 126.972548 37.5439, 126.972559 37.543898, 126.972569 37.543895, 126.972579 37.543891, 126.972589 37.543886, 126.972598 37.543881, 126.972606 37.543875, 126.972613 37.543869, 126.97262 37.543862, 126.972626 37.543854, 126.97263 37.543846, 126.972634 37.543838, 126.972637 37.543829, 126.972638 37.54382, 126.972639 37.543811))"
지하철역,점10m,"POLYGON ((126.972243 37.54373, 126.972242 37.543721, 126.972241 37.543713, 126.972238 37.543704, 126.972234 37.543696, 126.97223 37.543688, 126.972224 37.54368, 126.972217 37.543673, 126.97221 37.543667, 126.972202 37.543661, 126.972193 37.543655, 126.972183 37.543651, 126.972173 37.543647, 126.972163 37.543644, 126.972152 37.543642, 126.972141 37.543641, 126.97213 37.54364, 126.972119 37.543641, 126.972108 37.543642, 126.972097 37.543644, 126.972087 37.543647, 126.972076 37.543651, 126.972067 37.543655, 126.972058 37.543661, 126.97205 37.543667, 126.972042 37.543673, 126.972036 37.54368, 126.97203 37.543688, 126.972025 37.543696, 126.972022 37.543704, 126.972019 37.543713, 126.972017 37.543721, 126.972017 37.54373, 126.972017 37.543739, 126.972019 37.543748, 126.972022 37.543756, 126.972025 37.543765, 126.97203 37.543773, 126.972036 37.54378, 126.972042 37.543787, 126.97205 37.543794, 126.972058 37.5438, 126.972067 37.543805, 126.972076 37.54381, 126.972086 37.543814, 126.972097 37.543816, 126.972108 37.543819, 126.972119 37.54382, 126.97213 37.54382, 126.972141 37.54382, 126.972152 37.543819, 126.972163 37.543816, 126.972173 37.543814, 126.972183 37.54381, 126.972193 37.543805, 126.972202 37.5438, 126.97221 37.543794, 126.972217 37.543787, 126.972224 37.54378, 126.97223 37.543773, 126.972234 37.543765, 126.972238 37.543756, 126.972241 37.543748, 126.972242 37.543739, 126.972243 37.54373))"
지하철역,점10m,"POLYGON ((126.972152 37.544082, 126.972152 37.544073, 126.97215 37.544064, 126.972147 37.544056, 126.972144 37.544047, 126.972139 37.544039, 126.972133 37.544032, 126.972127 37.544025, 126.972119 37.544018, 126.972111 37.544012, 126.972102 37.544007, 126.972092 37.544002, 126.972082 37.543998, 126.972072 37.543995, 126.972061 37.543993, 126.97205 37.543992, 126.972039 37.543992, 126.972028 37.543992, 126.972017 37.543993, 126.972006 37.543995, 126.971996 37.543998, 126.971986 37.544002, 126.971976 37.544007, 126.971967 37.544012, 126.971959 37.544018, 126.971952 37.544024, 126.971945 37.544032, 126.971939 37.544039, 126.971935 37.544047, 126.971931 37.544055, 126.971928 37.544064, 126.971926 37.544073, 126.971926 37.544082, 126.971926 37.54409, 126.971928 37.544099, 126.971931 37.544108, 126.971935 37.544116, 126.971939 37.544124, 126.971945 37.544132, 126.971952 37.544139, 126.971959 37.544145, 126.971967 37.544151, 126.971976 37.544157, 126.971986 37.544161, 126.971996 37.544165, 126.972006 37.544168, 126.972017 37.54417, 126.972028 37.544171, 126.972039 37.544172, 126.97205 37.544171, 126.972061 37.54417, 126.972072 37.544168, 126.972082 37.544165, 126.972092 37.544161, 126.972102 37.544157, 126.972111 37.544151, 126.972119 37.544145, 126.972127 37.544139, 126.972133 37.544132, 126.972139 37.544124, 126.972144 37.544116, 126.972147 37.544108, 126.97215 37.544099, 126.972152 37.54409, 126.972152 37.544082))"
지하철역,점10m,"POLYGON ((126.971994 37.544685, 126.971993 37.544676, 126.971991 37.544668, 126.971989 37.544659, 126.971985 37.544651, 126.97198 37.544643, 126.971975 37.544635, 126.971968 37.544628, 126.971961 37.544622, 126.971952 37.544616, 126.971943 37.54461, 126.971934 37.544606, 126.971924 37.544602, 126.971913 37.544599, 126.971903 37.544597, 126.971892 37.544596, 126.971881 37.544595, 126.971869 37.544596, 126.971858 37.544597, 126.971848 37.544599, 126.971837 37.544602, 126.971827 37.544606, 126.971818 37.54461, 126.971809 37.544616, 126.971801 37.544622, 126.971793 37.544628, 126.971786 37.544635, 126.971781 37.544643, 126.971776 37.544651, 126.971772 37.544659, 126.97177 37.544668, 126.971768 37.544676, 126.971767 37.544685, 126.971768 37.544694, 126.97177 37.544703, 126.971772 37.544711, 126.971776 37.54472, 126.971781 37.544728, 126.971786 37.544735, 126.971793 37.544742, 126.9718 37.544749, 126.971809 37.544755, 126.971818 37.54476, 126.971827 37.544765, 126.971837 37.544769, 126.971848 37.544771, 126.971858 37.544774, 126.971869 37.544775, 126.97188 37.544775, 126.971892 37.544775, 126.971903 37.544774, 126.971913 37.544771, 126.971924 37.544769, 126.971934 37.544765, 126.971943 37.54476, 126.971952 37.544755, 126.97196 37.544749, 126.971968 37.544742, 126.971975 37.544735, 126.97198 37.544728, 126.971985 37.54472, 126.971989 37.544711, 126.971991 37.544703, 126.971993 37.544694, 126.971994 37.544685))"
지하철역,점10m,"POLYGON ((126.971858 37.545478, 126.971857 37.545469, 126.971855 37.545461, 126.971853 37.545452, 126.971849 37.545444, 126.971844 37.545436, 126.971839 37.545428, 126.971832 37.545421, 126.971824 37.545414, 126.971816 37.545408, 126.971807 37.545403, 126.971798 37.545399, 126.971788 37.545395, 126.971777 37.545392, 126.971767 37.54539, 126.971756 37.545388, 126.971744 37.545388, 126.971733 37.545388, 126.971722 37.54539, 126.971712 37.545392, 126.971701 37.545395, 126.971691 37.545399, 126.971682 37.545403, 126.971673 37.545408, 126.971664 37.545414, 126.971657 37.545421, 126.97165 37.545428, 126.971645 37.545436, 126.97164 37.545444, 126.971636 37.545452, 126.971633 37.545461, 126.971632 37.545469, 126.971631 37.545478, 126.971632 37.545487, 126.971633 37.545496, 126.971636 37.545504, 126.97164 37.545513, 126.971645 37.545521, 126.97165 37.545528, 126.971657 37.545535, 126.971664 37.545542, 126.971673 37.545548, 126.971682 37.545553, 126.971691 37.545558, 126.971701 37.545561, 126.971712 37.545564, 126.971722 37.545566, 126.971733 37.545568, 126.971744 37.545568, 126.971755 37.545568, 126.971766 37.545566, 126.971777 37.545564, 126.971788 37.545561, 126.971798 37.545558, 126.971807 37.545553, 126.971816 37.545548, 126.971824 37.545542, 126.971832 37.545535, 126.971838 37.545528, 126.971844 37.545521, 126.971849 37.545513, 126.971853 37.545504, 126.971855 37.545496, 126.971857 37.545487, 126.971858 37.545478))"
지하철역,점10m,"POLYGON ((126.971361 37.541658, 126.971361 37.541649, 126.971359 37.54164, 126.971356 37.541632, 126.971352 37.541623, 126.971348 37.541615, 126.971342 37.541608, 126.971335 37.541601, 126.971328 37.541594, 126.97132 37.541588, 126.971311 37.541583, 126.971301 37.541578, 126.971291 37.541575, 126.971281 37.541572, 126.97127 37.541569, 126.971259 37.541568, 126.971248 37.541568, 126.971237 37.541568, 126.971226 37.541569, 126.971215 37.541572, 126.971205 37.541575, 126.971195 37.541578, 126.971185 37.541583, 126.971176 37.541588, 126.971168 37.541594, 126.97116 37.541601, 126.971154 37.541608, 126.971148 37.541615, 126.971143 37.541623, 126.97114 37.541632, 126.971137 37.54164, 126.971135 37.541649, 126.971135 37.541658, 126.971135 37.541667, 126.971137 37.541675, 126.97114 37.541684, 126.971143 37.541692, 126.971148 37.5417, 126.971154 37.541708, 126.97116 37.541715, 126.971168 37.541721, 126.971176 37.541727, 126.971185 37.541733, 126.971195 37.541737, 126.971205 37.541741, 126.971215 37.541744, 126.971226 37.541746, 126.971237 37.541747, 126.971248 37.541748, 126.971259 37.541747, 126.97127 37.541746, 126.971281 37.541744, 126.971291 37.541741, 126.971301 37.541737, 126.971311 37.541733, 126.97132 37.541727, 126.971328 37.541721, 126.971335 37.541715, 126.971342 37.541708, 126.971348 37.5417, 126.971352 37.541692, 126.971356 37.541684, 126.971359 37.541675, 126.971361 37.541667, 126.971361 37.541658))"
지하철역,점10m,"POLYGON ((126.97543 37.521684, 126.975429 37.521675, 126.975428 37.521666, 126.975425 37.521657, 126.975421 37.521649, 126.975416 37.521641, 126.975411 37.521633, 126.975404 37.521626, 126.975397 37.52162, 126.975388 37.521614, 126.97538 37.521609, 126.97537 37.521604, 126.97536 37.5216, 126.97535 37.521597, 126.975339 37.521595, 126.975328 37.521594, 126.975317 37.521593, 126.975306 37.521594, 126.975295 37.521595, 126.975284 37.521597, 126.975273 37.5216, 126.975263 37.521604, 126.975254 37.521609, 126.975245 37.521614, 126.975237 37.52162, 126.975229 37.521626, 126.975223 37.521633, 126.975217 37.521641, 126.975212 37.521649, 126.975208 37.521657, 126.975206 37.521666, 126.975204 37.521675, 126.975204 37.521683, 126.975204 37.521692, 126.975206 37.521701, 126.975208 37.52171, 126.975212 37.521718, 126.975217 37.521726, 126.975223 37.521734, 126.975229 37.521741, 126.975237 37.521747, 126.975245 37.521753, 126.975254 37.521758, 126.975263 37.521763, 126.975273 37.521767, 126.975284 37.52177, 126.975295 37.521772, 126.975306 37.521773, 126.975317 37.521774, 126.975328 37.521773, 126.975339 37.521772, 126.97535 37.52177, 126.97536 37.521767, 126.97537 37.521763, 126.97538 37.521758, 126.975388 37.521753, 126.975397 37.521747, 126.975404 37.521741, 126.975411 37.521734, 126.975416 37.521726, 126.975421 37.521718, 126.975425 37.52171, 126.975428 37.521701, 126.975429 37.521692, 126.97543 37.521684))"
지하철역,점10m,"POLYGON ((126.975803 37.522197, 126.975802 37.522188, 126.975801 37.52218, 126.975798 37.522171, 126.975794 37.522163, 126.97579 37.522155, 126.975784 37.522147, 126.975777 37.52214, 126.97577 37.522133, 126.975762 37.522127, 126.975753 37.522122, 126.975743 37.522118, 126.975733 37.522114, 126.975723 37.522111, 126.975712 37.522109, 126.975701 37.522107, 126.97569 37.522107, 126.975679 37.522107, 126.975668 37.522109, 126.975657 37.522111, 126.975647 37.522114, 126.975636 37.522118, 126.975627 37.522122, 126.975618 37.522127, 126.97561 37.522133, 126.975602 37.52214, 126.975596 37.522147, 126.97559 37.522155, 126.975585 37.522163, 126.975582 37.522171, 126.975579 37.52218, 126.975577 37.522188, 126.975577 37.522197, 126.975577 37.522206, 126.975579 37.522215, 126.975582 37.522223, 126.975585 37.522232, 126.97559 37.52224, 126.975596 37.522247, 126.975602 37.522254, 126.97561 37.522261, 126.975618 37.522267, 126.975627 37.522272, 126.975636 37.522277, 126.975646 37.52228, 126.975657 37.522283, 126.975668 37.522285, 126.975679 37.522287, 126.97569 37.522287, 126.975701 37.522287, 126.975712 37.522286, 126.975723 37.522283, 126.975733 37.52228, 126.975743 37.522277, 126.975753 37.522272, 126.975762 37.522267, 126.97577 37.522261, 126.975777 37.522254, 126.975784 37.522247, 126.97579 37.52224, 126.975794 37.522232, 126.975798 37.522223, 126.975801 37.522215, 126.975802 37.522206, 126.975803 37.522197))"
지하철역,점10m,"POLYGON ((126.97543 37.521684, 126.975429 37.521675, 126.975428 37.521666, 126.975425 37.521657, 126.975421 37.521649, 126.975416 37.521641, 126.975411 37.521633, 126.975404 37.521626, 126.975397 37.52162, 126.975388 37.521614, 126.97538 37.521609, 126.97537 37.521604, 126.97536 37.5216, 126.97535 37.521597, 126.975339 37.521595, 126.975328 37.521594, 126.975317 37.521593, 126.975306 37.521594, 126.975295 37.521595, 126.975284 37.521597, 126.975273 37.5216, 126.975263 37.521604, 126.975254 37.521609, 126.975245 37.521614, 126.975237 37.52162, 126.975229 37.521626, 126.975223 37.521633, 126.975217 37.521641, 126.975212 37.521649, 126.975208 37.521657, 126.975206 37.521666, 126.975204 37.521675, 126.975204 37.521683, 126.975204 37.521692, 126.975206 37.521701, 126.975208 37.52171, 126.975212 37.521718, 126.975217 37.521726, 126.975223 37.521734, 126.975229 37.521741, 126.975237 37.521747, 126.975245 37.521753, 126.975254 37.521758, 126.975263 37.521763, 126.975273 37.521767, 126.975284 37.52177, 126.975295 37.521772, 126.975306 37.521773, 126.975317 37.521774, 126.975328 37.521773, 126.975339 37.521772, 126.97535 37.52177, 126.97536 37.521767, 126.97537 37.521763, 126.97538 37.521758, 126.975388 37.521753, 126.975397 37.521747, 126.975404 37.521741, 126.975411 37.521734, 126.975416 37.521726, 126.975421 37.521718, 126.975425 37.52171, 126.975428 37.521701, 126.975429 37.521692, 126.97543 37.521684))"
지하철역,점10m,"POLYGON ((126.973484 37.522188, 126.973483 37.522179, 126.973482 37.52217, 126.973479 37.522161, 126.973475 37.522153, 126.973471 37.522145, 126.973465 37.522138, 126.973458 37.52213, 126.973451 37.522124, 126.973443 37.522118, 126.973434 37.522113, 126.973424 37.522108, 126.973414 37.522104, 126.973404 37.522101, 126.973393 37.522099, 126.973382 37.522098, 126.973371 37.522098, 126.97336 37.522098, 126.973349 37.522099, 126.973338 37.522101, 126.973328 37.522104, 126.973318 37.522108, 126.973308 37.522113, 126.973299 37.522118, 126.973291 37.522124, 126.973283 37.52213, 126.973277 37.522138, 126.973271 37.522145, 126.973266 37.522153, 126.973263 37.522161, 126.97326 37.52217, 126.973258 37.522179, 126.973258 37.522188, 126.973258 37.522196, 126.97326 37.522205, 126.973263 37.522214, 126.973266 37.522222, 126.973271 37.52223, 126.973277 37.522238, 126.973283 37.522245, 126.973291 37.522251, 126.973299 37.522257, 126.973308 37.522263, 126.973317 37.522267, 126.973327 37.522271, 126.973338 37.522274, 126.973349 37.522276, 126.97336 37.522277, 126.973371 37.522278, 126.973382 37.522277, 126.973393 37.522276, 126.973404 37.522274, 126.973414 37.522271, 126.973424 37.522267, 126.973434 37.522263, 126.973443 37.522257, 126.973451 37.522251, 126.973458 37.522245, 126.973465 37.522238, 126.973471 37.52223, 126.973475 37.522222, 126.973479 37.522214, 126.973482 37.522205, 126.973483 37.522196, 126.973484 37.522188))"
지하철역,점10m,"POLYGON ((126.973484 37.522566, 126.973483 37.522557, 126.973482 37.522548, 126.973479 37.52254, 126.973475 37.522532, 126.97347 37.522524, 126.973465 37.522516, 126.973458 37.522509, 126.973451 37.522502, 126.973442 37.522496, 126.973434 37.522491, 126.973424 37.522487, 126.973414 37.522483, 126.973404 37.52248, 126.973393 37.522478, 126.973382 37.522476, 126.973371 37.522476, 126.97336 37.522476, 126.973349 37.522478, 126.973338 37.52248, 126.973327 37.522483, 126.973317 37.522487, 126.973308 37.522491, 126.973299 37.522496, 126.973291 37.522502, 126.973283 37.522509, 126.973277 37.522516, 126.973271 37.522524, 126.973266 37.522532, 126.973262 37.52254, 126.97326 37.522548, 126.973258 37.522557, 126.973258 37.522566, 126.973258 37.522575, 126.97326 37.522584, 126.973262 37.522592, 126.973266 37.522601, 126.973271 37.522609, 126.973277 37.522616, 126.973283 37.522623, 126.973291 37.52263, 126.973299 37.522636, 126.973308 37.522641, 126.973317 37.522645, 126.973327 37.522649, 126.973338 37.522652, 126.973349 37.522654, 126.97336 37.522656, 126.973371 37.522656, 126.973382 37.522656, 126.973393 37.522654, 126.973404 37.522652, 126.973414 37.522649, 126.973424 37.522646, 126.973434 37.522641, 126.973442 37.522636, 126.973451 37.52263, 126.973458 37.522623, 126.973465 37.522616, 126.97347 37.522609, 126.973475 37.522601, 126.973479 37.522592, 126.973482 37.522584, 126.973483 37.522575, 126.973484 37.522566))"
지하철역,점10m,"POLYGON ((126.989491 37.519884, 126.989491 37.519875, 126.989489 37.519866, 126.989486 37.519857, 126.989483 37.519849, 126.989478 37.519841, 126.989472 37.519834, 126.989466 37.519826, 126.989458 37.51982, 126.98945 37.519814, 126.989441 37.519809, 126.989431 37.519804, 126.989421 37.5198, 126.989411 37.519797, 126.9894 37.519795, 126.989389 37.519794, 126.989378 37.519793, 126.989367 37.519794, 126.989356 37.519795, 126.989345 37.519797, 126.989335 37.5198, 126.989325 37.519804, 126.989315 37.519809, 126.989306 37.519814, 126.989298 37.51982, 126.989291 37.519826, 126.989284 37.519834, 126.989278 37.519841, 126.989274 37.519849, 126.98927 37.519857, 126.989267 37.519866, 126.989266 37.519875, 126.989265 37.519884, 126.989266 37.519892, 126.989267 37.519901, 126.98927 37.51991, 126.989274 37.519918, 126.989278 37.519926, 126.989284 37.519934, 126.989291 37.519941, 126.989298 37.519947, 126.989306 37.519953, 126.989315 37.519958, 126.989325 37.519963, 126.989335 37.519967, 126.989345 37.51997, 126.989356 37.519972, 126.989367 37.519973, 126.989378 37.519974, 126.989389 37.519973, 126.9894 37.519972, 126.989411 37.51997, 126.989421 37.519967, 126.989431 37.519963, 126.989441 37.519959, 126.98945 37.519953, 126.989458 37.519947, 126.989466 37.519941, 126.989472 37.519934, 126.989478 37.519926, 126.989483 37.519918, 126.989486 37.51991, 126.989489 37.519901, 126.989491 37.519892, 126.989491 37.519884))"
지하철역,점10m,"POLYGON ((126.989853 37.519118, 126.989853 37.519109, 126.989851 37.5191, 126.989848 37.519092, 126.989845 37.519083, 126.98984 37.519075, 126.989834 37.519068, 126.989828 37.519061, 126.98982 37.519054, 126.989812 37.519048, 126.989803 37.519043, 126.989794 37.519038, 126.989783 37.519035, 126.989773 37.519032, 126.989762 37.519029, 126.989751 37.519028, 126.98974 37.519028, 126.989729 37.519028, 126.989718 37.519029, 126.989707 37.519032, 126.989697 37.519035, 126.989687 37.519038, 126.989677 37.519043, 126.989668 37.519048, 126.98966 37.519054, 126.989653 37.519061, 126.989646 37.519068, 126.98964 37.519075, 126.989636 37.519083, 126.989632 37.519092, 126.989629 37.5191, 126.989628 37.519109, 126.989627 37.519118, 126.989628 37.519127, 126.989629 37.519135, 126.989632 37.519144, 126.989636 37.519152, 126.98964 37.51916, 126.989646 37.519168, 126.989653 37.519175, 126.98966 37.519181, 126.989668 37.519187, 126.989677 37.519193, 126.989687 37.519197, 126.989697 37.519201, 126.989707 37.519204, 126.989718 37.519206, 126.989729 37.519207, 126.98974 37.519208, 126.989751 37.519207, 126.989762 37.519206, 126.989773 37.519204, 126.989783 37.519201, 126.989794 37.519197, 126.989803 37.519193, 126.989812 37.519187, 126.98982 37.519181, 126.989828 37.519175, 126.989834 37.519168, 126.98984 37.51916, 126.989845 37.519152, 126.989848 37.519144, 126.989851 37.519135, 126.989853 37.519127, 126.989853 37.519118))"
지하철역,점10m,"POLYGON ((127.008202 37.529299, 127.008202 37.52929, 127.0082 37.529282, 127.008197 37.529273, 127.008194 37.529265, 127.008189 37.529257, 127.008183 37.529249, 127.008177 37.529242, 127.008169 37.529236, 127.008161 37.52923, 127.008152 37.529224, 127.008142 37.52922, 127.008132 37.529216, 127.008122 37.529213, 127.008111 37.529211, 127.0081 37.52921, 127.008089 37.529209, 127.008078 37.52921, 127.008067 37.529211, 127.008056 37.529213, 127.008046 37.529216, 127.008036 37.52922, 127.008026 37.529224, 127.008017 37.52923, 127.008009 37.529236, 127.008002 37.529242, 127.007995 37.529249, 127.007989 37.529257, 127.007985 37.529265, 127.007981 37.529273, 127.007978 37.529282, 127.007977 37.52929, 127.007976 37.529299, 127.007977 37.529308, 127.007978 37.529317, 127.007981 37.529325, 127.007985 37.529334, 127.007989 37.529342, 127.007995 37.529349, 127.008002 37.529356, 127.008009 37.529363, 127.008017 37.529369, 127.008026 37.529374, 127.008036 37.529379, 127.008046 37.529383, 127.008056 37.529385, 127.008067 37.529388, 127.008078 37.529389, 127.008089 37.529389, 127.0081 37.529389, 127.008111 37.529388, 127.008122 37.529385, 127.008132 37.529382, 127.008142 37.529379, 127.008152 37.529374, 127.008161 37.529369, 127.008169 37.529363, 127.008177 37.529356, 127.008183 37.529349, 127.008189 37.529342, 127.008194 37.529334, 127.008197 37.529325, 127.0082 37.529317, 127.008202 37.529308, 127.008202 37.529299))"
지하철역,점10m,"POLYGON ((126.961337 37.53952, 126.961336 37.539511, 126.961335 37.539502, 126.961332 37.539493, 126.961328 37.539485, 126.961324 37.539477, 126.961318 37.53947, 126.961311 37.539462, 126.961304 37.539456, 126.961296 37.53945, 126.961287 37.539445, 126.961277 37.53944, 126.961267 37.539436, 126.961257 37.539433, 126.961246 37.539431, 126.961235 37.53943, 126.961224 37.539429, 126.961213 37.53943, 126.961202 37.539431, 126.961191 37.539433, 126.96118 37.539436, 126.96117 37.53944, 126.961161 37.539445, 126.961152 37.53945, 126.961144 37.539456, 126.961136 37.539462, 126.96113 37.539469, 126.961124 37.539477, 126.961119 37.539485, 126.961115 37.539493, 126.961113 37.539502, 126.961111 37.539511, 126.961111 37.539519, 126.961111 37.539528, 126.961113 37.539537, 126.961115 37.539546, 126.961119 37.539554, 126.961124 37.539562, 126.96113 37.53957, 126.961136 37.539577, 126.961144 37.539583, 126.961152 37.539589, 126.961161 37.539594, 126.96117 37.539599, 126.96118 37.539603, 126.961191 37.539606, 126.961202 37.539608, 126.961213 37.539609, 126.961224 37.53961, 126.961235 37.539609, 126.961246 37.539608, 126.961257 37.539606, 126.961267 37.539603, 126.961277 37.539599, 126.961287 37.539594, 126.961295 37.539589, 126.961304 37.539583, 126.961311 37.539577, 126.961318 37.53957, 126.961323 37.539562, 126.961328 37.539554, 126.961332 37.539546, 126.961335 37.539537, 126.961336 37.539528, 126.961337 37.53952))"
지하철역,점10m,"POLYGON ((126.961688 37.539385, 126.961687 37.539376, 126.961686 37.539367, 126.961683 37.539358, 126.961679 37.53935, 126.961674 37.539342, 126.961669 37.539334, 126.961662 37.539327, 126.961655 37.539321, 126.961646 37.539315, 126.961638 37.53931, 126.961628 37.539305, 126.961618 37.539301, 126.961607 37.539298, 126.961597 37.539296, 126.961586 37.539295, 126.961575 37.539294, 126.961564 37.539295, 126.961553 37.539296, 126.961542 37.539298, 126.961531 37.539301, 126.961521 37.539305, 126.961512 37.53931, 126.961503 37.539315, 126.961495 37.539321, 126.961487 37.539327, 126.961481 37.539334, 126.961475 37.539342, 126.96147 37.53935, 126.961466 37.539358, 126.961464 37.539367, 126.961462 37.539376, 126.961461 37.539384, 126.961462 37.539393, 126.961464 37.539402, 126.961466 37.539411, 126.96147 37.539419, 126.961475 37.539427, 126.96148 37.539435, 126.961487 37.539442, 126.961495 37.539448, 126.961503 37.539454, 126.961512 37.539459, 126.961521 37.539464, 126.961531 37.539468, 126.961542 37.539471, 126.961552 37.539473, 126.961563 37.539474, 126.961575 37.539475, 126.961586 37.539474, 126.961597 37.539473, 126.961607 37.539471, 126.961618 37.539468, 126.961628 37.539464, 126.961637 37.539459, 126.961646 37.539454, 126.961655 37.539448, 126.961662 37.539442, 126.961669 37.539435, 126.961674 37.539427, 126.961679 37.539419, 126.961683 37.539411, 126.961686 37.539402, 126.961687 37.539393, 126.961688 37.539385))"
지하철역,점10m,"POLYGON ((126.961756 37.539114, 126.961755 37.539105, 126.961754 37.539097, 126.961751 37.539088, 126.961747 37.53908, 126.961742 37.539072, 126.961737 37.539064, 126.96173 37.539057, 126.961723 37.539051, 126.961714 37.539045, 126.961706 37.539039, 126.961696 37.539035, 126.961686 37.539031, 126.961675 37.539028, 126.961665 37.539026, 126.961654 37.539025, 126.961643 37.539024, 126.961632 37.539025, 126.961621 37.539026, 126.96161 37.539028, 126.961599 37.539031, 126.961589 37.539035, 126.96158 37.539039, 126.961571 37.539045, 126.961563 37.53905, 126.961555 37.539057, 126.961549 37.539064, 126.961543 37.539072, 126.961538 37.53908, 126.961534 37.539088, 126.961532 37.539097, 126.96153 37.539105, 126.961529 37.539114, 126.96153 37.539123, 126.961532 37.539132, 126.961534 37.53914, 126.961538 37.539149, 126.961543 37.539157, 126.961548 37.539164, 126.961555 37.539171, 126.961563 37.539178, 126.961571 37.539184, 126.96158 37.539189, 126.961589 37.539194, 126.961599 37.539197, 126.96161 37.5392, 126.96162 37.539203, 126.961631 37.539204, 126.961643 37.539204, 126.961654 37.539204, 126.961665 37.539203, 126.961675 37.5392, 126.961686 37.539197, 126.961696 37.539194, 126.961705 37.539189, 126.961714 37.539184, 126.961723 37.539178, 126.96173 37.539171, 126.961737 37.539164, 126.961742 37.539157, 126.961747 37.539149, 126.961751 37.53914, 126.961754 37.539132, 126.961755 37.539123, 126.961756 37.539114))"
지하철역,점10m,"POLYGON ((126.962616 37.538736, 126.962615 37.538727, 126.962614 37.538719, 126.962611 37.53871, 126.962607 37.538702, 126.962603 37.538694, 126.962597 37.538686, 126.96259 37.538679, 126.962583 37.538672, 126.962575 37.538666, 126.962566 37.538661, 126.962556 37.538657, 126.962546 37.538653, 126.962536 37.53865, 126.962525 37.538648, 126.962514 37.538646, 126.962503 37.538646, 126.962492 37.538646, 126.962481 37.538648, 126.96247 37.53865, 126.962459 37.538653, 126.962449 37.538657, 126.96244 37.538661, 126.962431 37.538666, 126.962423 37.538672, 126.962415 37.538679, 126.962409 37.538686, 126.962403 37.538694, 126.962398 37.538702, 126.962394 37.53871, 126.962392 37.538718, 126.96239 37.538727, 126.96239 37.538736, 126.96239 37.538745, 126.962392 37.538754, 126.962394 37.538762, 126.962398 37.538771, 126.962403 37.538779, 126.962409 37.538786, 126.962415 37.538793, 126.962423 37.5388, 126.962431 37.538806, 126.96244 37.538811, 126.962449 37.538816, 126.962459 37.538819, 126.96247 37.538822, 126.962481 37.538824, 126.962492 37.538826, 126.962503 37.538826, 126.962514 37.538826, 126.962525 37.538824, 126.962536 37.538822, 126.962546 37.538819, 126.962556 37.538816, 126.962566 37.538811, 126.962574 37.538806, 126.962583 37.5388, 126.96259 37.538793, 126.962597 37.538786, 126.962602 37.538779, 126.962607 37.538771, 126.962611 37.538762, 126.962614 37.538754, 126.962615 37.538745, 126.962616 37.538736))"
지하철역,점10m,"POLYGON ((126.96334 37.538466, 126.96334 37.538457, 126.963338 37.538448, 126.963335 37.53844, 126.963332 37.538432, 126.963327 37.538424, 126.963321 37.538416, 126.963314 37.538409, 126.963307 37.538402, 126.963299 37.538396, 126.96329 37.538391, 126.96328 37.538387, 126.96327 37.538383, 126.96326 37.53838, 126.963249 37.538378, 126.963238 37.538376, 126.963227 37.538376, 126.963216 37.538376, 126.963205 37.538378, 126.963194 37.53838, 126.963184 37.538383, 126.963174 37.538387, 126.963164 37.538391, 126.963155 37.538396, 126.963147 37.538402, 126.96314 37.538409, 126.963133 37.538416, 126.963127 37.538423, 126.963122 37.538431, 126.963119 37.53844, 126.963116 37.538448, 126.963114 37.538457, 126.963114 37.538466, 126.963114 37.538475, 126.963116 37.538484, 126.963119 37.538492, 126.963122 37.5385, 126.963127 37.538508, 126.963133 37.538516, 126.96314 37.538523, 126.963147 37.53853, 126.963155 37.538536, 126.963164 37.538541, 126.963174 37.538545, 126.963184 37.538549, 126.963194 37.538552, 126.963205 37.538554, 126.963216 37.538556, 126.963227 37.538556, 126.963238 37.538556, 126.963249 37.538554, 126.96326 37.538552, 126.96327 37.538549, 126.96328 37.538545, 126.96329 37.538541, 126.963299 37.538536, 126.963307 37.53853, 126.963314 37.538523, 126.963321 37.538516, 126.963327 37.538509, 126.963332 37.538501, 126.963335 37.538492, 126.963338 37.538484, 126.96334 37.538475, 126.96334 37.538466))"
지하철역,점10m,"POLYGON ((126.961054 37.539357, 126.961054 37.539348, 126.961052 37.53934, 126.961049 37.539331, 126.961046 37.539323, 126.961041 37.539315, 126.961035 37.539307, 126.961028 37.5393, 126.961021 37.539294, 126.961013 37.539288, 126.961004 37.539282, 126.960994 37.539278, 126.960984 37.539274, 126.960974 37.539271, 126.960963 37.539269, 126.960952 37.539268, 126.960941 37.539267, 126.96093 37.539268, 126.960919 37.539269, 126.960908 37.539271, 126.960898 37.539274, 126.960888 37.539278, 126.960878 37.539282, 126.960869 37.539288, 126.960861 37.539294, 126.960854 37.5393, 126.960847 37.539307, 126.960841 37.539315, 126.960836 37.539323, 126.960833 37.539331, 126.96083 37.53934, 126.960828 37.539348, 126.960828 37.539357, 126.960828 37.539366, 126.96083 37.539375, 126.960833 37.539383, 126.960836 37.539392, 126.960841 37.5394, 126.960847 37.539407, 126.960854 37.539414, 126.960861 37.539421, 126.960869 37.539427, 126.960878 37.539432, 126.960888 37.539437, 126.960898 37.53944, 126.960908 37.539443, 126.960919 37.539446, 126.96093 37.539447, 126.960941 37.539447, 126.960952 37.539447, 126.960963 37.539446, 126.960974 37.539443, 126.960984 37.539441, 126.960994 37.539437, 126.961004 37.539432, 126.961013 37.539427, 126.961021 37.539421, 126.961028 37.539414, 126.961035 37.539407, 126.961041 37.5394, 126.961046 37.539392, 126.961049 37.539383, 126.961052 37.539375, 126.961054 37.539366, 126.961054 37.539357))"
지하철역,점10m,"POLYGON ((126.986491 37.535299, 126.98649 37.535291, 126.986489 37.535282, 126.986486 37.535273, 126.986482 37.535265, 126.986477 37.535257, 126.986472 37.535249, 126.986465 37.535242, 126.986458 37.535236, 126.986449 37.53523, 126.98644 37.535225, 126.986431 37.53522, 126.986421 37.535216, 126.98641 37.535213, 126.9864 37.535211, 126.986389 37.53521, 126.986378 37.535209, 126.986367 37.53521, 126.986356 37.535211, 126.986345 37.535213, 126.986334 37.535216, 126.986324 37.53522, 126.986315 37.535224, 126.986306 37.53523, 126.986298 37.535236, 126.98629 37.535242, 126.986284 37.535249, 126.986278 37.535257, 126.986273 37.535265, 126.986269 37.535273, 126.986267 37.535282, 126.986265 37.535291, 126.986264 37.535299, 126.986265 37.535308, 126.986267 37.535317, 126.986269 37.535326, 126.986273 37.535334, 126.986278 37.535342, 126.986284 37.535349, 126.98629 37.535357, 126.986298 37.535363, 126.986306 37.535369, 126.986315 37.535374, 126.986324 37.535379, 126.986334 37.535383, 126.986345 37.535386, 126.986356 37.535388, 126.986366 37.535389, 126.986378 37.53539, 126.986389 37.535389, 126.9864 37.535388, 126.98641 37.535386, 126.986421 37.535383, 126.986431 37.535379, 126.98644 37.535374, 126.986449 37.535369, 126.986458 37.535363, 126.986465 37.535357, 126.986472 37.535349, 126.986477 37.535342, 126.986482 37.535334, 126.986486 37.535326, 126.986489 37.535317, 126.98649 37.535308, 126.986491 37.535299))"
지하철역,점10m,"POLYGON ((126.986751 37.535642, 126.98675 37.535633, 126.986749 37.535624, 126.986746 37.535616, 126.986742 37.535607, 126.986738 37.535599, 126.986732 37.535592, 126.986725 37.535585, 126.986718 37.535578, 126.98671 37.535572, 126.986701 37.535567, 126.986691 37.535562, 126.986681 37.535559, 126.986671 37.535556, 126.98666 37.535553, 126.986649 37.535552, 126.986638 37.535552, 126.986627 37.535552, 126.986616 37.535553, 126.986605 37.535556, 126.986595 37.535559, 126.986584 37.535562, 126.986575 37.535567, 126.986566 37.535572, 126.986558 37.535578, 126.98655 37.535585, 126.986544 37.535592, 126.986538 37.535599, 126.986533 37.535607, 126.98653 37.535616, 126.986527 37.535624, 126.986525 37.535633, 126.986525 37.535642, 126.986525 37.535651, 126.986527 37.535659, 126.98653 37.535668, 126.986533 37.535676, 126.986538 37.535684, 126.986544 37.535692, 126.98655 37.535699, 126.986558 37.535706, 126.986566 37.535711, 126.986575 37.535717, 126.986584 37.535721, 126.986594 37.535725, 126.986605 37.535728, 126.986616 37.53573, 126.986627 37.535731, 126.986638 37.535732, 126.986649 37.535731, 126.98666 37.53573, 126.986671 37.535728, 126.986681 37.535725, 126.986691 37.535721, 126.986701 37.535717, 126.98671 37.535711, 126.986718 37.535706, 126.986725 37.535699, 126.986732 37.535692, 126.986738 37.535684, 126.986742 37.535676, 126.986746 37.535668, 126.986749 37.535659, 126.98675 37.535651, 126.986751 37.535642))"
지하철역,점10m,"POLYGON ((126.986921 37.534498, 126.98692 37.534489, 126.986919 37.53448, 126.986916 37.534471, 126.986912 37.534463, 126.986907 37.534455, 126.986902 37.534448, 126.986895 37.53444, 126.986888 37.534434, 126.986879 37.534428, 126.986871 37.534423, 126.986861 37.534418, 126.986851 37.534414, 126.986841 37.534411, 126.98683 37.534409, 126.986819 37.534408, 126.986808 37.534407, 126.986797 37.534408, 126.986786 37.534409, 126.986775 37.534411, 126.986764 37.534414, 126.986754 37.534418, 126.986745 37.534423, 126.986736 37.534428, 126.986728 37.534434, 126.98672 37.53444, 126.986714 37.534448, 126.986708 37.534455, 126.986703 37.534463, 126.986699 37.534471, 126.986697 37.53448, 126.986695 37.534489, 126.986695 37.534498, 126.986695 37.534506, 126.986697 37.534515, 126.986699 37.534524, 126.986703 37.534532, 126.986708 37.53454, 126.986714 37.534548, 126.98672 37.534555, 126.986728 37.534561, 126.986736 37.534567, 126.986745 37.534572, 126.986754 37.534577, 126.986764 37.534581, 126.986775 37.534584, 126.986786 37.534586, 126.986797 37.534587, 126.986808 37.534588, 126.986819 37.534587, 126.98683 37.534586, 126.986841 37.534584, 126.986851 37.534581, 126.986861 37.534577, 126.986871 37.534572, 126.986879 37.534567, 126.986888 37.534561, 126.986895 37.534555, 126.986902 37.534548, 126.986907 37.53454, 126.986912 37.534532, 126.986916 37.534524, 126.986919 37.534515, 126.98692 37.534506, 126.986921 37.534498))"
지하철역,점10m,"POLYGON ((126.986174 37.534705, 126.986173 37.534696, 126.986172 37.534687, 126.986169 37.534679, 126.986165 37.53467, 126.986161 37.534662, 126.986155 37.534655, 126.986148 37.534648, 126.986141 37.534641, 126.986133 37.534635, 126.986124 37.53463, 126.986114 37.534625, 126.986104 37.534621, 126.986094 37.534619, 126.986083 37.534616, 126.986072 37.534615, 126.986061 37.534615, 126.98605 37.534615, 126.986039 37.534616, 126.986028 37.534618, 126.986018 37.534621, 126.986008 37.534625, 126.985998 37.53463, 126.985989 37.534635, 126.985981 37.534641, 126.985973 37.534648, 126.985967 37.534655, 126.985961 37.534662, 126.985956 37.53467, 126.985953 37.534679, 126.98595 37.534687, 126.985948 37.534696, 126.985948 37.534705, 126.985948 37.534714, 126.98595 37.534722, 126.985953 37.534731, 126.985956 37.534739, 126.985961 37.534747, 126.985967 37.534755, 126.985973 37.534762, 126.985981 37.534768, 126.985989 37.534774, 126.985998 37.53478, 126.986008 37.534784, 126.986018 37.534788, 126.986028 37.534791, 126.986039 37.534793, 126.98605 37.534794, 126.986061 37.534795, 126.986072 37.534794, 126.986083 37.534793, 126.986094 37.534791, 126.986104 37.534788, 126.986114 37.534784, 126.986124 37.53478, 126.986133 37.534774, 126.986141 37.534768, 126.986148 37.534762, 126.986155 37.534755, 126.986161 37.534747, 126.986165 37.534739, 126.986169 37.534731, 126.986172 37.534722, 126.986173 37.534714, 126.986174 37.534705))"
지하철역,점10m,"POLYGON ((126.993755 37.534588, 126.993754 37.534579, 126.993752 37.534571, 126.99375 37.534562, 126.993746 37.534554, 126.993741 37.534546, 126.993735 37.534538, 126.993729 37.534531, 126.993721 37.534525, 126.993713 37.534519, 126.993704 37.534513, 126.993695 37.534509, 126.993685 37.534505, 126.993674 37.534502, 126.993663 37.5345, 126.993652 37.534499, 126.993641 37.534498, 126.99363 37.534499, 126.993619 37.5345, 126.993609 37.534502, 126.993598 37.534505, 126.993588 37.534509, 126.993579 37.534513, 126.99357 37.534519, 126.993561 37.534525, 126.993554 37.534531, 126.993547 37.534538, 126.993542 37.534546, 126.993537 37.534554, 126.993533 37.534562, 126.99353 37.534571, 126.993529 37.534579, 126.993528 37.534588, 126.993529 37.534597, 126.99353 37.534606, 126.993533 37.534614, 126.993537 37.534623, 126.993542 37.534631, 126.993547 37.534638, 126.993554 37.534645, 126.993561 37.534652, 126.99357 37.534658, 126.993579 37.534663, 126.993588 37.534668, 126.993598 37.534671, 126.993609 37.534674, 126.993619 37.534677, 126.99363 37.534678, 126.993641 37.534678, 126.993652 37.534678, 126.993663 37.534677, 126.993674 37.534674, 126.993685 37.534671, 126.993695 37.534668, 126.993704 37.534663, 126.993713 37.534658, 126.993721 37.534652, 126.993729 37.534645, 126.993735 37.534638, 126.993741 37.534631, 126.993746 37.534623, 126.99375 37.534614, 126.993752 37.534606, 126.993754 37.534597, 126.993755 37.534588))"
지하철역,점10m,"POLYGON ((126.994422 37.534633, 126.994422 37.534624, 126.99442 37.534616, 126.994417 37.534607, 126.994414 37.534599, 126.994409 37.534591, 126.994403 37.534583, 126.994396 37.534576, 126.994389 37.53457, 126.994381 37.534564, 126.994372 37.534558, 126.994362 37.534554, 126.994352 37.53455, 126.994342 37.534547, 126.994331 37.534545, 126.99432 37.534544, 126.994309 37.534543, 126.994298 37.534544, 126.994287 37.534545, 126.994276 37.534547, 126.994266 37.53455, 126.994256 37.534554, 126.994246 37.534558, 126.994237 37.534564, 126.994229 37.53457, 126.994222 37.534576, 126.994215 37.534583, 126.994209 37.534591, 126.994204 37.534599, 126.994201 37.534607, 126.994198 37.534616, 126.994196 37.534624, 126.994196 37.534633, 126.994196 37.534642, 126.994198 37.534651, 126.994201 37.534659, 126.994204 37.534668, 126.994209 37.534676, 126.994215 37.534683, 126.994222 37.53469, 126.994229 37.534697, 126.994237 37.534703, 126.994246 37.534708, 126.994256 37.534713, 126.994266 37.534717, 126.994276 37.53472, 126.994287 37.534722, 126.994298 37.534723, 126.994309 37.534723, 126.99432 37.534723, 126.994331 37.534722, 126.994342 37.53472, 126.994352 37.534717, 126.994362 37.534713, 126.994372 37.534708, 126.994381 37.534703, 126.994389 37.534697, 126.994396 37.53469, 126.994403 37.534683, 126.994409 37.534676, 126.994414 37.534668, 126.994417 37.534659, 126.99442 37.534651, 126.994422 37.534642, 126.994422 37.534633))"
지하철역,점10m,"POLYGON ((126.994445 37.534417, 126.994444 37.534408, 126.994443 37.5344, 126.99444 37.534391, 126.994436 37.534383, 126.994431 37.534375, 126.994426 37.534367, 126.994419 37.53436, 126.994412 37.534353, 126.994403 37.534347, 126.994394 37.534342, 126.994385 37.534338, 126.994375 37.534334, 126.994364 37.534331, 126.994354 37.534329, 126.994343 37.534327, 126.994332 37.534327, 126.994321 37.534327, 126.99431 37.534329, 126.994299 37.534331, 126.994288 37.534334, 126.994278 37.534338, 126.994269 37.534342, 126.99426 37.534347, 126.994252 37.534353, 126.994244 37.53436, 126.994238 37.534367, 126.994232 37.534375, 126.994227 37.534383, 126.994223 37.534391, 126.994221 37.534399, 126.994219 37.534408, 126.994218 37.534417, 126.994219 37.534426, 126.994221 37.534435, 126.994223 37.534443, 126.994227 37.534452, 126.994232 37.53446, 126.994238 37.534467, 126.994244 37.534474, 126.994252 37.534481, 126.99426 37.534487, 126.994269 37.534492, 126.994278 37.534497, 126.994288 37.5345, 126.994299 37.534503, 126.99431 37.534505, 126.994321 37.534507, 126.994332 37.534507, 126.994343 37.534507, 126.994354 37.534505, 126.994364 37.534503, 126.994375 37.5345, 126.994385 37.534497, 126.994394 37.534492, 126.994403 37.534487, 126.994412 37.534481, 126.994419 37.534474, 126.994426 37.534467, 126.994431 37.53446, 126.994436 37.534452, 126.99444 37.534443, 126.994443 37.534435, 126.994444 37.534426, 126.994445 37.534417))"
지하철역,점10m,"POLYGON ((126.993777 37.534372, 126.993777 37.534363, 126.993775 37.534354, 126.993772 37.534346, 126.993769 37.534338, 126.993764 37.53433, 126.993758 37.534322, 126.993752 37.534315, 126.993744 37.534308, 126.993736 37.534302, 126.993727 37.534297, 126.993717 37.534293, 126.993707 37.534289, 126.993697 37.534286, 126.993686 37.534284, 126.993675 37.534282, 126.993664 37.534282, 126.993653 37.534282, 126.993642 37.534284, 126.993631 37.534286, 126.993621 37.534289, 126.993611 37.534293, 126.993601 37.534297, 126.993592 37.534302, 126.993584 37.534308, 126.993577 37.534315, 126.99357 37.534322, 126.993564 37.53433, 126.99356 37.534338, 126.993556 37.534346, 126.993553 37.534354, 126.993552 37.534363, 126.993551 37.534372, 126.993552 37.534381, 126.993553 37.53439, 126.993556 37.534398, 126.99356 37.534406, 126.993564 37.534414, 126.99357 37.534422, 126.993577 37.534429, 126.993584 37.534436, 126.993592 37.534442, 126.993601 37.534447, 126.993611 37.534451, 126.993621 37.534455, 126.993631 37.534458, 126.993642 37.53446, 126.993653 37.534462, 126.993664 37.534462, 126.993675 37.534462, 126.993686 37.53446, 126.993697 37.534458, 126.993707 37.534455, 126.993717 37.534451, 126.993727 37.534447, 126.993736 37.534442, 126.993744 37.534436, 126.993752 37.534429, 126.993758 37.534422, 126.993764 37.534414, 126.993769 37.534406, 126.993772 37.534398, 126.993775 37.53439, 126.993777 37.534381, 126.993777 37.534372))"
지하철역,점10m,"POLYGON ((127.001743 37.540202, 127.001742 37.540193, 127.00174 37.540184, 127.001738 37.540175, 127.001734 37.540167, 127.001729 37.540159, 127.001723 37.540152, 127.001717 37.540144, 127.001709 37.540138, 127.001701 37.540132, 127.001692 37.540127, 127.001683 37.540122, 127.001673 37.540118, 127.001662 37.540115, 127.001651 37.540113, 127.00164 37.540112, 127.001629 37.540112, 127.001618 37.540112, 127.001607 37.540113, 127.001597 37.540115, 127.001586 37.540118, 127.001576 37.540122, 127.001567 37.540127, 127.001558 37.540132, 127.001549 37.540138, 127.001542 37.540144, 127.001535 37.540152, 127.00153 37.540159, 127.001525 37.540167, 127.001521 37.540175, 127.001518 37.540184, 127.001517 37.540193, 127.001516 37.540202, 127.001517 37.54021, 127.001518 37.540219, 127.001521 37.540228, 127.001525 37.540236, 127.00153 37.540244, 127.001535 37.540252, 127.001542 37.540259, 127.001549 37.540265, 127.001558 37.540271, 127.001567 37.540277, 127.001576 37.540281, 127.001586 37.540285, 127.001597 37.540288, 127.001607 37.54029, 127.001618 37.540291, 127.001629 37.540292, 127.00164 37.540291, 127.001651 37.54029, 127.001662 37.540288, 127.001673 37.540285, 127.001683 37.540281, 127.001692 37.540277, 127.001701 37.540271, 127.001709 37.540265, 127.001717 37.540259, 127.001723 37.540252, 127.001729 37.540244, 127.001734 37.540236, 127.001738 37.540228, 127.00174 37.540219, 127.001742 37.54021, 127.001743 37.540202))"
지하철역,점10m,"POLYGON ((127.002082 37.540526, 127.002081 37.540517, 127.00208 37.540508, 127.002077 37.5405, 127.002073 37.540492, 127.002069 37.540484, 127.002063 37.540476, 127.002056 37.540469, 127.002049 37.540462, 127.002041 37.540456, 127.002032 37.540451, 127.002022 37.540447, 127.002012 37.540443, 127.002002 37.54044, 127.001991 37.540438, 127.00198 37.540436, 127.001969 37.540436, 127.001958 37.540436, 127.001947 37.540438, 127.001936 37.54044, 127.001925 37.540443, 127.001915 37.540447, 127.001906 37.540451, 127.001897 37.540456, 127.001889 37.540462, 127.001881 37.540469, 127.001875 37.540476, 127.001869 37.540484, 127.001864 37.540492, 127.001861 37.5405, 127.001858 37.540508, 127.001856 37.540517, 127.001856 37.540526, 127.001856 37.540535, 127.001858 37.540544, 127.001861 37.540552, 127.001864 37.54056, 127.001869 37.540568, 127.001875 37.540576, 127.001881 37.540583, 127.001889 37.54059, 127.001897 37.540596, 127.001906 37.540601, 127.001915 37.540605, 127.001926 37.540609, 127.001936 37.540612, 127.001947 37.540614, 127.001958 37.540616, 127.001969 37.540616, 127.00198 37.540616, 127.001991 37.540614, 127.002002 37.540612, 127.002012 37.540609, 127.002022 37.540605, 127.002032 37.540601, 127.002041 37.540596, 127.002049 37.54059, 127.002056 37.540583, 127.002063 37.540576, 127.002069 37.540568, 127.002073 37.54056, 127.002077 37.540552, 127.00208 37.540544, 127.002081 37.540535, 127.002082 37.540526))"
지하철역,점10m,"POLYGON ((127.002059 37.540175, 127.002059 37.540166, 127.002057 37.540157, 127.002054 37.540148, 127.002051 37.54014, 127.002046 37.540132, 127.00204 37.540125, 127.002034 37.540117, 127.002026 37.540111, 127.002018 37.540105, 127.002009 37.5401, 127.002 37.540095, 127.001989 37.540091, 127.001979 37.540088, 127.001968 37.540086, 127.001957 37.540085, 127.001946 37.540085, 127.001935 37.540085, 127.001924 37.540086, 127.001913 37.540088, 127.001903 37.540091, 127.001893 37.540095, 127.001883 37.5401, 127.001874 37.540105, 127.001866 37.540111, 127.001859 37.540117, 127.001852 37.540125, 127.001846 37.540132, 127.001842 37.54014, 127.001838 37.540148, 127.001835 37.540157, 127.001834 37.540166, 127.001833 37.540175, 127.001834 37.540183, 127.001835 37.540192, 127.001838 37.540201, 127.001842 37.540209, 127.001846 37.540217, 127.001852 37.540225, 127.001859 37.540232, 127.001866 37.540238, 127.001874 37.540244, 127.001883 37.54025, 127.001893 37.540254, 127.001903 37.540258, 127.001913 37.540261, 127.001924 37.540263, 127.001935 37.540264, 127.001946 37.540265, 127.001957 37.540264, 127.001968 37.540263, 127.001979 37.540261, 127.00199 37.540258, 127.002 37.540254, 127.002009 37.54025, 127.002018 37.540244, 127.002026 37.540238, 127.002034 37.540232, 127.00204 37.540225, 127.002046 37.540217, 127.002051 37.540209, 127.002054 37.540201, 127.002057 37.540192, 127.002059 37.540183, 127.002059 37.540175))"
지하철역,점10m,"POLYGON ((126.993777 37.534372, 126.993777 37.534363, 126.993775 37.534354, 126.993772 37.534346, 126.993769 37.534338, 126.993764 37.53433, 126.993758 37.534322, 126.993752 37.534315, 126.993744 37.534308, 126.993736 37.534302, 126.993727 37.534297, 126.993717 37.534293, 126.993707 37.534289, 126.993697 37.534286, 126.993686 37.534284, 126.993675 37.534282, 126.993664 37.534282, 126.993653 37.534282, 126.993642 37.534284, 126.993631 37.534286, 126.993621 37.534289, 126.993611 37.534293, 126.993601 37.534297, 126.993592 37.534302, 126.993584 37.534308, 126.993577 37.534315, 126.99357 37.534322, 126.993564 37.53433, 126.99356 37.534338, 126.993556 37.534346, 126.993553 37.534354, 126.993552 37.534363, 126.993551 37.534372, 126.993552 37.534381, 126.993553 37.53439, 126.993556 37.534398, 126.99356 37.534406, 126.993564 37.534414, 126.99357 37.534422, 126.993577 37.534429, 126.993584 37.534436, 126.993592 37.534442, 126.993601 37.534447, 126.993611 37.534451, 126.993621 37.534455, 126.993631 37.534458, 126.993642 37.53446, 126.993653 37.534462, 126.993664 37.534462, 126.993675 37.534462, 126.993686 37.53446, 126.993697 37.534458, 126.993707 37.534455, 126.993717 37.534451, 126.993727 37.534447, 126.993736 37.534442, 126.993744 37.534436, 126.993752 37.534429, 126.993758 37.534422, 126.993764 37.534414, 126.993769 37.534406, 126.993772 37.534398, 126.993775 37.53439, 126.993777 37.534381, 126.993777 37.534372))"
