번호,재산종류,재산구분,소재지(지번),소재지(도로명),지목(공부),대장면적(단위:㎡)
1,건물,행정재산,서울특별시 용산구 갈월동 98-8,서울특별시 용산구 한강대로71길 37 (갈월동),,"6,660.06"
2,토지,행정재산,서울특별시 용산구 용문동 5-100,,대,72.70
3,토지,행정재산,서울특별시 용산구 용문동 5-106,,대,27.10
4,토지,행정재산,서울특별시 용산구 용문동 5-110,,대,28.10
5,토지,행정재산,서울특별시 용산구 용문동 5-129,,대,53.30
6,토지,행정재산,서울특별시 용산구 용문동 5-56,,대,115.70
7,토지,행정재산,서울특별시 용산구 용문동 5-57,,대,99.20
8,토지,행정재산,서울특별시 용산구 용문동 5-58,,대,142.10
9,토지,행정재산,서울특별시 용산구 용문동 5-98,,대,50.60
10,토지,행정재산,서울특별시 용산구 도원동 9-126,,대,11.20
11,토지,행정재산,서울특별시 용산구 도원동 9-304,,대,34.50
12,토지,행정재산,서울특별시 용산구 용문동 5-102,,대,77.70
13,토지,행정재산,서울특별시 용산구 용문동 5-105,,대,27.10
14,토지,행정재산,서울특별시 용산구 용문동 5-107,,대,58.20
15,토지,행정재산,서울특별시 용산구 용문동 5-108,,대,27.10
16,토지,행정재산,서울특별시 용산구 용문동 5-109,,대,27.10
17,토지,행정재산,서울특별시 용산구 용문동 5-111,,대,28.10
18,토지,행정재산,서울특별시 용산구 용문동 5-112,,대,100.50
19,토지,행정재산,서울특별시 용산구 용문동 5-46,,대,148.80
20,토지,행정재산,서울특별시 용산구 용문동 5-47,,대,52.90
21,토지,행정재산,서울특별시 용산구 용문동 5-48,,대,69.40
22,토지,행정재산,서울특별시 용산구 용문동 5-49,,대,59.50
23,토지,행정재산,서울특별시 용산구 용문동 5-50,,대,62.80
24,토지,행정재산,서울특별시 용산구 용문동 5-51,,대,76.00
25,토지,행정재산,서울특별시 용산구 용문동 5-52,,대,41.30
26,토지,행정재산,서울특별시 용산구 용문동 5-53,,대,76.70
27,토지,행정재산,서울특별시 용산구 용문동 5-54,,대,99.20
28,토지,행정재산,서울특별시 용산구 용문동 5-55,,대,92.60
29,토지,행정재산,서울특별시 용산구 용문동 5-60,,대,43.00
30,토지,행정재산,서울특별시 용산구 용문동 5-61,,대,56.70
31,토지,행정재산,서울특별시 용산구 용문동 5-99,,대,112.40
32,토지,행정재산,서울특별시 용산구 원효로2가 1-55,,대,63.10
33,토지,행정재산,서울특별시 용산구 원효로2가 1-56,,대,47.90
34,토지,행정재산,서울특별시 용산구 원효로2가 1-57,,대,56.20
35,토지,행정재산,서울특별시 용산구 원효로2가 1-58,,대,49.60
36,토지,행정재산,서울특별시 용산구 원효로2가 1-59,,대,46.30
37,토지,행정재산,서울특별시 용산구 원효로2가 7-16,,대,5.80
38,건물,행정재산,서울특별시 용산구 갈월동 98-8,서울특별시 용산구 한강대로71길 37 (갈월동),,"2,975.26"
39,토지,행정재산,서울특별시 용산구 갈월동 7-163,,대,13.60
40,토지,일반재산,서울특별시 용산구 서계동 33-66,,대,26.80
41,토지,행정재산,서울특별시 용산구 서계동 33-68,,대,13.20
42,토지,행정재산,서울특별시 용산구 서계동 33-69,,도로,26.40
43,토지,행정재산,서울특별시 용산구 서계동 33-72,,대,6.60
44,토지,행정재산,서울특별시 용산구 서계동 33-77,,도로,115.70
45,토지,행정재산,서울특별시 용산구 서계동 33-79,,도로,13.20
46,토지,행정재산,서울특별시 용산구 서계동 33-97,,도로,26.10
47,토지,일반재산,서울특별시 용산구 서계동 33-135,,대,9.90
48,토지,일반재산,서울특별시 용산구 서계동 33-136,,도로,6.60
49,토지,일반재산,서울특별시 용산구 서계동 33-137,,대,43.00
50,토지,행정재산,서울특별시 용산구 서계동 33-163,,도로,14.80
51,토지,일반재산,서울특별시 용산구 서계동 33-176,,도로,416.50
52,토지,일반재산,서울특별시 용산구 서계동 33-180,,도로,16.50
53,토지,일반재산,서울특별시 용산구 서계동 33-191,,대,13.80
54,토지,일반재산,서울특별시 용산구 서계동 33-65,,대,19.80
55,토지,행정재산,서울특별시 용산구 서계동 33-60,,대,23.10
56,토지,일반재산,서울특별시 용산구 서계동 32-3,,도로,1.60
57,토지,일반재산,서울특별시 용산구 서계동 24-1,,대,11.20
58,토지,일반재산,서울특별시 용산구 서계동 22-7,,도로,16.50
59,토지,행정재산,서울특별시 용산구 서계동 15-2,,도로,3.30
60,토지,행정재산,서울특별시 용산구 서계동 14-2,,도로,6.60
61,토지,행정재산,서울특별시 용산구 서계동 12-2,,도로,9.90
62,토지,행정재산,서울특별시 용산구 서계동 10-6,,대,9.90
63,토지,행정재산,서울특별시 용산구 서계동 9-5,,대,13.20
64,토지,행정재산,서울특별시 용산구 동자동 44-4,,도로,49.60
65,토지,행정재산,서울특별시 용산구 동자동 44-3,,도로,"1,035.40"
66,토지,행정재산,서울특별시 용산구 동자동 43-216,,도로,105.60
67,토지,행정재산,서울특별시 용산구 동자동 43-215,,도로,7.00
68,토지,행정재산,서울특별시 용산구 동자동 43-213,,도로,"1,014.60"
69,토지,행정재산,서울특별시 용산구 동자동 43-212,,도로,"2,924.50"
70,토지,행정재산,서울특별시 용산구 동자동 43-211,,도로,"3,760.90"
71,토지,행정재산,서울특별시 용산구 서계동 33-200,,도로,33.00
72,토지,일반재산,서울특별시 용산구 서계동 33-214,,대,11.60
73,토지,일반재산,서울특별시 용산구 서계동 33-215,,대,3.30
74,토지,행정재산,서울특별시 용산구 서계동 50-1,,도로,178.80
75,토지,일반재산,서울특별시 용산구 서계동 54-1,,대,6.00
76,토지,행정재산,서울특별시 용산구 서계동 54-4,,대,92.80
77,토지,행정재산,서울특별시 용산구 서계동 54-7,,대,43.60
78,토지,일반재산,서울특별시 용산구 서계동 55-2,,대,42.00
79,토지,행정재산,서울특별시 용산구 서계동 66-1,,도로,547.30
80,토지,행정재산,서울특별시 용산구 서계동 67-1,,하천,26.40
81,토지,행정재산,서울특별시 용산구 서계동 76-2,,하천,458.50
82,토지,행정재산,서울특별시 용산구 서계동 76-3,,도로,1.30
83,토지,행정재산,서울특별시 용산구 서계동 77-2,,하천,296.80
84,토지,행정재산,서울특별시 용산구 서계동 78-2,,도로,652.60
85,토지,일반재산,서울특별시 용산구 서계동 95-5,,대,3.00
86,토지,일반재산,서울특별시 용산구 서계동 95-8,,대,101.20
87,토지,일반재산,서울특별시 용산구 서계동 95-26,,대,7.60
88,토지,행정재산,서울특별시 용산구 서계동 95-27,,도로,8.30
89,토지,행정재산,서울특별시 용산구 서계동 48-1,,도로,10.20
90,토지,행정재산,서울특별시 용산구 서계동 47-6,,도로,36.40
91,토지,일반재산,서울특별시 용산구 서계동 47-5,,대,6.60
92,토지,일반재산,서울특별시 용산구 서계동 33-241,,대,31.70
93,토지,일반재산,서울특별시 용산구 서계동 33-247,,대,23.10
94,토지,일반재산,서울특별시 용산구 서계동 33-261,,대,6.60
95,토지,일반재산,서울특별시 용산구 서계동 33-262,,대,40.40
96,토지,일반재산,서울특별시 용산구 서계동 33-266,,대,10.90
97,토지,일반재산,서울특별시 용산구 서계동 33-270,,대,13.60
98,토지,일반재산,서울특별시 용산구 서계동 33-293,,대,40.30
99,토지,행정재산,서울특별시 용산구 서계동 33-315,,도로,0.30
100,토지,일반재산,서울특별시 용산구 서계동 33-333,,도로,39.70
101,토지,행정재산,서울특별시 용산구 서계동 33-343,,도로,1.70
102,토지,일반재산,서울특별시 용산구 서계동 33-354,,대,12.60
103,토지,일반재산,서울특별시 용산구 서계동 45-1,,도로,76.40
104,토지,일반재산,서울특별시 용산구 서계동 45-4,,대,5.60
105,토지,일반재산,서울특별시 용산구 서계동 45-17,,대,2.90
106,토지,행정재산,서울특별시 용산구 서계동 47-4,,도로,62.80
107,토지,행정재산,서울특별시 용산구 동자동 43-210,,도로,358.00
108,토지,행정재산,서울특별시 용산구 동자동 43-208,,도로,7.90
109,토지,행정재산,서울특별시 용산구 동자동 14-198,,도로,49.60
110,토지,행정재산,서울특별시 용산구 동자동 14-199,,도로,52.90
111,토지,행정재산,서울특별시 용산구 동자동 14-200,,도로,"1,138.30"
112,토지,행정재산,서울특별시 용산구 동자동 14-229,,도로,118.30
113,토지,일반재산,서울특별시 용산구 동자동 19-39,,도로,83.00
114,토지,일반재산,서울특별시 용산구 동자동 19-66,,대,1.70
115,토지,행정재산,서울특별시 용산구 동자동 19-72,,대,0.30
116,토지,행정재산,서울특별시 용산구 동자동 19-104,,도로,6.90
117,토지,일반재산,서울특별시 용산구 동자동 19-108,,대,66.10
118,토지,일반재산,서울특별시 용산구 동자동 19-109,,대,12.90
119,토지,일반재산,서울특별시 용산구 동자동 19-110,,대,185.10
120,토지,일반재산,서울특별시 용산구 동자동 19-118,,대,166.10
121,토지,일반재산,서울특별시 용산구 동자동 19-122,,대,4.40
122,토지,일반재산,서울특별시 용산구 동자동 19-123,,대,6.50
123,토지,일반재산,서울특별시 용산구 동자동 21-8,,대,11.60
124,토지,행정재산,서울특별시 용산구 동자동 14-170,,도로,77.00
125,토지,행정재산,서울특별시 용산구 동자동 14-168,,도로,17.50
126,토지,행정재산,서울특별시 용산구 동자동 14-166,,도로,72.70
127,토지,행정재산,서울특별시 용산구 동자동 14-40,,도로,12.20
128,토지,행정재산,서울특별시 용산구 동자동 14-41,,도로,9.20
129,토지,행정재산,서울특별시 용산구 동자동 14-43,,도로,5.30
130,토지,행정재산,서울특별시 용산구 동자동 14-53,,도로,139.20
131,토지,행정재산,서울특별시 용산구 동자동 14-67,,도로,369.00
132,토지,행정재산,서울특별시 용산구 동자동 14-83,,도로,66.10
133,토지,행정재산,서울특별시 용산구 동자동 14-87,,도로,"1,153.10"
134,토지,행정재산,서울특별시 용산구 동자동 14-106,,도로,7.30
135,토지,행정재산,서울특별시 용산구 동자동 14-111,,도로,6.30
136,토지,일반재산,서울특별시 용산구 동자동 14-130,,대,88.30
137,토지,행정재산,서울특별시 용산구 동자동 14-133,,도로,121.30
138,토지,행정재산,서울특별시 용산구 동자동 14-143,,도로,146.10
139,토지,행정재산,서울특별시 용산구 동자동 14-146,,도로,"1,848.30"
140,토지,행정재산,서울특별시 용산구 동자동 14-147,,도로,19.80
141,토지,행정재산,서울특별시 용산구 동자동 14-161,,도로,29.40
142,토지,일반재산,서울특별시 용산구 동자동 21-9,,대,0.30
143,토지,일반재산,서울특별시 용산구 동자동 22-46,,대,4.30
144,토지,일반재산,서울특별시 용산구 동자동 22-52,,대,58.50
145,토지,일반재산,서울특별시 용산구 동자동 24-49,,대,7.80
146,토지,행정재산,서울특별시 용산구 동자동 30-7,,도로,9.90
147,토지,일반재산,서울특별시 용산구 동자동 35-63,,대,1.00
148,토지,일반재산,서울특별시 용산구 동자동 35-68,,도로,3.30
149,토지,일반재산,서울특별시 용산구 동자동 35-121,,대,5.60
150,토지,일반재산,서울특별시 용산구 동자동 35-130,,도로,220.70
151,토지,일반재산,서울특별시 용산구 동자동 35-172,,대,6.90
152,토지,일반재산,서울특별시 용산구 동자동 35-173,,대,4.60
153,토지,일반재산,서울특별시 용산구 동자동 35-174,,대,4.10
154,토지,일반재산,서울특별시 용산구 동자동 35-187,,대,3.00
155,토지,일반재산,서울특별시 용산구 동자동 38-14,,대,4.10
156,토지,행정재산,서울특별시 용산구 동자동 43-5,,도로,849.60
157,토지,행정재산,서울특별시 용산구 동자동 43-7,,도로,2.30
158,토지,행정재산,서울특별시 용산구 동자동 43-204,,도로,0.70
159,토지,행정재산,서울특별시 용산구 동자동 43-207,,도로,"6,806.60"
160,토지,일반재산,서울특별시 용산구 동자동 24-47,,대,3.00
161,토지,일반재산,서울특별시 용산구 동자동 24-42,,대,10.10
162,토지,일반재산,서울특별시 용산구 동자동 24-40,,대,3.60
163,토지,일반재산,서울특별시 용산구 동자동 22-58,,대,3.30
164,토지,행정재산,서울특별시 용산구 동자동 22-59,,대,0.30
165,토지,일반재산,서울특별시 용산구 동자동 22-75,,대,50.00
166,토지,일반재산,서울특별시 용산구 동자동 23-1,,대,92.60
167,토지,행정재산,서울특별시 용산구 동자동 23-9,,도로,52.60
168,토지,일반재산,서울특별시 용산구 동자동 23-21,,대,6.30
169,토지,행정재산,서울특별시 용산구 동자동 23-25,,도로,45.80
170,토지,일반재산,서울특별시 용산구 동자동 23-26,,대,0.70
171,토지,일반재산,서울특별시 용산구 동자동 23-33,,대,29.00
172,토지,행정재산,서울특별시 용산구 동자동 23-34,,도로,2.50
173,토지,일반재산,서울특별시 용산구 동자동 23-37,,대,9.00
174,토지,일반재산,서울특별시 용산구 동자동 24-4,,대,73.40
175,토지,일반재산,서울특별시 용산구 동자동 24-32,,대,38.70
176,토지,일반재산,서울특별시 용산구 동자동 24-34,,대,62.10
177,토지,일반재산,서울특별시 용산구 동자동 24-37,,대,4.80
178,토지,행정재산,서울특별시 용산구 서계동 99-5,,도로,266.10
179,토지,일반재산,서울특별시 용산구 서계동 99-21,,대,7.60
180,토지,행정재산,서울특별시 용산구 서계동 100-33,,도로,22.30
181,토지,일반재산,서울특별시 용산구 서계동 235-10,,대,23.10
182,토지,행정재산,서울특별시 용산구 서계동 235-11,,도로,29.80
183,토지,행정재산,서울특별시 용산구 서계동 236-23,,대,6.70
184,토지,일반재산,서울특별시 용산구 서계동 236-40,,대,1.00
185,토지,행정재산,서울특별시 용산구 서계동 236-41,,대,0.60
186,토지,행정재산,서울특별시 용산구 서계동 236-47,,대,7.50
187,토지,일반재산,서울특별시 용산구 서계동 236-49,,대,5.20
188,토지,일반재산,서울특별시 용산구 서계동 236-52,,대,0.90
189,토지,일반재산,서울특별시 용산구 서계동 236-56,,대,22.10
190,토지,일반재산,서울특별시 용산구 서계동 236-57,,도로,5.90
191,토지,행정재산,서울특별시 용산구 서계동 236-58,,도로,0.70
192,토지,행정재산,서울특별시 용산구 서계동 236-59,,도로,28.80
193,토지,일반재산,서울특별시 용산구 서계동 237-2,,대,1.30
194,토지,일반재산,서울특별시 용산구 서계동 237-11,,대,5.60
195,토지,일반재산,서울특별시 용산구 서계동 237-13,,대,15.90
196,토지,행정재산,서울특별시 용산구 서계동 235-4,,도로,13.20
197,토지,행정재산,서울특별시 용산구 서계동 234-50,,대,1.60
198,토지,행정재산,서울특별시 용산구 서계동 234-33,,도로,95.00
199,토지,행정재산,서울특별시 용산구 서계동 230-1,,도로,9.90
200,토지,행정재산,서울특별시 용산구 서계동 230-3,,도로,6.60
201,토지,행정재산,서울특별시 용산구 서계동 230-7,,도로,9.90
202,토지,일반재산,서울특별시 용산구 서계동 232-8,,대,10.20
203,토지,일반재산,서울특별시 용산구 서계동 232-16,,대,5.30
204,토지,행정재산,서울특별시 용산구 서계동 232-18,,도로,1.30
205,토지,행정재산,서울특별시 용산구 서계동 232-19,,도로,2.60
206,토지,행정재산,서울특별시 용산구 서계동 232-22,,도로,6.60
207,토지,행정재산,서울특별시 용산구 서계동 232-23,,도로,8.10
208,토지,일반재산,서울특별시 용산구 서계동 232-24,,대,0.30
209,토지,행정재산,서울특별시 용산구 서계동 232-25,,대,0.30
210,토지,행정재산,서울특별시 용산구 서계동 232-46,,도로,15.00
211,토지,행정재산,서울특별시 용산구 서계동 234-9,,도로,48.60
212,토지,일반재산,서울특별시 용산구 서계동 234-20,,대,2.60
213,토지,일반재산,서울특별시 용산구 서계동 234-24,,대,0.30
214,토지,행정재산,서울특별시 용산구 서계동 237-22,,도로,14.50
215,토지,일반재산,서울특별시 용산구 서계동 237-28,,대,0.70
216,토지,일반재산,서울특별시 용산구 서계동 238-65,,대,5.30
217,토지,일반재산,서울특별시 용산구 서계동 260-12,,대,29.80
218,토지,일반재산,서울특별시 용산구 서계동 260-13,,대,46.50
219,토지,일반재산,서울특별시 용산구 서계동 260-15,,대,4.20
220,토지,일반재산,서울특별시 용산구 서계동 260-19,,대,0.60
221,토지,행정재산,서울특별시 용산구 서계동 260-28,,도로,17.50
222,토지,행정재산,서울특별시 용산구 서계동 260-30,,도로,8.30
223,토지,일반재산,서울특별시 용산구 서계동 260-31,,도로,8.30
224,토지,일반재산,서울특별시 용산구 서계동 260-45,,대,0.40
225,토지,일반재산,서울특별시 용산구 서계동 260-46,,도로,3.70
226,토지,일반재산,서울특별시 용산구 서계동 260-48,,대,0.90
227,토지,일반재산,서울특별시 용산구 서계동 260-49,,도로,0.80
228,토지,일반재산,서울특별시 용산구 서계동 262-4,,대,3.70
229,토지,일반재산,서울특별시 용산구 서계동 262-11,,도로,45.90
230,토지,행정재산,서울특별시 용산구 서계동 265-24,,도로,6.60
231,토지,행정재산,서울특별시 용산구 서계동 265-25,,도로,13.20
232,토지,일반재산,서울특별시 용산구 서계동 259-9,,도로,7.90
233,토지,일반재산,서울특별시 용산구 서계동 259-8,,도로,7.00
234,토지,행정재산,서울특별시 용산구 서계동 259-7,,도로,207.90
235,토지,일반재산,서울특별시 용산구 서계동 238-66,,대,21.20
236,토지,일반재산,서울특별시 용산구 서계동 238-68,,대,11.60
237,토지,행정재산,서울특별시 용산구 서계동 238-70,,대,22.80
238,토지,일반재산,서울특별시 용산구 서계동 239-10,,대,16.20
239,토지,일반재산,서울특별시 용산구 서계동 239-14,,도로,6.60
240,토지,일반재산,서울특별시 용산구 서계동 239-16,,도로,6.60
241,토지,일반재산,서울특별시 용산구 서계동 239-17,,도로,218.80
242,토지,일반재산,서울특별시 용산구 서계동 239-26,,대,1.00
243,토지,일반재산,서울특별시 용산구 서계동 239-32,,대,7.80
244,토지,일반재산,서울특별시 용산구 서계동 242-19,,대,11.50
245,토지,일반재산,서울특별시 용산구 서계동 242-29,,대,3.60
246,토지,행정재산,서울특별시 용산구 서계동 242-30,,대,33.40
247,토지,행정재산,서울특별시 용산구 서계동 246-57,,대,16.50
248,토지,일반재산,서울특별시 용산구 서계동 247-46,,도로,39.70
249,토지,일반재산,서울특별시 용산구 서계동 248-1,,대,46.30
250,토지,행정재산,서울특별시 용산구 서계동 229-13,,도로,6.30
251,토지,행정재산,서울특별시 용산구 서계동 229-1,,도로,6.60
252,토지,행정재산,서울특별시 용산구 서계동 217-20,,도로,22.10
253,토지,행정재산,서울특별시 용산구 서계동 217-60,,도로,9.90
254,토지,일반재산,서울특별시 용산구 서계동 217-61,,도로,2.00
255,토지,행정재산,서울특별시 용산구 서계동 217-63,,도로,13.20
256,토지,행정재산,서울특별시 용산구 서계동 217-67,,도로,16.20
257,토지,일반재산,서울특별시 용산구 서계동 217-69,,도로,207.30
258,토지,행정재산,서울특별시 용산구 서계동 218-1,,도로,607.60
259,토지,일반재산,서울특별시 용산구 서계동 219-35,,도로,1.30
260,토지,행정재산,서울특별시 용산구 서계동 220-21,,하천,747.40
261,토지,행정재산,서울특별시 용산구 서계동 220-22,,도로,770.60
262,토지,일반재산,서울특별시 용산구 서계동 223-30,,철도용지,23.80
263,토지,일반재산,서울특별시 용산구 서계동 223-80,,철도용지,11.60
264,토지,일반재산,서울특별시 용산구 서계동 223-100,,철도용지,13.60
265,토지,일반재산,서울특별시 용산구 서계동 224-14,,철도용지,61.00
266,토지,행정재산,서울특별시 용산구 서계동 224-15,,철도용지,2.00
267,토지,행정재산,서울특별시 용산구 서계동 217-18,,도로,56.50
268,토지,행정재산,서울특별시 용산구 서계동 217-2,,도로,"2,648.90"
269,토지,행정재산,서울특별시 용산구 서계동 217-1,,하천,983.80
270,토지,행정재산,서울특별시 용산구 서계동 100-34,,도로,57.40
271,토지,일반재산,서울특별시 용산구 서계동 102-2,,대,50.60
272,토지,일반재산,서울특별시 용산구 서계동 106-2,,도로,103.20
273,토지,일반재산,서울특별시 용산구 서계동 107-4,,대,1.60
274,토지,행정재산,서울특별시 용산구 서계동 130-1,,도로,453.60
275,토지,행정재산,서울특별시 용산구 서계동 132-1,,하천,78.00
276,토지,행정재산,서울특별시 용산구 서계동 139-1,,하천,231.40
277,토지,행정재산,서울특별시 용산구 서계동 144-2,,하천,453.90
278,토지,행정재산,서울특별시 용산구 서계동 178-2,,하천,"1,791.10"
279,토지,행정재산,서울특별시 용산구 서계동 182-3,,도로,"1,603.60"
280,토지,일반재산,서울특별시 용산구 서계동 194-6,,도로,3.10
281,토지,일반재산,서울특별시 용산구 서계동 212-4,,대,4.00
282,토지,일반재산,서울특별시 용산구 서계동 212-8,,대,31.60
283,토지,일반재산,서울특별시 용산구 서계동 212-11,,대,0.90
284,토지,일반재산,서울특별시 용산구 서계동 212-13,,도로,15.40
285,토지,일반재산,서울특별시 용산구 서계동 224-16,,공원,0.40
286,토지,행정재산,서울특별시 용산구 서계동 224-18,,공원,218.20
287,토지,일반재산,서울특별시 용산구 서계동 224-19,,공원,187.40
288,토지,일반재산,서울특별시 용산구 서계동 228-17,,공원,129.90
289,토지,일반재산,서울특별시 용산구 서계동 228-18,,공원,172.30
290,토지,일반재산,서울특별시 용산구 서계동 228-19,,공원,92.60
291,토지,일반재산,서울특별시 용산구 서계동 228-20,,공원,131.20
292,토지,일반재산,서울특별시 용산구 서계동 228-21,,공원,45.30
293,토지,일반재산,서울특별시 용산구 서계동 228-22,,공원,32.10
294,토지,일반재산,서울특별시 용산구 서계동 228-23,,공원,20.80
295,토지,일반재산,서울특별시 용산구 서계동 228-24,,공원,27.20
296,토지,일반재산,서울특별시 용산구 서계동 228-25,,공원,25.20
297,토지,일반재산,서울특별시 용산구 서계동 228-26,,공원,30.70
298,토지,일반재산,서울특별시 용산구 서계동 228-32,,공원,2.60
299,토지,일반재산,서울특별시 용산구 서계동 228-33,,공원,21.10
300,토지,일반재산,서울특별시 용산구 서계동 228-34,,공원,6.20
301,토지,일반재산,서울특별시 용산구 서계동 228-43,,공원,62.20
302,토지,일반재산,서울특별시 용산구 서계동 228-44,,공원,40.10
303,토지,일반재산,서울특별시 용산구 서계동 228-16,,공원,10.90
304,토지,일반재산,서울특별시 용산구 서계동 228-15,,공원,66.00
305,토지,일반재산,서울특별시 용산구 서계동 228-11,,공원,7.90
306,토지,행정재산,서울특별시 용산구 서계동 224-33,,도로,363.00
307,토지,행정재산,서울특별시 용산구 서계동 224-34,,하천,330.20
308,토지,행정재산,서울특별시 용산구 서계동 224-35,,하천,13.60
309,토지,행정재산,서울특별시 용산구 서계동 224-36,,도로,614.20
310,토지,일반재산,서울특별시 용산구 서계동 224-56,,철도용지,5.10
311,토지,행정재산,서울특별시 용산구 서계동 224-57,,철도용지,6.30
312,토지,일반재산,서울특별시 용산구 서계동 224-58,,공원,39.10
313,토지,행정재산,서울특별시 용산구 서계동 225-1,,도로,201.30
314,토지,일반재산,서울특별시 용산구 서계동 226-3,,공원,"1,142.50"
315,토지,일반재산,서울특별시 용산구 서계동 226-4,,철도용지,194.40
316,토지,행정재산,서울특별시 용산구 서계동 226-5,,도로,63.80
317,토지,일반재산,서울특별시 용산구 서계동 226-20,,철도용지,176.20
318,토지,일반재산,서울특별시 용산구 서계동 227-5,,공원,1.60
319,토지,일반재산,서울특별시 용산구 서계동 227-6,,공원,56.10
320,토지,일반재산,서울특별시 용산구 서계동 227-7,,공원,87.30
321,토지,행정재산,서울특별시 용산구 동자동 14-3,,도로,"1,257.20"
322,토지,일반재산,서울특별시 용산구 동자동 9-15,,대,49.65
323,토지,일반재산,서울특별시 용산구 동자동 7-28,,대,3.00
324,토지,행정재산,서울특별시 용산구 갈월동 65-9,,도로,109.10
325,토지,행정재산,서울특별시 용산구 갈월동 65-6,,대,7.00
326,토지,행정재산,서울특별시 용산구 갈월동 65-3,,도로,16.50
327,토지,일반재산,서울특별시 용산구 갈월동 61,,도로,4.30
328,토지,일반재산,서울특별시 용산구 갈월동 57-11,,대,2.80
329,토지,일반재산,서울특별시 용산구 갈월동 57-10,,도로,0.90
330,토지,일반재산,서울특별시 용산구 갈월동 57-1,,도로,32.10
331,토지,일반재산,서울특별시 용산구 갈월동 55-3,,대,1.60
332,토지,일반재산,서울특별시 용산구 갈월동 53-37,,대,15.60
333,토지,행정재산,서울특별시 용산구 갈월동 53-26,,도로,4.60
334,토지,행정재산,서울특별시 용산구 갈월동 53-25,,도로,74.40
335,토지,일반재산,서울특별시 용산구 갈월동 53-12,,대,9.80
336,토지,행정재산,서울특별시 용산구 갈월동 53-7,,도로,16.30
337,토지,일반재산,서울특별시 용산구 갈월동 52-34,,도로,3.10
338,토지,행정재산,서울특별시 용산구 갈월동 52-30,,도로,9.90
339,토지,일반재산,서울특별시 용산구 갈월동 52-12,,대,30.90
340,토지,행정재산,서울특별시 용산구 갈월동 51-18,,도로,26.80
341,토지,행정재산,서울특별시 용산구 갈월동 51-9,,도로,26.80
342,토지,일반재산,서울특별시 용산구 갈월동 50-15,,대,0.87
343,토지,일반재산,서울특별시 용산구 갈월동 45-15,,대,6.90
344,토지,일반재산,서울특별시 용산구 갈월동 45-14,,대,290.20
345,토지,일반재산,서울특별시 용산구 갈월동 45-13,,대,5.30
346,토지,일반재산,서울특별시 용산구 갈월동 45-9,,대,0.30
347,토지,일반재산,서울특별시 용산구 갈월동 45-6,,대,16.20
348,토지,일반재산,서울특별시 용산구 갈월동 45-2,,대,1.00
349,토지,일반재산,서울특별시 용산구 갈월동 45-1,,대,46.60
350,토지,일반재산,서울특별시 용산구 갈월동 44-28,,대,3.30
351,토지,일반재산,서울특별시 용산구 갈월동 44-18,,대,51.90
352,토지,일반재산,서울특별시 용산구 갈월동 43-3,,대,13.20
353,토지,일반재산,서울특별시 용산구 갈월동 35-4,,대,6.00
354,토지,행정재산,서울특별시 용산구 갈월동 65-10,,도로,46.30
355,토지,행정재산,서울특별시 용산구 갈월동 65-12,,도로,82.60
356,토지,일반재산,서울특별시 용산구 갈월동 98-53,,대,20.80
357,토지,일반재산,서울특별시 용산구 갈월동 93-54,,도로,4.00
358,토지,행정재산,서울특별시 용산구 갈월동 93-49,,도로,463.80
359,토지,일반재산,서울특별시 용산구 갈월동 93-32,,도로,6.90
360,토지,행정재산,서울특별시 용산구 갈월동 93-7,,도로,7.20
361,토지,일반재산,서울특별시 용산구 갈월동 92-51,,도로,0.30
362,토지,행정재산,서울특별시 용산구 갈월동 92-44,,도로,30.10
363,토지,행정재산,서울특별시 용산구 갈월동 92-17,,도로,20.40
364,토지,일반재산,서울특별시 용산구 갈월동 92-11,,대,8.26
365,토지,행정재산,서울특별시 용산구 갈월동 92-5,,도로,115.70
366,토지,행정재산,서울특별시 용산구 갈월동 89-26,,대,11.20
367,토지,행정재산,서울특별시 용산구 갈월동 89-11,,도로,461.50
368,토지,행정재산,서울특별시 용산구 갈월동 87-23,,도로,31.70
369,토지,행정재산,서울특별시 용산구 갈월동 87-20,,도로,13.90
370,토지,일반재산,서울특별시 용산구 갈월동 87-13,,대,49.60
371,토지,일반재산,서울특별시 용산구 갈월동 87-5,,대,1.30
372,토지,행정재산,서울특별시 용산구 갈월동 69-74,,도로,7.30
373,토지,행정재산,서울특별시 용산구 갈월동 69-39,,도로,147.80
374,토지,일반재산,서울특별시 용산구 갈월동 69-36,,도로,82.30
375,토지,행정재산,서울특별시 용산구 갈월동 69-15,,도로,16.50
376,토지,행정재산,서울특별시 용산구 갈월동 65-26,,대,5.50
377,토지,행정재산,서울특별시 용산구 갈월동 65-25,,대,0.10
378,토지,행정재산,서울특별시 용산구 갈월동 65-24,,대,18.50
379,토지,행정재산,서울특별시 용산구 갈월동 65-23,,대,1.30
380,토지,행정재산,서울특별시 용산구 갈월동 65-21,,도로,3.60
381,토지,일반재산,서울특별시 용산구 갈월동 65-20,,도로,57.80
382,토지,행정재산,서울특별시 용산구 갈월동 65-18,,대,50.10
383,토지,행정재산,서울특별시 용산구 갈월동 65-15,,도로,6.60
384,토지,행정재산,서울특별시 용산구 갈월동 65-14,,도로,16.50
385,토지,행정재산,서울특별시 용산구 갈월동 65-13,,도로,6.60
386,토지,일반재산,서울특별시 용산구 갈월동 34-37,,도로,14.30
387,토지,일반재산,서울특별시 용산구 갈월동 34-32,,도로,7.40
388,토지,일반재산,서울특별시 용산구 갈월동 14-54,,대,17.60
389,토지,행정재산,서울특별시 용산구 갈월동 14-43,,도로,257.20
390,토지,행정재산,서울특별시 용산구 갈월동 14-34,,도로,289.60
391,토지,일반재산,서울특별시 용산구 갈월동 14-21,,대,0.77
392,토지,일반재산,서울특별시 용산구 갈월동 14-16,,대,1.13
393,토지,일반재산,서울특별시 용산구 갈월동 14-3,,대,31.70
394,토지,일반재산,서울특별시 용산구 갈월동 13-6,,대,0.30
395,토지,일반재산,서울특별시 용산구 갈월동 13-5,,대,0.70
396,토지,행정재산,서울특별시 용산구 갈월동 12-4,,도로,5.30
397,토지,행정재산,서울특별시 용산구 갈월동 11-58,,도로,424.50
398,토지,일반재산,서울특별시 용산구 갈월동 11-57,,도로,1.90
399,토지,일반재산,서울특별시 용산구 갈월동 11-43,,대,0.40
400,토지,일반재산,서울특별시 용산구 갈월동 11-31,,대,1.30
401,토지,일반재산,서울특별시 용산구 갈월동 11-26,,대,14.20
402,토지,행정재산,서울특별시 용산구 갈월동 11-19,,도로,8.30
403,토지,일반재산,서울특별시 용산구 갈월동 11-4,,대,11.90
404,토지,행정재산,서울특별시 용산구 갈월동 8-72,,도로,25.10
405,토지,행정재산,서울특별시 용산구 갈월동 8-21,,도로,125.60
406,토지,행정재산,서울특별시 용산구 갈월동 8-18,,도로,90.80
407,토지,행정재산,서울특별시 용산구 갈월동 8-17,,도로,66.10
408,토지,행정재산,서울특별시 용산구 갈월동 8-15,,도로,125.80
409,토지,행정재산,서울특별시 용산구 갈월동 8-11,,도로,909.00
410,토지,일반재산,서울특별시 용산구 갈월동 8-10,,대,2.00
411,토지,일반재산,서울특별시 용산구 갈월동 8-9,,대,5.00
412,토지,일반재산,서울특별시 용산구 갈월동 8-8,,대,3.60
413,토지,일반재산,서울특별시 용산구 갈월동 8-7,,대,4.60
414,토지,일반재산,서울특별시 용산구 갈월동 8-6,,대,3.30
415,토지,행정재산,서울특별시 용산구 갈월동 8-5,,대,0.70
416,토지,일반재산,서울특별시 용산구 갈월동 7-214,,대,7.20
417,토지,일반재산,서울특별시 용산구 갈월동 7-192,,도로,2.00
418,토지,일반재산,서울특별시 용산구 갈월동 14-55,,대,4.05
419,토지,행정재산,서울특별시 용산구 갈월동 14-61,,도로,55.20
420,토지,일반재산,서울특별시 용산구 갈월동 34-31,,대,1.50
421,토지,일반재산,서울특별시 용산구 갈월동 34-25,,도로,0.70
422,토지,일반재산,서울특별시 용산구 갈월동 34-23,,대,2.60
423,토지,일반재산,서울특별시 용산구 갈월동 34-22,,대,5.90
424,토지,일반재산,서울특별시 용산구 갈월동 34-21,,대,1.30
425,토지,행정재산,서울특별시 용산구 갈월동 34-18,,대,6.30
426,토지,일반재산,서울특별시 용산구 갈월동 34-12,,대,0.30
427,토지,행정재산,서울특별시 용산구 갈월동 34-4,,도로,326.90
428,토지,행정재산,서울특별시 용산구 갈월동 33-3,,도로,29.80
429,토지,일반재산,서울특별시 용산구 갈월동 31-2,,대,1.20
430,토지,일반재산,서울특별시 용산구 갈월동 29-2,,대,2.44
431,토지,일반재산,서울특별시 용산구 갈월동 29-1,,대,24.83
432,토지,일반재산,서울특별시 용산구 갈월동 28-14,,도로,17.50
433,토지,일반재산,서울특별시 용산구 갈월동 28-5,,대,3.30
434,토지,행정재산,서울특별시 용산구 갈월동 27-1,,도로,7.60
435,토지,일반재산,서울특별시 용산구 갈월동 26-4,,대,0.70
436,토지,일반재산,서울특별시 용산구 갈월동 25-3,,대,22.80
437,토지,일반재산,서울특별시 용산구 갈월동 24-7,,도로,1.60
438,토지,일반재산,서울특별시 용산구 갈월동 24-2,,도로,1.00
439,토지,행정재산,서울특별시 용산구 갈월동 24-1,,대,4.10
440,토지,일반재산,서울특별시 용산구 갈월동 14-117,,대,1.70
441,토지,일반재산,서울특별시 용산구 갈월동 14-115,,도로,57.60
442,토지,행정재산,서울특별시 용산구 갈월동 14-110,,도로,1.60
443,토지,행정재산,서울특별시 용산구 갈월동 14-109,,도로,42.00
444,토지,행정재산,서울특별시 용산구 갈월동 14-107,,대,4.40
445,토지,일반재산,서울특별시 용산구 갈월동 14-92,,도로,9.90
446,토지,일반재산,서울특별시 용산구 갈월동 14-88,,도로,122.20
447,토지,행정재산,서울특별시 용산구 갈월동 14-74,,도로,135.50
448,토지,행정재산,서울특별시 용산구 갈월동 14-65,,도로,272.40
449,토지,행정재산,서울특별시 용산구 갈월동 14-63,,대,23.10
450,토지,행정재산,서울특별시 용산구 갈월동 101-7,,도로,757.00
451,토지,행정재산,서울특별시 용산구 서계동 266-1,,대,6.60
452,토지,행정재산,서울특별시 용산구 남영동 16-12,,대,7.90
453,토지,일반재산,서울특별시 용산구 남영동 94-5,,도로,16.50
454,토지,행정재산,서울특별시 용산구 남영동 14-5,,도로,8.60
455,토지,행정재산,서울특별시 용산구 남영동 13-8,,대,4.00
456,토지,행정재산,서울특별시 용산구 남영동 13-4,,도로,9.60
457,토지,행정재산,서울특별시 용산구 남영동 96-1,,도로,13.20
458,토지,행정재산,서울특별시 용산구 남영동 97-4,,대,10.60
459,토지,행정재산,서울특별시 용산구 남영동 98-4,,도로,29.80
460,토지,행정재산,서울특별시 용산구 남영동 100,,도로,16.50
461,토지,행정재산,서울특별시 용산구 남영동 1,,도로,218.20
462,토지,행정재산,서울특별시 용산구 남영동 102-8,,도로,16.50
463,토지,행정재산,서울특별시 용산구 남영동 122-2,,대,16.50
464,토지,행정재산,서울특별시 용산구 남영동 122-11,,대,4.00
465,토지,일반재산,서울특별시 용산구 갈월동 101-60,,대,4.90
466,토지,일반재산,서울특별시 용산구 남영동 132,,대,9.90
467,토지,일반재산,서울특별시 용산구 남영동 133,,대,9.90
468,토지,일반재산,서울특별시 용산구 남영동 134,,대,9.90
469,토지,일반재산,서울특별시 용산구 남영동 135,,대,9.90
470,토지,행정재산,서울특별시 용산구 남영동 92-3,,도로,19.50
471,토지,행정재산,서울특별시 용산구 남영동 84-3,,도로,23.10
472,토지,일반재산,서울특별시 용산구 남영동 80-5,,대,13.20
473,토지,행정재산,서울특별시 용산구 남영동 52-3,,대,19.80
474,토지,일반재산,서울특별시 용산구 남영동 57-6,,대,1.30
475,토지,행정재산,서울특별시 용산구 남영동 58-6,,도로,13.20
476,토지,행정재산,서울특별시 용산구 남영동 47-5,,대,5.60
477,토지,일반재산,서울특별시 용산구 남영동 37-5,,대,3.30
478,토지,일반재산,서울특별시 용산구 남영동 37-3,,대,2.30
479,토지,일반재산,서울특별시 용산구 남영동 37-2,,대,13.20
480,토지,행정재산,서울특별시 용산구 남영동 33-5,,도로,23.10
481,토지,일반재산,서울특별시 용산구 남영동 29-18,,대,8.20
482,토지,일반재산,서울특별시 용산구 남영동 60-4,,대,17.50
483,토지,일반재산,서울특별시 용산구 남영동 61-8,,대,6.60
484,토지,행정재산,서울특별시 용산구 남영동 64-2,,도로,30.10
485,토지,행정재산,서울특별시 용산구 남영동 70-3,,도로,13.20
486,토지,일반재산,서울특별시 용산구 남영동 22,,대,6.60
487,토지,행정재산,서울특별시 용산구 남영동 70-5,,도로,13.20
488,토지,행정재산,서울특별시 용산구 남영동 71-1,,대,6.90
489,토지,일반재산,서울특별시 용산구 남영동 71-7,,대,9.60
490,토지,행정재산,서울특별시 용산구 남영동 78-2,,도로,45.30
491,토지,행정재산,서울특별시 용산구 용산동1가 2-1,,구거,446.30
492,토지,행정재산,서울특별시 용산구 용산동1가 8-3,,도로,519.00
493,토지,행정재산,서울특별시 용산구 남영동 51-4,,도로,18.50
494,토지,행정재산,서울특별시 용산구 동자동 3-18,,대,19.80
495,토지,일반재산,서울특별시 용산구 동자동 1-36,,도로,0.70
496,토지,행정재산,서울특별시 용산구 동자동 1-44,,도로,56.20
497,토지,일반재산,서울특별시 용산구 동자동 1-15,,대,45.60
498,토지,일반재산,서울특별시 용산구 동자동 5-15,,대,132.50
499,토지,일반재산,서울특별시 용산구 동자동 3-22,,대,8.60
500,토지,행정재산,서울특별시 용산구 동자동 1-45,,도로,26.40
501,토지,일반재산,서울특별시 용산구 동자동 7-21,,대,1.30
502,토지,일반재산,서울특별시 용산구 동자동 1-50,,대,0.30
503,토지,행정재산,서울특별시 용산구 동자동 1-13,,도로,673.00
504,토지,일반재산,서울특별시 용산구 동자동 7-23,,대,13.90
505,토지,행정재산,서울특별시 용산구 동자동 1-3,,도로,900.00
506,토지,일반재산,서울특별시 용산구 동자동 7-26,,대,1.30
507,토지,일반재산,서울특별시 용산구 동자동 1-28,,도로,3.30
508,토지,행정재산,서울특별시 용산구 동자동 1-29,,도로,29.80
509,토지,행정재산,서울특별시 용산구 동자동 1-46,,도로,65.80
510,토지,일반재산,서울특별시 용산구 동자동 7-27,,대,8.90
511,토지,일반재산,서울특별시 용산구 동자동 1-16,,대,25.10
512,토지,일반재산,서울특별시 용산구 효창동 10-1,,대,80.50
513,토지,일반재산,서울특별시 용산구 효창동 6-82,,도로,1.80
514,토지,일반재산,서울특별시 용산구 효창동 12-14,,도로,"1,309.00"
515,토지,일반재산,서울특별시 용산구 원효로3가 25-4,,대,56.20
516,토지,일반재산,서울특별시 용산구 효창동 170-4,,도로,4.30
517,토지,행정재산,서울특별시 용산구 효창동 169-15,,도로,13.70
518,토지,행정재산,서울특별시 용산구 효창동 169-4,,도로,58.50
519,토지,행정재산,서울특별시 용산구 효창동 167-6,,도로,6.90
520,토지,행정재산,서울특별시 용산구 효창동 166-3,,도로,8.60
521,토지,일반재산,서울특별시 용산구 효창동 155-3,,도로,23.50
522,토지,일반재산,서울특별시 용산구 효창동 155-2,,대,2.19
523,토지,행정재산,서울특별시 용산구 효창동 152-9,,도로,6.60
524,토지,행정재산,서울특별시 용산구 효창동 152-4,,도로,5.10
525,토지,일반재산,서울특별시 용산구 효창동 142-4,,도로,0.50
526,토지,일반재산,서울특별시 용산구 효창동 142-3,,도로,1.50
527,토지,일반재산,서울특별시 용산구 효창동 126-26,,대,3.60
528,토지,일반재산,서울특별시 용산구 효창동 126-24,,대,14.70
529,토지,행정재산,서울특별시 용산구 효창동 126-17,,학교용지,51.60
530,토지,일반재산,서울특별시 용산구 효창동 126-16,,대,16.50
531,토지,일반재산,서울특별시 용산구 효창동 126-15,,대,59.20
532,토지,일반재산,서울특별시 용산구 효창동 126-10,,대,60.10
533,토지,일반재산,서울특별시 용산구 효창동 126-9,,도로,88.60
534,토지,일반재산,서울특별시 용산구 효창동 126-8,,대,39.20
535,토지,행정재산,서울특별시 용산구 효창동 75-4,,도로,18.80
536,토지,행정재산,서울특별시 용산구 효창동 74-6,,도로,70.40
537,토지,행정재산,서울특별시 용산구 효창동 73-6,,도로,38.90
538,토지,일반재산,서울특별시 용산구 효창동 71-1,,도로,53.90
539,토지,행정재산,서울특별시 용산구 효창동 49-11,,도로,77.70
540,토지,일반재산,서울특별시 용산구 효창동 12-32,,도로,426.00
541,토지,일반재산,서울특별시 용산구 효창동 12-25,,도로,15.60
542,토지,일반재산,서울특별시 용산구 효창동 6-53,,대,9.90
543,토지,일반재산,서울특별시 용산구 효창동 6-4,,도로,26.10
544,토지,일반재산,서울특별시 용산구 효창동 5-789,,도로,113.90
545,토지,일반재산,서울특별시 용산구 효창동 5-424,,도로,16.50
546,토지,일반재산,서울특별시 용산구 효창동 5-419,,철도용지,95.90
547,토지,일반재산,서울특별시 용산구 효창동 5-414,,도로,13.20
548,토지,일반재산,서울특별시 용산구 효창동 5-405,,도로,46.30
549,토지,일반재산,서울특별시 용산구 효창동 5-404,,철도용지,43.00
550,토지,일반재산,서울특별시 용산구 효창동 5-403,,대,17.30
551,토지,일반재산,서울특별시 용산구 효창동 5-402,,도로,28.80
552,토지,일반재산,서울특별시 용산구 효창동 5-399,,도로,5.60
553,토지,일반재산,서울특별시 용산구 효창동 5-389,,대,37.10
554,토지,일반재산,서울특별시 용산구 효창동 5-376,,대,28.40
555,토지,일반재산,서울특별시 용산구 효창동 5-375,,도로,29.10
556,토지,일반재산,서울특별시 용산구 효창동 5-346,,대,7.00
557,토지,일반재산,서울특별시 용산구 효창동 5-337,,대,96.50
558,토지,일반재산,서울특별시 용산구 효창동 5-325,,철도용지,38.70
559,토지,행정재산,서울특별시 용산구 효창동 5-280,,도로,291.20
560,토지,일반재산,서울특별시 용산구 효창동 5-248,,대,2.80
561,토지,일반재산,서울특별시 용산구 효창동 5-225,,철도용지,43.00
562,토지,일반재산,서울특별시 용산구 효창동 5-168,,철도용지,77.40
563,토지,행정재산,서울특별시 용산구 효창동 5-101,,도로,119.00
564,토지,행정재산,서울특별시 용산구 효창동 5-62,,학교용지,948.80
565,토지,일반재산,서울특별시 용산구 효창동 5-59,,철도용지,131.90
566,토지,일반재산,서울특별시 용산구 효창동 5-57,,도로,53.90
567,토지,행정재산,서울특별시 용산구 효창동 5-25,,도로,548.40
568,토지,일반재산,서울특별시 용산구 효창동 3-358,,도로,8.00
569,토지,일반재산,서울특별시 용산구 효창동 3-342,,임야,4.70
570,토지,일반재산,서울특별시 용산구 효창동 3-341,,도로,205.00
571,토지,일반재산,서울특별시 용산구 효창동 3-340,,도로,103.00
572,토지,일반재산,서울특별시 용산구 효창동 3-339,,도로,56.80
573,토지,일반재산,서울특별시 용산구 효창동 5-434,,대,20.80
574,토지,일반재산,서울특별시 용산구 효창동 5-450,,철도용지,12.90
575,토지,일반재산,서울특별시 용산구 효창동 5-466,,도로,51.20
576,토지,일반재산,서울특별시 용산구 효창동 5-786,,도로,43.60
577,토지,일반재산,서울특별시 용산구 효창동 5-779,,대,14.50
578,토지,일반재산,서울특별시 용산구 효창동 5-764,,철도용지,8.40
579,토지,일반재산,서울특별시 용산구 효창동 5-763,,철도용지,14.90
580,토지,일반재산,서울특별시 용산구 효창동 5-760,,대,0.60
581,토지,일반재산,서울특별시 용산구 효창동 5-712,,공원,398.92
582,토지,행정재산,서울특별시 용산구 효창동 5-711,,도로,74.20
583,토지,행정재산,서울특별시 용산구 효창동 5-704,,도로,27.60
584,토지,행정재산,서울특별시 용산구 효창동 5-701,,도로,190.00
585,토지,행정재산,서울특별시 용산구 효창동 5-697,,도로,81.70
586,토지,일반재산,서울특별시 용산구 효창동 5-671,,도로,2.60
587,토지,행정재산,서울특별시 용산구 효창동 5-662,,도로,38.10
588,토지,행정재산,서울특별시 용산구 효창동 5-654,,도로,273.70
589,토지,행정재산,서울특별시 용산구 효창동 5-651,,도로,6.10
590,토지,행정재산,서울특별시 용산구 효창동 5-646,,도로,6.90
591,토지,일반재산,서울특별시 용산구 효창동 5-613,,대,0.50
592,토지,일반재산,서울특별시 용산구 효창동 5-563,,대,2.00
593,토지,일반재산,서울특별시 용산구 효창동 5-559,,도로,12.20
594,토지,일반재산,서울특별시 용산구 효창동 5-535,,도로,1.30
595,토지,일반재산,서울특별시 용산구 효창동 5-524,,대,8.60
596,토지,일반재산,서울특별시 용산구 효창동 5-521,,도로,37.00
597,토지,일반재산,서울특별시 용산구 효창동 5-518,,철도용지,42.00
598,토지,일반재산,서울특별시 용산구 효창동 5-510,,철도용지,2.60
599,토지,일반재산,서울특별시 용산구 효창동 5-509,,철도용지,3.00
600,토지,일반재산,서울특별시 용산구 효창동 5-504,,대,4.20
601,토지,일반재산,서울특별시 용산구 효창동 5-503,,철도용지,91.90
602,토지,일반재산,서울특별시 용산구 효창동 5-480,,도로,0.30
603,토지,일반재산,서울특별시 용산구 효창동 5-467,,도로,6.60
604,토지,행정재산,서울특별시 용산구 효창동 172-7,,도로,16.20
605,토지,행정재산,서울특별시 용산구 효창동 177-2,,도로,3.30
606,토지,일반재산,서울특별시 용산구 용문동 15-20,,대,16.20
607,토지,일반재산,서울특별시 용산구 용문동 15-8,,대,5.60
608,토지,일반재산,서울특별시 용산구 용문동 12-25,,도로,2.60
609,토지,일반재산,서울특별시 용산구 용문동 12-23,,대,4.00
610,토지,행정재산,서울특별시 용산구 용문동 12-18,,도로,62.10
611,토지,일반재산,서울특별시 용산구 용문동 12-17,,대,7.60
612,토지,일반재산,서울특별시 용산구 용문동 8-249,,대,3.00
613,토지,일반재산,서울특별시 용산구 용문동 8-228,,대,3.00
614,토지,일반재산,서울특별시 용산구 용문동 8-202,,대,15.90
615,토지,일반재산,서울특별시 용산구 용문동 8-196,,도로,3.30
616,토지,행정재산,서울특별시 용산구 용문동 8-195,,도로,12.20
617,토지,일반재산,서울특별시 용산구 용문동 8-193,,대,7.90
618,토지,일반재산,서울특별시 용산구 용문동 8-190,,도로,16.50
619,토지,행정재산,서울특별시 용산구 용문동 8-187,,도로,8.90
620,토지,행정재산,서울특별시 용산구 용문동 8-186,,도로,4.30
621,토지,일반재산,서울특별시 용산구 용문동 8-180,,대,12.20
622,토지,행정재산,서울특별시 용산구 용문동 8-174,,대,13.20
623,토지,행정재산,서울특별시 용산구 용문동 8-171,,대,2.60
624,토지,일반재산,서울특별시 용산구 용문동 8-154,,대,8.30
625,토지,일반재산,서울특별시 용산구 용문동 8-138,,도로,4.60
626,토지,행정재산,서울특별시 용산구 용문동 8-137,,도로,3.30
627,토지,행정재산,서울특별시 용산구 용문동 18-6,,대,10.20
628,토지,일반재산,서울특별시 용산구 용문동 18-14,,대,3.10
629,토지,일반재산,서울특별시 용산구 용문동 28-67,,대,1.20
630,토지,일반재산,서울특별시 용산구 용문동 28-40,,도로,26.43
631,토지,일반재산,서울특별시 용산구 용문동 28-38,,도로,24.40
632,토지,행정재산,서울특별시 용산구 용문동 28-29,,도로,40.60
633,토지,일반재산,서울특별시 용산구 용문동 28-28,,대,14.20
634,토지,일반재산,서울특별시 용산구 용문동 28-27,,대,14.20
635,토지,행정재산,서울특별시 용산구 용문동 28-23,,도로,14.20
636,토지,행정재산,서울특별시 용산구 용문동 27-33,,도로,3.10
637,토지,일반재산,서울특별시 용산구 용문동 27-8,,도로,5.60
638,토지,행정재산,서울특별시 용산구 용문동 26,,도로,393.40
639,토지,일반재산,서울특별시 용산구 용문동 25-40,,대,5.71
640,토지,일반재산,서울특별시 용산구 용문동 25-39,,대,5.31
641,토지,일반재산,서울특별시 용산구 용문동 25-38,,대,5.31
642,토지,일반재산,서울특별시 용산구 용문동 25-37,,대,3.97
643,토지,일반재산,서울특별시 용산구 용문동 25-36,,대,5.27
644,토지,일반재산,서울특별시 용산구 용문동 25-14,,대,8.66
645,토지,일반재산,서울특별시 용산구 용문동 23-11,,대,3.60
646,토지,행정재산,서울특별시 용산구 용문동 23-6,,도로,4.00
647,토지,행정재산,서울특별시 용산구 용문동 23-3,,도로,6.30
648,토지,일반재산,서울특별시 용산구 용문동 22-15,,대,6.60
649,토지,행정재산,서울특별시 용산구 용문동 22-9,,도로,59.50
650,토지,행정재산,서울특별시 용산구 용문동 8-100,,도로,3.00
651,토지,행정재산,서울특별시 용산구 용문동 8-97,,도로,33.30
652,토지,일반재산,서울특별시 용산구 용문동 8-82,,대,4.00
653,토지,일반재산,서울특별시 용산구 효창동 258,,임야,12.30
654,토지,일반재산,서울특별시 용산구 효창동 255-18,,임야,191.50
655,토지,일반재산,서울특별시 용산구 효창동 255-17,,임야,"3,519.80"
656,토지,일반재산,서울특별시 용산구 효창동 255-9,,체육용지,209.40
657,토지,일반재산,서울특별시 용산구 효창동 255-8,,체육용지,275.20
658,토지,일반재산,서울특별시 용산구 효창동 252-8,,대,17.13
659,토지,일반재산,서울특별시 용산구 효창동 252-6,,대,8.15
660,토지,일반재산,서울특별시 용산구 효창동 252-5,,대,9.34
661,토지,일반재산,서울특별시 용산구 효창동 252-4,,대,4.30
662,토지,일반재산,서울특별시 용산구 효창동 252-3,,대,6.91
663,토지,일반재산,서울특별시 용산구 효창동 246-2,,도로,59.50
664,토지,일반재산,서울특별시 용산구 효창동 243-6,,도로,1.00
665,토지,일반재산,서울특별시 용산구 효창동 243-4,,대,1.60
666,토지,일반재산,서울특별시 용산구 효창동 242-6,,도로,5.20
667,토지,행정재산,서울특별시 용산구 효창동 242-3,,도로,0.70
668,토지,일반재산,서울특별시 용산구 효창동 199-8,,전,5.90
669,토지,행정재산,서울특별시 용산구 효창동 199-5,,도로,467.90
670,토지,일반재산,서울특별시 용산구 효창동 190-8,,도로,6.60
671,토지,행정재산,서울특별시 용산구 효창동 190-7,,도로,36.40
672,토지,행정재산,서울특별시 용산구 효창동 184-14,,도로,0.30
673,토지,행정재산,서울특별시 용산구 효창동 179-2,,도로,129.40
674,토지,일반재산,서울특별시 용산구 효창동 259,,임야,28.90
675,토지,일반재산,서울특별시 용산구 도원동 6-2,,대,1.60
676,토지,행정재산,서울특별시 용산구 용문동 8-76,,도로,4.00
677,토지,일반재산,서울특별시 용산구 용문동 8-71,,대,5.70
678,토지,행정재산,서울특별시 용산구 용문동 8-70,,도로,13.20
679,토지,행정재산,서울특별시 용산구 용문동 8-54,,대,8.90
680,토지,일반재산,서울특별시 용산구 용문동 8-45,,도로,16.50
681,토지,일반재산,서울특별시 용산구 용문동 8-42,,대,9.60
682,토지,행정재산,서울특별시 용산구 용문동 8-19,,도로,"2,584.80"
683,토지,행정재산,서울특별시 용산구 용문동 8-12,,도로,15.50
684,토지,일반재산,서울특별시 용산구 용문동 8-10,,도로,19.80
685,토지,행정재산,서울특별시 용산구 용문동 8-6,,도로,8.60
686,토지,일반재산,서울특별시 용산구 용문동 7-13,,대,96.30
687,토지,일반재산,서울특별시 용산구 용문동 7-12,,도로,0.41
688,토지,일반재산,서울특별시 용산구 용문동 7-11,,도로,6.97
689,토지,일반재산,서울특별시 용산구 용문동 7-9,,도로,27.80
690,토지,일반재산,서울특별시 용산구 용문동 6-22,,대,0.70
691,토지,행정재산,서울특별시 용산구 용문동 6-4,,도로,66.10
692,토지,일반재산,서울특별시 용산구 용문동 5-127,,대,2.00
693,토지,일반재산,서울특별시 용산구 용문동 5-78,,대,39.70
694,토지,행정재산,서울특별시 용산구 용문동 5-11,,도로,725.60
695,토지,일반재산,서울특별시 용산구 용문동 1-143,,대,1.50
696,토지,행정재산,서울특별시 용산구 용문동 1-13,,도로,19.80
697,토지,일반재산,서울특별시 용산구 효창동 3-319,,대,29.70
698,토지,일반재산,서울특별시 용산구 효창동 3-315,,대,0.40
699,토지,행정재산,서울특별시 용산구 원효로4가 113-53,,하천,44.60
700,토지,행정재산,서울특별시 용산구 원효로4가 113-51,,하천,657.20
701,토지,행정재산,서울특별시 용산구 원효로4가 113-50,,제방,27.30
702,토지,행정재산,서울특별시 용산구 원효로4가 113-49,,도로,42.60
703,토지,행정재산,서울특별시 용산구 원효로4가 113-48,,도로,146.40
704,토지,행정재산,서울특별시 용산구 원효로4가 113-43,,도로,467.10
705,토지,행정재산,서울특별시 용산구 원효로4가 113-39,,하천,"2,677.70"
706,토지,일반재산,서울특별시 용산구 원효로4가 113-28,,도로,5.80
707,토지,행정재산,서울특별시 용산구 원효로4가 112-2,,대,"1,031.40"
708,토지,행정재산,서울특별시 용산구 원효로4가 111-1,,대,13.20
709,토지,일반재산,서울특별시 용산구 원효로4가 109-2,,대,138.80
710,토지,일반재산,서울특별시 용산구 원효로4가 94-9,,대,0.90
711,토지,일반재산,서울특별시 용산구 원효로4가 82-2,,대,2.50
712,토지,행정재산,서울특별시 용산구 원효로4가 60-2,,도로,78.30
713,토지,일반재산,서울특별시 용산구 원효로4가 50-6,,대,21.50
714,토지,행정재산,서울특별시 용산구 원효로4가 14-7,,대,22.80
715,토지,일반재산,서울특별시 용산구 원효로4가 6-5,,대,46.30
716,토지,행정재산,서울특별시 용산구 원효로3가 294-17,,하천,39.70
717,토지,행정재산,서울특별시 용산구 원효로3가 294-11,,하천,100.80
718,토지,행정재산,서울특별시 용산구 원효로3가 294-10,,하천,9.90
719,토지,행정재산,서울특별시 용산구 원효로3가 294-9,,하천,78.30
720,토지,행정재산,서울특별시 용산구 용문동 28-98,,도로,97.80
721,토지,행정재산,서울특별시 용산구 원효로3가 294-1,,도로,"1,259.20"
722,토지,행정재산,서울특별시 용산구 원효로3가 291,,도로,208.20
723,토지,행정재산,서울특별시 용산구 원효로3가 290,,도로,66.10
724,토지,행정재산,서울특별시 용산구 원효로3가 289,,도로,62.80
725,토지,행정재산,서울특별시 용산구 원효로3가 288-2,,도로,36.40
726,토지,행정재산,서울특별시 용산구 원효로4가 113-54,,하천,"1,801.00"
727,토지,행정재산,서울특별시 용산구 원효로4가 113-55,,도로,4.60
728,토지,행정재산,서울특별시 용산구 원효로4가 113-57,,하천,65.50
729,토지,행정재산,서울특별시 용산구 원효로4가 142-7,,도로,2.60
730,토지,행정재산,서울특별시 용산구 원효로4가 142-2,,도로,30.70
731,토지,행정재산,서울특별시 용산구 원효로4가 136-2,,도로,30.00
732,토지,일반재산,서울특별시 용산구 원효로4가 134-5,,대,12.50
733,토지,일반재산,서울특별시 용산구 원효로4가 121-4,,도로,51.40
734,토지,일반재산,서울특별시 용산구 원효로4가 118-58,,잡종지,66.90
735,토지,일반재산,서울특별시 용산구 원효로4가 118-17,,구거,234.70
736,토지,일반재산,서울특별시 용산구 원효로4가 118-15,,구거,317.40
737,토지,일반재산,서울특별시 용산구 원효로4가 118-12,,구거,26.40
738,토지,행정재산,서울특별시 용산구 원효로4가 118-10,,구거,82.60
739,토지,행정재산,서울특별시 용산구 원효로4가 118,,도로,419.80
740,토지,일반재산,서울특별시 용산구 원효로4가 117-3,,대,29.80
741,토지,일반재산,서울특별시 용산구 원효로4가 117-2,,대,160.30
742,토지,일반재산,서울특별시 용산구 원효로4가 114-60,,제방,78.60
743,토지,일반재산,서울특별시 용산구 원효로4가 114-55,,대,0.11
744,토지,일반재산,서울특별시 용산구 원효로4가 114-54,,대,0.10
745,토지,일반재산,서울특별시 용산구 원효로4가 114-53,,대,0.04
746,토지,일반재산,서울특별시 용산구 원효로4가 114-51,,대,44.30
747,토지,일반재산,서울특별시 용산구 원효로4가 114-49,,하천,47.30
748,토지,일반재산,서울특별시 용산구 원효로4가 114-48,,제방,130.70
749,토지,행정재산,서울특별시 용산구 원효로4가 114-47,,도로,88.30
750,토지,일반재산,서울특별시 용산구 원효로4가 114-30,,대,0.54
751,토지,일반재산,서울특별시 용산구 원효로4가 114-29,,대,0.41
752,토지,일반재산,서울특별시 용산구 원효로4가 114-28,,대,0.01
753,토지,일반재산,서울특별시 용산구 원효로4가 114-11,,대,0.39
754,토지,행정재산,서울특별시 용산구 원효로4가 114-3,,도로,"2,301.50"
755,토지,행정재산,서울특별시 용산구 원효로4가 113-74,,도로,5.00
756,토지,일반재산,서울특별시 용산구 원효로3가 286-2,,대,69.40
757,토지,일반재산,서울특별시 용산구 원효로3가 285-1,,도로,3.30
758,토지,일반재산,서울특별시 용산구 원효로3가 55-7,,대,107.50
759,토지,행정재산,서울특별시 용산구 원효로3가 55-6,,구거,172.60
760,토지,행정재산,서울특별시 용산구 원효로3가 55-5,,도로,26.80
761,토지,행정재산,서울특별시 용산구 원효로3가 55-2,,도로,317.40
762,토지,행정재산,서울특별시 용산구 원효로3가 55-1,,도로,362.30
763,토지,행정재산,서울특별시 용산구 원효로3가 54-1,,도로,559.30
764,토지,일반재산,서울특별시 용산구 원효로3가 53-14,,대,3.70
765,토지,행정재산,서울특별시 용산구 원효로3가 53-1,,도로,49.60
766,토지,일반재산,서울특별시 용산구 원효로3가 52-11,,구거,51.00
767,토지,일반재산,서울특별시 용산구 원효로3가 52-10,,전,24.50
768,토지,행정재산,서울특별시 용산구 원효로3가 52-9,,구거,395.40
769,토지,일반재산,서울특별시 용산구 원효로3가 51-53,,대,75.60
770,토지,일반재산,서울특별시 용산구 원효로3가 51-20,,도로,335.50
771,토지,행정재산,서울특별시 용산구 원효로3가 51-6,,유지,159.70
772,토지,행정재산,서울특별시 용산구 원효로3가 51-5,,유지,688.30
773,토지,행정재산,서울특별시 용산구 원효로3가 51-4,,유지,"3,350.50"
774,토지,행정재산,서울특별시 용산구 원효로3가 51-1,,도로,125.60
775,토지,일반재산,서울특별시 용산구 원효로3가 50-1,,유지,796.70
776,토지,행정재산,서울특별시 용산구 원효로3가 49-1,,도로,168.60
777,토지,행정재산,서울특별시 용산구 원효로3가 47-2,,도로,"2,998.90"
778,토지,일반재산,서울특별시 용산구 원효로3가 46-14,,대,9.70
779,토지,행정재산,서울특별시 용산구 원효로3가 46-2,,도로,228.10
780,토지,행정재산,서울특별시 용산구 원효로3가 43-48,,도로,7.90
781,토지,행정재산,서울특별시 용산구 원효로3가 43-47,,도로,3.20
782,토지,행정재산,서울특별시 용산구 원효로3가 43-44,,도로,14.90
783,토지,행정재산,서울특별시 용산구 원효로3가 43-29,,도로,20.60
784,토지,행정재산,서울특별시 용산구 원효로3가 43-11,,대,20.80
785,토지,행정재산,서울특별시 용산구 원효로3가 55-11,,도로,21.20
786,토지,일반재산,서울특별시 용산구 원효로3가 55-21,,대,5.70
787,토지,행정재산,서울특별시 용산구 원효로3가 56-2,,도로,681.00
788,토지,일반재산,서울특별시 용산구 원효로3가 284-1,,도로,2.00
789,토지,행정재산,서울특별시 용산구 원효로3가 283-2,,도로,76.00
790,토지,행정재산,서울특별시 용산구 원효로3가 281-2,,도로,36.40
791,토지,행정재산,서울특별시 용산구 원효로3가 279-2,,도로,29.80
792,토지,일반재산,서울특별시 용산구 원효로3가 278-22,,대,9.20
793,토지,일반재산,서울특별시 용산구 원효로3가 278-11,,대,30.50
794,토지,일반재산,서울특별시 용산구 원효로3가 278-2,,대,23.10
795,토지,일반재산,서울특별시 용산구 원효로3가 276-2,,대,2.30
796,토지,일반재산,서울특별시 용산구 원효로3가 275-3,,대,3.30
797,토지,행정재산,서울특별시 용산구 원효로3가 260-1,,도로,8.00
798,토지,일반재산,서울특별시 용산구 원효로3가 259-1,,대,0.30
799,토지,행정재산,서울특별시 용산구 원효로3가 251-6,,대,23.10
800,토지,일반재산,서울특별시 용산구 원효로3가 250-8,,대,38.70
801,토지,일반재산,서울특별시 용산구 원효로3가 250-3,,대,12.60
802,토지,행정재산,서울특별시 용산구 원효로3가 241-1,,대,6.00
803,토지,일반재산,서울특별시 용산구 원효로3가 232-4,,대,19.80
804,토지,행정재산,서울특별시 용산구 원효로3가 231-1,,도로,4.30
805,토지,행정재산,서울특별시 용산구 원효로3가 229-5,,대,11.60
806,토지,일반재산,서울특별시 용산구 원효로3가 203-1,,대,9.30
807,토지,행정재산,서울특별시 용산구 원효로3가 142-2,,도로,23.10
808,토지,행정재산,서울특별시 용산구 원효로3가 125-2,,도로,49.60
809,토지,행정재산,서울특별시 용산구 원효로3가 123-3,,도로,99.20
810,토지,일반재산,서울특별시 용산구 원효로3가 109-2,,도로,8.80
811,토지,행정재산,서울특별시 용산구 원효로3가 70-4,,대,19.80
812,토지,일반재산,서울특별시 용산구 원효로3가 60-1,,대,5.60
813,토지,일반재산,서울특별시 용산구 원효로3가 59-1,,대,5.00
814,토지,행정재산,서울특별시 용산구 원효로3가 57-2,,도로,472.70
815,토지,행정재산,서울특별시 용산구 원효로4가 142-8,,도로,2.60
816,토지,행정재산,서울특별시 용산구 원효로4가 142-9,,도로,6.30
817,토지,행정재산,서울특별시 용산구 효창동 2-37,,도로,205.30
818,토지,행정재산,서울특별시 용산구 효창동 2-31,,도로,59.50
819,토지,행정재산,서울특별시 용산구 효창동 2-26,,도로,9.90
820,토지,일반재산,서울특별시 용산구 효창동 2-21,,대,2.00
821,토지,일반재산,서울특별시 용산구 효창동 2-16,,도로,279.40
822,토지,일반재산,서울특별시 용산구 효창동 2-10,,대,8.90
823,토지,행정재산,서울특별시 용산구 효창동 2-9,,대,3.30
824,토지,행정재산,서울특별시 용산구 효창동 2-8,,도로,23.10
825,토지,행정재산,서울특별시 용산구 효창동 2-6,,도로,64.80
826,토지,행정재산,서울특별시 용산구 효창동 2-5,,도로,30.70
827,토지,일반재산,서울특별시 용산구 효창동 3-293,,대,249.70
828,토지,행정재산,서울특별시 용산구 효창동 1-9,,대,2.60
829,토지,행정재산,서울특별시 용산구 효창동 1-3,,도로,6.60
830,토지,일반재산,서울특별시 용산구 효창동 3-310,,대,82.40
831,토지,일반재산,서울특별시 용산구 원효로4가 178-17,,대,3.30
832,토지,일반재산,서울특별시 용산구 원효로4가 178-16,,도로,2.50
833,토지,일반재산,서울특별시 용산구 효창동 2-47,,대,1.30
834,토지,행정재산,서울특별시 용산구 효창동 3-190,,대,6.30
835,토지,일반재산,서울특별시 용산구 효창동 3-185,,대,4.00
836,토지,일반재산,서울특별시 용산구 효창동 3-33,,대,82.60
837,토지,행정재산,서울특별시 용산구 효창동 3-58,,도로,36.40
838,토지,행정재산,서울특별시 용산구 효창동 3-64,,대,2.60
839,토지,일반재산,서울특별시 용산구 효창동 3-70,,대,48.60
840,토지,행정재산,서울특별시 용산구 효창동 3-74,,도로,5.60
841,토지,일반재산,서울특별시 용산구 효창동 3-78,,대,6.30
842,토지,일반재산,서울특별시 용산구 효창동 3-79,,대,30.10
843,토지,행정재산,서울특별시 용산구 효창동 3-81,,도로,67.10
844,토지,행정재산,서울특별시 용산구 효창동 3-87,,도로,52.90
845,토지,일반재산,서울특별시 용산구 효창동 3-93,,도로,6.30
846,토지,행정재산,서울특별시 용산구 효창동 3-97,,도로,56.20
847,토지,행정재산,서울특별시 용산구 효창동 3-101,,도로,46.30
848,토지,행정재산,서울특별시 용산구 효창동 3-103,,도로,5.00
849,토지,행정재산,서울특별시 용산구 효창동 3-110,,도로,48.90
850,토지,일반재산,서울특별시 용산구 효창동 3-115,,도로,0.30
851,토지,일반재산,서울특별시 용산구 효창동 3-168,,대,19.50
852,토지,일반재산,서울특별시 용산구 원효로4가 178-14,,도로,18.00
853,토지,행정재산,서울특별시 용산구 원효로4가 177,,하천,"5,324.00"
854,토지,행정재산,서울특별시 용산구 원효로4가 175,,하천,"1,748.80"
855,토지,행정재산,서울특별시 용산구 원효로4가 159-6,,도로,12.20
856,토지,행정재산,서울특별시 용산구 원효로4가 160-1,,도로,434.70
857,토지,일반재산,서울특별시 용산구 원효로4가 159-5,,도로,0.50
858,토지,일반재산,서울특별시 용산구 원효로4가 142-10,,대,7.30
859,토지,행정재산,서울특별시 용산구 원효로4가 170-11,,도로,17.90
860,토지,행정재산,서울특별시 용산구 원효로4가 161,,도로,353.70
861,토지,행정재산,서울특별시 용산구 원효로4가 142-11,,도로,50.60
862,토지,행정재산,서울특별시 용산구 원효로4가 159-3,,도로,108.10
863,토지,행정재산,서울특별시 용산구 원효로4가 164-1,,도로,9.30
864,토지,일반재산,서울특별시 용산구 원효로4가 158-6,,도로,0.20
865,토지,행정재산,서울특별시 용산구 원효로4가 169,,도로,136.50
866,토지,일반재산,서울특별시 용산구 원효로4가 151-1,,대,98.10
867,토지,일반재산,서울특별시 용산구 보광동 433,,대,43.00
868,토지,행정재산,서울특별시 용산구 보광동 147-28,,도로,167.00
869,토지,행정재산,서울특별시 용산구 보광동 147-31,,도로,2.00
870,토지,일반재산,서울특별시 용산구 보광동 155,,사적지,615.00
871,토지,행정재산,서울특별시 용산구 보광동 159-2,,도로,65.00
872,토지,행정재산,서울특별시 용산구 보광동 159-3,,도로,18.00
873,토지,행정재산,서울특별시 용산구 보광동 175-3,,도로,204.00
874,토지,행정재산,서울특별시 용산구 보광동 175-4,,도로,3.00
875,토지,행정재산,서울특별시 용산구 보광동 175-8,,도로,216.00
876,토지,일반재산,서울특별시 용산구 보광동 195,,대,565.00
877,토지,행정재산,서울특별시 용산구 보광동 216-2,,도로,922.00
878,토지,일반재산,서울특별시 용산구 보광동 216-14,,도로,41.00
879,토지,행정재산,서울특별시 용산구 보광동 216-67,,도로,"2,834.00"
880,토지,일반재산,서울특별시 용산구 보광동 216-74,,도로,23.00
881,토지,일반재산,서울특별시 용산구 보광동 216-86,,대,12.00
882,토지,행정재산,서울특별시 용산구 보광동 216-89,,대,41.00
883,토지,일반재산,서울특별시 용산구 보광동 216-90,,대,15.00
884,토지,일반재산,서울특별시 용산구 보광동 216-99,,도로,95.00
885,토지,일반재산,서울특별시 용산구 보광동 216-121,,대,2.00
886,토지,행정재산,서울특별시 용산구 보광동 217-2,,도로,912.00
887,토지,행정재산,서울특별시 용산구 보광동 217-49,,도로,585.00
888,토지,행정재산,서울특별시 용산구 보광동 217-51,,대,80.00
889,토지,행정재산,서울특별시 용산구 보광동 147-21,,도로,17.00
890,토지,행정재산,서울특별시 용산구 보광동 147-20,,도로,33.00
891,토지,행정재산,서울특별시 용산구 보광동 147-17,,도로,46.00
892,토지,일반재산,서울특별시 용산구 보광동 3-381,,임야,217.00
893,토지,행정재산,서울특별시 용산구 보광동 33-2,,대,7.00
894,토지,일반재산,서울특별시 용산구 보광동 35-15,,대,304.00
895,토지,행정재산,서울특별시 용산구 보광동 35-17,,도로,1.00
896,토지,일반재산,서울특별시 용산구 보광동 35-27,,대,17.00
897,토지,행정재산,서울특별시 용산구 보광동 70-2,,도로,7.00
898,토지,행정재산,서울특별시 용산구 보광동 71-2,,도로,20.00
899,토지,일반재산,서울특별시 용산구 보광동 75-4,,대,15.00
900,토지,행정재산,서울특별시 용산구 보광동 75-14,,대,18.00
901,토지,일반재산,서울특별시 용산구 보광동 75-24,,도로,11.00
902,토지,일반재산,서울특별시 용산구 보광동 75-29,,대,283.00
903,토지,행정재산,서울특별시 용산구 보광동 80-2,,도로,489.00
904,토지,행정재산,서울특별시 용산구 보광동 80-10,,도로,149.00
905,토지,일반재산,서울특별시 용산구 보광동 80-33,,대,19.00
906,토지,행정재산,서울특별시 용산구 보광동 82-1,,대,96.00
907,토지,행정재산,서울특별시 용산구 보광동 82-4,,대,53.00
908,토지,일반재산,서울특별시 용산구 보광동 83-3,,도로,70.00
909,토지,행정재산,서울특별시 용산구 보광동 86-3,,도로,33.00
910,토지,행정재산,서울특별시 용산구 보광동 94-2,,대,40.00
911,토지,일반재산,서울특별시 용산구 보광동 100-5,,도로,120.00
912,토지,일반재산,서울특별시 용산구 보광동 100-18,,도로,14.00
913,토지,일반재산,서울특별시 용산구 보광동 217-70,,대,52.00
914,토지,일반재산,서울특별시 용산구 보광동 217-71,,대,47.00
915,토지,일반재산,서울특별시 용산구 보광동 222-1,,대,155.00
916,토지,행정재산,서울특별시 용산구 보광동 259-4,,도로,251.00
917,토지,일반재산,서울특별시 용산구 보광동 260-2,,도로,93.00
918,토지,일반재산,서울특별시 용산구 보광동 264-79,,구거,322.00
919,토지,행정재산,서울특별시 용산구 보광동 264-88,,구거,76.00
920,토지,일반재산,서울특별시 용산구 보광동 264-90,,구거,813.00
921,토지,일반재산,서울특별시 용산구 보광동 264-104,,구거,334.00
922,토지,일반재산,서울특별시 용산구 보광동 264-111,,구거,30.00
923,토지,행정재산,서울특별시 용산구 보광동 264-128,,구거,21.00
924,토지,일반재산,서울특별시 용산구 보광동 264-142,,구거,70.00
925,토지,일반재산,서울특별시 용산구 보광동 265-1028,,대,2.00
926,토지,일반재산,서울특별시 용산구 보광동 265-1033,,대,3.00
927,토지,일반재산,서울특별시 용산구 보광동 265-1041,,대,13.00
928,토지,일반재산,서울특별시 용산구 보광동 265-1052,,대,11.00
929,토지,일반재산,서울특별시 용산구 보광동 265-1053,,대,12.00
930,토지,일반재산,서울특별시 용산구 보광동 265-1062,,대,6.00
931,토지,일반재산,서울특별시 용산구 보광동 265-1063,,대,8.00
932,토지,일반재산,서울특별시 용산구 보광동 265-1205,,대,2.00
933,토지,행정재산,서울특별시 용산구 보광동 267-16,,도로,1.00
934,토지,행정재산,서울특별시 용산구 보광동 267-17,,도로,254.00
935,토지,행정재산,서울특별시 용산구 보광동 386-2,,도로,20.00
936,토지,행정재산,서울특별시 용산구 용산동6가 69-79,,대,33.00
937,토지,행정재산,서울특별시 용산구 보광동 257-2,,도로,17.00
938,토지,행정재산,서울특별시 용산구 보광동 255-1,,도로,412.00
939,토지,행정재산,서울특별시 용산구 보광동 255,,도로,24.00
940,토지,일반재산,서울특별시 용산구 보광동 222-7,,대,17.00
941,토지,행정재산,서울특별시 용산구 용산동6가 168-6,,대,"159,634.00"
942,토지,일반재산,서울특별시 용산구 보광동 227-22,,대,41.00
943,토지,일반재산,서울특별시 용산구 보광동 227-23,,대,18.00
944,토지,일반재산,서울특별시 용산구 보광동 228-11,,잡종지,"1,326.00"
945,토지,일반재산,서울특별시 용산구 보광동 228-23,,대,129.00
946,토지,일반재산,서울특별시 용산구 보광동 228-40,,대,7.00
947,토지,일반재산,서울특별시 용산구 보광동 228-45,,대,17.00
948,토지,일반재산,서울특별시 용산구 보광동 228-67,,대,33.00
949,토지,일반재산,서울특별시 용산구 보광동 228-142,,잡종지,7.00
950,토지,일반재산,서울특별시 용산구 보광동 228-172,,대,1.00
951,토지,일반재산,서울특별시 용산구 보광동 228-176,,대,62.00
952,토지,일반재산,서울특별시 용산구 보광동 228-177,,대,2.00
953,토지,행정재산,서울특별시 용산구 보광동 238-31,,도로,27.00
954,토지,행정재산,서울특별시 용산구 보광동 238-86,,도로,456.00
955,토지,행정재산,서울특별시 용산구 보광동 244-21,,도로,3.00
956,토지,행정재산,서울특별시 용산구 보광동 244-22,,도로,614.00
957,토지,행정재산,서울특별시 용산구 용산동6가 445-2,,구거,7.00
958,토지,행정재산,서울특별시 용산구 원효로1가 112-7,,도로,"1,074.60"
959,토지,행정재산,서울특별시 용산구 원효로1가 112-8,,도로,"3,134.70"
960,토지,일반재산,서울특별시 용산구 원효로1가 112-19,,대,5.60
961,토지,일반재산,서울특별시 용산구 원효로1가 112-20,,대,4.80
962,토지,일반재산,서울특별시 용산구 청파동3가 118-53,,대,6.30
963,토지,일반재산,서울특별시 용산구 원효로1가 112-21,,대,8.30
964,토지,일반재산,서울특별시 용산구 원효로1가 120-13,,대,1.33
965,토지,행정재산,서울특별시 용산구 원효로1가 121-72,,도로,31.30
966,토지,행정재산,서울특별시 용산구 원효로1가 121-73,,도로,16.50
967,토지,행정재산,서울특별시 용산구 원효로1가 127-1,,도로,277.70
968,토지,일반재산,서울특별시 용산구 원효로1가 128-3,,대,23.10
969,토지,행정재산,서울특별시 용산구 원효로1가 129-6,,도로,432.40
970,토지,행정재산,서울특별시 용산구 원효로1가 112-3,,도로,859.50
971,토지,행정재산,서울특별시 용산구 원효로1가 110-3,,도로,124.60
972,토지,일반재산,서울특별시 용산구 원효로1가 43-11,,대,51.66
973,토지,일반재산,서울특별시 용산구 원효로1가 47-11,,대,25.18
974,토지,일반재산,서울특별시 용산구 원효로1가 48-9,,대,0.02
975,토지,행정재산,서울특별시 용산구 원효로1가 48-14,,도로,126.90
976,토지,행정재산,서울특별시 용산구 원효로1가 53-13,,도로,"8,170.20"
977,토지,일반재산,서울특별시 용산구 원효로1가 57-7,,대,0.26
978,토지,일반재산,서울특별시 용산구 원효로1가 80-2,,대,3.00
979,토지,일반재산,서울특별시 용산구 원효로1가 81-2,,대,3.30
980,토지,행정재산,서울특별시 용산구 원효로1가 81-5,,대,26.40
981,토지,행정재산,서울특별시 용산구 원효로1가 108-24,,도로,3.30
982,토지,행정재산,서울특별시 용산구 원효로1가 108-29,,도로,1.30
983,토지,행정재산,서울특별시 용산구 원효로1가 108-36,,도로,34.60
984,토지,일반재산,서울특별시 용산구 원효로1가 108-48,,대,1.70
985,토지,일반재산,서울특별시 용산구 원효로1가 108-57,,대,13.20
986,토지,행정재산,서울특별시 용산구 원효로1가 108-70,,도로,4.80
987,토지,일반재산,서울특별시 용산구 원효로1가 108-77,,도로,10.10
988,토지,행정재산,서울특별시 용산구 원효로1가 129-8,,도로,178.80
989,토지,행정재산,서울특별시 용산구 원효로1가 129-14,,도로,727.70
990,토지,행정재산,서울특별시 용산구 원효로1가 129-21,,도로,33.00
991,토지,행정재산,서울특별시 용산구 원효로2가 19-1,,대,23.30
992,토지,행정재산,서울특별시 용산구 원효로2가 18-7,,도로,0.30
993,토지,일반재산,서울특별시 용산구 원효로2가 16-11,,대,4.40
994,토지,행정재산,서울특별시 용산구 원효로2가 16-8,,대,46.80
995,토지,일반재산,서울특별시 용산구 원효로2가 14-9,,도로,0.30
996,토지,행정재산,서울특별시 용산구 원효로2가 14-7,,도로,3.00
997,토지,행정재산,서울특별시 용산구 원효로2가 13-10,,도로,1.00
998,토지,행정재산,서울특별시 용산구 원효로2가 13-6,,도로,1.30
999,토지,행정재산,서울특별시 용산구 원효로2가 13-4,,대,2.30
1000,토지,일반재산,서울특별시 용산구 원효로2가 10-5,,대,1.00
1001,토지,일반재산,서울특별시 용산구 원효로2가 8-28,,대,17.50
1002,토지,행정재산,서울특별시 용산구 원효로2가 8-19,,대,11.20
1003,토지,일반재산,서울특별시 용산구 원효로2가 8-17,,대,132.20
1004,토지,일반재산,서울특별시 용산구 원효로2가 8-7,,대,165.30
1005,토지,일반재산,서울특별시 용산구 원효로2가 4-5,,도로,11.90
1006,토지,행정재산,서울특별시 용산구 원효로2가 4-1,,도로,"1,837.20"
1007,토지,행정재산,서울특별시 용산구 원효로2가 3-1,,도로,438.90
1008,토지,일반재산,서울특별시 용산구 원효로2가 2-35,,대,0.70
1009,토지,일반재산,서울특별시 용산구 원효로2가 2-5,,대,3.30
1010,토지,일반재산,서울특별시 용산구 원효로2가 1-98,,도로,8.10
1011,토지,일반재산,서울특별시 용산구 원효로2가 1-77,,대,3.00
1012,토지,일반재산,서울특별시 용산구 원효로2가 1-60,,대,5.10
1013,토지,일반재산,서울특별시 용산구 원효로2가 1-19,,대,5.20
1014,토지,일반재산,서울특별시 용산구 원효로2가 1-18,,대,6.10
1015,토지,일반재산,서울특별시 용산구 원효로2가 1-13,,도로,211.90
1016,토지,일반재산,서울특별시 용산구 원효로2가 1-8,,대,6.20
1017,토지,행정재산,서울특별시 용산구 원효로1가 133-13,,도로,257.80
1018,토지,행정재산,서울특별시 용산구 원효로1가 129-52,,도로,31.90
1019,토지,행정재산,서울특별시 용산구 원효로1가 129-46,,도로,61.50
1020,토지,일반재산,서울특별시 용산구 원효로1가 32-2,,대,6.60
1021,토지,일반재산,서울특별시 용산구 원효로1가 31-27,,대,7.50
1022,토지,일반재산,서울특별시 용산구 원효로1가 27-38,,대,3.30
1023,토지,일반재산,서울특별시 용산구 원효로1가 27-47,,대,69.40
1024,토지,일반재산,서울특별시 용산구 원효로1가 27-76,,대,9.90
1025,토지,일반재산,서울특별시 용산구 원효로1가 27-79,,대,9.90
1026,토지,일반재산,서울특별시 용산구 원효로1가 27-85,,도로,51.60
1027,토지,일반재산,서울특별시 용산구 원효로1가 27-117,,대,4.30
1028,토지,일반재산,서울특별시 용산구 원효로1가 27-120,,대,7.30
1029,토지,일반재산,서울특별시 용산구 원효로1가 27-125,,대,2.30
1030,토지,행정재산,서울특별시 용산구 원효로1가 28-6,,도로,119.00
1031,토지,행정재산,서울특별시 용산구 원효로1가 28-24,,도로,33.10
1032,토지,일반재산,서울특별시 용산구 원효로1가 28-36,,대,9.90
1033,토지,행정재산,서울특별시 용산구 원효로1가 28-38,,대,5.60
1034,토지,행정재산,서울특별시 용산구 원효로1가 28-49,,대,0.90
1035,토지,행정재산,서울특별시 용산구 원효로1가 28-52,,도로,9.90
1036,토지,행정재산,서울특별시 용산구 원효로1가 28-55,,도로,11.60
1037,토지,일반재산,서울특별시 용산구 원효로1가 27-37,,대,6.60
1038,토지,일반재산,서울특별시 용산구 원효로1가 27-16,,대,1.00
1039,토지,일반재산,서울특별시 용산구 원효로1가 24-6,,대,0.30
1040,토지,행정재산,서울특별시 용산구 원효로1가 24-7,,도로,89.20
1041,토지,행정재산,서울특별시 용산구 원효로1가 24-12,,도로,208.20
1042,토지,행정재산,서울특별시 용산구 원효로1가 24-27,,도로,1.60
1043,토지,행정재산,서울특별시 용산구 원효로1가 25-1,,도로,"1,558.10"
1044,토지,일반재산,서울특별시 용산구 원효로1가 25-3,,대,150.90
1045,토지,일반재산,서울특별시 용산구 원효로1가 25-5,,도로,202.30
1046,토지,일반재산,서울특별시 용산구 원효로1가 25-6,,대,76.70
1047,토지,행정재산,서울특별시 용산구 원효로1가 25-11,,도로,297.30
1048,토지,일반재산,서울특별시 용산구 원효로1가 26-2,,대,2.30
1049,토지,행정재산,서울특별시 용산구 원효로1가 26-21,,도로,119.00
1050,토지,행정재산,서울특별시 용산구 원효로1가 26-50,,도로,0.50
1051,토지,일반재산,서울특별시 용산구 원효로1가 27-1,,대,19.80
1052,토지,행정재산,서울특별시 용산구 원효로1가 27-7,,도로,46.00
1053,토지,행정재산,서울특별시 용산구 원효로1가 27-15,,도로,106.10
1054,토지,행정재산,서울특별시 용산구 원효로1가 28-65,,도로,4.30
1055,토지,행정재산,서울특별시 용산구 원효로1가 28-68,,도로,7.00
1056,토지,일반재산,서울특별시 용산구 원효로1가 29-5,,도로,29.80
1057,토지,행정재산,서울특별시 용산구 원효로1가 30-45,,도로,37.70
1058,토지,일반재산,서울특별시 용산구 원효로1가 30-52,,대,4.00
1059,토지,행정재산,서울특별시 용산구 원효로1가 30-55,,대,26.10
1060,토지,행정재산,서울특별시 용산구 원효로1가 30-56,,대,15.20
1061,토지,행정재산,서울특별시 용산구 원효로1가 30-57,,도로,12.90
1062,토지,일반재산,서울특별시 용산구 원효로1가 30-63,,대,3.60
1063,토지,일반재산,서울특별시 용산구 원효로1가 30-65,,도로,13.20
1064,토지,일반재산,서울특별시 용산구 원효로1가 30-74,,대,8.30
1065,토지,일반재산,서울특별시 용산구 원효로1가 30-77,,대,20.20
1066,토지,행정재산,서울특별시 용산구 원효로1가 30-80,,대,52.90
1067,토지,일반재산,서울특별시 용산구 원효로1가 30-87,,도로,22.70
1068,토지,일반재산,서울특별시 용산구 원효로1가 30-90,,대,1.00
1069,토지,일반재산,서울특별시 용산구 원효로1가 31-1,,대,2.60
1070,토지,일반재산,서울특별시 용산구 원효로1가 31-13,,대,5.40
1071,토지,일반재산,서울특별시 용산구 원효로1가 31-21,,대,1.30
1072,토지,행정재산,서울특별시 용산구 원효로1가 30-43,,도로,26.40
1073,토지,행정재산,서울특별시 용산구 원효로1가 30-38,,대,2.00
1074,토지,행정재산,서울특별시 용산구 원효로1가 29-9,,도로,19.20
1075,토지,행정재산,서울특별시 용산구 원효로1가 29-23,,대,16.50
1076,토지,일반재산,서울특별시 용산구 원효로1가 29-24,,대,9.90
1077,토지,행정재산,서울특별시 용산구 원효로1가 29-25,,대,1.30
1078,토지,행정재산,서울특별시 용산구 원효로1가 29-31,,대,11.60
1079,토지,행정재산,서울특별시 용산구 원효로1가 29-46,,도로,7.90
1080,토지,일반재산,서울특별시 용산구 원효로1가 29-48,,대,5.30
1081,토지,행정재산,서울특별시 용산구 원효로1가 30-3,,대,48.80
1082,토지,행정재산,서울특별시 용산구 원효로1가 30-6,,대,16.50
1083,토지,행정재산,서울특별시 용산구 원효로1가 30-8,,도로,60.50
1084,토지,일반재산,서울특별시 용산구 원효로1가 30-9,,대,4.30
1085,토지,일반재산,서울특별시 용산구 원효로1가 30-23,,대,6.30
1086,토지,행정재산,서울특별시 용산구 원효로1가 30-31,,도로,64.80
1087,토지,일반재산,서울특별시 용산구 원효로1가 30-35,,대,1.00
1088,토지,일반재산,서울특별시 용산구 원효로1가 30-37,,대,49.60
1089,토지,행정재산,서울특별시 용산구 원효로2가 19-4,,도로,3.10
1090,토지,일반재산,서울특별시 용산구 원효로2가 20-1,,도로,52.90
1091,토지,일반재산,서울특별시 용산구 산천동 106-191,,도로,96.20
1092,토지,일반재산,서울특별시 용산구 산천동 106-196,,도로,10.00
1093,토지,일반재산,서울특별시 용산구 산천동 131,,도로,23.50
1094,토지,행정재산,서울특별시 용산구 산천동 132,,도로,119.00
1095,토지,행정재산,서울특별시 용산구 산천동 133-10,,도로,67.20
1096,토지,일반재산,서울특별시 용산구 산천동 134-3,,도로,43.20
1097,토지,행정재산,서울특별시 용산구 산천동 135,,도로,62.80
1098,토지,일반재산,서울특별시 용산구 산천동 136-2,,도로,95.20
1099,토지,일반재산,서울특별시 용산구 산천동 137-1,,도로,17.20
1100,토지,일반재산,서울특별시 용산구 산천동 146,,도로,4.10
1101,토지,일반재산,서울특별시 용산구 산천동 147,,도로,57.90
1102,토지,일반재산,서울특별시 용산구 산천동 148,,도로,86.00
1103,토지,행정재산,서울특별시 용산구 산천동 149,,도로,119.00
1104,토지,일반재산,서울특별시 용산구 산천동 150,,도로,117.40
1105,토지,일반재산,서울특별시 용산구 산천동 151,,도로,77.80
1106,토지,일반재산,서울특별시 용산구 산천동 106-190,,대,0.80
1107,토지,행정재산,서울특별시 용산구 산천동 106-188,,도로,65.90
1108,토지,행정재산,서울특별시 용산구 신창동 77-32,,대,13.20
1109,토지,일반재산,서울특별시 용산구 신창동 77-142,,대,26.40
1110,토지,일반재산,서울특별시 용산구 신창동 77-186,,대,4.90
1111,토지,일반재산,서울특별시 용산구 신창동 89-1,,대,6.30
1112,토지,일반재산,서울특별시 용산구 신창동 89-6,,대,0.09
1113,토지,행정재산,서울특별시 용산구 신창동 89-10,,도로,40.20
1114,토지,일반재산,서울특별시 용산구 신창동 89-11,,대,9.40
1115,토지,행정재산,서울특별시 용산구 산천동 6-74,,학교용지,127.30
1116,토지,일반재산,서울특별시 용산구 산천동 87-2,,대,0.50
1117,토지,일반재산,서울특별시 용산구 산천동 87-3,,대,14.20
1118,토지,일반재산,서울특별시 용산구 산천동 87-6,,대,1.80
1119,토지,행정재산,서울특별시 용산구 산천동 88-5,,대,152.10
1120,토지,행정재산,서울특별시 용산구 산천동 106-87,,대,0.30
1121,토지,행정재산,서울특별시 용산구 산천동 106-124,,도로,498.60
1122,토지,일반재산,서울특별시 용산구 산천동 106-179,,대,3.90
1123,토지,행정재산,서울특별시 용산구 산천동 152-2,,대,4.30
1124,토지,행정재산,서울특별시 용산구 산천동 152-3,,대,2.60
1125,토지,행정재산,서울특별시 용산구 산천동 152-5,,대,1.10
1126,토지,일반재산,서울특별시 용산구 청암동 115-3,,대,2.40
1127,토지,일반재산,서울특별시 용산구 청암동 115-5,,대,10.50
1128,토지,행정재산,서울특별시 용산구 청암동 168-23,,대,5.00
1129,토지,행정재산,서울특별시 용산구 청암동 168-26,,대,27.10
1130,토지,일반재산,서울특별시 용산구 청암동 168-27,,대,6.00
1131,토지,행정재산,서울특별시 용산구 청암동 168-29,,대,37.40
1132,토지,일반재산,서울특별시 용산구 청암동 168-42,,대,206.60
1133,토지,일반재산,서울특별시 용산구 청암동 168-43,,대,136.90
1134,토지,일반재산,서울특별시 용산구 청암동 168-44,,대,44.00
1135,토지,행정재산,서울특별시 용산구 청암동 168-46,,대,168.60
1136,토지,행정재산,서울특별시 용산구 청암동 168-52,,도로,2.60
1137,토지,행정재산,서울특별시 용산구 청암동 169-1,,하천,119.70
1138,토지,일반재산,서울특별시 용산구 원효로3가 1-1,,대,262.10
1139,토지,행정재산,서울특별시 용산구 원효로3가 1-30,,대,14.20
1140,토지,일반재산,서울특별시 용산구 원효로3가 12-5,,대,8.80
1141,토지,행정재산,서울특별시 용산구 청암동 114-2,,대,51.00
1142,토지,일반재산,서울특별시 용산구 청암동 114-1,,대,1.30
1143,토지,일반재산,서울특별시 용산구 청암동 1-6,,도로,173.90
1144,토지,행정재산,서울특별시 용산구 청암동 5,,도로,241.30
1145,토지,행정재산,서울특별시 용산구 청암동 7,,도로,433.90
1146,토지,일반재산,서울특별시 용산구 청암동 8,,도로,0.70
1147,토지,일반재산,서울특별시 용산구 청암동 10-5,,도로,102.80
1148,토지,일반재산,서울특별시 용산구 청암동 52-3,,도로,301.90
1149,토지,일반재산,서울특별시 용산구 청암동 59-4,,대,37.90
1150,토지,일반재산,서울특별시 용산구 청암동 79-4,,도로,68.30
1151,토지,행정재산,서울특별시 용산구 청암동 80-3,,도로,19.10
1152,토지,일반재산,서울특별시 용산구 청암동 81,,도로,56.20
1153,토지,일반재산,서울특별시 용산구 청암동 88,,도로,145.50
1154,토지,일반재산,서울특별시 용산구 청암동 97-1,,대,12.70
1155,토지,행정재산,서울특별시 용산구 청암동 107-1,,도로,234.70
1156,토지,행정재산,서울특별시 용산구 청암동 113-1,,도로,112.40
1157,토지,일반재산,서울특별시 용산구 청암동 113-2,,도로,211.60
1158,토지,일반재산,서울특별시 용산구 신창동 76-30,,대,62.00
1159,토지,일반재산,서울특별시 용산구 신창동 71,,대,52.90
1160,토지,행정재산,서울특별시 용산구 원효로2가 72-5,,도로,346.80
1161,토지,행정재산,서울특별시 용산구 원효로2가 73-2,,도로,3.30
1162,토지,일반재산,서울특별시 용산구 원효로2가 76-26,,대,6.00
1163,토지,일반재산,서울특별시 용산구 원효로2가 76-27,,도로,3.30
1164,토지,일반재산,서울특별시 용산구 원효로2가 76-28,,도로,12.90
1165,토지,일반재산,서울특별시 용산구 원효로2가 76-31,,대,10.37
1166,토지,일반재산,서울특별시 용산구 원효로2가 76-33,,도로,34.10
1167,토지,일반재산,서울특별시 용산구 원효로2가 76-38,,대,0.58
1168,토지,일반재산,서울특별시 용산구 원효로2가 77-6,,대,12.80
1169,토지,일반재산,서울특별시 용산구 원효로2가 77-9,,도로,15.50
1170,토지,일반재산,서울특별시 용산구 원효로2가 77-46,,도로,3.70
1171,토지,일반재산,서울특별시 용산구 원효로2가 78-8,,대,8.60
1172,토지,일반재산,서울특별시 용산구 원효로2가 78-12,,대,2.60
1173,토지,일반재산,서울특별시 용산구 원효로2가 78-22,,대,29.80
1174,토지,일반재산,서울특별시 용산구 원효로2가 78-27,,대,14.80
1175,토지,행정재산,서울특별시 용산구 원효로2가 71-1,,도로,52.90
1176,토지,행정재산,서울특별시 용산구 원효로2가 69-12,,도로,"1,080.90"
1177,토지,일반재산,서울특별시 용산구 원효로2가 22-5,,도로,3.30
1178,토지,행정재산,서울특별시 용산구 원효로2가 23-14,,도로,304.10
1179,토지,일반재산,서울특별시 용산구 원효로2가 24,,대,1.50
1180,토지,행정재산,서울특별시 용산구 원효로2가 24-1,,도로,296.00
1181,토지,행정재산,서울특별시 용산구 원효로2가 29-1,,도로,771.50
1182,토지,행정재산,서울특별시 용산구 원효로2가 34,,대,7.70
1183,토지,행정재산,서울특별시 용산구 원효로2가 34-3,,도로,34.80
1184,토지,일반재산,서울특별시 용산구 원효로2가 35-1,,대,13.70
1185,토지,일반재산,서울특별시 용산구 원효로2가 44-6,,대,1.00
1186,토지,일반재산,서울특별시 용산구 원효로2가 45-3,,대,7.00
1187,토지,행정재산,서울특별시 용산구 원효로2가 52-25,,도로,40.30
1188,토지,행정재산,서울특별시 용산구 원효로2가 58-4,,대,9.90
1189,토지,행정재산,서울특별시 용산구 원효로2가 64-2,,도로,1.60
1190,토지,행정재산,서울특별시 용산구 원효로2가 65-11,,도로,114.70
1191,토지,행정재산,서울특별시 용산구 원효로2가 65-19,,도로,56.20
1192,토지,행정재산,서울특별시 용산구 원효로2가 78-41,,도로,3.80
1193,토지,일반재산,서울특별시 용산구 원효로2가 79-35,,대,21.80
1194,토지,일반재산,서울특별시 용산구 원효로2가 79-44,,대,23.90
1195,토지,행정재산,서울특별시 용산구 원효로2가 84-7,,도로,36.40
1196,토지,행정재산,서울특별시 용산구 원효로2가 85-2,,도로,988.40
1197,토지,일반재산,서울특별시 용산구 원효로2가 85-8,,도로,2.60
1198,토지,행정재산,서울특별시 용산구 원효로2가 90-2,,도로,978.50
1199,토지,일반재산,서울특별시 용산구 원효로2가 90-8,,대,90.00
1200,토지,행정재산,서울특별시 용산구 원효로2가 91-2,,도로,"1,692.50"
1201,토지,행정재산,서울특별시 용산구 원효로2가 93-8,,도로,123.30
1202,토지,일반재산,서울특별시 용산구 원효로2가 93-13,,대,25.60
1203,토지,행정재산,서울특별시 용산구 원효로2가 94-8,,대,52.90
1204,토지,일반재산,서울특별시 용산구 신창동 5-2,,대,1.30
1205,토지,일반재산,서울특별시 용산구 신창동 31-2,,대,11.49
1206,토지,일반재산,서울특별시 용산구 신창동 31-15,,대,9.16
1207,토지,일반재산,서울특별시 용산구 신창동 31-19,,대,21.61
1208,토지,행정재산,서울특별시 용산구 신창동 60-2,,도로,19.80
1209,토지,행정재산,서울특별시 용산구 신창동 63-6,,도로,42.20
1210,토지,행정재산,서울특별시 용산구 원효로2가 84-4,,대,38.70
1211,토지,행정재산,서울특별시 용산구 원효로2가 83-17,,도로,2.00
1212,토지,일반재산,서울특별시 용산구 원효로2가 79-45,,대,15.50
1213,토지,행정재산,서울특별시 용산구 원효로2가 80-17,,도로,69.40
1214,토지,행정재산,서울특별시 용산구 원효로2가 80-23,,도로,105.80
1215,토지,일반재산,서울특별시 용산구 원효로2가 80-29,,대,2.00
1216,토지,일반재산,서울특별시 용산구 원효로2가 81-7,,대,2.10
1217,토지,일반재산,서울특별시 용산구 원효로2가 81-13,,대,0.30
1218,토지,일반재산,서울특별시 용산구 원효로2가 81-22,,대,9.40
1219,토지,행정재산,서울특별시 용산구 원효로2가 82-2,,대,18.80
1220,토지,일반재산,서울특별시 용산구 원효로2가 82-6,,대,0.30
1221,토지,일반재산,서울특별시 용산구 원효로2가 82-8,,대,1.30
1222,토지,일반재산,서울특별시 용산구 원효로2가 83-5,,대,1.30
1223,토지,일반재산,서울특별시 용산구 원효로2가 83-9,,대,0.60
1224,토지,일반재산,서울특별시 용산구 원효로2가 83-13,,대,4.60
1225,토지,일반재산,서울특별시 용산구 원효로2가 83-14,,대,8.50
1226,토지,일반재산,서울특별시 용산구 원효로2가 83-15,,도로,2.60
1227,토지,일반재산,서울특별시 용산구 원효로1가 23-68,,대,10.30
1228,토지,일반재산,서울특별시 용산구 원효로3가 12-6,,대,11.00
1229,토지,일반재산,서울특별시 용산구 청파동3가 135-2,,대,31.10
1230,토지,일반재산,서울특별시 용산구 청파동3가 134-60,,학교용지,17.10
1231,토지,일반재산,서울특별시 용산구 청파동3가 118-387,,대,0.05
1232,토지,행정재산,서울특별시 용산구 청파동3가 118-390,,도로,2.00
1233,토지,일반재산,서울특별시 용산구 청파동3가 118-394,,대,1.70
1234,토지,일반재산,서울특별시 용산구 청파동3가 118-395,,대,0.60
1235,토지,일반재산,서울특별시 용산구 청파동3가 118-398,,대,5.40
1236,토지,일반재산,서울특별시 용산구 청파동3가 118-401,,도로,5.80
1237,토지,일반재산,서울특별시 용산구 청파동3가 134-59,,학교용지,6.60
1238,토지,행정재산,서울특별시 용산구 청파동3가 134-56,,학교용지,10.20
1239,토지,일반재산,서울특별시 용산구 청파동3가 134-55,,도로,50.60
1240,토지,일반재산,서울특별시 용산구 청파동3가 134-54,,대,15.30
1241,토지,일반재산,서울특별시 용산구 청파동3가 134-48,,임야,57.20
1242,토지,일반재산,서울특별시 용산구 청파동3가 134-41,,대,7.30
1243,토지,일반재산,서울특별시 용산구 청파동3가 118-405,,대,13.50
1244,토지,일반재산,서울특별시 용산구 청파동3가 118-408,,대,5.80
1245,토지,일반재산,서울특별시 용산구 청파동3가 119-4,,대,0.91
1246,토지,행정재산,서울특별시 용산구 청파동3가 121-27,,도로,383.50
1247,토지,일반재산,서울특별시 용산구 청파동3가 134-40,,대,17.80
1248,토지,일반재산,서울특별시 용산구 청파동3가 121-28,,대,23.10
1249,토지,행정재산,서울특별시 용산구 청파동3가 121-33,,도로,21.10
1250,토지,일반재산,서울특별시 용산구 청파동3가 121-34,,도로,0.30
1251,토지,일반재산,서울특별시 용산구 청파동3가 134-39,,대,1.30
1252,토지,일반재산,서울특별시 용산구 청파동3가 121-38,,도로,5.50
1253,토지,일반재산,서울특별시 용산구 청파동3가 121-51,,도로,7.10
1254,토지,행정재산,서울특별시 용산구 청파동3가 121-54,,도로,46.30
1255,토지,일반재산,서울특별시 용산구 청파동3가 135-4,,대,2.30
1256,토지,일반재산,서울특별시 용산구 청파동3가 135-7,,대,7.30
1257,토지,일반재산,서울특별시 용산구 청파동3가 118-243,,대,7.90
1258,토지,행정재산,서울특별시 용산구 청파동3가 118-255,,도로,10.60
1259,토지,일반재산,서울특별시 용산구 청파동3가 118-281,,대,5.40
1260,토지,행정재산,서울특별시 용산구 청파동3가 118-283,,학교용지,503.10
1261,토지,일반재산,서울특별시 용산구 청파동3가 118-285,,대,6.00
1262,토지,일반재산,서울특별시 용산구 청파동3가 118-287,,대,6.70
1263,토지,일반재산,서울특별시 용산구 청파동3가 118-288,,도로,11.60
1264,토지,일반재산,서울특별시 용산구 청파동3가 118-358,,대,3.00
1265,토지,일반재산,서울특별시 용산구 청파동3가 118-359,,대,2.30
1266,토지,행정재산,서울특별시 용산구 청파동3가 118-366,,학교용지,9.20
1267,토지,행정재산,서울특별시 용산구 청파동3가 118-367,,학교용지,14.20
1268,토지,일반재산,서울특별시 용산구 원효로1가 12-1,,대,2.97
1269,토지,행정재산,서울특별시 용산구 원효로1가 5-26,,도로,48.30
1270,토지,일반재산,서울특별시 용산구 원효로1가 2-3,,대,9.30
1271,토지,행정재산,서울특별시 용산구 청파동3가 118-368,,학교용지,50.20
1272,토지,일반재산,서울특별시 용산구 원효로1가 1-1,,대,33.00
1273,토지,행정재산,서울특별시 용산구 청파동3가 118-369,,학교용지,20.80
1274,토지,일반재산,서울특별시 용산구 청파동3가 135-35,,대,18.80
1275,토지,행정재산,서울특별시 용산구 청파동3가 135-30,,대,1.60
1276,토지,일반재산,서울특별시 용산구 청파동3가 135-26,,임야,1.00
1277,토지,일반재산,서울특별시 용산구 청파동3가 135-22,,대,11.80
1278,토지,일반재산,서울특별시 용산구 청파동3가 135-19,,대,27.43
1279,토지,일반재산,서울특별시 용산구 청파동3가 135-12,,대,58.20
1280,토지,행정재산,서울특별시 용산구 청파동3가 118-370,,학교용지,18.80
1281,토지,일반재산,서울특별시 용산구 청파동3가 118-371,,대,20.80
1282,토지,일반재산,서울특별시 용산구 청파동3가 118-384,,대,6.70
1283,토지,일반재산,서울특별시 용산구 청파동3가 121-63,,대,1.00
1284,토지,행정재산,서울특별시 용산구 청파동3가 121-66,,도로,23.50
1285,토지,행정재산,서울특별시 용산구 청파동3가 121-68,,대,8.20
1286,토지,일반재산,서울특별시 용산구 청파동3가 121-106,,대,8.00
1287,토지,일반재산,서울특별시 용산구 청파동3가 132-197,,임야,79.00
1288,토지,일반재산,서울특별시 용산구 청파동3가 132-196,,임야,563.10
1289,토지,행정재산,서울특별시 용산구 청파동3가 132-157,,도로,220.50
1290,토지,행정재산,서울특별시 용산구 청파동3가 132-121,,도로,44.00
1291,토지,일반재산,서울특별시 용산구 청파동3가 132-116,,대,7.90
1292,토지,행정재산,서울특별시 용산구 청파동3가 132-113,,도로,38.00
1293,토지,행정재산,서울특별시 용산구 청파동3가 121-134,,도로,0.20
1294,토지,행정재산,서울특별시 용산구 청파동3가 132-110,,대,57.20
1295,토지,일반재산,서울특별시 용산구 청파동3가 121-139,,도로,0.50
1296,토지,일반재산,서울특별시 용산구 청파동3가 121-148,,대,98.50
1297,토지,행정재산,서울특별시 용산구 청파동3가 121-149,,도로,4.40
1298,토지,일반재산,서울특별시 용산구 청파동3가 132-91,,대,2.00
1299,토지,행정재산,서울특별시 용산구 청파동3가 121-150,,도로,8.30
1300,토지,행정재산,서울특별시 용산구 청파동3가 121-154,,도로,2.00
1301,토지,행정재산,서울특별시 용산구 청파동3가 132-64,,도로,"3,131.80"
1302,토지,일반재산,서울특별시 용산구 청파동3가 132-62,,도로,86.00
1303,토지,일반재산,서울특별시 용산구 청파동3가 132-53,,도로,52.00
1304,토지,일반재산,서울특별시 용산구 청파동3가 132-43,,대,1.80
1305,토지,일반재산,서울특별시 용산구 청파동3가 121-156,,도로,1.70
1306,토지,일반재산,서울특별시 용산구 청파동3가 132-21,,철도용지,234.70
1307,토지,일반재산,서울특별시 용산구 청파동3가 132-5,,대,7.90
1308,토지,일반재산,서울특별시 용산구 청파동3가 130-11,,도로,44.10
1309,토지,일반재산,서울특별시 용산구 청파동3가 130-7,,대,3.15
1310,토지,일반재산,서울특별시 용산구 청파동3가 126-11,,도로,5.90
1311,토지,일반재산,서울특별시 용산구 청파동3가 126-5,,대,81.00
1312,토지,일반재산,서울특별시 용산구 청파동3가 132-198,,임야,993.70
1313,토지,행정재산,서울특별시 용산구 청파동3가 132-201,,도로,635.20
1314,토지,행정재산,서울특별시 용산구 청파동3가 121-69,,대,14.50
1315,토지,행정재산,서울특별시 용산구 청파동3가 134-32,,대,6.90
1316,토지,일반재산,서울특별시 용산구 청파동3가 134-30,,대,35.40
1317,토지,일반재산,서울특별시 용산구 청파동3가 121-70,,도로,12.60
1318,토지,행정재산,서울특별시 용산구 청파동3가 134-28,,대,4.30
1319,토지,일반재산,서울특별시 용산구 청파동3가 134-26,,대,1.60
1320,토지,일반재산,서울특별시 용산구 청파동3가 121-72,,도로,9.90
1321,토지,행정재산,서울특별시 용산구 청파동3가 121-80,,도로,22.10
1322,토지,행정재산,서울특별시 용산구 청파동3가 134-25,,대,7.20
1323,토지,일반재산,서울특별시 용산구 청파동3가 121-89,,대,9.50
1324,토지,일반재산,서울특별시 용산구 청파동3가 121-91,,대,4.60
1325,토지,일반재산,서울특별시 용산구 청파동3가 134-22,,대,8.30
1326,토지,일반재산,서울특별시 용산구 청파동3가 121-93,,대,2.60
1327,토지,행정재산,서울특별시 용산구 청파동3가 134-20,,학교용지,6.00
1328,토지,일반재산,서울특별시 용산구 청파동3가 121-95,,대,1.90
1329,토지,일반재산,서울특별시 용산구 청파동3가 121-98,,대,1.70
1330,토지,일반재산,서울특별시 용산구 청파동3가 134-12,,대,23.00
1331,토지,일반재산,서울특별시 용산구 청파동3가 133-30,,전,2.70
1332,토지,일반재산,서울특별시 용산구 청파동3가 133-27,,대,13.20
1333,토지,일반재산,서울특별시 용산구 청파동3가 133-20,,전,11.80
1334,토지,일반재산,서울특별시 용산구 청파동3가 133-17,,대,41.60
1335,토지,일반재산,서울특별시 용산구 청파동3가 133-15,,전,29.80
1336,토지,행정재산,서울특별시 용산구 청파동3가 121-99,,대,5.00
1337,토지,행정재산,서울특별시 용산구 청파동3가 133-1,,학교용지,"4,529.70"
1338,토지,일반재산,서울특별시 용산구 청파동3가 121-102,,대,23.10
1339,토지,일반재산,서울특별시 용산구 청파동3가 132-214,,임야,81.00
1340,토지,일반재산,서울특별시 용산구 청파동3가 118-242,,대,23.50
1341,토지,일반재산,서울특별시 용산구 청파동3가 118-238,,대,6.30
1342,토지,일반재산,서울특별시 용산구 원효로1가 18-48,,종교용지,4.00
1343,토지,일반재산,서울특별시 용산구 원효로1가 18-41,,종교용지,7.90
1344,토지,일반재산,서울특별시 용산구 청파동3가 118-101,,대,0.30
1345,토지,행정재산,서울특별시 용산구 청파동3가 118-103,,도로,2.00
1346,토지,행정재산,서울특별시 용산구 청파동3가 118-105,,도로,79.30
1347,토지,일반재산,서울특별시 용산구 청파동3가 118-107,,대,5.00
1348,토지,일반재산,서울특별시 용산구 원효로1가 18-12,,대,43.30
1349,토지,행정재산,서울특별시 용산구 원효로1가 17-239,,도로,5.10
1350,토지,일반재산,서울특별시 용산구 원효로1가 17-231,,대,5.80
1351,토지,행정재산,서울특별시 용산구 청파동3가 118-108,,대,3.00
1352,토지,일반재산,서울특별시 용산구 원효로1가 17-216,,대,2.10
1353,토지,일반재산,서울특별시 용산구 원효로1가 17-204,,대,16.50
1354,토지,일반재산,서울특별시 용산구 원효로1가 17-201,,대,5.00
1355,토지,일반재산,서울특별시 용산구 원효로1가 17-199,,대,44.30
1356,토지,행정재산,서울특별시 용산구 청파동3가 118-118,,도로,79.30
1357,토지,일반재산,서울특별시 용산구 원효로1가 17-192,,도로,9.90
1358,토지,일반재산,서울특별시 용산구 원효로1가 17-188,,대,2.60
1359,토지,행정재산,서울특별시 용산구 원효로1가 17-183,,도로,6.00
1360,토지,일반재산,서울특별시 용산구 원효로1가 17-180,,대,1.00
1361,토지,일반재산,서울특별시 용산구 원효로1가 17-178,,대,3.40
1362,토지,일반재산,서울특별시 용산구 원효로1가 17-170,,대,5.10
1363,토지,행정재산,서울특별시 용산구 원효로1가 17-163,,도로,170.60
1364,토지,일반재산,서울특별시 용산구 원효로1가 17-160,,대,74.40
1365,토지,일반재산,서울특별시 용산구 원효로1가 17-158,,대,59.80
1366,토지,일반재산,서울특별시 용산구 원효로1가 17-156,,대,80.70
1367,토지,행정재산,서울특별시 용산구 원효로1가 17-154,,대,49.90
1368,토지,일반재산,서울특별시 용산구 청파동3가 118-99,,대,4.00
1369,토지,일반재산,서울특별시 용산구 원효로1가 18-58,,종교용지,30.90
1370,토지,일반재산,서울특별시 용산구 원효로1가 23-48,,대,2.60
1371,토지,일반재산,서울특별시 용산구 청파동3가 118-54,,대,6.60
1372,토지,행정재산,서울특별시 용산구 원효로1가 23-46,,도로,7.90
1373,토지,행정재산,서울특별시 용산구 원효로1가 23-45,,도로,10.90
1374,토지,일반재산,서울특별시 용산구 청파동3가 118-56,,공원,"2,085.70"
1375,토지,행정재산,서울특별시 용산구 원효로1가 23-42,,도로,7.60
1376,토지,행정재산,서울특별시 용산구 원효로1가 23-40,,도로,73.10
1377,토지,일반재산,서울특별시 용산구 청파동3가 118-63,,대,6.60
1378,토지,행정재산,서울특별시 용산구 원효로1가 23-33,,도로,6.90
1379,토지,행정재산,서울특별시 용산구 원효로1가 23-23,,도로,181.40
1380,토지,일반재산,서울특별시 용산구 원효로1가 23-14,,대,2.60
1381,토지,행정재산,서울특별시 용산구 원효로1가 23-12,,도로,361.90
1382,토지,행정재산,서울특별시 용산구 원효로1가 23-1,,도로,157.40
1383,토지,일반재산,서울특별시 용산구 청파동3가 118-67,,대,22.10
1384,토지,일반재산,서울특별시 용산구 원효로1가 22-54,,대,7.40
1385,토지,일반재산,서울특별시 용산구 청파동3가 118-73,,대,46.30
1386,토지,일반재산,서울특별시 용산구 청파동3가 118-74,,대,0.70
1387,토지,일반재산,서울특별시 용산구 원효로1가 22-45,,대,3.60
1388,토지,행정재산,서울특별시 용산구 청파동3가 118-84,,도로,18.80
1389,토지,일반재산,서울특별시 용산구 원효로1가 22-37,,대,2.20
1390,토지,행정재산,서울특별시 용산구 원효로1가 22-31,,대,0.30
1391,토지,행정재산,서울특별시 용산구 청파동3가 118-87,,도로,9.20
1392,토지,행정재산,서울특별시 용산구 원효로1가 22-28,,도로,13.20
1393,토지,일반재산,서울특별시 용산구 원효로1가 22-11,,대,19.10
1394,토지,행정재산,서울특별시 용산구 원효로1가 22-7,,도로,45.30
1395,토지,행정재산,서울특별시 용산구 청파동3가 118-94,,도로,54.50
1396,토지,행정재산,서울특별시 용산구 원효로1가 17-150,,대,7.90
1397,토지,일반재산,서울특별시 용산구 원효로1가 17-149,,대,22.50
1398,토지,일반재산,서울특별시 용산구 원효로1가 17-148,,도로,7.90
1399,토지,일반재산,서울특별시 용산구 청파동3가 118-149,,대,16.50
1400,토지,일반재산,서울특별시 용산구 청파동3가 118-143,,대,1.30
1401,토지,일반재산,서울특별시 용산구 청파동3가 118-157,,대,43.00
1402,토지,일반재산,서울특별시 용산구 원효로1가 17-58,,대,28.70
1403,토지,일반재산,서울특별시 용산구 청파동3가 118-181,,대,3.00
1404,토지,행정재산,서울특별시 용산구 청파동3가 118-185,,도로,64.80
1405,토지,행정재산,서울특별시 용산구 청파동3가 118-208,,도로,29.80
1406,토지,행정재산,서울특별시 용산구 청파동3가 118-213,,도로,78.00
1407,토지,행정재산,서울특별시 용산구 원효로1가 17-65,,도로,99.20
1408,토지,일반재산,서울특별시 용산구 청파동3가 118-139,,대,9.90
1409,토지,행정재산,서울특별시 용산구 청파동3가 118-215,,대,18.80
1410,토지,일반재산,서울특별시 용산구 청파동3가 118-217,,대,3.30
1411,토지,일반재산,서울특별시 용산구 청파동3가 118-218,,대,3.30
1412,토지,행정재산,서울특별시 용산구 청파동3가 118-219,,대,5.30
1413,토지,행정재산,서울특별시 용산구 원효로1가 13-18,,도로,128.90
1414,토지,일반재산,서울특별시 용산구 청파동3가 118-220,,대,0.30
1415,토지,행정재산,서울특별시 용산구 청파동3가 118-121,,도로,82.60
1416,토지,일반재산,서울특별시 용산구 원효로1가 17-123,,대,16.50
1417,토지,일반재산,서울특별시 용산구 청파동3가 118-225,,대,53.60
1418,토지,행정재산,서울특별시 용산구 원효로1가 17-116,,대,13.20
1419,토지,행정재산,서울특별시 용산구 원효로1가 17-109,,대,11.60
1420,토지,행정재산,서울특별시 용산구 원효로1가 17-86,,도로,66.40
1421,토지,일반재산,서울특별시 용산구 청파동3가 118-223,,대,10.20
1422,토지,일반재산,서울특별시 용산구 청파동3가 118-222,,대,3.30
1423,토지,일반재산,서울특별시 용산구 원효로1가 12-13,,대,287.60
1424,토지,일반재산,서울특별시 용산구 원효로1가 12-28,,도로,34.00
1425,토지,행정재산,서울특별시 용산구 원효로1가 13-1,,도로,149.40
1426,토지,일반재산,서울특별시 용산구 원효로1가 17-72,,대,8.90
1427,토지,일반재산,서울특별시 용산구 청파동3가 118-155,,대,3.00
1428,토지,일반재산,서울특별시 용산구 이태원동 215-79,,대,19.00
1429,토지,행정재산,서울특별시 용산구 이태원동 502,,대,23.50
1430,토지,일반재산,서울특별시 용산구 이태원동 225-87,,도로,36.00
1431,토지,일반재산,서울특별시 용산구 이태원동 225-85,,대,4.00
1432,토지,행정재산,서울특별시 용산구 이태원동 504,,대,6.30
1433,토지,행정재산,서울특별시 용산구 이태원동 505,,대,25.10
1434,토지,일반재산,서울특별시 용산구 이태원동 225-77,,전,26.00
1435,토지,행정재산,서울특별시 용산구 이태원동 508,,대,514.00
1436,토지,일반재산,서울특별시 용산구 이태원동 511,,공원,79.30
1437,토지,일반재산,서울특별시 용산구 이태원동 511-1,,임야,139.00
1438,토지,일반재산,서울특별시 용산구 이태원동 514,,공원,44.70
1439,토지,일반재산,서울특별시 용산구 이태원동 225-47,,대,15.00
1440,토지,행정재산,서울특별시 용산구 이태원동 516,,대,35.40
1441,토지,일반재산,서울특별시 용산구 이태원동 225-2,,전,10.00
1442,토지,행정재산,서울특별시 용산구 이태원동 517,,대,35.40
1443,토지,일반재산,서울특별시 용산구 이태원동 221-6,,대,11.00
1444,토지,일반재산,서울특별시 용산구 이태원동 221-4,,대,16.00
1445,토지,일반재산,서울특별시 용산구 이태원동 218-4,,대,26.00
1446,토지,일반재산,서울특별시 용산구 이태원동 216-12,,대,10.00
1447,토지,행정재산,서울특별시 용산구 이태원동 216-6,,도로,142.00
1448,토지,일반재산,서울특별시 용산구 이태원동 216-2,,전,130.00
1449,토지,일반재산,서울특별시 용산구 이태원동 215-130,,대,5.00
1450,토지,일반재산,서울특별시 용산구 이태원동 215-126,,대,8.00
1451,토지,일반재산,서울특별시 용산구 이태원동 215-125,,대,20.00
1452,토지,일반재산,서울특별시 용산구 이태원동 215-124,,도로,4.00
1453,토지,행정재산,서울특별시 용산구 이태원동 499,,대,67.40
1454,토지,일반재산,서울특별시 용산구 이태원동 225-92,,대,2.00
1455,토지,일반재산,서울특별시 용산구 이태원동 254-17,,대,245.00
1456,토지,일반재산,서울특별시 용산구 이태원동 251-61,,대,16.00
1457,토지,행정재산,서울특별시 용산구 이태원동 490,,대,50.20
1458,토지,일반재산,서울특별시 용산구 이태원동 251-6,,대,10.00
1459,토지,일반재산,서울특별시 용산구 이태원동 243-72,,도로,14.00
1460,토지,행정재산,서울특별시 용산구 이태원동 491,,도로,4.00
1461,토지,행정재산,서울특별시 용산구 이태원동 492,,도로,178.50
1462,토지,행정재산,서울특별시 용산구 이태원동 493,,도로,9.60
1463,토지,행정재산,서울특별시 용산구 이태원동 243-30,,도로,23.00
1464,토지,일반재산,서울특별시 용산구 이태원동 243-26,,도로,131.00
1465,토지,일반재산,서울특별시 용산구 이태원동 243-19,,도로,4.00
1466,토지,일반재산,서울특별시 용산구 이태원동 228-29,,대,4.00
1467,토지,행정재산,서울특별시 용산구 이태원동 494,,도로,53.60
1468,토지,일반재산,서울특별시 용산구 이태원동 225-250,,도로,57.08
1469,토지,일반재산,서울특별시 용산구 이태원동 225-243,,도로,3.00
1470,토지,일반재산,서울특별시 용산구 이태원동 225-241,,대,9.00
1471,토지,행정재산,서울특별시 용산구 이태원동 495,,도로,477.00
1472,토지,일반재산,서울특별시 용산구 이태원동 225-229,,대,4.00
1473,토지,행정재산,서울특별시 용산구 이태원동 496,,도로,598.30
1474,토지,일반재산,서울특별시 용산구 이태원동 497,,공원,70.40
1475,토지,일반재산,서울특별시 용산구 이태원동 225-192,,전,69.00
1476,토지,일반재산,서울특별시 용산구 이태원동 225-177,,대,83.00
1477,토지,행정재산,서울특별시 용산구 이태원동 225-130,,전,7.00
1478,토지,행정재산,서울특별시 용산구 이태원동 498,,대,68.10
1479,토지,일반재산,서울특별시 용산구 이태원동 215-123,,대,2.00
1480,토지,일반재산,서울특별시 용산구 이태원동 215-95,,대,13.00
1481,토지,일반재산,서울특별시 용산구 이태원동 215-94,,대,13.00
1482,토지,일반재산,서울특별시 용산구 이태원동 193-5,,도로,96.00
1483,토지,일반재산,서울특별시 용산구 이태원동 526,,대,0.90
1484,토지,일반재산,서울특별시 용산구 이태원동 184-23,,대,1.00
1485,토지,일반재산,서울특별시 용산구 이태원동 184-9,,대,6.00
1486,토지,행정재산,서울특별시 용산구 이태원동 184-6,,도로,26.00
1487,토지,일반재산,서울특별시 용산구 이태원동 180-23,,대,73.70
1488,토지,일반재산,서울특별시 용산구 이태원동 180-3,,도로,17.00
1489,토지,일반재산,서울특별시 용산구 이태원동 526-1,,대,0.70
1490,토지,일반재산,서울특별시 용산구 이태원동 171-25,,대,7.00
1491,토지,행정재산,서울특별시 용산구 이태원동 535,,대,6.60
1492,토지,행정재산,서울특별시 용산구 이태원동 171-7,,도로,13.00
1493,토지,행정재산,서울특별시 용산구 이태원동 168-5,,도로,"2,234.00"
1494,토지,일반재산,서울특별시 용산구 이태원동 166-36,,대,7.00
1495,토지,행정재산,서울특별시 용산구 이태원동 166-31,,도로,5.00
1496,토지,일반재산,서울특별시 용산구 이태원동 166-30,,대,20.00
1497,토지,행정재산,서울특별시 용산구 이태원동 166-29,,도로,147.00
1498,토지,일반재산,서울특별시 용산구 이태원동 166-27,,대,16.00
1499,토지,일반재산,서울특별시 용산구 이태원동 166-26,,대,73.00
1500,토지,행정재산,서울특별시 용산구 이태원동 166-21,,도로,86.00
1501,토지,행정재산,서울특별시 용산구 이태원동 166-17,,도로,50.00
1502,토지,일반재산,서울특별시 용산구 이태원동 166-10,,대,3.00
1503,토지,행정재산,서울특별시 용산구 이태원동 166-8,,도로,152.00
1504,토지,행정재산,서울특별시 용산구 이태원동 166-2,,도로,16.00
1505,토지,일반재산,서울특별시 용산구 이태원동 166-1,,대,26.00
1506,토지,행정재산,서울특별시 용산구 이태원동 193-11,,도로,38.00
1507,토지,일반재산,서울특별시 용산구 이태원동 193-29,,대,102.00
1508,토지,일반재산,서울특별시 용산구 이태원동 215-92,,대,19.00
1509,토지,일반재산,서울특별시 용산구 이태원동 215-91,,대,46.00
1510,토지,행정재산,서울특별시 용산구 이태원동 519,,도로,"3,730.90"
1511,토지,일반재산,서울특별시 용산구 이태원동 215-83,,대,33.00
1512,토지,일반재산,서울특별시 용산구 이태원동 215-82,,대,12.00
1513,토지,행정재산,서울특별시 용산구 이태원동 455-64,,도로,29.00
1514,토지,일반재산,서울특별시 용산구 이태원동 215-61,,대,5.00
1515,토지,일반재산,서울특별시 용산구 이태원동 215-59,,대,15.00
1516,토지,일반재산,서울특별시 용산구 이태원동 215-55,,대,10.00
1517,토지,행정재산,서울특별시 용산구 이태원동 521-4,,도로,1.90
1518,토지,일반재산,서울특별시 용산구 이태원동 522,,도로,58.20
1519,토지,행정재산,서울특별시 용산구 이태원동 215-18,,도로,92.00
1520,토지,행정재산,서울특별시 용산구 이태원동 215-11,,도로,40.00
1521,토지,일반재산,서울특별시 용산구 이태원동 215-10,,대,46.00
1522,토지,행정재산,서울특별시 용산구 이태원동 215-2,,도로,13.00
1523,토지,일반재산,서울특별시 용산구 이태원동 211-8,,대,56.00
1524,토지,일반재산,서울특별시 용산구 이태원동 522-3,,대,5.90
1525,토지,일반재산,서울특별시 용산구 이태원동 522-4,,대,3.00
1526,토지,일반재산,서울특별시 용산구 이태원동 522-6,,대,9.80
1527,토지,행정재산,서울특별시 용산구 이태원동 193-105,,도로,48.00
1528,토지,일반재산,서울특별시 용산구 이태원동 522-7,,대,3.90
1529,토지,일반재산,서울특별시 용산구 이태원동 193-97,,전,1.00
1530,토지,행정재산,서울특별시 용산구 이태원동 193-41,,도로,88.00
1531,토지,일반재산,서울특별시 용산구 이태원동 193-31,,전,6.00
1532,토지,행정재산,서울특별시 용산구 이태원동 254-39,,대,423.00
1533,토지,행정재산,서울특별시 용산구 이태원동 489,,대,17.20
1534,토지,일반재산,서울특별시 용산구 이태원동 258-100,,도로,989.00
1535,토지,행정재산,서울특별시 용산구 이태원동 473,,대,7.30
1536,토지,일반재산,서울특별시 용산구 이태원동 391-2,,대,92.00
1537,토지,일반재산,서울특별시 용산구 이태원동 372-2,,대,57.00
1538,토지,일반재산,서울특별시 용산구 이태원동 369-8,,대,4.00
1539,토지,일반재산,서울특별시 용산구 이태원동 369-7,,대,2.00
1540,토지,행정재산,서울특별시 용산구 이태원동 369-2,,대,37.00
1541,토지,일반재산,서울특별시 용산구 이태원동 347-10,,대,34.00
1542,토지,일반재산,서울특별시 용산구 이태원동 347-5,,대,5.00
1543,토지,행정재산,서울특별시 용산구 이태원동 474,,대,25.40
1544,토지,행정재산,서울특별시 용산구 이태원동 343-4,,대,73.00
1545,토지,행정재산,서울특별시 용산구 이태원동 475,,대,29.80
1546,토지,일반재산,서울특별시 용산구 이태원동 317-8,,도로,14.00
1547,토지,일반재산,서울특별시 용산구 이태원동 290-9,,공원,105.00
1548,토지,일반재산,서울특별시 용산구 이태원동 290-3,,대,66.00
1549,토지,일반재산,서울특별시 용산구 이태원동 290-1,,도로,1.00
1550,토지,일반재산,서울특별시 용산구 이태원동 288-8,,대,66.00
1551,토지,일반재산,서울특별시 용산구 이태원동 288-3,,대,3.00
1552,토지,행정재산,서울특별시 용산구 이태원동 280-1,,대,264.00
1553,토지,행정재산,서울특별시 용산구 이태원동 476,,대,65.10
1554,토지,일반재산,서울특별시 용산구 이태원동 277-13,,대,9.00
1555,토지,일반재산,서울특별시 용산구 이태원동 277-12,,대,5.00
1556,토지,행정재산,서울특별시 용산구 이태원동 477,,대,56.50
1557,토지,행정재산,서울특별시 용산구 이태원동 276-12,,구거,3.00
1558,토지,행정재산,서울특별시 용산구 이태원동 478,,대,11.20
1559,토지,일반재산,서울특별시 용산구 이태원동 392-3,,대,30.00
1560,토지,행정재산,서울특별시 용산구 이태원동 395-1,,대,79.00
1561,토지,행정재산,서울특별시 용산구 이태원동 455-61,,도로,3.00
1562,토지,일반재산,서울특별시 용산구 이태원동 455-65,,대,1.00
1563,토지,행정재산,서울특별시 용산구 이태원동 463,,대,95.20
1564,토지,일반재산,서울특별시 용산구 이태원동 455-29,,대,10.00
1565,토지,행정재산,서울특별시 용산구 이태원동 455-26,,대,63.00
1566,토지,행정재산,서울특별시 용산구 이태원동 455-22,,도로,2.00
1567,토지,일반재산,서울특별시 용산구 이태원동 455-20,,대,3.00
1568,토지,일반재산,서울특별시 용산구 이태원동 455-19,,대,10.00
1569,토지,일반재산,서울특별시 용산구 이태원동 455-16,,대,10.00
1570,토지,행정재산,서울특별시 용산구 이태원동 455-14,,도로,53.00
1571,토지,행정재산,서울특별시 용산구 이태원동 464,,대,66.10
1572,토지,행정재산,서울특별시 용산구 이태원동 465,,대,79.30
1573,토지,행정재산,서울특별시 용산구 이태원동 466,,대,26.40
1574,토지,행정재산,서울특별시 용산구 이태원동 467,,대,16.50
1575,토지,행정재산,서울특별시 용산구 이태원동 453-14,,도로,20.00
1576,토지,행정재산,서울특별시 용산구 이태원동 468,,대,33.00
1577,토지,행정재산,서울특별시 용산구 이태원동 469,,대,69.10
1578,토지,행정재산,서울특별시 용산구 이태원동 470,,대,29.80
1579,토지,행정재산,서울특별시 용산구 이태원동 471,,대,33.00
1580,토지,일반재산,서울특별시 용산구 이태원동 451-15,,대,7.00
1581,토지,일반재산,서울특별시 용산구 이태원동 421-5,,대,4.00
1582,토지,행정재산,서울특별시 용산구 이태원동 472,,대,33.00
1583,토지,일반재산,서울특별시 용산구 이태원동 395-5,,대,33.00
1584,토지,일반재산,서울특별시 용산구 이태원동 395-4,,대,16.00
1585,토지,행정재산,서울특별시 용산구 이태원동 479,,대,33.00
1586,토지,일반재산,서울특별시 용산구 이태원동 276-2,,도로,68.00
1587,토지,일반재산,서울특별시 용산구 이태원동 262-86,,임야,4.00
1588,토지,행정재산,서울특별시 용산구 이태원동 487,,대,1.30
1589,토지,일반재산,서울특별시 용산구 이태원동 258-482,,대,2.00
1590,토지,일반재산,서울특별시 용산구 이태원동 258-477,,대,3.00
1591,토지,행정재산,서울특별시 용산구 이태원동 488,,도로,480.30
1592,토지,일반재산,서울특별시 용산구 이태원동 258-466,,임야,"1,173.00"
1593,토지,일반재산,서울특별시 용산구 이태원동 258-465,,임야,16.00
1594,토지,일반재산,서울특별시 용산구 이태원동 258-463,,도로,216.00
1595,토지,일반재산,서울특별시 용산구 이태원동 258-462,,임야,395.00
1596,토지,일반재산,서울특별시 용산구 이태원동 258-460,,임야,"3,261.00"
1597,토지,일반재산,서울특별시 용산구 이태원동 258-459,,임야,111.00
1598,토지,일반재산,서울특별시 용산구 이태원동 258-453,,대,1.00
1599,토지,일반재산,서울특별시 용산구 이태원동 258-389,,대,16.00
1600,토지,행정재산,서울특별시 용산구 이태원동 258-378,,도로,654.00
1601,토지,행정재산,서울특별시 용산구 이태원동 488-1,,임야,67.40
1602,토지,일반재산,서울특별시 용산구 이태원동 258-368,,잡종지,102.00
1603,토지,일반재산,서울특별시 용산구 이태원동 258-356,,대,13.00
1604,토지,일반재산,서울특별시 용산구 이태원동 258-192,,대,10.00
1605,토지,일반재산,서울특별시 용산구 이태원동 258-180,,대,40.00
1606,토지,행정재산,서울특별시 용산구 이태원동 258-175,,도로,89.00
1607,토지,일반재산,서울특별시 용산구 이태원동 258-164,,대,178.00
1608,토지,일반재산,서울특별시 용산구 이태원동 258-159,,도로,1.00
1609,토지,일반재산,서울특별시 용산구 이태원동 258-153,,대,10.00
1610,토지,일반재산,서울특별시 용산구 이태원동 258-147,,대,51.00
1611,토지,일반재산,서울특별시 용산구 이태원동 258-139,,대,430.00
1612,토지,일반재산,서울특별시 용산구 이태원동 258-510,,대,12.00
1613,토지,일반재산,서울특별시 용산구 이태원동 260-193,,전,582.00
1614,토지,일반재산,서울특별시 용산구 이태원동 262-85,,임야,77.00
1615,토지,일반재산,서울특별시 용산구 이태원동 262-84,,임야,38.00
1616,토지,일반재산,서울특별시 용산구 이태원동 262-83,,임야,64.00
1617,토지,행정재산,서울특별시 용산구 이태원동 262-81,,임야,"1,190.00"
1618,토지,행정재산,서울특별시 용산구 이태원동 262-78,,임야,6.00
1619,토지,행정재산,서울특별시 용산구 이태원동 262-73,,도로,"2,975.00"
1620,토지,일반재산,서울특별시 용산구 이태원동 262-70,,대,14.00
1621,토지,일반재산,서울특별시 용산구 이태원동 262-62,,도로,130.00
1622,토지,행정재산,서울특별시 용산구 이태원동 480,,대,29.80
1623,토지,행정재산,서울특별시 용산구 이태원동 481,,대,34.00
1624,토지,행정재산,서울특별시 용산구 이태원동 482,,대,7.60
1625,토지,일반재산,서울특별시 용산구 이태원동 261-102,,대,95.00
1626,토지,행정재산,서울특별시 용산구 이태원동 483,,대,9.90
1627,토지,행정재산,서울특별시 용산구 이태원동 484,,대,4.30
1628,토지,일반재산,서울특별시 용산구 이태원동 261-97,,대,4.00
1629,토지,일반재산,서울특별시 용산구 이태원동 261-39,,대,20.00
1630,토지,행정재산,서울특별시 용산구 이태원동 485,,대,4.60
1631,토지,일반재산,서울특별시 용산구 이태원동 261-5,,전,628.00
1632,토지,행정재산,서울특별시 용산구 이태원동 486,,대,3.00
1633,토지,일반재산,서울특별시 용산구 이태원동 260-381,,임야,101.50
1634,토지,일반재산,서울특별시 용산구 이태원동 260-373,,묘지,"2,485.00"
1635,토지,일반재산,서울특별시 용산구 이태원동 260-372,,임야,284.00
1636,토지,행정재산,서울특별시 용산구 이태원동 260-371,,임야,152.00
1637,토지,일반재산,서울특별시 용산구 이태원동 260-267,,잡종지,43.00
1638,토지,행정재산,서울특별시 용산구 이태원동 554,,대,8.90
1639,토지,행정재산,서울특별시 용산구 이태원동 555,,대,9.60
1640,토지,일반재산,서울특별시 용산구 이태원동 159-11,,도로,"1,121.00"
1641,토지,일반재산,서울특별시 용산구 이태원동 34-116,,잡종지,36.00
1642,토지,일반재산,서울특별시 용산구 이태원동 34-114,,잡종지,532.00
1643,토지,일반재산,서울특별시 용산구 이태원동 34-73,,잡종지,46.00
1644,토지,행정재산,서울특별시 용산구 이태원동 34-47,,도로,172.00
1645,토지,행정재산,서울특별시 용산구 이태원동 685,,도로,"5,627.40"
1646,토지,행정재산,서울특별시 용산구 이태원동 687,,대,60.80
1647,토지,행정재산,서울특별시 용산구 이태원동 34-7,,도로,"1,854.00"
1648,토지,일반재산,서울특별시 용산구 이태원동 688,,대,0.30
1649,토지,행정재산,서울특별시 용산구 이태원동 689,,도로,205.00
1650,토지,행정재산,서울특별시 용산구 이태원동 30-2,,도로,76.00
1651,토지,일반재산,서울특별시 용산구 이태원동 22-96,,도로,14.00
1652,토지,일반재산,서울특별시 용산구 이태원동 22-93,,잡종지,52.80
1653,토지,행정재산,서울특별시 용산구 이태원동 690,,도로,101.50
1654,토지,일반재산,서울특별시 용산구 이태원동 711,,대,6.10
1655,토지,일반재산,서울특별시 용산구 이태원동 715,,대,1.00
1656,토지,일반재산,서울특별시 용산구 이태원동 721,,대,"3,100.80"
1657,토지,일반재산,서울특별시 용산구 이태원동 721-1,,대,306.60
1658,토지,일반재산,서울특별시 용산구 이태원동 22-44,,도로,"1,236.00"
1659,토지,행정재산,서울특별시 용산구 이태원동 22-36,,도로,419.00
1660,토지,행정재산,서울특별시 용산구 이태원동 산 1-5,,임야,"74,380.00"
1661,토지,행정재산,서울특별시 용산구 이태원동 산 1-7,,임야,"92,361.00"
1662,토지,일반재산,서울특별시 용산구 이태원동 22-18,,대,2.00
1663,토지,행정재산,서울특별시 용산구 이태원동 산 1-8,,임야,992.00
1664,토지,행정재산,서울특별시 용산구 이태원동 682,,도로,15.20
1665,토지,일반재산,서울특별시 용산구 이태원동 34-168,,대,10.00
1666,토지,일반재산,서울특별시 용산구 이태원동 681,,도로,"7,244.00"
1667,토지,행정재산,서울특별시 용산구 이태원동 64-1,,도로,991.00
1668,토지,행정재산,서울특별시 용산구 이태원동 63-37,,도로,23.00
1669,토지,행정재산,서울특별시 용산구 이태원동 63-28,,도로,23.00
1670,토지,행정재산,서울특별시 용산구 이태원동 63-20,,도로,89.00
1671,토지,일반재산,서울특별시 용산구 이태원동 623-1,,대,82.00
1672,토지,행정재산,서울특별시 용산구 이태원동 63-9,,도로,20.00
1673,토지,행정재산,서울특별시 용산구 이태원동 63-2,,도로,13.00
1674,토지,일반재산,서울특별시 용산구 이태원동 60-1,,대,33.00
1675,토지,일반재산,서울특별시 용산구 이태원동 58-9,,대,3.00
1676,토지,행정재산,서울특별시 용산구 이태원동 624,,도로,121.60
1677,토지,일반재산,서울특별시 용산구 이태원동 57-23,,대,2.00
1678,토지,일반재산,서울특별시 용산구 이태원동 57-22,,대,16.00
1679,토지,행정재산,서울특별시 용산구 이태원동 57-18,,대,3.00
1680,토지,행정재산,서울특별시 용산구 이태원동 672,,도로,60.50
1681,토지,행정재산,서울특별시 용산구 이태원동 57-6,,도로,"1,784.00"
1682,토지,일반재산,서울특별시 용산구 이태원동 57-5,,전,13.00
1683,토지,행정재산,서울특별시 용산구 이태원동 56-4,,도로,698.00
1684,토지,행정재산,서울특별시 용산구 이태원동 56-3,,대,1.00
1685,토지,일반재산,서울특별시 용산구 이태원동 36-82,,대,2.00
1686,토지,일반재산,서울특별시 용산구 이태원동 36-81,,대,14.00
1687,토지,일반재산,서울특별시 용산구 이태원동 36-80,,도로,13.00
1688,토지,일반재산,서울특별시 용산구 이태원동 36-69,,잡종지,8.00
1689,토지,일반재산,서울특별시 용산구 이태원동 36-19,,대,25.00
1690,토지,일반재산,서울특별시 용산구 이태원동 20-123,,도로,273.00
1691,토지,행정재산,서울특별시 용산구 이태원동 20-120,,도로,301.00
1692,토지,일반재산,서울특별시 용산구 이태원동 5-54,,도로,8.00
1693,토지,일반재산,서울특별시 용산구 한남동 1-85,,도로,2.00
1694,토지,일반재산,서울특별시 용산구 한남동 1-96,,전,17.00
1695,토지,행정재산,서울특별시 용산구 이촌동 300-314,,도로,136.50
1696,토지,행정재산,서울특별시 용산구 이촌동 300-308,,도로,"2,866.80"
1697,토지,행정재산,서울특별시 용산구 이촌동 300-305,,도로,504.80
1698,토지,행정재산,서울특별시 용산구 이촌동 300-209,,도로,"3,369.90"
1699,토지,일반재산,서울특별시 용산구 한남동 1-99,,전,7.00
1700,토지,일반재산,서울특별시 용산구 한남동 1-100,,전,50.00
1701,토지,일반재산,서울특별시 용산구 한남동 1-116,,도로,324.00
1702,토지,일반재산,서울특별시 용산구 이촌동 298-3,,대,119.30
1703,토지,일반재산,서울특별시 용산구 이촌동 298-2,,대,502.50
1704,토지,일반재산,서울특별시 용산구 한남동 1-132,,대,46.00
1705,토지,일반재산,서울특별시 용산구 한남동 1-133,,대,50.00
1706,토지,행정재산,서울특별시 용산구 한남동 1-338,,도로,889.00
1707,토지,일반재산,서울특별시 용산구 이촌동 1-68,,대,12.40
1708,토지,일반재산,서울특별시 용산구 이촌동 1-67,,대,10.40
1709,토지,일반재산,서울특별시 용산구 한남동 1-342,,전,16.00
1710,토지,일반재산,서울특별시 용산구 한남동 1-343,,전,7.00
1711,토지,일반재산,서울특별시 용산구 한남동 1-353,,대,228.65
1712,토지,일반재산,서울특별시 용산구 한남동 1-392,,대,9.00
1713,토지,일반재산,서울특별시 용산구 한남동 1-415,,대,5.00
1714,토지,일반재산,서울특별시 용산구 한남동 1-428,,대,13.00
1715,토지,행정재산,서울특별시 용산구 한남동 5-1,,도로,"4,797.00"
1716,토지,일반재산,서울특별시 용산구 한남동 1-61,,대,30.00
1717,토지,일반재산,서울특별시 용산구 한남동 1-41,,대,33.10
1718,토지,일반재산,서울특별시 용산구 한남동 1-12,,도로,56.00
1719,토지,일반재산,서울특별시 용산구 이태원동 4-17,,대,10.00
1720,토지,일반재산,서울특별시 용산구 이태원동 4-16,,도로,878.00
1721,토지,일반재산,서울특별시 용산구 이태원동 2-15,,도로,81.00
1722,토지,행정재산,서울특별시 용산구 이촌동 394,,하천,"1,388.00"
1723,토지,행정재산,서울특별시 용산구 이촌동 352,,하천,"11,814.90"
1724,토지,일반재산,서울특별시 용산구 이태원동 산 1-60,,임야,"3,306.00"
1725,토지,행정재산,서울특별시 용산구 이촌동 304-18,,도로,680.10
1726,토지,행정재산,서울특별시 용산구 이촌동 304-16,,도로,"1,378.80"
1727,토지,일반재산,서울특별시 용산구 이촌동 304-13,,대,96.90
1728,토지,일반재산,서울특별시 용산구 이촌동 304-4,,대,333.60
1729,토지,행정재산,서울특별시 용산구 이촌동 303-18,,도로,"1,806.00"
1730,토지,일반재산,서울특별시 용산구 이촌동 303-5,,대,2.30
1731,토지,행정재산,서울특별시 용산구 이태원동 산 1-82,,임야,"1,421.00"
1732,토지,일반재산,서울특별시 용산구 이촌동 302-175,,대,190.00
1733,토지,행정재산,서울특별시 용산구 이촌동 302-155,,제방,5.30
1734,토지,행정재산,서울특별시 용산구 이촌동 302-138,,제방,"1,842.90"
1735,토지,행정재산,서울특별시 용산구 이촌동 302-36,,구거,686.00
1736,토지,행정재산,서울특별시 용산구 이태원동 산 1-162,,임야,100.00
1737,토지,행정재산,서울특별시 용산구 이촌동 301-168,,도로,247.90
1738,토지,행정재산,서울특별시 용산구 이촌동 301-167,,도로,23.10
1739,토지,행정재산,서울특별시 용산구 이촌동 301-166,,도로,132.20
1740,토지,행정재산,서울특별시 용산구 이태원동 산 1-163,,임야,365.00
1741,토지,일반재산,서울특별시 용산구 한남동 1-5,,대,70.00
1742,토지,행정재산,서울특별시 용산구 이태원동 621,,대,18.80
1743,토지,행정재산,서울특별시 용산구 이태원동 64-19,,도로,166.00
1744,토지,행정재산,서울특별시 용산구 이태원동 64-23,,도로,86.00
1745,토지,행정재산,서울특별시 용산구 이태원동 118-43,,도로,20.00
1746,토지,행정재산,서울특별시 용산구 이태원동 118-42,,도로,7.00
1747,토지,행정재산,서울특별시 용산구 이태원동 118-30,,도로,797.00
1748,토지,행정재산,서울특별시 용산구 이태원동 118-29,,도로,99.00
1749,토지,일반재산,서울특별시 용산구 이태원동 118-25,,도로,26.00
1750,토지,일반재산,서울특별시 용산구 이태원동 574,,도로,208.60
1751,토지,행정재산,서울특별시 용산구 이태원동 118-1,,도로,13.00
1752,토지,행정재산,서울특별시 용산구 이태원동 586,,도로,8.30
1753,토지,일반재산,서울특별시 용산구 이태원동 116-3,,대,136.30
1754,토지,일반재산,서울특별시 용산구 이태원동 101-56,,도로,71.00
1755,토지,일반재산,서울특별시 용산구 이태원동 101-3,,대,69.00
1756,토지,일반재산,서울특별시 용산구 이태원동 96-153,,대,3.00
1757,토지,행정재산,서울특별시 용산구 이태원동 96-150,,도로,207.00
1758,토지,일반재산,서울특별시 용산구 이태원동 96-104,,대,43.00
1759,토지,일반재산,서울특별시 용산구 이태원동 96-98,,잡종지,53.00
1760,토지,일반재산,서울특별시 용산구 이태원동 96-97,,잡종지,96.00
1761,토지,일반재산,서울특별시 용산구 이태원동 96-15,,도로,76.00
1762,토지,일반재산,서울특별시 용산구 이태원동 96-9,,잡종지,168.00
1763,토지,행정재산,서울특별시 용산구 이태원동 587,,대,26.80
1764,토지,일반재산,서울특별시 용산구 이태원동 96-2,,잡종지,975.00
1765,토지,일반재산,서울특별시 용산구 이태원동 92-38,,대,6.00
1766,토지,일반재산,서울특별시 용산구 이태원동 556-4,,도로,55.30
1767,토지,일반재산,서울특별시 용산구 이태원동 119-23,,도로,"11,309.70"
1768,토지,일반재산,서울특별시 용산구 이태원동 556-3,,도로,56.70
1769,토지,행정재산,서울특별시 용산구 이태원동 149-6,,도로,155.00
1770,토지,일반재산,서울특별시 용산구 이태원동 146,,도로,8.00
1771,토지,일반재산,서울특별시 용산구 이태원동 137-64,,도로,65.10
1772,토지,일반재산,서울특별시 용산구 이태원동 137-60,,대,10.20
1773,토지,일반재산,서울특별시 용산구 이태원동 137-21,,도로,71.40
1774,토지,일반재산,서울특별시 용산구 이태원동 131-51,,대,453.10
1775,토지,일반재산,서울특별시 용산구 이태원동 131-46,,대,1.10
1776,토지,행정재산,서울특별시 용산구 이태원동 131-33,,대,"2,369.70"
1777,토지,일반재산,서울특별시 용산구 이태원동 131-21,,대,12.50
1778,토지,일반재산,서울특별시 용산구 이태원동 131-17,,대,11.80
1779,토지,일반재산,서울특별시 용산구 이태원동 131-12,,대,127.90
1780,토지,일반재산,서울특별시 용산구 이태원동 130-45,,대,9.60
1781,토지,일반재산,서울특별시 용산구 이태원동 130-44,,대,3.80
1782,토지,일반재산,서울특별시 용산구 이태원동 130-38,,도로,10.50
1783,토지,일반재산,서울특별시 용산구 이태원동 130-20,,대,3.60
1784,토지,일반재산,서울특별시 용산구 이태원동 129-19,,대,24.80
1785,토지,행정재산,서울특별시 용산구 이태원동 129-3,,대,6.60
1786,토지,일반재산,서울특별시 용산구 이태원동 556,,도로,49.00
1787,토지,일반재산,서울특별시 용산구 이태원동 556-1,,도로,382.20
1788,토지,일반재산,서울특별시 용산구 이태원동 556-2,,도로,1.30
1789,토지,일반재산,서울특별시 용산구 이태원동 120-20,,대,107.00
1790,토지,일반재산,서울특별시 용산구 이태원동 83-13,,도로,26.00
1791,토지,일반재산,서울특별시 용산구 이태원동 79-24,,대,102.00
1792,토지,행정재산,서울특별시 용산구 이태원동 75-15,,대,16.00
1793,토지,행정재산,서울특별시 용산구 이태원동 590,,대,50.90
1794,토지,행정재산,서울특별시 용산구 이태원동 588,,도로,"1,015.50"
1795,토지,일반재산,서울특별시 용산구 이태원동 79-2,,대,23.00
1796,토지,일반재산,서울특별시 용산구 이태원동 78-34,,대,14.00
1797,토지,일반재산,서울특별시 용산구 이태원동 78-33,,도로,3.00
1798,토지,일반재산,서울특별시 용산구 이태원동 596,,대,10.20
1799,토지,일반재산,서울특별시 용산구 이태원동 73-14,,대,2.00
1800,토지,일반재산,서울특별시 용산구 이태원동 74-69,,대,40.00
1801,토지,일반재산,서울특별시 용산구 이태원동 78-20,,대,65.00
1802,토지,행정재산,서울특별시 용산구 이태원동 75-10,,도로,30.00
1803,토지,일반재산,서울특별시 용산구 이태원동 73-12,,도로,11.00
1804,토지,행정재산,서울특별시 용산구 이태원동 77-5,,도로,33.00
1805,토지,일반재산,서울특별시 용산구 이태원동 75-21,,대,2.00
1806,토지,일반재산,서울특별시 용산구 이태원동 598,,대,587.20
1807,토지,행정재산,서울특별시 용산구 이태원동 72-39,,대,13.00
1808,토지,일반재산,서울특별시 용산구 이태원동 75-20,,대,10.00
1809,토지,일반재산,서울특별시 용산구 이태원동 75-17,,대,7.00
1810,토지,행정재산,서울특별시 용산구 이태원동 72-15,,도로,73.00
1811,토지,행정재산,서울특별시 용산구 이태원동 72-11,,대,3.00
1812,토지,행정재산,서울특별시 용산구 이태원동 72-10,,대,10.00
1813,토지,행정재산,서울특별시 용산구 이태원동 614,,대,20.50
1814,토지,일반재산,서울특별시 용산구 후암동 1-5,,대,36.40
1815,토지,일반재산,서울특별시 용산구 후암동 146-4,,대,1.00
1816,토지,일반재산,서울특별시 용산구 후암동 146-3,,대,2.60
1817,토지,일반재산,서울특별시 용산구 후암동 146-2,,대,6.30
1818,토지,일반재산,서울특별시 용산구 후암동 145-9,,대,10.20
1819,토지,일반재산,서울특별시 용산구 후암동 145-8,,도로,9.60
1820,토지,일반재산,서울특별시 용산구 후암동 145-7,,대,7.60
1821,토지,일반재산,서울특별시 용산구 후암동 145-5,,대,1.30
1822,토지,일반재산,서울특별시 용산구 후암동 143-52,,대,72.90
1823,토지,일반재산,서울특별시 용산구 후암동 143-48,,대,16.50
1824,토지,일반재산,서울특별시 용산구 후암동 143-30,,대,1.60
1825,토지,일반재산,서울특별시 용산구 후암동 143-26,,대,2.30
1826,토지,일반재산,서울특별시 용산구 후암동 142-103,,대,14.20
1827,토지,일반재산,서울특별시 용산구 후암동 142-102,,대,10.90
1828,토지,일반재산,서울특별시 용산구 후암동 142-90,,도로,12.90
1829,토지,행정재산,서울특별시 용산구 후암동 142-83,,도로,2.60
1830,토지,일반재산,서울특별시 용산구 후암동 142-69,,도로,12.90
1831,토지,행정재산,서울특별시 용산구 후암동 142-64,,도로,28.40
1832,토지,행정재산,서울특별시 용산구 후암동 142-60,,도로,38.30
1833,토지,행정재산,서울특별시 용산구 후암동 142-49,,도로,2.00
1834,토지,일반재산,서울특별시 용산구 후암동 142-38,,대,11.90
1835,토지,일반재산,서울특별시 용산구 후암동 142-27,,대,164.29
1836,토지,행정재산,서울특별시 용산구 후암동 142-12,,도로,"1,781.70"
1837,토지,일반재산,서울특별시 용산구 후암동 142-9,,대,14.50
1838,토지,일반재산,서울특별시 용산구 후암동 141-10,,도로,14.20
1839,토지,일반재산,서울특별시 용산구 후암동 140-56,,대,4.60
1840,토지,일반재산,서울특별시 용산구 후암동 140-50,,대,3.30
1841,토지,일반재산,서울특별시 용산구 후암동 140-35,,대,16.50
1842,토지,일반재산,서울특별시 용산구 후암동 140-34,,대,7.30
1843,토지,일반재산,서울특별시 용산구 후암동 140-33,,대,5.60
1844,토지,일반재산,서울특별시 용산구 후암동 140-32,,대,5.00
1845,토지,일반재산,서울특별시 용산구 후암동 140-31,,대,9.90
1846,토지,행정재산,서울특별시 용산구 후암동 147-8,,도로,17.80
1847,토지,일반재산,서울특별시 용산구 후암동 147-13,,도로,23.50
1848,토지,일반재산,서울특별시 용산구 후암동 150-4,,대,16.50
1849,토지,일반재산,서울특별시 용산구 후암동 166-22,,대,12.20
1850,토지,일반재산,서울특별시 용산구 후암동 166-10,,대,1.60
1851,토지,일반재산,서울특별시 용산구 후암동 166-4,,대,9.90
1852,토지,일반재산,서울특별시 용산구 후암동 164-35,,대,0.60
1853,토지,일반재산,서울특별시 용산구 후암동 164-22,,대,4.30
1854,토지,일반재산,서울특별시 용산구 후암동 164-21,,대,7.90
1855,토지,행정재산,서울특별시 용산구 후암동 164-18,,도로,0.30
1856,토지,행정재산,서울특별시 용산구 후암동 164-16,,도로,0.30
1857,토지,행정재산,서울특별시 용산구 후암동 164-5,,도로,16.50
1858,토지,일반재산,서울특별시 용산구 후암동 164-2,,대,29.80
1859,토지,행정재산,서울특별시 용산구 후암동 163-4,,대,49.60
1860,토지,일반재산,서울특별시 용산구 후암동 162-5,,대,16.50
1861,토지,일반재산,서울특별시 용산구 후암동 162-3,,대,0.70
1862,토지,행정재산,서울특별시 용산구 후암동 162-2,,도로,2.30
1863,토지,일반재산,서울특별시 용산구 후암동 161-4,,대,0.30
1864,토지,일반재산,서울특별시 용산구 후암동 161-3,,대,6.30
1865,토지,일반재산,서울특별시 용산구 후암동 161-2,,도로,9.90
1866,토지,일반재산,서울특별시 용산구 후암동 160-5,,대,13.20
1867,토지,행정재산,서울특별시 용산구 후암동 160-4,,도로,9.90
1868,토지,행정재산,서울특별시 용산구 후암동 160-3,,도로,56.20
1869,토지,일반재산,서울특별시 용산구 후암동 159-11,,대,15.90
1870,토지,일반재산,서울특별시 용산구 후암동 159-10,,대,1.10
1871,토지,행정재산,서울특별시 용산구 후암동 159-7,,대,61.80
1872,토지,일반재산,서울특별시 용산구 후암동 159-3,,대,0.60
1873,토지,일반재산,서울특별시 용산구 후암동 159-2,,대,15.40
1874,토지,일반재산,서울특별시 용산구 후암동 155-22,,대,0.70
1875,토지,일반재산,서울특별시 용산구 후암동 155-13,,대,11.20
1876,토지,행정재산,서울특별시 용산구 후암동 155-12,,대,0.30
1877,토지,행정재산,서울특별시 용산구 후암동 155-11,,도로,2.60
1878,토지,행정재산,서울특별시 용산구 후암동 155-10,,도로,2.30
1879,토지,일반재산,서울특별시 용산구 후암동 155-4,,대,16.20
1880,토지,행정재산,서울특별시 용산구 후암동 140-24,,대,5.30
1881,토지,행정재산,서울특별시 용산구 후암동 140-23,,도로,9.90
1882,토지,행정재산,서울특별시 용산구 후암동 140-22,,도로,46.60
1883,토지,일반재산,서울특별시 용산구 후암동 123-32,,대,13.90
1884,토지,일반재산,서울특별시 용산구 후암동 123-31,,대,2.60
1885,토지,일반재산,서울특별시 용산구 후암동 120-1,,대,14.90
1886,토지,행정재산,서울특별시 용산구 후암동 116-33,,대,1.30
1887,토지,일반재산,서울특별시 용산구 후암동 116-31,,대,13.20
1888,토지,일반재산,서울특별시 용산구 후암동 116-29,,대,7.30
1889,토지,행정재산,서울특별시 용산구 후암동 116-22,,도로,16.50
1890,토지,일반재산,서울특별시 용산구 후암동 116-21,,도로,38.10
1891,토지,행정재산,서울특별시 용산구 후암동 116-16,,도로,3.30
1892,토지,행정재산,서울특별시 용산구 후암동 116-14,,도로,89.20
1893,토지,일반재산,서울특별시 용산구 후암동 116-12,,대,3.60
1894,토지,일반재산,서울특별시 용산구 후암동 116-9,,도로,26.40
1895,토지,일반재산,서울특별시 용산구 후암동 116-3,,도로,19.80
1896,토지,일반재산,서울특별시 용산구 후암동 114-46,,대,1.00
1897,토지,행정재산,서울특별시 용산구 후암동 114-39,,도로,13.20
1898,토지,일반재산,서울특별시 용산구 후암동 114-29,,도로,1.00
1899,토지,일반재산,서울특별시 용산구 후암동 114-24,,대,3.30
1900,토지,일반재산,서울특별시 용산구 후암동 114-19,,대,9.90
1901,토지,행정재산,서울특별시 용산구 후암동 114-17,,도로,47.90
1902,토지,행정재산,서울특별시 용산구 후암동 114-8,,도로,23.10
1903,토지,행정재산,서울특별시 용산구 후암동 114-5,,도로,26.40
1904,토지,행정재산,서울특별시 용산구 후암동 109-19,,도로,21.10
1905,토지,행정재산,서울특별시 용산구 후암동 109-14,,도로,10.10
1906,토지,일반재산,서울특별시 용산구 후암동 109-2,,도로,5.00
1907,토지,행정재산,서울특별시 용산구 후암동 108-19,,대,38.70
1908,토지,일반재산,서울특별시 용산구 후암동 108-17,,도로,3.60
1909,토지,일반재산,서울특별시 용산구 후암동 108-6,,대,2.60
1910,토지,일반재산,서울특별시 용산구 후암동 108-1,,대,2.80
1911,토지,일반재산,서울특별시 용산구 후암동 105-222,,대,1.20
1912,토지,일반재산,서울특별시 용산구 후암동 105-208,,도로,4.70
1913,토지,일반재산,서울특별시 용산구 후암동 105-206,,도로,58.90
1914,토지,행정재산,서울특별시 용산구 후암동 123-38,,대,14.20
1915,토지,일반재산,서울특별시 용산구 후암동 128-6,,대,24.50
1916,토지,일반재산,서울특별시 용산구 후암동 128-8,,대,10.40
1917,토지,행정재산,서울특별시 용산구 후암동 140-15,,도로,26.40
1918,토지,행정재산,서울특별시 용산구 후암동 140-9,,도로,6.60
1919,토지,일반재산,서울특별시 용산구 후암동 139-11,,대,8.27
1920,토지,일반재산,서울특별시 용산구 후암동 139-8,,대,1.94
1921,토지,일반재산,서울특별시 용산구 후암동 139-6,,대,8.76
1922,토지,일반재산,서울특별시 용산구 후암동 139-5,,대,7.30
1923,토지,일반재산,서울특별시 용산구 후암동 139-4,,도로,23.50
1924,토지,행정재산,서울특별시 용산구 후암동 139-2,,도로,4.00
1925,토지,일반재산,서울특별시 용산구 후암동 139-1,,대,19.80
1926,토지,행정재산,서울특별시 용산구 후암동 138-3,,대,3.30
1927,토지,행정재산,서울특별시 용산구 후암동 138-2,,대,4.60
1928,토지,행정재산,서울특별시 용산구 후암동 137-5,,도로,4.00
1929,토지,행정재산,서울특별시 용산구 후암동 137-4,,도로,10.90
1930,토지,행정재산,서울특별시 용산구 후암동 137-2,,도로,10.90
1931,토지,일반재산,서울특별시 용산구 후암동 136-4,,전,12.20
1932,토지,일반재산,서울특별시 용산구 후암동 136-3,,대,3.00
1933,토지,일반재산,서울특별시 용산구 후암동 135-12,,도로,12.90
1934,토지,일반재산,서울특별시 용산구 후암동 135-11,,대,10.90
1935,토지,일반재산,서울특별시 용산구 후암동 135-10,,대,2.00
1936,토지,행정재산,서울특별시 용산구 후암동 135-2,,도로,16.50
1937,토지,일반재산,서울특별시 용산구 후암동 134-9,,대,2.30
1938,토지,일반재산,서울특별시 용산구 후암동 134-8,,대,5.60
1939,토지,일반재산,서울특별시 용산구 후암동 134-7,,대,19.80
1940,토지,일반재산,서울특별시 용산구 후암동 134-2,,대,5.00
1941,토지,일반재산,서울특별시 용산구 후암동 132-26,,대,16.10
1942,토지,일반재산,서울특별시 용산구 후암동 132-15,,대,8.60
1943,토지,일반재산,서울특별시 용산구 후암동 132-14,,대,8.90
1944,토지,행정재산,서울특별시 용산구 후암동 132-13,,대,5.30
1945,토지,행정재산,서울특별시 용산구 후암동 131-6,,대,23.20
1946,토지,일반재산,서울특별시 용산구 후암동 131-3,,대,24.10
1947,토지,행정재산,서울특별시 용산구 후암동 128-9,,대,7.90
1948,토지,일반재산,서울특별시 용산구 후암동 167-1,,대,42.60
1949,토지,일반재산,서울특별시 용산구 후암동 167-4,,대,12.90
1950,토지,일반재산,서울특별시 용산구 후암동 259-30,,대,14.50
1951,토지,일반재산,서울특별시 용산구 후암동 259-29,,대,24.90
1952,토지,행정재산,서울특별시 용산구 후암동 259-20,,도로,124.30
1953,토지,일반재산,서울특별시 용산구 후암동 259-14,,대,22.00
1954,토지,행정재산,서울특별시 용산구 후암동 257-14,,대,24.80
1955,토지,일반재산,서울특별시 용산구 후암동 257-6,,도로,46.30
1956,토지,행정재산,서울특별시 용산구 후암동 256-8,,대,4.60
1957,토지,일반재산,서울특별시 용산구 후암동 256-1,,대,2.00
1958,토지,행정재산,서울특별시 용산구 후암동 255-35,,도로,38.70
1959,토지,일반재산,서울특별시 용산구 후암동 255-19,,대,15.80
1960,토지,일반재산,서울특별시 용산구 후암동 255-16,,대,0.70
1961,토지,일반재산,서울특별시 용산구 후암동 255-15,,대,23.50
1962,토지,일반재산,서울특별시 용산구 후암동 254-116,,대,1.20
1963,토지,일반재산,서울특별시 용산구 후암동 254-97,,대,25.10
1964,토지,일반재산,서울특별시 용산구 후암동 254-75,,도로,42.30
1965,토지,행정재산,서울특별시 용산구 후암동 254-68,,도로,3.30
1966,토지,일반재산,서울특별시 용산구 후암동 254-62,,대,9.90
1967,토지,행정재산,서울특별시 용산구 후암동 254-56,,도로,3.00
1968,토지,일반재산,서울특별시 용산구 후암동 254-23,,도로,23.10
1969,토지,행정재산,서울특별시 용산구 후암동 254-1,,도로,10.20
1970,토지,행정재산,서울특별시 용산구 후암동 251-10,,도로,66.40
1971,토지,행정재산,서울특별시 용산구 후암동 251-5,,도로,128.90
1972,토지,행정재산,서울특별시 용산구 후암동 249-46,,구거,41.70
1973,토지,행정재산,서울특별시 용산구 후암동 249-27,,도로,6.90
1974,토지,행정재산,서울특별시 용산구 후암동 249-24,,도로,69.40
1975,토지,행정재산,서울특별시 용산구 후암동 249-20,,구거,4.30
1976,토지,행정재산,서울특별시 용산구 후암동 249-17,,도로,9.60
1977,토지,행정재산,서울특별시 용산구 후암동 249-10,,구거,43.00
1978,토지,일반재산,서울특별시 용산구 후암동 247-74,,대,8.60
1979,토지,일반재산,서울특별시 용산구 후암동 247-53,,대,6.30
1980,토지,행정재산,서울특별시 용산구 후암동 247-36,,도로,9.60
1981,토지,일반재산,서울특별시 용산구 후암동 262-7,,대,2.60
1982,토지,행정재산,서울특별시 용산구 후암동 262-11,,대,0.70
1983,토지,일반재산,서울특별시 용산구 후암동 262-16,,대,3.30
1984,토지,일반재산,서울특별시 용산구 후암동 283-8,,대,13.60
1985,토지,일반재산,서울특별시 용산구 후암동 281-11,,대,7.10
1986,토지,일반재산,서울특별시 용산구 후암동 281-9,,도로,0.40
1987,토지,일반재산,서울특별시 용산구 후암동 281-5,,대,2.50
1988,토지,일반재산,서울특별시 용산구 후암동 280-7,,대,2.00
1989,토지,일반재산,서울특별시 용산구 후암동 280-2,,대,4.60
1990,토지,일반재산,서울특별시 용산구 후암동 279-8,,대,4.00
1991,토지,행정재산,서울특별시 용산구 후암동 279-4,,도로,29.40
1992,토지,일반재산,서울특별시 용산구 후암동 278-4,,대,8.90
1993,토지,행정재산,서울특별시 용산구 후암동 278-2,,대,14.50
1994,토지,행정재산,서울특별시 용산구 후암동 276-21,,도로,30.70
1995,토지,행정재산,서울특별시 용산구 후암동 276-7,,도로,3.30
1996,토지,행정재산,서울특별시 용산구 후암동 276-4,,도로,33.00
1997,토지,행정재산,서울특별시 용산구 후암동 276-3,,도로,6.60
1998,토지,행정재산,서울특별시 용산구 후암동 267-4,,도로,4.80
1999,토지,일반재산,서울특별시 용산구 후암동 265-6,,대,1.60
2000,토지,행정재산,서울특별시 용산구 후암동 265-3,,대,33.00
2001,토지,일반재산,서울특별시 용산구 후암동 264-33,,대,0.80
2002,토지,일반재산,서울특별시 용산구 후암동 264-32,,대,0.30
2003,토지,일반재산,서울특별시 용산구 후암동 264-30,,대,0.30
2004,토지,일반재산,서울특별시 용산구 후암동 264-25,,대,8.48
2005,토지,일반재산,서울특별시 용산구 후암동 264-19,,대,2.60
2006,토지,일반재산,서울특별시 용산구 후암동 264-9,,대,0.20
2007,토지,일반재산,서울특별시 용산구 후암동 264-8,,대,2.30
2008,토지,행정재산,서울특별시 용산구 후암동 264-2,,도로,9.90
2009,토지,행정재산,서울특별시 용산구 후암동 264-1,,도로,57.50
2010,토지,일반재산,서울특별시 용산구 후암동 263-16,,대,2.00
2011,토지,일반재산,서울특별시 용산구 후암동 263-9,,도로,78.20
2012,토지,일반재산,서울특별시 용산구 후암동 263-6,,대,1.10
2013,토지,일반재산,서울특별시 용산구 후암동 263-5,,대,4.00
2014,토지,행정재산,서울특별시 용산구 후암동 263-4,,대,14.90
2015,토지,행정재산,서울특별시 용산구 후암동 247-30,,도로,25.80
2016,토지,일반재산,서울특별시 용산구 후암동 247-27,,대,2.00
2017,토지,일반재산,서울특별시 용산구 후암동 247-24,,대,6.60
2018,토지,일반재산,서울특별시 용산구 후암동 198-3,,대,6.90
2019,토지,일반재산,서울특별시 용산구 후암동 195-15,,대,3.30
2020,토지,행정재산,서울특별시 용산구 후암동 195-9,,도로,8.90
2021,토지,행정재산,서울특별시 용산구 후암동 195-7,,대,18.50
2022,토지,행정재산,서울특별시 용산구 후암동 195-5,,대,56.20
2023,토지,행정재산,서울특별시 용산구 후암동 195-2,,도로,10.90
2024,토지,일반재산,서울특별시 용산구 후암동 194-17,,대,0.70
2025,토지,일반재산,서울특별시 용산구 후암동 194-9,,대,5.30
2026,토지,일반재산,서울특별시 용산구 후암동 194-2,,대,14.20
2027,토지,일반재산,서울특별시 용산구 후암동 192-110,,대,7.10
2028,토지,일반재산,서울특별시 용산구 후암동 192-109,,대,1.10
2029,토지,일반재산,서울특별시 용산구 후암동 192-94,,대,7.30
2030,토지,일반재산,서울특별시 용산구 후암동 192-92,,대,1.50
2031,토지,일반재산,서울특별시 용산구 후암동 192-88,,대,8.90
2032,토지,일반재산,서울특별시 용산구 후암동 192-87,,대,2.00
2033,토지,일반재산,서울특별시 용산구 후암동 192-86,,대,10.20
2034,토지,행정재산,서울특별시 용산구 후암동 192-84,,도로,8.30
2035,토지,일반재산,서울특별시 용산구 후암동 192-71,,대,4.30
2036,토지,행정재산,서울특별시 용산구 후암동 192-66,,도로,23.10
2037,토지,행정재산,서울특별시 용산구 후암동 192-56,,도로,13.20
2038,토지,일반재산,서울특별시 용산구 후암동 192-39,,도로,36.40
2039,토지,일반재산,서울특별시 용산구 후암동 192-38,,대,8.90
2040,토지,일반재산,서울특별시 용산구 후암동 192-37,,대,26.10
2041,토지,행정재산,서울특별시 용산구 후암동 192-29,,학교용지,6.00
2042,토지,일반재산,서울특별시 용산구 후암동 191-6,,대,3.00
2043,토지,일반재산,서울특별시 용산구 후암동 191-5,,대,2.00
2044,토지,행정재산,서울특별시 용산구 후암동 185-2,,도로,358.00
2045,토지,일반재산,서울특별시 용산구 후암동 183-14,,대,4.30
2046,토지,행정재산,서울특별시 용산구 후암동 183-9,,도로,39.70
2047,토지,일반재산,서울특별시 용산구 후암동 167-7,,대,27.70
2048,토지,일반재산,서울특별시 용산구 후암동 167-5,,대,0.40
2049,토지,일반재산,서울특별시 용산구 후암동 198-9,,대,13.20
2050,토지,일반재산,서울특별시 용산구 후암동 198-10,,대,5.30
2051,토지,일반재산,서울특별시 용산구 후암동 198-11,,대,16.20
2052,토지,행정재산,서울특별시 용산구 후암동 247-18,,도로,17.20
2053,토지,일반재산,서울특별시 용산구 후암동 247-12,,대,3.73
2054,토지,일반재산,서울특별시 용산구 후암동 247-3,,대,17.70
2055,토지,일반재산,서울특별시 용산구 후암동 247-2,,대,6.30
2056,토지,행정재산,서울특별시 용산구 후암동 245-1,,도로,2.60
2057,토지,행정재산,서울특별시 용산구 후암동 244-162,,구거,4.60
2058,토지,일반재산,서울특별시 용산구 후암동 244-157,,대,7.00
2059,토지,행정재산,서울특별시 용산구 후암동 244-146,,도로,"1,751.10"
2060,토지,일반재산,서울특별시 용산구 후암동 244-142,,대,5.90
2061,토지,일반재산,서울특별시 용산구 후암동 244-129,,대,27.40
2062,토지,일반재산,서울특별시 용산구 후암동 244-69,,대,78.30
2063,토지,행정재산,서울특별시 용산구 후암동 244-18,,구거,2.60
2064,토지,행정재산,서울특별시 용산구 후암동 244-14,,구거,9.90
2065,토지,행정재산,서울특별시 용산구 후암동 244-6,,도로,56.20
2066,토지,일반재산,서울특별시 용산구 후암동 239-11,,학교용지,1.50
2067,토지,일반재산,서울특별시 용산구 후암동 238-34,,대,1.60
2068,토지,일반재산,서울특별시 용산구 후암동 236-16,,대,0.06
2069,토지,행정재산,서울특별시 용산구 후암동 236-11,,도로,77.00
2070,토지,일반재산,서울특별시 용산구 후암동 236-9,,대,1.38
2071,토지,일반재산,서울특별시 용산구 후암동 228-3,,대,1.60
2072,토지,일반재산,서울특별시 용산구 후암동 220-1,,도로,9.90
2073,토지,일반재산,서울특별시 용산구 후암동 211-6,,대,1.87
2074,토지,일반재산,서울특별시 용산구 후암동 211-5,,대,1.87
2075,토지,일반재산,서울특별시 용산구 후암동 211-4,,대,0.26
2076,토지,일반재산,서울특별시 용산구 후암동 211-3,,대,17.58
2077,토지,일반재산,서울특별시 용산구 후암동 211-1,,대,15.20
2078,토지,행정재산,서울특별시 용산구 후암동 204-2,,도로,39.70
2079,토지,일반재산,서울특별시 용산구 후암동 199-12,,대,2.00
2080,토지,일반재산,서울특별시 용산구 후암동 199-11,,대,1.00
2081,토지,일반재산,서울특별시 용산구 후암동 199-5,,대,6.00
2082,토지,일반재산,서울특별시 용산구 후암동 199-2,,대,7.90
2083,토지,행정재산,서울특별시 용산구 후암동 105-174,,도로,10.40
2084,토지,일반재산,서울특별시 용산구 후암동 105-167,,대,3.30
2085,토지,일반재산,서울특별시 용산구 후암동 105-162,,대,5.60
2086,토지,행정재산,서울특별시 용산구 후암동 45-11,,도로,156.40
2087,토지,일반재산,서울특별시 용산구 후암동 45-9,,대,105.80
2088,토지,일반재산,서울특별시 용산구 후암동 45-6,,대,7.60
2089,토지,일반재산,서울특별시 용산구 후암동 44-67,,대,7.10
2090,토지,일반재산,서울특별시 용산구 후암동 44-57,,도로,61.50
2091,토지,일반재산,서울특별시 용산구 후암동 44-56,,대,143.10
2092,토지,일반재산,서울특별시 용산구 후암동 44-55,,대,94.20
2093,토지,일반재산,서울특별시 용산구 후암동 44-54,,대,143.10
2094,토지,일반재산,서울특별시 용산구 후암동 44-53,,대,133.60
2095,토지,일반재산,서울특별시 용산구 후암동 44-52,,대,12.50
2096,토지,일반재산,서울특별시 용산구 후암동 44-51,,대,136.50
2097,토지,일반재산,서울특별시 용산구 후암동 44-50,,대,25.10
2098,토지,일반재산,서울특별시 용산구 후암동 44-49,,대,56.90
2099,토지,일반재산,서울특별시 용산구 후암동 44-48,,대,133.60
2100,토지,일반재산,서울특별시 용산구 후암동 44-47,,대,115.70
2101,토지,일반재산,서울특별시 용산구 후암동 44-46,,대,5.60
2102,토지,일반재산,서울특별시 용산구 후암동 44-43,,대,5.60
2103,토지,일반재산,서울특별시 용산구 후암동 44-40,,대,2.00
2104,토지,일반재산,서울특별시 용산구 후암동 44-39,,대,7.20
2105,토지,일반재산,서울특별시 용산구 후암동 44-36,,대,77.00
2106,토지,일반재산,서울특별시 용산구 후암동 44-32,,대,2.00
2107,토지,일반재산,서울특별시 용산구 후암동 44-30,,대,1.30
2108,토지,일반재산,서울특별시 용산구 후암동 44-10,,대,8.60
2109,토지,일반재산,서울특별시 용산구 후암동 44-7,,대,394.60
2110,토지,일반재산,서울특별시 용산구 후암동 43-74,,대,8.30
2111,토지,행정재산,서울특별시 용산구 후암동 43-72,,도로,135.00
2112,토지,일반재산,서울특별시 용산구 후암동 43-70,,대,3.20
2113,토지,일반재산,서울특별시 용산구 후암동 43-52,,대,50.60
2114,토지,일반재산,서울특별시 용산구 후암동 43-50,,대,4.60
2115,토지,일반재산,서울특별시 용산구 후암동 43-44,,대,25.40
2116,토지,일반재산,서울특별시 용산구 후암동 45-21,,대,13.20
2117,토지,일반재산,서울특별시 용산구 후암동 45-26,,대,7.20
2118,토지,일반재산,서울특별시 용산구 후암동 56-29,,대,2.45
2119,토지,행정재산,서울특별시 용산구 후암동 56-27,,구거,15.50
2120,토지,일반재산,서울특별시 용산구 후암동 56-24,,대,0.60
2121,토지,일반재산,서울특별시 용산구 후암동 56-20,,대,0.30
2122,토지,일반재산,서울특별시 용산구 후암동 56-19,,대,2.30
2123,토지,일반재산,서울특별시 용산구 후암동 56-14,,대,1.07
2124,토지,일반재산,서울특별시 용산구 후암동 56-13,,대,23.77
2125,토지,일반재산,서울특별시 용산구 후암동 56-10,,대,1.99
2126,토지,일반재산,서울특별시 용산구 후암동 56-9,,대,3.55
2127,토지,행정재산,서울특별시 용산구 후암동 56-3,,도로,2.00
2128,토지,일반재산,서울특별시 용산구 후암동 55-40,,대,16.50
2129,토지,행정재산,서울특별시 용산구 후암동 55-4,,도로,3.30
2130,토지,일반재산,서울특별시 용산구 후암동 49-52,,도로,3.20
2131,토지,일반재산,서울특별시 용산구 후암동 49-42,,도로,4.20
2132,토지,행정재산,서울특별시 용산구 후암동 49-38,,도로,33.70
2133,토지,일반재산,서울특별시 용산구 후암동 49-30,,대,7.00
2134,토지,일반재산,서울특별시 용산구 후암동 49-27,,대,15.50
2135,토지,행정재산,서울특별시 용산구 후암동 49-20,,도로,29.80
2136,토지,일반재산,서울특별시 용산구 후암동 49-3,,대,1.60
2137,토지,행정재산,서울특별시 용산구 후암동 47-4,,도로,131.90
2138,토지,일반재산,서울특별시 용산구 후암동 46-8,,대,0.70
2139,토지,일반재산,서울특별시 용산구 후암동 46-6,,대,1.60
2140,토지,일반재산,서울특별시 용산구 후암동 45-63,,대,48.07
2141,토지,일반재산,서울특별시 용산구 후암동 45-62,,대,234.39
2142,토지,일반재산,서울특별시 용산구 후암동 45-61,,대,239.36
2143,토지,일반재산,서울특별시 용산구 후암동 45-52,,임야,517.80
2144,토지,일반재산,서울특별시 용산구 후암동 45-51,,임야,109.90
2145,토지,일반재산,서울특별시 용산구 후암동 45-39,,대,631.28
2146,토지,일반재산,서울특별시 용산구 후암동 45-38,,대,2.30
2147,토지,일반재산,서울특별시 용산구 후암동 45-31,,대,3.30
2148,토지,일반재산,서울특별시 용산구 후암동 43-33,,대,163.20
2149,토지,일반재산,서울특별시 용산구 후암동 43-28,,대,28.40
2150,토지,일반재산,서울특별시 용산구 후암동 43-24,,대,1.30
2151,토지,일반재산,서울특별시 용산구 후암동 30-121,,도로,14.50
2152,토지,일반재산,서울특별시 용산구 후암동 30-120,,도로,343.10
2153,토지,일반재산,서울특별시 용산구 후암동 30-119,,대,64.30
2154,토지,일반재산,서울특별시 용산구 후암동 30-118,,도로,3.60
2155,토지,일반재산,서울특별시 용산구 후암동 30-117,,도로,83.60
2156,토지,일반재산,서울특별시 용산구 후암동 30-116,,대,0.40
2157,토지,일반재산,서울특별시 용산구 후암동 30-114,,도로,0.70
2158,토지,일반재산,서울특별시 용산구 후암동 30-96,,도로,209.70
2159,토지,일반재산,서울특별시 용산구 후암동 30-95,,학교용지,360.60
2160,토지,일반재산,서울특별시 용산구 후암동 30-94,,대,1.30
2161,토지,일반재산,서울특별시 용산구 후암동 30-93,,대,1.30
2162,토지,일반재산,서울특별시 용산구 후암동 30-87,,도로,6.60
2163,토지,일반재산,서울특별시 용산구 후암동 30-83,,도로,20.80
2164,토지,일반재산,서울특별시 용산구 후암동 30-82,,대,"3,720.20"
2165,토지,행정재산,서울특별시 용산구 후암동 30-59,,도로,27.10
2166,토지,일반재산,서울특별시 용산구 후암동 30-55,,대,11.90
2167,토지,일반재산,서울특별시 용산구 후암동 30-54,,대,3.30
2168,토지,일반재산,서울특별시 용산구 후암동 30-44,,대,6.60
2169,토지,일반재산,서울특별시 용산구 후암동 30-39,,대,6.00
2170,토지,일반재산,서울특별시 용산구 후암동 27-41,,도로,36.80
2171,토지,행정재산,서울특별시 용산구 후암동 27-16,,도로,86.00
2172,토지,일반재산,서울특별시 용산구 후암동 27-6,,도로,52.90
2173,토지,일반재산,서울특별시 용산구 후암동 27-5,,도로,52.90
2174,토지,행정재산,서울특별시 용산구 후암동 27-3,,도로,86.00
2175,토지,일반재산,서울특별시 용산구 후암동 23-2,,대,6.60
2176,토지,행정재산,서울특별시 용산구 후암동 17-2,,도로,73.70
2177,토지,행정재산,서울특별시 용산구 후암동 6-3,,대,5.60
2178,토지,일반재산,서울특별시 용산구 후암동 3-16,,대,4.50
2179,토지,일반재산,서울특별시 용산구 후암동 3-13,,대,3.10
2180,토지,일반재산,서울특별시 용산구 후암동 1-49,,도로,7.60
2181,토지,일반재산,서울특별시 용산구 후암동 30-122,,대,15.20
2182,토지,일반재산,서울특별시 용산구 후암동 30-126,,대,13.00
2183,토지,일반재산,서울특별시 용산구 후암동 41-26,,대,111.40
2184,토지,일반재산,서울특별시 용산구 후암동 41-23,,대,29.10
2185,토지,일반재산,서울특별시 용산구 후암동 41-22,,대,54.50
2186,토지,일반재산,서울특별시 용산구 후암동 41-21,,대,0.60
2187,토지,일반재산,서울특별시 용산구 후암동 41-15,,도로,647.50
2188,토지,일반재산,서울특별시 용산구 후암동 41-3,,도로,79.30
2189,토지,행정재산,서울특별시 용산구 후암동 38-5,,도로,20.80
2190,토지,행정재산,서울특별시 용산구 후암동 31-2,,도로,146.70
2191,토지,행정재산,서울특별시 용산구 후암동 30-173,,도로,48.00
2192,토지,일반재산,서울특별시 용산구 후암동 30-172,,도로,260.00
2193,토지,일반재산,서울특별시 용산구 후암동 30-171,,도로,21.70
2194,토지,일반재산,서울특별시 용산구 후암동 30-167,,대,27.00
2195,토지,일반재산,서울특별시 용산구 후암동 30-166,,도로,"1,155.90"
2196,토지,일반재산,서울특별시 용산구 후암동 30-165,,도로,168.80
2197,토지,행정재산,서울특별시 용산구 후암동 30-163,,도로,578.90
2198,토지,일반재산,서울특별시 용산구 후암동 30-161,,도로,445.40
2199,토지,일반재산,서울특별시 용산구 후암동 30-155,,도로,79.50
2200,토지,일반재산,서울특별시 용산구 후암동 30-154,,대,1.70
2201,토지,일반재산,서울특별시 용산구 후암동 30-153,,도로,10.00
2202,토지,일반재산,서울특별시 용산구 후암동 30-152,,임야,76.00
2203,토지,일반재산,서울특별시 용산구 후암동 30-151,,임야,1.50
2204,토지,일반재산,서울특별시 용산구 후암동 30-150,,도로,35.50
2205,토지,일반재산,서울특별시 용산구 후암동 30-148,,도로,15.90
2206,토지,일반재산,서울특별시 용산구 후암동 30-147,,도로,15.10
2207,토지,일반재산,서울특별시 용산구 후암동 30-146,,학교용지,"2,434.70"
2208,토지,행정재산,서울특별시 용산구 후암동 30-145,,도로,"9,104.00"
2209,토지,행정재산,서울특별시 용산구 후암동 30-141,,도로,54.20
2210,토지,행정재산,서울특별시 용산구 후암동 30-138,,학교용지,"10,096.30"
2211,토지,일반재산,서울특별시 용산구 후암동 30-129,,대,4.70
2212,토지,일반재산,서울특별시 용산구 후암동 30-127,,대,6.10
2213,토지,일반재산,서울특별시 용산구 후암동 56-37,,대,1.72
2214,토지,행정재산,서울특별시 용산구 후암동 60-32,,도로,898.20
2215,토지,행정재산,서울특별시 용산구 후암동 76-3,,대,36.70
2216,토지,일반재산,서울특별시 용산구 후암동 76-5,,대,12.90
2217,토지,일반재산,서울특별시 용산구 후암동 76-8,,대,0.70
2218,토지,일반재산,서울특별시 용산구 후암동 58-31,,도로,6.60
2219,토지,일반재산,서울특별시 용산구 후암동 93,,대,0.70
2220,토지,행정재산,서울특별시 용산구 후암동 93-1,,대,5.60
2221,토지,행정재산,서울특별시 용산구 후암동 93-2,,대,16.50
2222,토지,일반재산,서울특별시 용산구 후암동 58-29,,도로,2.30
2223,토지,일반재산,서울특별시 용산구 후암동 58-22,,도로,2.30
2224,토지,행정재산,서울특별시 용산구 후암동 58-21,,도로,12.50
2225,토지,행정재산,서울특별시 용산구 후암동 93-7,,대,6.30
2226,토지,일반재산,서울특별시 용산구 후암동 58-15,,대,1.40
2227,토지,일반재산,서울특별시 용산구 후암동 102-10,,대,4.60
2228,토지,행정재산,서울특별시 용산구 후암동 58-10,,도로,1.70
2229,토지,행정재산,서울특별시 용산구 후암동 102-34,,대,38.40
2230,토지,일반재산,서울특별시 용산구 후암동 102-38,,대,10.90
2231,토지,일반재산,서울특별시 용산구 후암동 102-46,,대,6.60
2232,토지,일반재산,서울특별시 용산구 후암동 102-50,,대,16.80
2233,토지,일반재산,서울특별시 용산구 후암동 102-54,,대,11.90
2234,토지,행정재산,서울특별시 용산구 후암동 58-3,,대,5.40
2235,토지,행정재산,서울특별시 용산구 후암동 58-2,,도로,2.30
2236,토지,일반재산,서울특별시 용산구 후암동 57-4,,도로,0.90
2237,토지,일반재산,서울특별시 용산구 후암동 58-49,,도로,1.70
2238,토지,일반재산,서울특별시 용산구 후암동 58-50,,도로,0.60
2239,토지,일반재산,서울특별시 용산구 후암동 75-4,,대,3.60
2240,토지,일반재산,서울특별시 용산구 후암동 64-3,,도로,1.60
2241,토지,일반재산,서울특별시 용산구 후암동 64-2,,전,5.30
2242,토지,일반재산,서울특별시 용산구 후암동 64-1,,대,4.41
2243,토지,행정재산,서울특별시 용산구 후암동 62-3,,도로,5.30
2244,토지,일반재산,서울특별시 용산구 후암동 62-2,,도로,120.30
2245,토지,일반재산,서울특별시 용산구 후암동 62-1,,도로,109.10
2246,토지,일반재산,서울특별시 용산구 후암동 65-1,,도로,11.90
2247,토지,일반재산,서울특별시 용산구 후암동 60-75,,대,0.40
2248,토지,일반재산,서울특별시 용산구 후암동 60-72,,대,31.00
2249,토지,일반재산,서울특별시 용산구 후암동 60-49,,대,16.50
2250,토지,행정재산,서울특별시 용산구 후암동 60-48,,도로,9.90
2251,토지,행정재산,서울특별시 용산구 후암동 60-47,,도로,3.30
2252,토지,행정재산,서울특별시 용산구 후암동 60-45,,도로,43.00
2253,토지,행정재산,서울특별시 용산구 후암동 65-3,,도로,46.30
2254,토지,일반재산,서울특별시 용산구 후암동 59-22,,대,5.20
2255,토지,일반재산,서울특별시 용산구 후암동 59-20,,도로,10.00
2256,토지,일반재산,서울특별시 용산구 후암동 59-16,,도로,13.20
2257,토지,일반재산,서울특별시 용산구 후암동 59-13,,도로,8.00
2258,토지,일반재산,서울특별시 용산구 후암동 65-11,,대,39.30
2259,토지,행정재산,서울특별시 용산구 후암동 59-12,,도로,2.70
2260,토지,일반재산,서울특별시 용산구 후암동 59-5,,도로,0.30
2261,토지,일반재산,서울특별시 용산구 후암동 75-3,,대,2.00
2262,토지,일반재산,서울특별시 용산구 후암동 103-13,,대,7.90
2263,토지,일반재산,서울특별시 용산구 후암동 105-112,,대,13.20
2264,토지,일반재산,서울특별시 용산구 후암동 105-81,,대,40.70
2265,토지,일반재산,서울특별시 용산구 후암동 56-41,,대,0.05
2266,토지,일반재산,서울특별시 용산구 후암동 56-40,,도로,9.30
2267,토지,일반재산,서울특별시 용산구 후암동 105-31,,대,15.50
2268,토지,일반재산,서울특별시 용산구 후암동 57-1,,대,23.10
2269,토지,일반재산,서울특별시 용산구 후암동 103-22,,도로,145.40
2270,토지,일반재산,서울특별시 용산구 후암동 57-3,,대,9.00
2271,토지,일반재산,서울특별시 용산구 후암동 103-21,,도로,146.10
2272,토지,일반재산,서울특별시 용산구 후암동 105-131,,대,1.30
2273,토지,일반재산,서울특별시 용산구 후암동 103-16,,대,2.00
2274,토지,행정재산,서울특별시 용산구 한남동 11-6,,도로,288.00
2275,토지,일반재산,서울특별시 용산구 한남동 760-32,,대,30.00
2276,토지,일반재산,서울특별시 용산구 한남동 760-25,,대,225.00
2277,토지,일반재산,서울특별시 용산구 한남동 760-17,,대,149.00
2278,토지,일반재산,서울특별시 용산구 한남동 760-15,,대,20.00
2279,토지,일반재산,서울특별시 용산구 한남동 760-14,,대,20.00
2280,토지,일반재산,서울특별시 용산구 한남동 760-10,,도로,142.00
2281,토지,일반재산,서울특별시 용산구 한남동 760-5,,대,3.00
2282,토지,일반재산,서울특별시 용산구 한남동 759-9,,대,139.00
2283,토지,일반재산,서울특별시 용산구 한남동 759-5,,대,44.00
2284,토지,일반재산,서울특별시 용산구 한남동 759-3,,대,188.00
2285,토지,일반재산,서울특별시 용산구 한남동 758-44,,대,3.00
2286,토지,일반재산,서울특별시 용산구 한남동 758-39,,대,66.00
2287,토지,일반재산,서울특별시 용산구 한남동 758-37,,대,20.00
2288,토지,일반재산,서울특별시 용산구 한남동 758-3,,대,79.00
2289,토지,일반재산,서울특별시 용산구 한남동 757-25,,대,7.00
2290,토지,일반재산,서울특별시 용산구 한남동 756-20,,대,7.00
2291,토지,일반재산,서울특별시 용산구 한남동 756-18,,대,3.00
2292,토지,일반재산,서울특별시 용산구 한남동 762-11,,대,16.00
2293,토지,행정재산,서울특별시 용산구 한남동 산 8-60,,임야,187.00
2294,토지,행정재산,서울특별시 용산구 한남동 산 9-4,,임야,198.00
2295,토지,행정재산,서울특별시 용산구 동빙고동 1-138,,도로,46.00
2296,토지,일반재산,서울특별시 용산구 동빙고동 1-137,,대,1.00
2297,토지,일반재산,서울특별시 용산구 동빙고동 1-136,,대,14.00
2298,토지,행정재산,서울특별시 용산구 동빙고동 1-2,,도로,605.00
2299,토지,행정재산,서울특별시 용산구 한남동 산 10-182,,임야,29.00
2300,토지,행정재산,서울특별시 용산구 한남동 산 10-143,,임야,"17,527.00"
2301,토지,행정재산,서울특별시 용산구 한남동 산 10-77,,임야,"22,509.00"
2302,토지,행정재산,서울특별시 용산구 한남동 산 10-28,,임야,298.00
2303,토지,행정재산,서울특별시 용산구 한남동 산 10-19,,임야,"14,559.00"
2304,토지,행정재산,서울특별시 용산구 한남동 산 10-16,,임야,"197,950.00"
2305,토지,행정재산,서울특별시 용산구 한남동 산 10-12,,임야,"4,264.00"
2306,토지,행정재산,서울특별시 용산구 한남동 산 10-9,,도로,"1,117.00"
2307,토지,행정재산,서울특별시 용산구 한남동 산 10-1,,임야,"14,694.00"
2308,토지,행정재산,서울특별시 용산구 한남동 산 9-19,,임야,"4,595.00"
2309,토지,행정재산,서울특별시 용산구 한남동 산 9-7,,임야,99.00
2310,토지,행정재산,서울특별시 용산구 한남동 산 9-6,,임야,397.00
2311,토지,행정재산,서울특별시 용산구 한남동 산 9-5,,임야,99.00
2312,토지,일반재산,서울특별시 용산구 한남동 754-7,,도로,73.00
2313,토지,일반재산,서울특별시 용산구 한남동 753-2,,대,86.00
2314,토지,일반재산,서울특별시 용산구 한남동 753-1,,대,73.00
2315,토지,일반재산,서울특별시 용산구 한남동 726-263,,도로,30.00
2316,토지,일반재산,서울특별시 용산구 한남동 726-262,,공원,354.00
2317,토지,행정재산,서울특별시 용산구 한남동 726-261,,도로,"6,762.00"
2318,토지,일반재산,서울특별시 용산구 한남동 726-236,,도로,307.00
2319,토지,일반재산,서울특별시 용산구 한남동 725-16,,대,136.00
2320,토지,일반재산,서울특별시 용산구 한남동 725,,대,36.00
2321,토지,일반재산,서울특별시 용산구 한남동 723-64,,대,14.00
2322,토지,일반재산,서울특별시 용산구 한남동 723-63,,대,3.00
2323,토지,일반재산,서울특별시 용산구 한남동 720-2,,전,36.00
2324,토지,일반재산,서울특별시 용산구 한남동 719-12,,전,23.00
2325,토지,행정재산,서울특별시 용산구 한남동 705-5,,도로,360.00
2326,토지,일반재산,서울특별시 용산구 한남동 699-37,,대,5.00
2327,토지,일반재산,서울특별시 용산구 한남동 699-31,,대,2.00
2328,토지,일반재산,서울특별시 용산구 한남동 699-23,,대,1.00
2329,토지,일반재산,서울특별시 용산구 한남동 699-21,,대,31.00
2330,토지,일반재산,서울특별시 용산구 한남동 699-3,,대,42.00
2331,토지,일반재산,서울특별시 용산구 한남동 697-1,,전,7.00
2332,토지,일반재산,서울특별시 용산구 한남동 726-463,,공원,106.00
2333,토지,일반재산,서울특별시 용산구 한남동 726-464,,도로,212.00
2334,토지,행정재산,서울특별시 용산구 한남동 726-466,,도로,"2,021.00"
2335,토지,일반재산,서울특별시 용산구 한남동 752-5,,대,30.00
2336,토지,일반재산,서울특별시 용산구 한남동 752-3,,대,30.00
2337,토지,행정재산,서울특별시 용산구 한남동 738-29,,도로,"17,117.70"
2338,토지,일반재산,서울특별시 용산구 한남동 727-54,,대,264.00
2339,토지,일반재산,서울특별시 용산구 한남동 727-53,,대,117.00
2340,토지,일반재산,서울특별시 용산구 한남동 727-42,,대,3.00
2341,토지,일반재산,서울특별시 용산구 한남동 727-25,,대,71.00
2342,토지,행정재산,서울특별시 용산구 한남동 726-530,,도로,340.00
2343,토지,일반재산,서울특별시 용산구 한남동 726-502,,임야,67.00
2344,토지,일반재산,서울특별시 용산구 한남동 726-480,,도로,648.00
2345,토지,일반재산,서울특별시 용산구 한남동 726-479,,도로,"1,616.00"
2346,토지,일반재산,서울특별시 용산구 한남동 726-478,,도로,549.00
2347,토지,일반재산,서울특별시 용산구 한남동 726-477,,도로,"2,072.00"
2348,토지,일반재산,서울특별시 용산구 한남동 726-476,,도로,266.00
2349,토지,일반재산,서울특별시 용산구 한남동 726-475,,도로,7.00
2350,토지,행정재산,서울특별시 용산구 한남동 726-468,,도로,"5,950.00"
2351,토지,행정재산,서울특별시 용산구 한남동 726-467,,도로,"2,770.00"
2352,토지,행정재산,서울특별시 용산구 동빙고동 1-139,,도로,8.00
2353,토지,행정재산,서울특별시 용산구 동빙고동 7-25,,도로,23.00
2354,토지,행정재산,서울특별시 용산구 주성동 8-7,,도로,136.00
2355,토지,일반재산,서울특별시 용산구 주성동 5-2,,전,122.00
2356,토지,행정재산,서울특별시 용산구 주성동 2-15,,구거,36.00
2357,토지,일반재산,서울특별시 용산구 서빙고동 271-126,,대,31.00
2358,토지,일반재산,서울특별시 용산구 서빙고동 271-62,,대,26.00
2359,토지,일반재산,서울특별시 용산구 서빙고동 271-59,,대,30.00
2360,토지,일반재산,서울특별시 용산구 서빙고동 271-17,,대,36.00
2361,토지,행정재산,서울특별시 용산구 서빙고동 271-11,,대,43.00
2362,토지,일반재산,서울특별시 용산구 서빙고동 241-28,,도로,112.00
2363,토지,일반재산,서울특별시 용산구 서빙고동 241-27,,철도용지,96.00
2364,토지,일반재산,서울특별시 용산구 서빙고동 241-26,,철도용지,205.00
2365,토지,일반재산,서울특별시 용산구 서빙고동 241-25,,철도용지,129.00
2366,토지,일반재산,서울특별시 용산구 서빙고동 241-23,,철도용지,17.00
2367,토지,행정재산,서울특별시 용산구 서빙고동 235-92,,도로,7.00
2368,토지,행정재산,서울특별시 용산구 서빙고동 235-91,,도로,10.00
2369,토지,일반재산,서울특별시 용산구 서빙고동 235-1,,학교용지,"16,392.00"
2370,토지,일반재산,서울특별시 용산구 서빙고동 185-7,,대,220.00
2371,토지,행정재산,서울특별시 용산구 주성동 8-8,,도로,109.00
2372,토지,행정재산,서울특별시 용산구 주성동 8-11,,도로,155.00
2373,토지,행정재산,서울특별시 용산구 주성동 8-12,,도로,69.00
2374,토지,일반재산,서울특별시 용산구 용산동6가 69-63,,대,10.00
2375,토지,일반재산,서울특별시 용산구 용산동6가 69-26,,잡종지,43.00
2376,토지,행정재산,서울특별시 용산구 용산동6가 11-438,,대,"19,160.09"
2377,토지,행정재산,서울특별시 용산구 용산동6가 11-426,,대,"61,593.70"
2378,토지,행정재산,서울특별시 용산구 용산동6가 11-385,,도로,117.40
2379,토지,행정재산,서울특별시 용산구 주성동 52-1,,도로,40.00
2380,토지,행정재산,서울특별시 용산구 주성동 51-9,,도로,53.00
2381,토지,행정재산,서울특별시 용산구 주성동 51-7,,도로,13.00
2382,토지,일반재산,서울특별시 용산구 주성동 50-15,,도로,69.00
2383,토지,일반재산,서울특별시 용산구 주성동 50-12,,대,1.00
2384,토지,행정재산,서울특별시 용산구 주성동 50-3,,대,30.00
2385,토지,일반재산,서울특별시 용산구 주성동 48-11,,대,12.00
2386,토지,행정재산,서울특별시 용산구 주성동 47-3,,도로,63.00
2387,토지,일반재산,서울특별시 용산구 주성동 45-10,,대,142.00
2388,토지,행정재산,서울특별시 용산구 주성동 45-3,,대,23.00
2389,토지,행정재산,서울특별시 용산구 주성동 41-6,,도로,64.00
2390,토지,행정재산,서울특별시 용산구 주성동 11-3,,도로,10.00
2391,토지,일반재산,서울특별시 용산구 서빙고동 48-7,,대,2.00
2392,토지,행정재산,서울특별시 용산구 서빙고동 16-3,,하천,24.00
2393,토지,행정재산,서울특별시 용산구 서빙고동 16-2,,하천,52.00
2394,토지,일반재산,서울특별시 용산구 동빙고동 180-3,,대,64.00
2395,토지,행정재산,서울특별시 용산구 동빙고동 81-14,,도로,60.00
2396,토지,행정재산,서울특별시 용산구 동빙고동 63-7,,대,36.00
2397,토지,행정재산,서울특별시 용산구 동빙고동 63-6,,도로,60.00
2398,토지,일반재산,서울특별시 용산구 동빙고동 42-12,,도로,126.00
2399,토지,일반재산,서울특별시 용산구 동빙고동 38-47,,대,2.00
2400,토지,일반재산,서울특별시 용산구 동빙고동 38-44,,대,23.00
2401,토지,일반재산,서울특별시 용산구 동빙고동 38-43,,대,6.00
2402,토지,행정재산,서울특별시 용산구 동빙고동 38-39,,도로,106.00
2403,토지,일반재산,서울특별시 용산구 동빙고동 38-12,,대,30.00
2404,토지,일반재산,서울특별시 용산구 동빙고동 38-5,,도로,165.00
2405,토지,일반재산,서울특별시 용산구 동빙고동 36-2,,대,3.00
2406,토지,일반재산,서울특별시 용산구 동빙고동 7-45,,도로,92.00
2407,토지,일반재산,서울특별시 용산구 동빙고동 7-44,,도로,784.00
2408,토지,일반재산,서울특별시 용산구 동빙고동 7-31,,도로,73.00
2409,토지,일반재산,서울특별시 용산구 동빙고동 7-28,,도로,707.00
2410,토지,일반재산,서울특별시 용산구 동빙고동 7-27,,도로,112.00
2411,토지,일반재산,서울특별시 용산구 동빙고동 180-4,,대,47.00
2412,토지,일반재산,서울특별시 용산구 동빙고동 251-12,,대,125.00
2413,토지,행정재산,서울특별시 용산구 동빙고동 251-15,,도로,66.00
2414,토지,행정재산,서울특별시 용산구 서빙고동 11-7,,도로,40.00
2415,토지,행정재산,서울특별시 용산구 서빙고동 11-1,,도로,7.00
2416,토지,행정재산,서울특별시 용산구 서빙고동 10-2,,하천,"2,272.00"
2417,토지,행정재산,서울특별시 용산구 서빙고동 9-1,,도로,1.00
2418,토지,행정재산,서울특별시 용산구 서빙고동 8-3,,도로,40.00
2419,토지,행정재산,서울특별시 용산구 서빙고동 8-1,,도로,145.00
2420,토지,일반재산,서울특별시 용산구 서빙고동 1-12,,대,109.00
2421,토지,행정재산,서울특별시 용산구 동빙고동 312-2,,도로,833.00
2422,토지,행정재산,서울특별시 용산구 동빙고동 311-2,,도로,17.00
2423,토지,일반재산,서울특별시 용산구 동빙고동 310-39,,대,7.00
2424,토지,행정재산,서울특별시 용산구 동빙고동 298-2,,도로,575.00
2425,토지,일반재산,서울특별시 용산구 동빙고동 252-16,,도로,12.00
2426,토지,일반재산,서울특별시 용산구 동빙고동 252-6,,도로,33.00
2427,토지,일반재산,서울특별시 용산구 동빙고동 252-5,,대,15.00
2428,토지,일반재산,서울특별시 용산구 동빙고동 251-30,,대,3.00
2429,토지,일반재산,서울특별시 용산구 동빙고동 251-27,,대,14.00
2430,토지,일반재산,서울특별시 용산구 동빙고동 251-22,,대,51.00
2431,토지,일반재산,서울특별시 용산구 한남동 685-22,,도로,"3,511.70"
2432,토지,행정재산,서울특별시 용산구 한남동 684-5,,구거,337.20
2433,토지,행정재산,서울특별시 용산구 한남동 76-2,,도로,159.00
2434,토지,행정재산,서울특별시 용산구 한남동 257-16,,도로,16.00
2435,토지,행정재산,서울특별시 용산구 한남동 260-1,,도로,922.00
2436,토지,행정재산,서울특별시 용산구 한남동 263-14,,도로,288.00
2437,토지,행정재산,서울특별시 용산구 한남동 263-27,,도로,26.00
2438,토지,행정재산,서울특별시 용산구 한남동 264-1,,도로,212.00
2439,토지,행정재산,서울특별시 용산구 한남동 267-6,,대,416.00
2440,토지,행정재산,서울특별시 용산구 한남동 660-4,,도로,89.00
2441,토지,일반재산,서울특별시 용산구 한남동 620-88,,대,84.00
2442,토지,행정재산,서울특별시 용산구 한남동 273-1,,도로,132.00
2443,토지,행정재산,서울특별시 용산구 한남동 274-2,,도로,231.00
2444,토지,행정재산,서울특별시 용산구 한남동 274-5,,도로,284.00
2445,토지,일반재산,서울특별시 용산구 한남동 331,,대,26.00
2446,토지,일반재산,서울특별시 용산구 한남동 525-1,,도로,20.00
2447,토지,일반재산,서울특별시 용산구 한남동 525-2,,전,17.00
2448,토지,일반재산,서울특별시 용산구 한남동 525-3,,전,132.00
2449,토지,일반재산,서울특별시 용산구 한남동 525-5,,전,43.00
2450,토지,일반재산,서울특별시 용산구 한남동 525-9,,도로,76.00
2451,토지,일반재산,서울특별시 용산구 한남동 525-10,,전,85.00
2452,토지,일반재산,서울특별시 용산구 한남동 636-4,,도로,879.00
2453,토지,행정재산,서울특별시 용산구 한남동 634-5,,도로,13.00
2454,토지,행정재산,서울특별시 용산구 한남동 620-189,,대,3.00
2455,토지,일반재산,서울특별시 용산구 한남동 620-187,,대,10.00
2456,토지,행정재산,서울특별시 용산구 한남동 543-4,,도로,133.00
2457,토지,일반재산,서울특별시 용산구 한남동 620-96,,대,20.00
2458,토지,일반재산,서울특별시 용산구 한남동 613-13,,대,69.00
2459,토지,일반재산,서울특별시 용산구 한남동 620-94,,대,168.00
2460,토지,일반재산,서울특별시 용산구 한남동 620-92,,대,109.00
2461,토지,일반재산,서울특별시 용산구 한남동 613-15,,도로,201.00
2462,토지,일반재산,서울특별시 용산구 한남동 620-39,,대,53.00
2463,토지,일반재산,서울특별시 용산구 한남동 620-69,,대,30.00
2464,토지,행정재산,서울특별시 용산구 한남동 75-3,,도로,30.00
2465,토지,행정재산,서울특별시 용산구 한남동 32-39,,도로,3.00
2466,토지,일반재산,서울특별시 용산구 한남동 32-75,,대,9.00
2467,토지,행정재산,서울특별시 용산구 한남동 32-38,,도로,26.00
2468,토지,행정재산,서울특별시 용산구 한남동 33-2,,도로,"3,399.00"
2469,토지,행정재산,서울특별시 용산구 한남동 49-2,,도로,3.00
2470,토지,행정재산,서울특별시 용산구 한남동 60-58,,도로,"1,781.00"
2471,토지,일반재산,서울특별시 용산구 한남동 60-69,,도로,989.00
2472,토지,일반재산,서울특별시 용산구 한남동 60-70,,도로,274.00
2473,토지,행정재산,서울특별시 용산구 한남동 32-19,,도로,554.00
2474,토지,행정재산,서울특별시 용산구 한남동 29-5,,도로,132.00
2475,토지,일반재산,서울특별시 용산구 한남동 682-9,,대,25.80
2476,토지,행정재산,서울특별시 용산구 한남동 28-5,,도로,730.00
2477,토지,일반재산,서울특별시 용산구 한남동 11-387,,도로,26.00
2478,토지,행정재산,서울특별시 용산구 한남동 11-376,,도로,58.00
2479,토지,행정재산,서울특별시 용산구 한남동 661-3,,도로,10.00
2480,토지,일반재산,서울특별시 용산구 한남동 682-22,,대,267.00
2481,토지,일반재산,서울특별시 용산구 한남동 682-24,,대,25.10
2482,토지,행정재산,서울특별시 용산구 한남동 11-37,,도로,142.00
2483,토지,행정재산,서울특별시 용산구 한남동 32-62,,대,13.00
2484,토지,일반재산,서울특별시 용산구 후암동 448-116,,대,0.30
2485,토지,일반재산,서울특별시 용산구 후암동 448-178,,도로,0.70
2486,토지,일반재산,서울특별시 용산구 후암동 448-177,,도로,22.30
2487,토지,일반재산,서울특별시 용산구 용산동2가 5-205,,대,24.40
2488,토지,일반재산,서울특별시 용산구 후암동 448-165,,대,0.80
2489,토지,일반재산,서울특별시 용산구 후암동 448-164,,대,5.50
2490,토지,일반재산,서울특별시 용산구 후암동 448-162,,대,26.10
2491,토지,일반재산,서울특별시 용산구 후암동 448-160,,대,51.20
2492,토지,일반재산,서울특별시 용산구 후암동 448-159,,대,57.20
2493,토지,일반재산,서울특별시 용산구 후암동 448-158,,대,1.00
2494,토지,일반재산,서울특별시 용산구 후암동 448-153,,대,20.30
2495,토지,일반재산,서울특별시 용산구 후암동 448-143,,대,8.60
2496,토지,일반재산,서울특별시 용산구 후암동 448-134,,대,27.40
2497,토지,일반재산,서울특별시 용산구 후암동 448-130,,대,4.60
2498,토지,일반재산,서울특별시 용산구 후암동 448-123,,대,8.08
2499,토지,일반재산,서울특별시 용산구 후암동 448-117,,대,0.60
2500,토지,행정재산,서울특별시 용산구 용산동2가 5-421,,대,9.60
2501,토지,일반재산,서울특별시 용산구 후암동 448-114,,대,46.50
2502,토지,일반재산,서울특별시 용산구 후암동 448-111,,대,1.00
2503,토지,일반재산,서울특별시 용산구 후암동 448-110,,대,4.60
2504,토지,행정재산,서울특별시 용산구 후암동 448-109,,도로,7.00
2505,토지,일반재산,서울특별시 용산구 후암동 448-108,,대,8.90
2506,토지,일반재산,서울특별시 용산구 후암동 448-101,,도로,771.40
2507,토지,일반재산,서울특별시 용산구 후암동 448-96,,대,0.60
2508,토지,일반재산,서울특별시 용산구 용산동2가 5-745,,대,3.30
2509,토지,행정재산,서울특별시 용산구 후암동 448-90,,도로,4.40
2510,토지,일반재산,서울특별시 용산구 후암동 448-89,,대,12.10
2511,토지,일반재산,서울특별시 용산구 후암동 448-84,,대,3.00
2512,토지,일반재산,서울특별시 용산구 용산동2가 5-934,,대,8.90
2513,토지,행정재산,서울특별시 용산구 후암동 448-68,,도로,64.80
2514,토지,행정재산,서울특별시 용산구 후암동 448-62,,도로,80.00
2515,토지,행정재산,서울특별시 용산구 후암동 448-179,,도로,2.40
2516,토지,일반재산,서울특별시 용산구 후암동 448-180,,도로,22.70
2517,토지,행정재산,서울특별시 용산구 후암동 448-181,,도로,19.40
2518,토지,일반재산,서울특별시 용산구 용산동2가 1-13,,대,0.30
2519,토지,일반재산,서울특별시 용산구 용산동2가 1-12,,대,4.00
2520,토지,행정재산,서울특별시 용산구 용산동2가 1-8,,임야,650.90
2521,토지,행정재산,서울특별시 용산구 용산동2가 1-7,,임야,555.40
2522,토지,일반재산,서울특별시 용산구 용산동2가 1-6,,대,"1,551.10"
2523,토지,행정재산,서울특별시 용산구 용산동2가 1-5,,임야,214.90
2524,토지,일반재산,서울특별시 용산구 용산동2가 1-1,,도로,"1,269.40"
2525,토지,행정재산,서울특별시 용산구 후암동 산 1-173,,임야,131.00
2526,토지,행정재산,서울특별시 용산구 후암동 산 1-127,,임야,321.00
2527,토지,행정재산,서울특별시 용산구 후암동 산 1-126,,임야,506.00
2528,토지,행정재산,서울특별시 용산구 후암동 산 1-125,,임야,36.00
2529,토지,행정재산,서울특별시 용산구 후암동 산 1-117,,임야,"1,521.00"
2530,토지,행정재산,서울특별시 용산구 후암동 산 1-2,,임야,"138,907.00"
2531,토지,행정재산,서울특별시 용산구 후암동 산 1-1,,임야,"62,235.00"
2532,토지,일반재산,서울특별시 용산구 후암동 457,,대,69.40
2533,토지,일반재산,서울특별시 용산구 후암동 456-3,,대,6.60
2534,토지,행정재산,서울특별시 용산구 용산동2가 5-115,,임야,55.20
2535,토지,행정재산,서울특별시 용산구 후암동 456-1,,대,105.80
2536,토지,일반재산,서울특별시 용산구 후암동 456,,대,177.90
2537,토지,일반재산,서울특별시 용산구 후암동 454,,대,254.20
2538,토지,일반재산,서울특별시 용산구 후암동 450,,대,67.10
2539,토지,행정재산,서울특별시 용산구 용산동2가 5-116,,도로,7.90
2540,토지,일반재산,서울특별시 용산구 후암동 448-197,,대,1.60
2541,토지,행정재산,서울특별시 용산구 용산동2가 5-117,,도로,7.90
2542,토지,행정재산,서울특별시 용산구 용산동2가 5-118,,임야,122.30
2543,토지,일반재산,서울특별시 용산구 후암동 448-190,,대,2.40
2544,토지,일반재산,서울특별시 용산구 후암동 448-189,,대,1.62
2545,토지,행정재산,서울특별시 용산구 용산동2가 5-119,,임야,101.50
2546,토지,행정재산,서울특별시 용산구 용산동2가 5-120,,임야,144.50
2547,토지,행정재산,서울특별시 용산구 용산동2가 5-121,,임야,28.80
2548,토지,행정재산,서울특별시 용산구 후암동 448-61,,도로,6.00
2549,토지,행정재산,서울특별시 용산구 후암동 448-60,,도로,56.90
2550,토지,행정재산,서울특별시 용산구 후암동 447-16,,도로,69.40
2551,토지,행정재산,서울특별시 용산구 후암동 447-15,,도로,33.00
2552,토지,행정재산,서울특별시 용산구 후암동 447-14,,도로,99.20
2553,토지,행정재산,서울특별시 용산구 후암동 447-13,,도로,8.30
2554,토지,일반재산,서울특별시 용산구 후암동 447-12,,대,31.10
2555,토지,행정재산,서울특별시 용산구 후암동 447-11,,도로,18.20
2556,토지,행정재산,서울특별시 용산구 후암동 447-10,,도로,39.70
2557,토지,일반재산,서울특별시 용산구 후암동 447-7,,대,8.40
2558,토지,일반재산,서울특별시 용산구 후암동 447-6,,대,1.20
2559,토지,일반재산,서울특별시 용산구 용산동2가 5-1883,,대,1.00
2560,토지,행정재산,서울특별시 용산구 후암동 447-1,,도로,611.60
2561,토지,행정재산,서울특별시 용산구 후암동 447,,도로,376.80
2562,토지,일반재산,서울특별시 용산구 용산동2가 5-1889,,대,0.80
2563,토지,일반재산,서울특별시 용산구 후암동 446-42,,대,0.30
2564,토지,행정재산,서울특별시 용산구 후암동 446-39,,대,30.70
2565,토지,행정재산,서울특별시 용산구 후암동 446-27,,대,52.90
2566,토지,일반재산,서울특별시 용산구 후암동 446-22,,대,34.00
2567,토지,일반재산,서울특별시 용산구 후암동 446-16,,대,4.30
2568,토지,일반재산,서울특별시 용산구 후암동 446-1,,대,33.00
2569,토지,일반재산,서울특별시 용산구 용산동2가 5-1898,,대,1.10
2570,토지,일반재산,서울특별시 용산구 용산동2가 5-1899,,대,2.70
2571,토지,일반재산,서울특별시 용산구 용산동2가 5-1909,,대,149.00
2572,토지,일반재산,서울특별시 용산구 용산동2가 5-1916,,도로,1.20
2573,토지,일반재산,서울특별시 용산구 후암동 445-11,,대,73.96
2574,토지,일반재산,서울특별시 용산구 후암동 445-10,,대,54.33
2575,토지,일반재산,서울특별시 용산구 후암동 445-8,,대,38.76
2576,토지,일반재산,서울특별시 용산구 후암동 445-7,,대,54.30
2577,토지,행정재산,서울특별시 용산구 용산동2가 5-2079,,임야,36.60
2578,토지,행정재산,서울특별시 용산구 후암동 445-4,,대,8.00
2579,토지,일반재산,서울특별시 용산구 후암동 444-15,,대,2.40
2580,토지,행정재산,서울특별시 용산구 후암동 447-17,,도로,13.20
2581,토지,행정재산,서울특별시 용산구 후암동 447-19,,대,17.00
2582,토지,행정재산,서울특별시 용산구 후암동 447-22,,도로,66.10
2583,토지,행정재산,서울특별시 용산구 후암동 448-48,,도로,69.40
2584,토지,행정재산,서울특별시 용산구 후암동 448-46,,대,3.30
2585,토지,행정재산,서울특별시 용산구 후암동 448-44,,도로,5.00
2586,토지,행정재산,서울특별시 용산구 후암동 448-43,,도로,13.20
2587,토지,행정재산,서울특별시 용산구 후암동 448-33,,도로,16.40
2588,토지,일반재산,서울특별시 용산구 용산동2가 5-1279,,대,0.30
2589,토지,일반재산,서울특별시 용산구 용산동2가 5-1318,,대,9.30
2590,토지,행정재산,서울특별시 용산구 용산동2가 5-1610,,도로,79.70
2591,토지,행정재산,서울특별시 용산구 용산동2가 5-1620,,도로,234.50
2592,토지,일반재산,서울특별시 용산구 용산동2가 5-1743,,대,8.60
2593,토지,행정재산,서울특별시 용산구 후암동 448-18,,도로,142.50
2594,토지,행정재산,서울특별시 용산구 후암동 448-17,,도로,46.30
2595,토지,행정재산,서울특별시 용산구 후암동 448-16,,도로,48.60
2596,토지,행정재산,서울특별시 용산구 후암동 448-15,,도로,399.00
2597,토지,행정재산,서울특별시 용산구 후암동 448-14,,도로,26.40
2598,토지,행정재산,서울특별시 용산구 후암동 448-13,,도로,48.60
2599,토지,일반재산,서울특별시 용산구 용산동2가 5-1767,,대,73.70
2600,토지,행정재산,서울특별시 용산구 후암동 448-11,,도로,5.30
2601,토지,일반재산,서울특별시 용산구 후암동 448-10,,도로,5.60
2602,토지,행정재산,서울특별시 용산구 후암동 448-9,,도로,11.60
2603,토지,행정재산,서울특별시 용산구 후암동 448-8,,도로,214.90
2604,토지,일반재산,서울특별시 용산구 용산동2가 5-1785,,대,24.50
2605,토지,일반재산,서울특별시 용산구 용산동2가 5-1818,,대,7.70
2606,토지,행정재산,서울특별시 용산구 후암동 448-5,,도로,9.30
2607,토지,행정재산,서울특별시 용산구 후암동 448-4,,도로,25.50
2608,토지,행정재산,서울특별시 용산구 후암동 448-3,,도로,5.60
2609,토지,행정재산,서울특별시 용산구 후암동 448-2,,도로,86.00
2610,토지,행정재산,서울특별시 용산구 후암동 448-1,,도로,37.40
2611,토지,행정재산,서울특별시 용산구 후암동 448,,도로,24.10
2612,토지,행정재산,서울특별시 용산구 후암동 447-25,,대,16.60
2613,토지,일반재산,서울특별시 용산구 용산동2가 1-15,,대,7.60
2614,토지,행정재산,서울특별시 용산구 용산동2가 5-114,,도로,50.60
2615,토지,일반재산,서울특별시 용산구 용산동2가 1-61,,대,1.30
2616,토지,일반재산,서울특별시 용산구 용산동2가 1-1359,,대,2.50
2617,토지,일반재산,서울특별시 용산구 용산동2가 1-1357,,대,14.20
2618,토지,일반재산,서울특별시 용산구 용산동2가 1-1356,,대,9.60
2619,토지,일반재산,서울특별시 용산구 용산동2가 1-1355,,대,23.10
2620,토지,일반재산,서울특별시 용산구 용산동2가 1-1353,,대,29.80
2621,토지,일반재산,서울특별시 용산구 용산동2가 1-1352,,대,14.20
2622,토지,일반재산,서울특별시 용산구 용산동2가 1-1348,,대,6.60
2623,토지,일반재산,서울특별시 용산구 용산동2가 5-87,,대,6.60
2624,토지,일반재산,서울특별시 용산구 용산동2가 1-1312,,임야,9.90
2625,토지,일반재산,서울특별시 용산구 용산동2가 1-1311,,임야,4.00
2626,토지,행정재산,서울특별시 용산구 용산동2가 1-1310,,임야,4.30
2627,토지,일반재산,서울특별시 용산구 용산동2가 1-1308,,임야,93.90
2628,토지,행정재산,서울특별시 용산구 용산동2가 1-1307,,대,1.30
2629,토지,일반재산,서울특별시 용산구 용산동2가 1-1294,,임야,10.50
2630,토지,행정재산,서울특별시 용산구 용산동2가 1-1293,,임야,6.90
2631,토지,행정재산,서울특별시 용산구 용산동2가 1-1292,,임야,116.70
2632,토지,행정재산,서울특별시 용산구 용산동2가 1-1291,,임야,60.50
2633,토지,행정재산,서울특별시 용산구 용산동2가 1-1290,,임야,52.90
2634,토지,행정재산,서울특별시 용산구 용산동2가 1-1289,,임야,65.10
2635,토지,행정재산,서울특별시 용산구 용산동2가 1-1288,,임야,35.60
2636,토지,행정재산,서울특별시 용산구 용산동2가 1-1287,,임야,49.60
2637,토지,행정재산,서울특별시 용산구 용산동2가 1-1286,,대,3.30
2638,토지,행정재산,서울특별시 용산구 용산동2가 1-1285,,임야,39.70
2639,토지,행정재산,서울특별시 용산구 용산동2가 1-1284,,임야,68.40
2640,토지,행정재산,서울특별시 용산구 용산동2가 1-1283,,임야,82.60
2641,토지,행정재산,서울특별시 용산구 용산동2가 1-1282,,임야,76.00
2642,토지,행정재산,서울특별시 용산구 용산동2가 1-1281,,임야,81.60
2643,토지,행정재산,서울특별시 용산구 용산동2가 1-1280,,임야,66.10
2644,토지,행정재산,서울특별시 용산구 용산동2가 1-1279,,임야,57.20
2645,토지,행정재산,서울특별시 용산구 용산동2가 1-1278,,임야,29.80
2646,토지,일반재산,서울특별시 용산구 용산동2가 1-1379,,대,10.90
2647,토지,일반재산,서울특별시 용산구 용산동2가 1-1405,,대,18.80
2648,토지,일반재산,서울특별시 용산구 용산동2가 1-1442,,대,39.30
2649,토지,일반재산,서울특별시 용산구 용산동2가 1-1925,,대,9.30
2650,토지,일반재산,서울특별시 용산구 용산동2가 1-1924,,대,12.60
2651,토지,행정재산,서울특별시 용산구 용산동2가 1-1902,,도로,88.00
2652,토지,일반재산,서울특별시 용산구 용산동2가 1-1900,,대,0.10
2653,토지,일반재산,서울특별시 용산구 용산동2가 1-1927,,대,26.20
2654,토지,행정재산,서울특별시 용산구 용산동2가 1-1882,,도로,27.30
2655,토지,행정재산,서울특별시 용산구 용산동2가 1-1881,,도로,"2,282.10"
2656,토지,일반재산,서울특별시 용산구 용산동2가 1-1929,,대,20.00
2657,토지,행정재산,서울특별시 용산구 용산동2가 1-1877,,도로,83.10
2658,토지,일반재산,서울특별시 용산구 용산동2가 1-1876,,대,0.10
2659,토지,행정재산,서울특별시 용산구 용산동2가 1-1860,,도로,0.30
2660,토지,일반재산,서울특별시 용산구 용산동2가 1-1806,,임야,641.20
2661,토지,일반재산,서울특별시 용산구 용산동2가 1-1805,,임야,471.40
2662,토지,일반재산,서울특별시 용산구 용산동2가 1-1795,,대,15.60
2663,토지,행정재산,서울특별시 용산구 용산동2가 1-1792,,도로,"1,225.80"
2664,토지,일반재산,서울특별시 용산구 용산동2가 1-1791,,대,1.50
2665,토지,일반재산,서울특별시 용산구 용산동2가 5-27,,대,1.30
2666,토지,일반재산,서울특별시 용산구 용산동2가 1-1781,,대,2.30
2667,토지,일반재산,서울특별시 용산구 용산동2가 5-64,,도로,303.10
2668,토지,일반재산,서울특별시 용산구 용산동2가 1-1775,,대,31.00
2669,토지,일반재산,서울특별시 용산구 용산동2가 1-1628,,대,10.20
2670,토지,일반재산,서울특별시 용산구 용산동2가 1-1624,,대,64.10
2671,토지,일반재산,서울특별시 용산구 용산동2가 1-1546,,대,9.90
2672,토지,일반재산,서울특별시 용산구 용산동2가 1-1530,,대,1.20
2673,토지,일반재산,서울특별시 용산구 용산동2가 1-1526,,대,57.20
2674,토지,일반재산,서울특별시 용산구 용산동2가 5-86,,도로,"1,072.90"
2675,토지,일반재산,서울특별시 용산구 용산동2가 1-1499,,대,12.20
2676,토지,일반재산,서울특별시 용산구 용산동2가 1-1474,,대,36.40
2677,토지,일반재산,서울특별시 용산구 용산동2가 1-1455,,대,16.80
2678,토지,일반재산,서울특별시 용산구 용산동2가 1-1447,,대,7.60
2679,토지,행정재산,서울특별시 용산구 용산동2가 1-1277,,임야,66.10
2680,토지,행정재산,서울특별시 용산구 용산동2가 1-1276,,임야,55.20
2681,토지,행정재산,서울특별시 용산구 용산동2가 5-101,,대,99.20
2682,토지,행정재산,서울특별시 용산구 용산동2가 5-102,,대,39.70
2683,토지,행정재산,서울특별시 용산구 용산동2가 5-103,,대,13.20
2684,토지,행정재산,서울특별시 용산구 용산동2가 1-1147,,대,273.40
2685,토지,행정재산,서울특별시 용산구 용산동2가 5-104,,임야,10.90
2686,토지,행정재산,서울특별시 용산구 용산동2가 1-1144,,도로,300.10
2687,토지,행정재산,서울특별시 용산구 용산동2가 1-1134,,도로,146.20
2688,토지,행정재산,서울특별시 용산구 용산동2가 5-105,,임야,105.80
2689,토지,일반재산,서울특별시 용산구 용산동2가 1-715,,대,4.63
2690,토지,일반재산,서울특별시 용산구 용산동2가 1-693,,대,1.00
2691,토지,일반재산,서울특별시 용산구 용산동2가 1-685,,대,0.30
2692,토지,일반재산,서울특별시 용산구 용산동2가 1-542,,대,59.80
2693,토지,일반재산,서울특별시 용산구 용산동2가 1-479,,대,0.30
2694,토지,행정재산,서울특별시 용산구 용산동2가 5-106,,임야,45.30
2695,토지,일반재산,서울특별시 용산구 용산동2가 1-407,,대,39.20
2696,토지,일반재산,서울특별시 용산구 용산동2가 1-406,,대,57.50
2697,토지,일반재산,서울특별시 용산구 용산동2가 1-380,,대,103.80
2698,토지,일반재산,서울특별시 용산구 용산동2가 1-374,,대,108.40
2699,토지,일반재산,서울특별시 용산구 용산동2가 1-339,,대,42.50
2700,토지,행정재산,서울특별시 용산구 용산동2가 5-107,,임야,58.50
2701,토지,일반재산,서울특별시 용산구 용산동2가 1-148,,대,6.20
2702,토지,일반재산,서울특별시 용산구 용산동2가 1-147,,대,2.30
2703,토지,일반재산,서울특별시 용산구 용산동2가 1-138,,대,4.30
2704,토지,행정재산,서울특별시 용산구 용산동2가 5-108,,임야,42.00
2705,토지,행정재산,서울특별시 용산구 용산동2가 5-109,,임야,32.10
2706,토지,행정재산,서울특별시 용산구 용산동2가 5-110,,임야,12.20
2707,토지,행정재산,서울특별시 용산구 용산동2가 5-111,,도로,33.00
2708,토지,일반재산,서울특별시 용산구 용산동2가 1-113,,대,68.40
2709,토지,행정재산,서울특별시 용산구 용산동2가 5-112,,도로,33.00
2710,토지,일반재산,서울특별시 용산구 용산동2가 1-78,,대,26.40
2711,토지,일반재산,서울특별시 용산구 용산동2가 1-1196,,대,33.80
2712,토지,일반재산,서울특별시 용산구 용산동2가 1-1209,,대,8.80
2713,토지,일반재산,서울특별시 용산구 용산동2가 1-1213,,대,7.90
2714,토지,행정재산,서울특별시 용산구 용산동2가 1-1275,,임야,55.20
2715,토지,행정재산,서울특별시 용산구 용산동2가 1-1274,,임야,33.00
2716,토지,행정재산,서울특별시 용산구 용산동2가 1-1273,,임야,36.40
2717,토지,행정재산,서울특별시 용산구 용산동2가 1-1272,,임야,77.00
2718,토지,행정재산,서울특별시 용산구 용산동2가 1-1271,,임야,89.20
2719,토지,행정재산,서울특별시 용산구 용산동2가 1-1270,,임야,26.40
2720,토지,행정재산,서울특별시 용산구 용산동2가 1-1269,,임야,39.70
2721,토지,행정재산,서울특별시 용산구 용산동2가 1-1268,,임야,56.20
2722,토지,행정재산,서울특별시 용산구 용산동2가 1-1267,,임야,51.90
2723,토지,행정재산,서울특별시 용산구 용산동2가 1-1266,,임야,5.00
2724,토지,행정재산,서울특별시 용산구 용산동2가 1-1265,,임야,36.40
2725,토지,행정재산,서울특별시 용산구 용산동2가 1-1264,,임야,72.70
2726,토지,행정재산,서울특별시 용산구 용산동2가 1-1263,,임야,76.00
2727,토지,행정재산,서울특별시 용산구 용산동2가 1-1262,,대,3.60
2728,토지,행정재산,서울특별시 용산구 용산동2가 1-1261,,대,4.00
2729,토지,행정재산,서울특별시 용산구 용산동2가 1-1260,,임야,38.70
2730,토지,행정재산,서울특별시 용산구 용산동2가 1-1259,,임야,57.20
2731,토지,행정재산,서울특별시 용산구 용산동2가 1-1258,,임야,62.80
2732,토지,행정재산,서울특별시 용산구 용산동2가 1-1257,,임야,32.10
2733,토지,행정재산,서울특별시 용산구 용산동2가 1-1256,,임야,43.00
2734,토지,행정재산,서울특별시 용산구 용산동2가 1-1255,,임야,69.40
2735,토지,행정재산,서울특별시 용산구 용산동2가 1-1254,,임야,69.40
2736,토지,행정재산,서울특별시 용산구 용산동2가 1-1253,,임야,26.40
2737,토지,행정재산,서울특별시 용산구 용산동2가 1-1252,,임야,73.70
2738,토지,행정재산,서울특별시 용산구 용산동2가 1-1251,,임야,99.20
2739,토지,행정재산,서울특별시 용산구 용산동2가 1-1249,,임야,71.70
2740,토지,행정재산,서울특별시 용산구 용산동2가 1-1239,,임야,423.50
2741,토지,행정재산,서울특별시 용산구 용산동2가 1-1237,,대,"1,566.60"
2742,토지,일반재산,서울특별시 용산구 용산동2가 1-1236,,대,124.00
2743,토지,일반재산,서울특별시 용산구 용산동2가 1-1223,,대,0.30
2744,토지,행정재산,서울특별시 용산구 후암동 440-12,,도로,564.30
2745,토지,일반재산,서울특별시 용산구 후암동 439-30,,대,7.30
2746,토지,일반재산,서울특별시 용산구 갈월동 7-78,,대,27.10
2747,토지,일반재산,서울특별시 용산구 갈월동 7-82,,대,2.00
2748,토지,일반재산,서울특별시 용산구 후암동 374,,대,36.40
2749,토지,행정재산,서울특별시 용산구 갈월동 7-85,,도로,169.30
2750,토지,일반재산,서울특별시 용산구 후암동 372,,전,43.00
2751,토지,일반재산,서울특별시 용산구 후암동 367-1,,대,69.80
2752,토지,일반재산,서울특별시 용산구 후암동 367,,대,16.00
2753,토지,일반재산,서울특별시 용산구 후암동 365-2,,대,9.00
2754,토지,일반재산,서울특별시 용산구 후암동 365-1,,도로,37.70
2755,토지,행정재산,서울특별시 용산구 갈월동 7-87,,도로,208.30
2756,토지,일반재산,서울특별시 용산구 후암동 361-2,,대,2.00
2757,토지,행정재산,서울특별시 용산구 갈월동 7-88,,도로,70.70
2758,토지,일반재산,서울특별시 용산구 후암동 358-183,,도로,66.00
2759,토지,일반재산,서울특별시 용산구 후암동 358-182,,대,9.00
2760,토지,일반재산,서울특별시 용산구 후암동 358-181,,임야,72.00
2761,토지,일반재산,서울특별시 용산구 후암동 358-178,,도로,"1,438.60"
2762,토지,행정재산,서울특별시 용산구 후암동 358-156,,도로,27.10
2763,토지,일반재산,서울특별시 용산구 후암동 358-93,,대,44.00
2764,토지,일반재산,서울특별시 용산구 후암동 358-89,,대,27.40
2765,토지,행정재산,서울특별시 용산구 후암동 358-59,,대,46.30
2766,토지,행정재산,서울특별시 용산구 후암동 358-54,,도로,87.30
2767,토지,일반재산,서울특별시 용산구 후암동 358-51,,대,9.60
2768,토지,일반재산,서울특별시 용산구 후암동 358-38,,대,11.30
2769,토지,일반재산,서울특별시 용산구 후암동 358-37,,대,3.30
2770,토지,일반재산,서울특별시 용산구 후암동 358-8,,대,16.50
2771,토지,일반재산,서울특별시 용산구 후암동 358-5,,대,62.80
2772,토지,일반재산,서울특별시 용산구 후암동 358-3,,대,16.50
2773,토지,일반재산,서울특별시 용산구 후암동 358-1,,대,59.50
2774,토지,행정재산,서울특별시 용산구 후암동 374-4,,구거,0.70
2775,토지,행정재산,서울특별시 용산구 후암동 374-5,,구거,168.00
2776,토지,일반재산,서울특별시 용산구 갈월동 7-21,,대,15.20
2777,토지,행정재산,서울특별시 용산구 후암동 403-34,,구거,11.30
2778,토지,행정재산,서울특별시 용산구 후암동 403-28,,구거,106.60
2779,토지,일반재산,서울특별시 용산구 갈월동 5-68,,대,28.80
2780,토지,행정재산,서울특별시 용산구 후암동 403-24,,구거,0.50
2781,토지,행정재산,서울특별시 용산구 후암동 403-23,,구거,52.10
2782,토지,행정재산,서울특별시 용산구 갈월동 6-4,,도로,114.40
2783,토지,행정재산,서울특별시 용산구 후암동 403-12,,도로,60.50
2784,토지,일반재산,서울특별시 용산구 후암동 403-11,,대,3.30
2785,토지,일반재산,서울특별시 용산구 후암동 400-102,,임야,153.10
2786,토지,일반재산,서울특별시 용산구 후암동 399-20,,대,1.30
2787,토지,행정재산,서울특별시 용산구 후암동 398-10,,도로,9.80
2788,토지,일반재산,서울특별시 용산구 갈월동 6-7,,대,6.00
2789,토지,일반재산,서울특별시 용산구 갈월동 6-43,,대,6.60
2790,토지,일반재산,서울특별시 용산구 갈월동 6-49,,대,1.60
2791,토지,일반재산,서울특별시 용산구 후암동 394-12,,도로,3.60
2792,토지,일반재산,서울특별시 용산구 갈월동 7-18,,대,3.00
2793,토지,일반재산,서울특별시 용산구 후암동 389-57,,대,0.80
2794,토지,일반재산,서울특별시 용산구 후암동 389-56,,대,1.00
2795,토지,일반재산,서울특별시 용산구 후암동 389-48,,대,1.30
2796,토지,일반재산,서울특별시 용산구 후암동 389-38,,대,38.70
2797,토지,행정재산,서울특별시 용산구 후암동 389-35,,도로,133.60
2798,토지,일반재산,서울특별시 용산구 후암동 389-30,,대,14.20
2799,토지,일반재산,서울특별시 용산구 후암동 389-25,,대,13.20
2800,토지,일반재산,서울특별시 용산구 후암동 389-15,,대,102.10
2801,토지,일반재산,서울특별시 용산구 후암동 389-7,,도로,40.50
2802,토지,행정재산,서울특별시 용산구 후암동 389-6,,도로,23.10
2803,토지,일반재산,서울특별시 용산구 후암동 388-5,,대,16.50
2804,토지,일반재산,서울특별시 용산구 후암동 378-4,,대,18.80
2805,토지,일반재산,서울특별시 용산구 후암동 352-36,,도로,0.90
2806,토지,일반재산,서울특별시 용산구 후암동 352-32,,대,9.80
2807,토지,일반재산,서울특별시 용산구 후암동 352-31,,도로,93.80
2808,토지,일반재산,서울특별시 용산구 후암동 336-42,,대,64.90
2809,토지,일반재산,서울특별시 용산구 후암동 336-40,,도로,3.80
2810,토지,일반재산,서울특별시 용산구 후암동 336-38,,대,623.00
2811,토지,일반재산,서울특별시 용산구 후암동 336-36,,대,5.20
2812,토지,일반재산,서울특별시 용산구 후암동 336-29,,도로,2.30
2813,토지,일반재산,서울특별시 용산구 후암동 336-26,,대,35.40
2814,토지,일반재산,서울특별시 용산구 후암동 336-24,,도로,1.30
2815,토지,일반재산,서울특별시 용산구 후암동 336-22,,전,4.30
2816,토지,행정재산,서울특별시 용산구 후암동 336-16,,대,18.50
2817,토지,일반재산,서울특별시 용산구 후암동 336-14,,대,0.40
2818,토지,일반재산,서울특별시 용산구 후암동 336-12,,대,29.50
2819,토지,일반재산,서울특별시 용산구 갈월동 7-123,,대,16.80
2820,토지,일반재산,서울특별시 용산구 후암동 336-4,,대,6.60
2821,토지,일반재산,서울특별시 용산구 후암동 336-3,,대,23.10
2822,토지,행정재산,서울특별시 용산구 후암동 335-22,,도로,62.80
2823,토지,일반재산,서울특별시 용산구 갈월동 7-128,,대,38.30
2824,토지,일반재산,서울특별시 용산구 후암동 335-2,,대,12.20
2825,토지,일반재산,서울특별시 용산구 갈월동 7-130,,대,2.30
2826,토지,행정재산,서울특별시 용산구 갈월동 7-146,,대,1.30
2827,토지,행정재산,서울특별시 용산구 갈월동 7-148,,대,2.00
2828,토지,일반재산,서울특별시 용산구 후암동 300-20,,대,0.60
2829,토지,일반재산,서울특별시 용산구 후암동 300-13,,대,3.00
2830,토지,일반재산,서울특별시 용산구 후암동 300-8,,대,1.30
2831,토지,일반재산,서울특별시 용산구 갈월동 7-149,,대,20.50
2832,토지,행정재산,서울특별시 용산구 갈월동 7-154,,대,6.00
2833,토지,일반재산,서울특별시 용산구 후암동 300-1,,도로,21.50
2834,토지,일반재산,서울특별시 용산구 갈월동 7-155,,대,0.70
2835,토지,일반재산,서울특별시 용산구 후암동 292-6,,대,13.40
2836,토지,일반재산,서울특별시 용산구 후암동 336-43,,대,3.90
2837,토지,일반재산,서울특별시 용산구 후암동 336-44,,도로,1.90
2838,토지,일반재산,서울특별시 용산구 후암동 336-46,,도로,27.50
2839,토지,일반재산,서울특별시 용산구 후암동 352-27,,대,81.70
2840,토지,일반재산,서울특별시 용산구 후암동 352-21,,대,21.60
2841,토지,일반재산,서울특별시 용산구 후암동 352-19,,도로,23.40
2842,토지,일반재산,서울특별시 용산구 후암동 352-12,,대,2.60
2843,토지,일반재산,서울특별시 용산구 후암동 352-7,,대,5.50
2844,토지,일반재산,서울특별시 용산구 후암동 352-5,,대,5.50
2845,토지,일반재산,서울특별시 용산구 후암동 352-4,,대,60.50
2846,토지,일반재산,서울특별시 용산구 후암동 352-2,,대,57.50
2847,토지,행정재산,서울특별시 용산구 후암동 350-3,,구거,323.00
2848,토지,행정재산,서울특별시 용산구 갈월동 7-95,,도로,48.60
2849,토지,일반재산,서울특별시 용산구 후암동 345-36,,대,3.90
2850,토지,일반재산,서울특별시 용산구 후암동 345-14,,대,18.70
2851,토지,행정재산,서울특별시 용산구 후암동 344-10,,도로,89.60
2852,토지,일반재산,서울특별시 용산구 후암동 344-7,,전,11.90
2853,토지,일반재산,서울특별시 용산구 후암동 344-5,,전,6.60
2854,토지,일반재산,서울특별시 용산구 후암동 344-3,,전,1.30
2855,토지,일반재산,서울특별시 용산구 후암동 343-1,,대,6.90
2856,토지,일반재산,서울특별시 용산구 후암동 340-4,,대,0.30
2857,토지,행정재산,서울특별시 용산구 후암동 339-33,,임야,88.00
2858,토지,행정재산,서울특별시 용산구 후암동 339-32,,임야,101.00
2859,토지,일반재산,서울특별시 용산구 후암동 339-31,,임야,283.00
2860,토지,일반재산,서울특별시 용산구 후암동 339-29,,도로,0.90
2861,토지,일반재산,서울특별시 용산구 갈월동 7-104,,대,7.60
2862,토지,일반재산,서울특별시 용산구 갈월동 7-107,,대,13.20
2863,토지,일반재산,서울특별시 용산구 갈월동 7-121,,대,31.70
2864,토지,일반재산,서울특별시 용산구 갈월동 7-122,,대,35.00
2865,토지,일반재산,서울특별시 용산구 후암동 337-8,,대,1.30
2866,토지,일반재산,서울특별시 용산구 후암동 337-2,,대,62.80
2867,토지,행정재산,서울특별시 용산구 후암동 403-39,,구거,4.50
2868,토지,일반재산,서울특별시 용산구 후암동 406-8,,대,152.10
2869,토지,일반재산,서울특별시 용산구 후암동 418-9,,대,3.00
2870,토지,일반재산,서울특별시 용산구 갈월동 1-4,,대,39.70
2871,토지,행정재산,서울특별시 용산구 갈월동 2-3,,도로,19.80
2872,토지,일반재산,서울특별시 용산구 후암동 418-31,,대,81.30
2873,토지,행정재산,서울특별시 용산구 갈월동 3-4,,도로,33.10
2874,토지,행정재산,서울특별시 용산구 후암동 435-11,,대,1.30
2875,토지,일반재산,서울특별시 용산구 갈월동 3-9,,대,105.10
2876,토지,행정재산,서울특별시 용산구 갈월동 3-10,,도로,1.30
2877,토지,행정재산,서울특별시 용산구 갈월동 3-12,,도로,27.10
2878,토지,일반재산,서울특별시 용산구 갈월동 4-1,,대,0.70
2879,토지,일반재산,서울특별시 용산구 갈월동 4-2,,도로,0.30
2880,토지,일반재산,서울특별시 용산구 갈월동 4-5,,도로,0.70
2881,토지,행정재산,서울특별시 용산구 갈월동 4-6,,도로,6.60
2882,토지,일반재산,서울특별시 용산구 후암동 438-8,,대,2.30
2883,토지,일반재산,서울특별시 용산구 후암동 415-78,,학교용지,0.90
2884,토지,일반재산,서울특별시 용산구 후암동 438-11,,대,1.30
2885,토지,행정재산,서울특별시 용산구 후암동 415-68,,학교용지,65.00
2886,토지,일반재산,서울특별시 용산구 후암동 415-22,,대,12.60
2887,토지,행정재산,서울특별시 용산구 용산동2가 5-2146,,임야,"9,989.00"
2888,토지,일반재산,서울특별시 용산구 후암동 411-10,,임야,149.00
2889,토지,일반재산,서울특별시 용산구 후암동 411-9,,임야,122.00
2890,토지,일반재산,서울특별시 용산구 후암동 411-6,,대,65.10
2891,토지,일반재산,서울특별시 용산구 후암동 411-3,,대,31.70
2892,토지,일반재산,서울특별시 용산구 후암동 411-1,,대,43.30
2893,토지,일반재산,서울특별시 용산구 후암동 438-27,,대,13.20
2894,토지,일반재산,서울특별시 용산구 후암동 438-31,,대,1.30
2895,토지,일반재산,서울특별시 용산구 후암동 410-35,,대,1.50
2896,토지,일반재산,서울특별시 용산구 후암동 410-34,,대,0.80
2897,토지,일반재산,서울특별시 용산구 후암동 418-43,,대,2.60
2898,토지,일반재산,서울특별시 용산구 후암동 418-44,,대,0.30
2899,토지,일반재산,서울특별시 용산구 후암동 429-9,,도로,16.50
2900,토지,행정재산,서울특별시 용산구 후암동 429-8,,대,13.20
2901,토지,행정재산,서울특별시 용산구 후암동 429-7,,도로,6.60
2902,토지,일반재산,서울특별시 용산구 후암동 429-3,,대,13.20
2903,토지,일반재산,서울특별시 용산구 후암동 429-2,,대,13.20
2904,토지,행정재산,서울특별시 용산구 후암동 429-1,,도로,178.50
2905,토지,일반재산,서울특별시 용산구 후암동 429,,도로,33.10
2906,토지,행정재산,서울특별시 용산구 용산동2가 5-2147,,임야,"5,448.00"
2907,토지,행정재산,서울특별시 용산구 용산동2가 8-122,,대,7.30
2908,토지,일반재산,서울특별시 용산구 용산동2가 9-26,,대,3.00
2909,토지,일반재산,서울특별시 용산구 용산동2가 10-23,,대,1.30
2910,토지,일반재산,서울특별시 용산구 후암동 432-2,,대,3.20
2911,토지,일반재산,서울특별시 용산구 후암동 432-4,,대,2.00
2912,토지,일반재산,서울특별시 용산구 용산동2가 10-45,,대,4.00
2913,토지,행정재산,서울특별시 용산구 용산동2가 10-47,,대,36.40
2914,토지,일반재산,서울특별시 용산구 후암동 432-7,,대,2.30
2915,토지,일반재산,서울특별시 용산구 용산동2가 10-54,,대,15.50
2916,토지,행정재산,서울특별시 용산구 용산동2가 산 1-1,,임야,"6,248.00"
2917,토지,행정재산,서울특별시 용산구 용산동2가 산 1-3,,임야,"197,256.00"
2918,토지,일반재산,서울특별시 용산구 후암동 428-2,,대,2.60
2919,토지,행정재산,서울특별시 용산구 용산동2가 산 1-11,,임야,"3,273.00"
2920,토지,행정재산,서울특별시 용산구 용산동2가 산 2-21,,임야,238.00
2921,토지,행정재산,서울특별시 용산구 후암동 427-6,,도로,648.00
2922,토지,일반재산,서울특별시 용산구 후암동 427-4,,대,3.30
2923,토지,일반재산,서울특별시 용산구 후암동 427-3,,대,5.00
2924,토지,일반재산,서울특별시 용산구 후암동 433-2,,대,2.00
2925,토지,일반재산,서울특별시 용산구 후암동 435-5,,대,68.10
2926,토지,일반재산,서울특별시 용산구 후암동 410-31,,대,0.50
2927,토지,일반재산,서울특별시 용산구 후암동 410-24,,대,29.60
2928,토지,일반재산,서울특별시 용산구 후암동 409-45,,대,0.80
2929,토지,행정재산,서울특별시 용산구 후암동 407-28,,도로,0.90
2930,토지,일반재산,서울특별시 용산구 후암동 429-11,,대,2.00
2931,토지,행정재산,서울특별시 용산구 후암동 407-1,,임야,"1,820.60"
2932,토지,행정재산,서울특별시 용산구 갈월동 5-19,,도로,323.60
2933,토지,행정재산,서울특별시 용산구 후암동 406-98,,도로,102.00
2934,토지,일반재산,서울특별시 용산구 후암동 406-97,,도로,"4,030.60"
2935,토지,일반재산,서울특별시 용산구 후암동 406-95,,대,2.30
2936,토지,일반재산,서울특별시 용산구 후암동 406-93,,임야,85.10
2937,토지,일반재산,서울특별시 용산구 후암동 406-92,,임야,171.50
2938,토지,행정재산,서울특별시 용산구 후암동 406-75,,도로,28.70
2939,토지,일반재산,서울특별시 용산구 후암동 406-68,,도로,19.60
2940,토지,일반재산,서울특별시 용산구 후암동 439-11,,대,9.90
2941,토지,일반재산,서울특별시 용산구 후암동 439-12,,도로,26.40
2942,토지,일반재산,서울특별시 용산구 후암동 406-67,,대,242.00
2943,토지,일반재산,서울특별시 용산구 후암동 406-40,,대,30.20
2944,토지,일반재산,서울특별시 용산구 후암동 406-39,,대,50.50
2945,토지,일반재산,서울특별시 용산구 후암동 406-35,,대,31.70
2946,토지,일반재산,서울특별시 용산구 후암동 439-23,,도로,15.50
2947,토지,일반재산,서울특별시 용산구 후암동 406-34,,대,77.90
2948,토지,일반재산,서울특별시 용산구 후암동 406-32,,대,276.70
2949,토지,행정재산,서울특별시 용산구 갈월동 5-24,,도로,53.20
2950,토지,일반재산,서울특별시 용산구 후암동 406-29,,대,107.20
2951,토지,일반재산,서울특별시 용산구 후암동 406-10,,대,33.00
2952,토지,일반재산,서울특별시 용산구 후암동 406-9,,대,1.40
2953,토지,일반재산,서울특별시 용산구 후암동 439-28,,대,13.20
2954,토지,일반재산,서울특별시 용산구 후암동 409-46,,대,0.90
2955,토지,일반재산,서울특별시 용산구 후암동 409-47,,사적지,4.60
2956,토지,일반재산,서울특별시 용산구 후암동 409-48,,대,7.50
2957,토지,일반재산,서울특별시 용산구 후암동 410-23,,대,3.80
2958,토지,일반재산,서울특별시 용산구 후암동 410-22,,도로,23.40
2959,토지,일반재산,서울특별시 용산구 후암동 410-20,,대,12.30
2960,토지,일반재산,서울특별시 용산구 후암동 438-32,,대,20.80
2961,토지,일반재산,서울특별시 용산구 후암동 410-12,,대,0.60
2962,토지,일반재산,서울특별시 용산구 후암동 410-3,,대,162.00
2963,토지,일반재산,서울특별시 용산구 후암동 410-2,,대,74.70
2964,토지,일반재산,서울특별시 용산구 후암동 410-1,,대,9.30
2965,토지,일반재산,서울특별시 용산구 후암동 409-274,,대,98.60
2966,토지,일반재산,서울특별시 용산구 후암동 409-220,,대,6.40
2967,토지,일반재산,서울특별시 용산구 후암동 409-176,,대,17.40
2968,토지,일반재산,서울특별시 용산구 후암동 409-169,,대,70.40
2969,토지,일반재산,서울특별시 용산구 후암동 409-126,,대,36.50
2970,토지,일반재산,서울특별시 용산구 후암동 409-168,,대,92.60
2971,토지,일반재산,서울특별시 용산구 후암동 409-170,,대,49.90
2972,토지,일반재산,서울특별시 용산구 후암동 409-171,,대,30.40
2973,토지,일반재산,서울특별시 용산구 후암동 409-175,,대,38.00
2974,토지,일반재산,서울특별시 용산구 용문동 29-4,,대,86.00
2975,토지,행정재산,서울특별시 용산구 한강로1가 113-2,,대,14.20
2976,토지,행정재산,서울특별시 용산구 한강로1가 107,,대,"1,538.00"
2977,토지,행정재산,서울특별시 용산구 한강로1가 102,,도로,207.70
2978,토지,행정재산,서울특별시 용산구 한강로1가 80-8,,도로,58.00
2979,토지,행정재산,서울특별시 용산구 한강로2가 282,,도로,35.00
2980,토지,일반재산,서울특별시 용산구 한강로1가 77-2,,대,115.70
2981,토지,행정재산,서울특별시 용산구 한강로1가 73-7,,구거,1.60
2982,토지,행정재산,서울특별시 용산구 한강로1가 73-6,,구거,26.60
2983,토지,행정재산,서울특별시 용산구 한강로1가 73,,구거,110.60
2984,토지,일반재산,서울특별시 용산구 한강로1가 50-2,,대,39.70
2985,토지,행정재산,서울특별시 용산구 한강로1가 40,,도로,74.70
2986,토지,행정재산,서울특별시 용산구 한강로1가 39-1,,구거,50.60
2987,토지,일반재산,서울특별시 용산구 한강로1가 36-2,,도로,7.90
2988,토지,일반재산,서울특별시 용산구 한강로1가 34-2,,대,3.43
2989,토지,행정재산,서울특별시 용산구 한강로1가 32-9,,공원,4.10
2990,토지,행정재산,서울특별시 용산구 한강로1가 26-1,,도로,"3,110.60"
2991,토지,행정재산,서울특별시 용산구 한강로1가 25,,도로,101.50
2992,토지,일반재산,서울특별시 용산구 한강로1가 24-7,,도로,50.90
2993,토지,일반재산,서울특별시 용산구 한강로1가 21-4,,도로,2.30
2994,토지,일반재산,서울특별시 용산구 한강로1가 18-21,,도로,3.00
2995,토지,일반재산,서울특별시 용산구 한강로1가 17-7,,도로,27.10
2996,토지,일반재산,서울특별시 용산구 한강로1가 17-6,,대,6.90
2997,토지,일반재산,서울특별시 용산구 한강로1가 17-5,,대,6.00
2998,토지,일반재산,서울특별시 용산구 한강로1가 16-3,,도로,0.70
2999,토지,행정재산,서울특별시 용산구 한강로1가 116-1,,도로,15.50
3000,토지,행정재산,서울특별시 용산구 한강로1가 120-1,,도로,131.20
3001,토지,일반재산,서울특별시 용산구 한강로1가 120-3,,도로,37.30
3002,토지,행정재산,서울특별시 용산구 한강로1가 215-6,,대,7.90
3003,토지,행정재산,서울특별시 용산구 한강로1가 215-2,,도로,28.80
3004,토지,행정재산,서울특별시 용산구 한강로1가 215-1,,도로,25.80
3005,토지,행정재산,서울특별시 용산구 한강로1가 206-4,,대,58.20
3006,토지,일반재산,서울특별시 용산구 한강로1가 195-7,,대,1.50
3007,토지,일반재산,서울특별시 용산구 한강로1가 195-6,,대,5.30
3008,토지,일반재산,서울특별시 용산구 한강로1가 195-5,,대,12.20
3009,토지,일반재산,서울특별시 용산구 한강로1가 195-4,,대,73.70
3010,토지,일반재산,서울특별시 용산구 한강로1가 194-7,,대,1.50
3011,토지,일반재산,서울특별시 용산구 한강로1가 193,,도로,13.80
3012,토지,일반재산,서울특별시 용산구 한강로1가 192,,대,6.90
3013,토지,행정재산,서울특별시 용산구 한강로1가 179-1,,도로,7.90
3014,토지,행정재산,서울특별시 용산구 한강로1가 178-3,,도로,7.90
3015,토지,일반재산,서울특별시 용산구 한강로1가 166-12,,대,7.30
3016,토지,일반재산,서울특별시 용산구 한강로1가 166-4,,대,13.80
3017,토지,일반재산,서울특별시 용산구 한강로1가 166-1,,대,70.20
3018,토지,행정재산,서울특별시 용산구 한강로1가 163-6,,도로,21.20
3019,토지,행정재산,서울특별시 용산구 한강로1가 161-8,,도로,24.10
3020,토지,행정재산,서울특별시 용산구 한강로1가 161-4,,도로,24.10
3021,토지,행정재산,서울특별시 용산구 한강로1가 133-3,,구거,10.70
3022,토지,행정재산,서울특별시 용산구 한강로1가 133-1,,도로,276.70
3023,토지,일반재산,서울특별시 용산구 한강로1가 129,,대,0.40
3024,토지,행정재산,서울특별시 용산구 한강로1가 124,,대,5.60
3025,토지,행정재산,서울특별시 용산구 한강로1가 123,,대,6.00
3026,토지,일반재산,서울특별시 용산구 한강로1가 16-2,,대,22.40
3027,토지,행정재산,서울특별시 용산구 한강로1가 16-1,,도로,50.90
3028,토지,행정재산,서울특별시 용산구 신계동 36-38,,도로,54.50
3029,토지,행정재산,서울특별시 용산구 신계동 36-37,,도로,18.00
3030,토지,행정재산,서울특별시 용산구 신계동 36-26,,도로,0.30
3031,토지,행정재산,서울특별시 용산구 신계동 36-24,,도로,57.20
3032,토지,일반재산,서울특별시 용산구 신계동 36-19,,대,28.60
3033,토지,일반재산,서울특별시 용산구 신계동 36-12,,도로,35.90
3034,토지,행정재산,서울특별시 용산구 신계동 36-6,,도로,6.80
3035,토지,일반재산,서울특별시 용산구 신계동 36-5,,제방,15.90
3036,토지,일반재산,서울특별시 용산구 신계동 36-4,,대,38.30
3037,토지,일반재산,서울특별시 용산구 신계동 35-36,,도로,1.30
3038,토지,일반재산,서울특별시 용산구 신계동 35-23,,도로,6.90
3039,토지,일반재산,서울특별시 용산구 신계동 35-21,,대,0.30
3040,토지,일반재산,서울특별시 용산구 신계동 35-8,,대,3.00
3041,토지,일반재산,서울특별시 용산구 신계동 35-3,,대,1.30
3042,토지,행정재산,서울특별시 용산구 신계동 35-2,,도로,39.70
3043,토지,일반재산,서울특별시 용산구 신계동 32-6,,대,36.00
3044,토지,행정재산,서울특별시 용산구 신계동 32-2,,대,19.50
3045,토지,일반재산,서울특별시 용산구 신계동 29-30,,대,1.70
3046,토지,일반재산,서울특별시 용산구 신계동 29-28,,대,7.50
3047,토지,일반재산,서울특별시 용산구 신계동 29-12,,대,18.60
3048,토지,행정재산,서울특별시 용산구 신계동 28-11,,도로,128.60
3049,토지,행정재산,서울특별시 용산구 신계동 28-9,,도로,66.80
3050,토지,행정재산,서울특별시 용산구 신계동 28-8,,도로,3.30
3051,토지,행정재산,서울특별시 용산구 신계동 28-6,,도로,7.30
3052,토지,행정재산,서울특별시 용산구 신계동 38-2,,도로,0.30
3053,토지,행정재산,서울특별시 용산구 신계동 39-4,,도로,90.90
3054,토지,일반재산,서울특별시 용산구 신계동 39-13,,대,6.00
3055,토지,행정재산,서울특별시 용산구 한강로1가 15,,구거,55.90
3056,토지,일반재산,서울특별시 용산구 한강로1가 14-49,,대,2.40
3057,토지,일반재산,서울특별시 용산구 한강로1가 14-14,,대,8.50
3058,토지,일반재산,서울특별시 용산구 한강로1가 14-13,,대,3.30
3059,토지,일반재산,서울특별시 용산구 한강로1가 14-7,,대,1.00
3060,토지,일반재산,서울특별시 용산구 한강로1가 13-29,,대,14.50
3061,토지,일반재산,서울특별시 용산구 한강로1가 13-24,,대,2.60
3062,토지,행정재산,서울특별시 용산구 한강로1가 13-8,,도로,30.70
3063,토지,행정재산,서울특별시 용산구 한강로1가 4,,제방,193.40
3064,토지,행정재산,서울특별시 용산구 신계동 45-8,,도로,5.30
3065,토지,행정재산,서울특별시 용산구 신계동 45-7,,하천,1.00
3066,토지,행정재산,서울특별시 용산구 신계동 44-3,,도로,37.70
3067,토지,행정재산,서울특별시 용산구 신계동 43-14,,하천,10.20
3068,토지,일반재산,서울특별시 용산구 신계동 41-11,,대,1.60
3069,토지,일반재산,서울특별시 용산구 신계동 41-10,,대,1.30
3070,토지,행정재산,서울특별시 용산구 신계동 41-8,,도로,53.60
3071,토지,행정재산,서울특별시 용산구 신계동 40-12,,도로,36.40
3072,토지,행정재산,서울특별시 용산구 신계동 40-9,,대,6.90
3073,토지,행정재산,서울특별시 용산구 신계동 39-33,,도로,26.50
3074,토지,일반재산,서울특별시 용산구 신계동 39-32,,대,38.30
3075,토지,일반재산,서울특별시 용산구 신계동 39-31,,대,17.70
3076,토지,일반재산,서울특별시 용산구 신계동 39-30,,대,32.40
3077,토지,일반재산,서울특별시 용산구 신계동 39-28,,대,23.60
3078,토지,행정재산,서울특별시 용산구 신계동 39-19,,대,26.80
3079,토지,행정재산,서울특별시 용산구 한강로1가 221-1,,도로,62.10
3080,토지,행정재산,서울특별시 용산구 한강로1가 222-1,,도로,8.90
3081,토지,일반재산,서울특별시 용산구 한강로2가 109-8,,대,5.30
3082,토지,행정재산,서울특별시 용산구 한강로2가 107-9,,대,34.70
3083,토지,행정재산,서울특별시 용산구 한강로2가 100-2,,도로,46.30
3084,토지,행정재산,서울특별시 용산구 한강로2가 86-2,,대,19.80
3085,토지,행정재산,서울특별시 용산구 한강로2가 84-2,,도로,48.30
3086,토지,일반재산,서울특별시 용산구 한강로2가 83-3,,도로,8.30
3087,토지,일반재산,서울특별시 용산구 한강로2가 75-7,,도로,4.30
3088,토지,행정재산,서울특별시 용산구 한강로2가 75-5,,대,3.60
3089,토지,일반재산,서울특별시 용산구 한강로2가 75-2,,도로,5.60
3090,토지,일반재산,서울특별시 용산구 한강로2가 73-10,,도로,5.00
3091,토지,일반재산,서울특별시 용산구 한강로2가 73-5,,대,12.90
3092,토지,행정재산,서울특별시 용산구 한강로2가 72,,도로,170.20
3093,토지,일반재산,서울특별시 용산구 한강로2가 69,,대,28.60
3094,토지,일반재산,서울특별시 용산구 한강로2가 60-1,,대,46.00
3095,토지,일반재산,서울특별시 용산구 한강로2가 53-8,,대,12.20
3096,토지,일반재산,서울특별시 용산구 한강로2가 51-3,,대,15.50
3097,토지,일반재산,서울특별시 용산구 한강로2가 51-2,,대,5.00
3098,토지,일반재산,서울특별시 용산구 한강로2가 47-2,,대,17.60
3099,토지,일반재산,서울특별시 용산구 한강로2가 27-6,,도로,5.00
3100,토지,행정재산,서울특별시 용산구 한강로2가 27-4,,도로,27.10
3101,토지,일반재산,서울특별시 용산구 한강로2가 25-6,,도로,6.50
3102,토지,행정재산,서울특별시 용산구 한강로2가 24-3,,도로,25.80
3103,토지,행정재산,서울특별시 용산구 한강로2가 16-20,,유지,21.00
3104,토지,행정재산,서울특별시 용산구 한강로2가 16-18,,도로,4.50
3105,토지,행정재산,서울특별시 용산구 한강로2가 114-5,,도로,17.50
3106,토지,일반재산,서울특별시 용산구 한강로2가 114-7,,대,45.60
3107,토지,일반재산,서울특별시 용산구 한강로2가 122-1,,대,1.00
3108,토지,일반재산,서울특별시 용산구 한강로2가 281,,도로,36.40
3109,토지,행정재산,서울특별시 용산구 한강로2가 258-14,,도로,3.30
3110,토지,행정재산,서울특별시 용산구 한강로2가 258-10,,도로,5.00
3111,토지,행정재산,서울특별시 용산구 한강로2가 258-8,,도로,13.20
3112,토지,행정재산,서울특별시 용산구 한강로2가 257-9,,도로,5.60
3113,토지,행정재산,서울특별시 용산구 한강로2가 257-7,,도로,16.50
3114,토지,행정재산,서울특별시 용산구 한강로2가 256-4,,도로,14.20
3115,토지,행정재산,서울특별시 용산구 한강로2가 256-3,,도로,193.00
3116,토지,행정재산,서울특별시 용산구 한강로2가 255-5,,도로,455.90
3117,토지,행정재산,서울특별시 용산구 한강로2가 253-2,,도로,134.50
3118,토지,행정재산,서울특별시 용산구 한강로2가 249-2,,도로,470.40
3119,토지,행정재산,서울특별시 용산구 한강로2가 247,,도로,79.30
3120,토지,일반재산,서울특별시 용산구 한강로2가 243-4,,대,140.20
3121,토지,행정재산,서울특별시 용산구 한강로2가 239-2,,도로,571.30
3122,토지,일반재산,서울특별시 용산구 한강로2가 156-16,,대,12.30
3123,토지,행정재산,서울특별시 용산구 한강로2가 156-8,,도로,46.20
3124,토지,일반재산,서울특별시 용산구 한강로2가 156-5,,대,8.40
3125,토지,행정재산,서울특별시 용산구 한강로2가 156-1,,대,3.30
3126,토지,일반재산,서울특별시 용산구 한강로2가 153-7,,대,14.21
3127,토지,행정재산,서울특별시 용산구 한강로2가 153-6,,도로,49.60
3128,토지,행정재산,서울특별시 용산구 한강로2가 153-1,,대,10.20
3129,토지,일반재산,서울특별시 용산구 한강로2가 143-8,,대,13.20
3130,토지,일반재산,서울특별시 용산구 한강로2가 143-7,,대,13.20
3131,토지,일반재산,서울특별시 용산구 한강로2가 135-3,,대,9.60
3132,토지,행정재산,서울특별시 용산구 한강로2가 16-17,,도로,21.20
3133,토지,일반재산,서울특별시 용산구 한강로2가 16-10,,유지,22.10
3134,토지,행정재산,서울특별시 용산구 한강로2가 2-73,,대,23.10
3135,토지,일반재산,서울특별시 용산구 한강로2가 2-29,,대,53.60
3136,토지,일반재산,서울특별시 용산구 한강로2가 2-24,,대,26.40
3137,토지,일반재산,서울특별시 용산구 한강로2가 2-18,,대,13.60
3138,토지,일반재산,서울특별시 용산구 한강로2가 2-12,,도로,667.80
3139,토지,행정재산,서울특별시 용산구 한강로2가 2-7,,도로,152.10
3140,토지,일반재산,서울특별시 용산구 한강로2가 2-3,,대,174.90
3141,토지,행정재산,서울특별시 용산구 한강로2가 1-1,,학교용지,"6,653.90"
3142,토지,행정재산,서울특별시 용산구 한강로2가 1,,학교용지,"7,161.00"
3143,토지,일반재산,서울특별시 용산구 한강로1가 304-3,,대,15.30
3144,토지,행정재산,서울특별시 용산구 한강로1가 304,,구거,657.60
3145,토지,행정재산,서울특별시 용산구 한강로1가 303-1,,도로,398.00
3146,토지,행정재산,서울특별시 용산구 한강로1가 294-1,,도로,346.40
3147,토지,행정재산,서울특별시 용산구 한강로1가 293-1,,도로,914.70
3148,토지,행정재산,서울특별시 용산구 한강로1가 285-2,,도로,168.60
3149,토지,행정재산,서울특별시 용산구 한강로1가 281-2,,도로,637.10
3150,토지,행정재산,서울특별시 용산구 한강로1가 278-2,,도로,360.40
3151,토지,행정재산,서울특별시 용산구 한강로1가 271-1,,도로,229.10
3152,토지,행정재산,서울특별시 용산구 한강로1가 268-2,,도로,185.10
3153,토지,행정재산,서울특별시 용산구 한강로1가 263,,도로,304.40
3154,토지,행정재산,서울특별시 용산구 한강로1가 254-3,,대,16.80
3155,토지,일반재산,서울특별시 용산구 한강로1가 252-5,,대,3.60
3156,토지,일반재산,서울특별시 용산구 한강로1가 234-4,,구거,392.50
3157,토지,행정재산,서울특별시 용산구 한강로1가 230-2,,대,4.60
3158,토지,행정재산,서울특별시 용산구 한강로2가 2-94,,대,19.80
3159,토지,행정재산,서울특별시 용산구 한강로2가 2-177,,대,20.50
3160,토지,일반재산,서울특별시 용산구 한강로2가 2-378,,대,53.90
3161,토지,행정재산,서울특별시 용산구 한강로2가 15-45,,하천,19.80
3162,토지,행정재산,서울특별시 용산구 한강로2가 15-43,,하천,157.70
3163,토지,행정재산,서울특별시 용산구 한강로2가 15-32,,하천,59.30
3164,토지,행정재산,서울특별시 용산구 한강로2가 15-18,,하천,19.80
3165,토지,행정재산,서울특별시 용산구 한강로2가 15-17,,하천,153.00
3166,토지,행정재산,서울특별시 용산구 한강로2가 15-16,,하천,19.80
3167,토지,행정재산,서울특별시 용산구 한강로2가 15-14,,제방,332.20
3168,토지,행정재산,서울특별시 용산구 한강로2가 15-11,,하천,630.40
3169,토지,행정재산,서울특별시 용산구 한강로2가 15-10,,하천,"5,126.90"
3170,토지,행정재산,서울특별시 용산구 한강로2가 15-9,,하천,663.50
3171,토지,행정재산,서울특별시 용산구 한강로2가 15-6,,제방,"1,401.00"
3172,토지,행정재산,서울특별시 용산구 한강로2가 11-22,,제방,14.10
3173,토지,행정재산,서울특별시 용산구 한강로2가 11-21,,제방,1.60
3174,토지,행정재산,서울특별시 용산구 한강로2가 11-20,,하천,18.80
3175,토지,행정재산,서울특별시 용산구 한강로2가 11-19,,하천,"1,292.40"
3176,토지,행정재산,서울특별시 용산구 한강로2가 11-18,,하천,16.80
3177,토지,행정재산,서울특별시 용산구 한강로2가 11-9,,하천,12.60
3178,토지,행정재산,서울특별시 용산구 한강로2가 11-8,,하천,160.30
3179,토지,행정재산,서울특별시 용산구 한강로2가 11-7,,하천,29.40
3180,토지,행정재산,서울특별시 용산구 한강로2가 11-5,,제방,104.60
3181,토지,행정재산,서울특별시 용산구 한강로2가 11-4,,제방,133.60
3182,토지,행정재산,서울특별시 용산구 한강로2가 11-3,,제방,464.20
3183,토지,행정재산,서울특별시 용산구 한강로2가 11-2,,하천,256.50
3184,토지,일반재산,서울특별시 용산구 한강로2가 3-3,,대,10.20
3185,토지,일반재산,서울특별시 용산구 신계동 28-2,,대,4.30
3186,토지,행정재산,서울특별시 용산구 문배동 37-18,,구거,"1,405.60"
3187,토지,일반재산,서울특별시 용산구 용문동 32-88,,대,27.20
3188,토지,일반재산,서울특별시 용산구 용문동 32-92,,도로,3.60
3189,토지,일반재산,서울특별시 용산구 용문동 32-98,,대,1.20
3190,토지,행정재산,서울특별시 용산구 용문동 32-99,,도로,51.70
3191,토지,일반재산,서울특별시 용산구 용문동 32-113,,대,195.00
3192,토지,행정재산,서울특별시 용산구 용문동 32-152,,도로,22.10
3193,토지,일반재산,서울특별시 용산구 용문동 32-156,,도로,0.80
3194,토지,일반재산,서울특별시 용산구 용문동 32-162,,도로,18.50
3195,토지,일반재산,서울특별시 용산구 용문동 32-171,,도로,17.50
3196,토지,일반재산,서울특별시 용산구 용문동 56-11,,도로,9.00
3197,토지,일반재산,서울특별시 용산구 용문동 56-10,,대,16.30
3198,토지,행정재산,서울특별시 용산구 용문동 32-200,,도로,58.70
3199,토지,행정재산,서울특별시 용산구 용문동 49-1,,대,6.60
3200,토지,행정재산,서울특별시 용산구 문배동 39-5,,제방,11.40
3201,토지,행정재산,서울특별시 용산구 문배동 39-4,,제방,57.30
3202,토지,일반재산,서울특별시 용산구 문배동 39-3,,제방,226.20
3203,토지,행정재산,서울특별시 용산구 문배동 39-2,,구거,291.60
3204,토지,행정재산,서울특별시 용산구 문배동 37-13,,제방,153.70
3205,토지,행정재산,서울특별시 용산구 문배동 37-12,,제방,79.30
3206,토지,일반재산,서울특별시 용산구 용문동 42-81,,대,8.30
3207,토지,일반재산,서울특별시 용산구 용문동 32-80,,대,2.30
3208,토지,행정재산,서울특별시 용산구 용문동 56-18,,도로,0.20
3209,토지,행정재산,서울특별시 용산구 용문동 29-18,,도로,9.20
3210,토지,행정재산,서울특별시 용산구 용문동 29-19,,도로,19.80
3211,토지,일반재산,서울특별시 용산구 신계동 3-21,,전,63.10
3212,토지,행정재산,서울특별시 용산구 신계동 3-18,,제방,188.50
3213,토지,일반재산,서울특별시 용산구 용문동 29-20,,대,26.40
3214,토지,행정재산,서울특별시 용산구 용문동 31,,도로,380.20
3215,토지,행정재산,서울특별시 용산구 용문동 32-14,,도로,16.90
3216,토지,일반재산,서울특별시 용산구 신계동 3-7,,전,355.10
3217,토지,행정재산,서울특별시 용산구 신계동 3-6,,하천,457.20
3218,토지,행정재산,서울특별시 용산구 신계동 3-2,,제방,10.50
3219,토지,행정재산,서울특별시 용산구 용문동 32-17,,도로,460.50
3220,토지,행정재산,서울특별시 용산구 문배동 9-2,,도로,329.20
3221,토지,일반재산,서울특별시 용산구 용문동 109,,대,56.20
3222,토지,일반재산,서울특별시 용산구 용문동 108-1,,대,143.50
3223,토지,행정재산,서울특별시 용산구 신계동 1-265,,학교용지,33.70
3224,토지,행정재산,서울특별시 용산구 신계동 1-263,,학교용지,372.30
3225,토지,일반재산,서울특별시 용산구 용문동 107,,사적지,314.00
3226,토지,일반재산,서울특별시 용산구 용문동 106-5,,대,0.40
3227,토지,행정재산,서울특별시 용산구 용문동 104-3,,도로,10.90
3228,토지,행정재산,서울특별시 용산구 용문동 56-19,,대,0.60
3229,토지,행정재산,서울특별시 용산구 문배동 37-11,,하천,152.40
3230,토지,행정재산,서울특별시 용산구 문배동 37-10,,제방,186.80
3231,토지,일반재산,서울특별시 용산구 문배동 37-9,,제방,747.80
3232,토지,일반재산,서울특별시 용산구 문배동 30-18,,대,1.00
3233,토지,행정재산,서울특별시 용산구 문배동 30-9,,제방,82.30
3234,토지,일반재산,서울특별시 용산구 문배동 30-8,,대,81.70
3235,토지,일반재산,서울특별시 용산구 문배동 30-7,,대,67.80
3236,토지,행정재산,서울특별시 용산구 문배동 30-2,,도로,19.80
3237,토지,행정재산,서울특별시 용산구 용문동 38-9,,도로,"3,360.30"
3238,토지,행정재산,서울특별시 용산구 문배동 29-6,,도로,117.40
3239,토지,행정재산,서울특별시 용산구 문배동 29-2,,도로,495.20
3240,토지,일반재산,서울특별시 용산구 용문동 42-73,,도로,0.70
3241,토지,일반재산,서울특별시 용산구 용문동 38-12,,대,"1,286.90"
3242,토지,행정재산,서울특별시 용산구 문배동 15-11,,도로,66.80
3243,토지,일반재산,서울특별시 용산구 용문동 42-63,,도로,23.50
3244,토지,일반재산,서울특별시 용산구 용문동 42-54,,대,11.20
3245,토지,행정재산,서울특별시 용산구 용문동 41-16,,도로,29.80
3246,토지,일반재산,서울특별시 용산구 용문동 42-49,,대,4.60
3247,토지,행정재산,서울특별시 용산구 문배동 10-1,,도로,"2,953.70"
3248,토지,일반재산,서울특별시 용산구 용문동 42-1,,대,5.60
3249,토지,일반재산,서울특별시 용산구 용문동 42-15,,도로,7.60
3250,토지,일반재산,서울특별시 용산구 용문동 42-42,,대,0.30
3251,토지,일반재산,서울특별시 용산구 용문동 42-43,,대,2.60
3252,토지,일반재산,서울특별시 용산구 문배동 30-39,,대,161.00
3253,토지,일반재산,서울특별시 용산구 용문동 36-15,,대,8.30
3254,토지,일반재산,서울특별시 용산구 문배동 37-7,,대,26.40
3255,토지,행정재산,서울특별시 용산구 문배동 37-6,,제방,31.10
3256,토지,행정재산,서울특별시 용산구 문배동 37-3,,구거,79.70
3257,토지,행정재산,서울특별시 용산구 문배동 37-2,,제방,"1,983.40"
3258,토지,일반재산,서울특별시 용산구 문배동 36-4,,제방,276.40
3259,토지,행정재산,서울특별시 용산구 문배동 36-2,,구거,628.10
3260,토지,행정재산,서울특별시 용산구 문배동 36-1,,구거,14.50
3261,토지,일반재산,서울특별시 용산구 용문동 42-75,,도로,3.00
3262,토지,일반재산,서울특별시 용산구 문배동 35-5,,제방,320.00
3263,토지,행정재산,서울특별시 용산구 문배동 35-2,,구거,103.10
3264,토지,일반재산,서울특별시 용산구 문배동 34-13,,제방,325.80
3265,토지,일반재산,서울특별시 용산구 문배동 34-12,,도로,25.80
3266,토지,행정재산,서울특별시 용산구 문배동 34-9,,제방,97.80
3267,토지,행정재산,서울특별시 용산구 문배동 34-2,,하천,235.70
3268,토지,일반재산,서울특별시 용산구 문배동 33-12,,대,9.20
3269,토지,일반재산,서울특별시 용산구 문배동 30-79,,대,1.30
3270,토지,일반재산,서울특별시 용산구 문배동 30-78,,대,143.10
3271,토지,일반재산,서울특별시 용산구 문배동 30-77,,대,28.10
3272,토지,행정재산,서울특별시 용산구 용문동 36-2,,도로,6.90
3273,토지,행정재산,서울특별시 용산구 문배동 30-40,,도로,3.60
3274,토지,행정재산,서울특별시 용산구 용문동 29-17,,도로,7.60
3275,토지,일반재산,서울특별시 용산구 용문동 42-48,,대,1.30
3276,토지,행정재산,서울특별시 용산구 용문동 29-16,,도로,39.70
3277,토지,행정재산,서울특별시 용산구 용문동 29-15,,도로,55.20
3278,토지,일반재산,서울특별시 용산구 신계동 7-8,,대,7.30
3279,토지,일반재산,서울특별시 용산구 용문동 29-8,,대,132.90
3280,토지,일반재산,서울특별시 용산구 신계동 22-12,,대,13.00
3281,토지,일반재산,서울특별시 용산구 신계동 22-2,,대,6.60
3282,토지,행정재산,서울특별시 용산구 문배동 5-2,,도로,287.30
3283,토지,행정재산,서울특별시 용산구 문배동 4-2,,도로,316.70
3284,토지,행정재산,서울특별시 용산구 문배동 3-2,,도로,287.30
3285,토지,행정재산,서울특별시 용산구 신계동 9-2,,도로,51.60
3286,토지,행정재산,서울특별시 용산구 신계동 9-3,,도로,51.60
3287,토지,일반재산,서울특별시 용산구 신계동 19-19,,대,8.70
3288,토지,행정재산,서울특별시 용산구 신계동 19-17,,도로,20.80
3289,토지,행정재산,서울특별시 용산구 신계동 9-4,,도로,29.10
3290,토지,행정재산,서울특별시 용산구 신계동 9-8,,도로,62.80
3291,토지,행정재산,서울특별시 용산구 신계동 19-16,,도로,18.50
3292,토지,행정재산,서울특별시 용산구 문배동 2-2,,도로,506.80
3293,토지,행정재산,서울특별시 용산구 신계동 12-15,,도로,19.50
3294,토지,행정재산,서울특별시 용산구 신계동 12-16,,대,40.70
3295,토지,행정재산,서울특별시 용산구 문배동 1-2,,도로,"1,649.60"
3296,토지,일반재산,서울특별시 용산구 문배동 9-1,,대,223.20
3297,토지,일반재산,서울특별시 용산구 신계동 18-13,,대,0.30
3298,토지,일반재산,서울특별시 용산구 신계동 18-12,,대,0.30
3299,토지,행정재산,서울특별시 용산구 신계동 13-2,,도로,16.50
3300,토지,일반재산,서울특별시 용산구 신계동 6-19,,대,5.30
3301,토지,행정재산,서울특별시 용산구 신계동 5-33,,제방,194.30
3302,토지,행정재산,서울특별시 용산구 신계동 4-3,,하천,466.80
3303,토지,행정재산,서울특별시 용산구 신계동 4-13,,제방,33.20
3304,토지,일반재산,서울특별시 용산구 신계동 27-3,,대,112.40
3305,토지,일반재산,서울특별시 용산구 신계동 25-20,,대,1.60
3306,토지,행정재산,서울특별시 용산구 신계동 5-27,,하천,91.60
3307,토지,일반재산,서울특별시 용산구 신계동 5-30,,대,30.30
3308,토지,일반재산,서울특별시 용산구 신계동 25-16,,대,5.00
3309,토지,일반재산,서울특별시 용산구 신계동 5-32,,제방,40.30
3310,토지,일반재산,서울특별시 용산구 신계동 18-7,,대,0.30
3311,토지,일반재산,서울특별시 용산구 신계동 25-14,,대,11.20
3312,토지,행정재산,서울특별시 용산구 문배동 8-3,,도로,246.60
3313,토지,일반재산,서울특별시 용산구 신계동 24-21,,대,7.80
3314,토지,일반재산,서울특별시 용산구 신계동 24-3,,대,85.60
3315,토지,일반재산,서울특별시 용산구 신계동 5-43,,대,7.90
3316,토지,일반재산,서울특별시 용산구 신계동 23-19,,대,15.20
3317,토지,일반재산,서울특별시 용산구 신계동 6-6,,대,16.50
3318,토지,행정재산,서울특별시 용산구 신계동 23-5,,도로,42.30
3319,토지,행정재산,서울특별시 용산구 신계동 23-6,,도로,1.00
3320,토지,일반재산,서울특별시 용산구 신계동 23-18,,대,8.10
3321,토지,행정재산,서울특별시 용산구 신계동 6-17,,대,9.20
3322,토지,행정재산,서울특별시 용산구 문배동 8-1,,도로,145.40
3323,토지,행정재산,서울특별시 용산구 서계동 266-2,,도로,11.20
3324,토지,행정재산,서울특별시 용산구 청파동2가 70-14,,대,2.30
3325,토지,일반재산,서울특별시 용산구 청파동2가 70-8,,대,3.00
3326,토지,행정재산,서울특별시 용산구 청파동2가 70-3,,도로,69.70
3327,토지,행정재산,서울특별시 용산구 청파동2가 67-4,,도로,23.10
3328,토지,행정재산,서울특별시 용산구 청파동2가 60-6,,대,167.30
3329,토지,일반재산,서울특별시 용산구 청파동2가 56-9,,도로,32.10
3330,토지,일반재산,서울특별시 용산구 청파동2가 56-5,,대,4.30
3331,토지,일반재산,서울특별시 용산구 청파동2가 53-39,,대,251.00
3332,토지,일반재산,서울특별시 용산구 청파동2가 53-38,,대,20.40
3333,토지,일반재산,서울특별시 용산구 청파동2가 53-25,,도로,51.90
3334,토지,일반재산,서울특별시 용산구 청파동2가 53-12,,학교용지,"21,319.40"
3335,토지,행정재산,서울특별시 용산구 청파동2가 53-7,,대,66.10
3336,토지,일반재산,서울특별시 용산구 청파동2가 47-51,,도로,2.30
3337,토지,행정재산,서울특별시 용산구 청파동2가 47-47,,도로,10.60
3338,토지,일반재산,서울특별시 용산구 청파동2가 47-29,,대,4.00
3339,토지,일반재산,서울특별시 용산구 청파동2가 47-15,,대,1.10
3340,토지,행정재산,서울특별시 용산구 청파동2가 46-5,,대,6.90
3341,토지,일반재산,서울특별시 용산구 청파동2가 44-5,,대,1.60
3342,토지,행정재산,서울특별시 용산구 청파동2가 44-4,,대,1.00
3343,토지,일반재산,서울특별시 용산구 청파동2가 44-1,,대,6.70
3344,토지,행정재산,서울특별시 용산구 청파동2가 41-24,,도로,6.50
3345,토지,일반재산,서울특별시 용산구 청파동2가 41-23,,도로,4.50
3346,토지,행정재산,서울특별시 용산구 청파동2가 41-20,,도로,6.90
3347,토지,일반재산,서울특별시 용산구 청파동2가 41-2,,종교용지,16.80
3348,토지,행정재산,서울특별시 용산구 청파동2가 37-11,,도로,1.90
3349,토지,일반재산,서울특별시 용산구 청파동2가 36-18,,대,1.00
3350,토지,행정재산,서울특별시 용산구 청파동2가 36-14,,도로,29.30
3351,토지,일반재산,서울특별시 용산구 청파동2가 35-65,,도로,9.70
3352,토지,일반재산,서울특별시 용산구 청파동2가 35-51,,대,0.70
3353,토지,행정재산,서울특별시 용산구 청파동2가 35-44,,대,0.70
3354,토지,행정재산,서울특별시 용산구 청파동2가 35-42,,대,1.00
3355,토지,일반재산,서울특별시 용산구 청파동2가 70-20,,도로,0.30
3356,토지,일반재산,서울특별시 용산구 청파동2가 71-2,,도로,60.60
3357,토지,일반재산,서울특별시 용산구 청파동2가 71-20,,대,10.70
3358,토지,일반재산,서울특별시 용산구 청파동2가 104-28,,대,7.90
3359,토지,일반재산,서울특별시 용산구 청파동2가 104-22,,대,1.00
3360,토지,일반재산,서울특별시 용산구 청파동2가 104-21,,대,1.70
3361,토지,일반재산,서울특별시 용산구 청파동2가 104-17,,도로,23.10
3362,토지,일반재산,서울특별시 용산구 청파동2가 104-16,,도로,15.20
3363,토지,일반재산,서울특별시 용산구 청파동2가 104-15,,도로,62.80
3364,토지,행정재산,서울특별시 용산구 청파동2가 97-8,,대,46.30
3365,토지,일반재산,서울특별시 용산구 청파동2가 90-42,,대,1.70
3366,토지,일반재산,서울특별시 용산구 청파동2가 90-41,,대,0.80
3367,토지,행정재산,서울특별시 용산구 청파동2가 90-27,,도로,23.10
3368,토지,행정재산,서울특별시 용산구 청파동2가 90-21,,도로,75.70
3369,토지,행정재산,서울특별시 용산구 청파동2가 90-5,,도로,36.40
3370,토지,행정재산,서울특별시 용산구 청파동2가 84-6,,도로,38.80
3371,토지,행정재산,서울특별시 용산구 청파동2가 76-5,,도로,15.90
3372,토지,행정재산,서울특별시 용산구 청파동2가 73-4,,대,28.80
3373,토지,일반재산,서울특별시 용산구 청파동2가 72-2,,대,20.80
3374,토지,행정재산,서울특별시 용산구 청파동2가 72-1,,대,1.30
3375,토지,일반재산,서울특별시 용산구 청파동2가 71-151,,대,12.70
3376,토지,일반재산,서울특별시 용산구 청파동2가 71-149,,대,44.60
3377,토지,일반재산,서울특별시 용산구 청파동2가 71-148,,도로,58.90
3378,토지,일반재산,서울특별시 용산구 청파동2가 71-135,,도로,4.30
3379,토지,행정재산,서울특별시 용산구 청파동2가 71-128,,도로,46.80
3380,토지,행정재산,서울특별시 용산구 청파동2가 71-113,,도로,9.20
3381,토지,일반재산,서울특별시 용산구 청파동2가 71-110,,대,13.20
3382,토지,행정재산,서울특별시 용산구 청파동2가 71-92,,대,14.20
3383,토지,일반재산,서울특별시 용산구 청파동2가 71-85,,대,1.52
3384,토지,행정재산,서울특별시 용산구 청파동2가 71-70,,대,6.60
3385,토지,일반재산,서울특별시 용산구 청파동2가 71-67,,대,23.10
3386,토지,일반재산,서울특별시 용산구 청파동2가 71-62,,도로,17.50
3387,토지,일반재산,서울특별시 용산구 청파동2가 71-60,,대,9.60
3388,토지,행정재산,서울특별시 용산구 청파동2가 71-47,,도로,14.40
3389,토지,행정재산,서울특별시 용산구 청파동2가 35-36,,도로,154.70
3390,토지,행정재산,서울특별시 용산구 청파동2가 35-33,,도로,1.10
3391,토지,행정재산,서울특별시 용산구 청파동2가 35-32,,도로,44.20
3392,토지,행정재산,서울특별시 용산구 청파동2가 1-150,,도로,12.20
3393,토지,일반재산,서울특별시 용산구 청파동2가 1-88,,대,225.80
3394,토지,일반재산,서울특별시 용산구 청파동2가 1-82,,대,342.80
3395,토지,행정재산,서울특별시 용산구 청파동2가 1-46,,대,13.90
3396,토지,일반재산,서울특별시 용산구 청파동2가 1-44,,도로,26.40
3397,토지,일반재산,서울특별시 용산구 청파동2가 1-43,,도로,29.80
3398,토지,일반재산,서울특별시 용산구 청파동2가 1-14,,도로,49.60
3399,토지,행정재산,서울특별시 용산구 청파동1가 199-1,,하천,26.40
3400,토지,행정재산,서울특별시 용산구 청파동1가 197-1,,하천,59.50
3401,토지,행정재산,서울특별시 용산구 청파동1가 181-3,,도로,14.50
3402,토지,행정재산,서울특별시 용산구 청파동1가 180-39,,도로,22.30
3403,토지,일반재산,서울특별시 용산구 청파동1가 180-31,,대,20.80
3404,토지,일반재산,서울특별시 용산구 청파동1가 180-28,,도로,29.40
3405,토지,일반재산,서울특별시 용산구 청파동1가 180-20,,철도용지,66.10
3406,토지,일반재산,서울특별시 용산구 청파동1가 180-17,,철도용지,5.00
3407,토지,일반재산,서울특별시 용산구 청파동1가 180-13,,대,289.90
3408,토지,일반재산,서울특별시 용산구 청파동1가 180-7,,철도용지,53.20
3409,토지,일반재산,서울특별시 용산구 청파동1가 177-9,,대,43.00
3410,토지,일반재산,서울특별시 용산구 청파동1가 177-6,,대,60.50
3411,토지,일반재산,서울특별시 용산구 청파동1가 177-2,,도로,0.70
3412,토지,일반재산,서울특별시 용산구 청파동1가 176-3,,대,10.00
3413,토지,행정재산,서울특별시 용산구 청파동1가 176-2,,도로,33.00
3414,토지,행정재산,서울특별시 용산구 청파동1가 160-6,,도로,89.60
3415,토지,행정재산,서울특별시 용산구 청파동1가 151-1,,도로,12.90
3416,토지,행정재산,서울특별시 용산구 청파동1가 150-1,,도로,32.70
3417,토지,행정재산,서울특별시 용산구 청파동1가 149-1,,도로,55.50
3418,토지,행정재산,서울특별시 용산구 청파동1가 148-1,,도로,67.10
3419,토지,일반재산,서울특별시 용산구 청파동1가 147-1,,대,46.30
3420,토지,일반재산,서울특별시 용산구 청파동1가 146-2,,대,7.90
3421,토지,행정재산,서울특별시 용산구 청파동1가 146-1,,도로,87.60
3422,토지,행정재산,서울특별시 용산구 청파동1가 142-2,,도로,330.30
3423,토지,일반재산,서울특별시 용산구 청파동2가 1-173,,도로,19.20
3424,토지,행정재산,서울특별시 용산구 청파동2가 3,,도로,111.70
3425,토지,일반재산,서울특별시 용산구 청파동2가 3-1,,대,7.90
3426,토지,행정재산,서울특별시 용산구 청파동2가 35-7,,도로,46.30
3427,토지,일반재산,서울특별시 용산구 청파동2가 33-18,,대,18.40
3428,토지,행정재산,서울특별시 용산구 청파동2가 33-7,,도로,147.80
3429,토지,일반재산,서울특별시 용산구 청파동2가 33-1,,대,8.00
3430,토지,일반재산,서울특별시 용산구 청파동2가 28-1,,대,49.60
3431,토지,일반재산,서울특별시 용산구 청파동2가 11-7,,대,8.60
3432,토지,일반재산,서울특별시 용산구 청파동2가 11-6,,대,8.30
3433,토지,일반재산,서울특별시 용산구 청파동2가 11-5,,대,7.50
3434,토지,일반재산,서울특별시 용산구 청파동2가 11-4,,대,26.80
3435,토지,일반재산,서울특별시 용산구 청파동2가 10-137,,대,0.90
3436,토지,일반재산,서울특별시 용산구 청파동2가 10-123,,대,4.00
3437,토지,행정재산,서울특별시 용산구 청파동2가 10-120,,대,16.50
3438,토지,일반재산,서울특별시 용산구 청파동2가 10-108,,도로,3.00
3439,토지,일반재산,서울특별시 용산구 청파동2가 10-94,,대,3.00
3440,토지,일반재산,서울특별시 용산구 청파동2가 10-92,,대,2.90
3441,토지,일반재산,서울특별시 용산구 청파동2가 10-91,,대,13.60
3442,토지,행정재산,서울특별시 용산구 청파동2가 10-86,,대,44.30
3443,토지,행정재산,서울특별시 용산구 청파동2가 10-83,,도로,22.60
3444,토지,일반재산,서울특별시 용산구 청파동2가 10-76,,대,14.40
3445,토지,행정재산,서울특별시 용산구 청파동2가 10-67,,도로,1.30
3446,토지,일반재산,서울특별시 용산구 청파동2가 10-44,,대,20.90
3447,토지,행정재산,서울특별시 용산구 청파동2가 10-31,,대,67.80
3448,토지,일반재산,서울특별시 용산구 청파동2가 10-30,,대,6.60
3449,토지,일반재산,서울특별시 용산구 청파동2가 9-19,,대,1.30
3450,토지,일반재산,서울특별시 용산구 청파동2가 9-18,,대,0.10
3451,토지,행정재산,서울특별시 용산구 청파동2가 8-16,,도로,23.10
3452,토지,행정재산,서울특별시 용산구 청파동2가 4-3,,도로,1.00
3453,토지,행정재산,서울특별시 용산구 청파동2가 4-1,,도로,52.90
3454,토지,일반재산,서울특별시 용산구 청파동2가 3-25,,대,3.00
3455,토지,일반재산,서울특별시 용산구 청파동2가 3-20,,대,8.30
3456,토지,일반재산,서울특별시 용산구 청파동2가 3-18,,대,2.40
3457,토지,행정재산,서울특별시 용산구 청파동2가 104-31,,대,2.60
3458,토지,행정재산,서울특별시 용산구 청파동2가 104-35,,대,4.50
3459,토지,행정재산,서울특별시 용산구 청파동2가 106-7,,도로,33.00
3460,토지,일반재산,서울특별시 용산구 청파동3가 107-20,,도로,36.50
3461,토지,행정재산,서울특별시 용산구 청파동3가 107-4,,도로,33.00
3462,토지,일반재산,서울특별시 용산구 청파동3가 105-64,,도로,6.20
3463,토지,일반재산,서울특별시 용산구 청파동3가 105-62,,도로,14.20
3464,토지,일반재산,서울특별시 용산구 청파동3가 105-53,,대,2.20
3465,토지,행정재산,서울특별시 용산구 청파동3가 105-52,,도로,11.90
3466,토지,행정재산,서울특별시 용산구 청파동3가 105-42,,대,0.30
3467,토지,행정재산,서울특별시 용산구 청파동3가 105-41,,대,5.00
3468,토지,일반재산,서울특별시 용산구 청파동3가 105-40,,대,1.00
3469,토지,일반재산,서울특별시 용산구 청파동3가 105-39,,대,23.10
3470,토지,일반재산,서울특별시 용산구 청파동3가 105-37,,대,18.50
3471,토지,일반재산,서울특별시 용산구 청파동3가 105-36,,대,2.00
3472,토지,행정재산,서울특별시 용산구 청파동3가 101-1,,도로,1.30
3473,토지,행정재산,서울특별시 용산구 청파동3가 95-14,,대,9.60
3474,토지,행정재산,서울특별시 용산구 청파동3가 95-13,,대,0.30
3475,토지,행정재산,서울특별시 용산구 청파동3가 95-12,,대,2.60
3476,토지,일반재산,서울특별시 용산구 청파동3가 92-6,,대,1.70
3477,토지,일반재산,서울특별시 용산구 청파동3가 92-5,,대,8.30
3478,토지,일반재산,서울특별시 용산구 청파동3가 92-4,,대,2.10
3479,토지,일반재산,서울특별시 용산구 청파동3가 92-3,,대,3.30
3480,토지,일반재산,서울특별시 용산구 청파동3가 91-7,,대,10.50
3481,토지,일반재산,서울특별시 용산구 청파동3가 91-5,,대,0.30
3482,토지,일반재산,서울특별시 용산구 청파동3가 91-4,,대,15.60
3483,토지,일반재산,서울특별시 용산구 청파동3가 91-3,,대,17.10
3484,토지,일반재산,서울특별시 용산구 청파동3가 91-1,,도로,157.70
3485,토지,일반재산,서울특별시 용산구 청파동3가 90-2,,대,16.50
3486,토지,일반재산,서울특별시 용산구 청파동3가 88-2,,대,10.60
3487,토지,일반재산,서울특별시 용산구 청파동3가 88-1,,대,108.40
3488,토지,일반재산,서울특별시 용산구 청파동3가 86-15,,대,117.60
3489,토지,일반재산,서울특별시 용산구 청파동3가 86-14,,대,20.20
3490,토지,행정재산,서울특별시 용산구 청파동3가 86-13,,도로,29.00
3491,토지,일반재산,서울특별시 용산구 청파동3가 107-29,,대,17.60
3492,토지,일반재산,서울특별시 용산구 청파동3가 107-47,,대,2.00
3493,토지,일반재산,서울특별시 용산구 청파동3가 107-78,,대,50.00
3494,토지,행정재산,서울특별시 용산구 청파동3가 118-30,,도로,8.10
3495,토지,일반재산,서울특별시 용산구 청파동3가 118-17,,대,2.50
3496,토지,행정재산,서울특별시 용산구 청파동3가 118-16,,대,3.00
3497,토지,행정재산,서울특별시 용산구 청파동3가 118-15,,도로,18.80
3498,토지,일반재산,서울특별시 용산구 청파동3가 118-13,,대,22.10
3499,토지,일반재산,서울특별시 용산구 청파동3가 117-16,,임야,22.00
3500,토지,행정재산,서울특별시 용산구 청파동3가 117-7,,도로,46.30
3501,토지,행정재산,서울특별시 용산구 청파동3가 117-1,,학교용지,201.70
3502,토지,일반재산,서울특별시 용산구 청파동3가 114-16,,도로,0.11
3503,토지,일반재산,서울특별시 용산구 청파동3가 114-15,,대,1.69
3504,토지,일반재산,서울특별시 용산구 청파동3가 114-14,,대,5.74
3505,토지,일반재산,서울특별시 용산구 청파동3가 114-13,,대,3.46
3506,토지,일반재산,서울특별시 용산구 청파동3가 114-12,,대,1.14
3507,토지,일반재산,서울특별시 용산구 청파동3가 114-6,,도로,18.54
3508,토지,행정재산,서울특별시 용산구 청파동3가 111-67,,도로,4.60
3509,토지,행정재산,서울특별시 용산구 청파동3가 111-65,,도로,6.00
3510,토지,행정재산,서울특별시 용산구 청파동3가 111-57,,도로,5.30
3511,토지,행정재산,서울특별시 용산구 청파동3가 111-55,,도로,22.70
3512,토지,일반재산,서울특별시 용산구 청파동3가 111-52,,대,2.30
3513,토지,행정재산,서울특별시 용산구 청파동3가 111-51,,도로,16.50
3514,토지,행정재산,서울특별시 용산구 청파동3가 111-49,,도로,4.30
3515,토지,일반재산,서울특별시 용산구 청파동3가 111-18,,대,7.60
3516,토지,행정재산,서울특별시 용산구 청파동3가 111-17,,도로,125.60
3517,토지,일반재산,서울특별시 용산구 청파동3가 109-28,,대,4.19
3518,토지,행정재산,서울특별시 용산구 청파동3가 109-22,,도로,42.60
3519,토지,일반재산,서울특별시 용산구 청파동3가 108-47,,도로,26.60
3520,토지,행정재산,서울특별시 용산구 청파동3가 108-27,,대,30.70
3521,토지,일반재산,서울특별시 용산구 청파동3가 107-91,,대,0.90
3522,토지,일반재산,서울특별시 용산구 청파동3가 107-87,,대,8.80
3523,토지,행정재산,서울특별시 용산구 청파동3가 107-84,,도로,59.10
3524,토지,일반재산,서울특별시 용산구 청파동3가 107-83,,대,1.70
3525,토지,일반재산,서울특별시 용산구 청파동3가 86-12,,대,10.70
3526,토지,일반재산,서울특별시 용산구 청파동3가 86-9,,대,32.30
3527,토지,일반재산,서울특별시 용산구 청파동3가 86-3,,대,36.40
3528,토지,일반재산,서울특별시 용산구 청파동3가 24-80,,대,0.30
3529,토지,일반재산,서울특별시 용산구 청파동3가 24-77,,대,1.30
3530,토지,일반재산,서울특별시 용산구 청파동3가 24-76,,대,2.00
3531,토지,행정재산,서울특별시 용산구 청파동3가 24-41,,도로,14.90
3532,토지,행정재산,서울특별시 용산구 청파동3가 24-40,,도로,92.90
3533,토지,행정재산,서울특별시 용산구 청파동3가 24-39,,도로,40.80
3534,토지,행정재산,서울특별시 용산구 청파동3가 24-27,,도로,23.10
3535,토지,행정재산,서울특별시 용산구 청파동3가 24-21,,도로,57.10
3536,토지,행정재산,서울특별시 용산구 청파동3가 24-2,,도로,175.90
3537,토지,행정재산,서울특별시 용산구 청파동3가 24-1,,도로,0.30
3538,토지,행정재산,서울특별시 용산구 청파동3가 10-12,,하천,30.40
3539,토지,행정재산,서울특별시 용산구 청파동3가 10-3,,하천,43.60
3540,토지,행정재산,서울특별시 용산구 청파동3가 9-5,,도로,106.10
3541,토지,일반재산,서울특별시 용산구 청파동3가 9-4,,하천,14.40
3542,토지,행정재산,서울특별시 용산구 청파동3가 2-4,,도로,673.40
3543,토지,행정재산,서울특별시 용산구 청파동2가 142,,임야,"1,858.90"
3544,토지,행정재산,서울특별시 용산구 청파동2가 136,,임야,110.20
3545,토지,행정재산,서울특별시 용산구 청파동2가 135,,임야,37.00
3546,토지,일반재산,서울특별시 용산구 청파동2가 134-6,,임야,"2,258.80"
3547,토지,행정재산,서울특별시 용산구 청파동2가 134-2,,도로,"1,763.80"
3548,토지,행정재산,서울특별시 용산구 청파동2가 133,,도로,28.10
3549,토지,행정재산,서울특별시 용산구 청파동2가 129-3,,도로,40.30
3550,토지,일반재산,서울특별시 용산구 청파동2가 126-3,,대,13.20
3551,토지,일반재산,서울특별시 용산구 청파동2가 120-67,,대,0.84
3552,토지,일반재산,서울특별시 용산구 청파동2가 120-66,,대,15.96
3553,토지,행정재산,서울특별시 용산구 청파동2가 120-63,,도로,10.70
3554,토지,일반재산,서울특별시 용산구 청파동2가 120-1,,대,67.59
3555,토지,행정재산,서울특별시 용산구 청파동2가 118-4,,도로,13.50
3556,토지,행정재산,서울특별시 용산구 청파동2가 118-1,,하천,252.90
3557,토지,행정재산,서울특별시 용산구 청파동2가 117-2,,도로,24.80
3558,토지,행정재산,서울특별시 용산구 청파동2가 106-13,,대,12.20
3559,토지,행정재산,서울특별시 용산구 청파동3가 24-92,,도로,4.60
3560,토지,행정재산,서울특별시 용산구 청파동3가 24-94,,도로,0.30
3561,토지,일반재산,서울특별시 용산구 청파동3가 24-102,,대,0.60
3562,토지,일반재산,서울특별시 용산구 청파동3가 86-2,,대,118.60
3563,토지,행정재산,서울특별시 용산구 청파동3가 85-20,,도로,3.30
3564,토지,일반재산,서울특별시 용산구 청파동3가 85-6,,도로,27.40
3565,토지,일반재산,서울특별시 용산구 청파동3가 82-11,,대,7.00
3566,토지,일반재산,서울특별시 용산구 청파동3가 80-5,,대,36.40
3567,토지,일반재산,서울특별시 용산구 청파동3가 80-4,,대,14.20
3568,토지,일반재산,서울특별시 용산구 청파동3가 80-3,,대,6.60
3569,토지,행정재산,서울특별시 용산구 청파동3가 67-22,,하천,14.90
3570,토지,행정재산,서울특별시 용산구 청파동3가 67-21,,하천,20.20
3571,토지,행정재산,서울특별시 용산구 청파동3가 67-20,,하천,20.20
3572,토지,행정재산,서울특별시 용산구 청파동3가 67-19,,하천,11.60
3573,토지,행정재산,서울특별시 용산구 청파동3가 67-18,,하천,14.20
3574,토지,행정재산,서울특별시 용산구 청파동3가 67-17,,하천,17.20
3575,토지,행정재산,서울특별시 용산구 청파동3가 67-15,,하천,76.00
3576,토지,행정재산,서울특별시 용산구 청파동3가 67-14,,하천,116.00
3577,토지,행정재산,서울특별시 용산구 청파동3가 67-13,,하천,59.80
3578,토지,행정재산,서울특별시 용산구 청파동3가 67-12,,하천,43.00
3579,토지,행정재산,서울특별시 용산구 청파동3가 67-11,,하천,235.70
3580,토지,행정재산,서울특별시 용산구 청파동3가 67-10,,도로,148.80
3581,토지,행정재산,서울특별시 용산구 청파동3가 67-9,,하천,4.30
3582,토지,행정재산,서울특별시 용산구 청파동3가 61-4,,도로,244.40
3583,토지,일반재산,서울특별시 용산구 청파동3가 50-25,,대,6.00
3584,토지,행정재산,서울특별시 용산구 청파동3가 50-16,,대,8.90
3585,토지,일반재산,서울특별시 용산구 청파동3가 50-14,,도로,21.80
3586,토지,행정재산,서울특별시 용산구 청파동3가 50-13,,도로,6.60
3587,토지,일반재산,서울특별시 용산구 청파동3가 48-8,,대,6.60
3588,토지,행정재산,서울특별시 용산구 청파동3가 40-1,,도로,13.90
3589,토지,행정재산,서울특별시 용산구 청파동3가 38-3,,도로,18.80
3590,토지,일반재산,서울특별시 용산구 청파동3가 29-23,,도로,11.80
3591,토지,일반재산,서울특별시 용산구 청파동3가 29-1,,대,21.20
3592,토지,행정재산,서울특별시 용산구 청파동3가 26-2,,도로,28.80
3593,토지,행정재산,서울특별시 용산구 청파동1가 142-1,,하천,93.50
3594,토지,행정재산,서울특별시 용산구 청파동1가 141-3,,도로,108.10
3595,토지,행정재산,서울특별시 용산구 청파동1가 141-1,,하천,70.70
3596,토지,일반재산,서울특별시 용산구 청파동1가 39-3,,대,0.10
3597,토지,행정재산,서울특별시 용산구 청파동1가 39-1,,구거,35.40
3598,토지,행정재산,서울특별시 용산구 청파동1가 37-6,,도로,16.20
3599,토지,행정재산,서울특별시 용산구 청파동1가 32-18,,도로,3.30
3600,토지,일반재산,서울특별시 용산구 청파동1가 26-1,,대,1.60
3601,토지,행정재산,서울특별시 용산구 청파동1가 7-1,,도로,29.80
3602,토지,일반재산,서울특별시 용산구 청파동3가 118-51,,대,3.00
3603,토지,일반재산,서울특별시 용산구 청파동1가 3-121,,대,2.50
3604,토지,일반재산,서울특별시 용산구 청파동1가 3-76,,대,4.30
3605,토지,일반재산,서울특별시 용산구 청파동1가 3-59,,대,165.30
3606,토지,일반재산,서울특별시 용산구 청파동1가 3-56,,대,9.20
3607,토지,일반재산,서울특별시 용산구 청파동1가 3-52,,대,71.80
3608,토지,일반재산,서울특별시 용산구 청파동1가 3-46,,대,33.00
3609,토지,일반재산,서울특별시 용산구 청파동1가 3-43,,대,76.80
3610,토지,일반재산,서울특별시 용산구 청파동1가 3-36,,대,6.30
3611,토지,일반재산,서울특별시 용산구 청파동1가 3-31,,대,9.90
3612,토지,일반재산,서울특별시 용산구 청파동1가 3-8,,대,5.30
3613,토지,일반재산,서울특별시 용산구 청파동1가 1-204,,대,1.40
3614,토지,일반재산,서울특별시 용산구 청파동1가 1-186,,대,4.00
3615,토지,일반재산,서울특별시 용산구 청파동1가 1-185,,대,6.00
3616,토지,행정재산,서울특별시 용산구 청파동1가 1-143,,도로,54.90
3617,토지,행정재산,서울특별시 용산구 청파동1가 1-136,,도로,75.00
3618,토지,행정재산,서울특별시 용산구 청파동1가 1-130,,도로,43.00
3619,토지,일반재산,서울특별시 용산구 청파동1가 1-128,,대,39.70
3620,토지,일반재산,서울특별시 용산구 청파동1가 1-127,,대,12.23
3621,토지,일반재산,서울특별시 용산구 청파동1가 1-87,,대,3.30
3622,토지,일반재산,서울특별시 용산구 청파동1가 1-76,,대,2.30
3623,토지,행정재산,서울특별시 용산구 서계동 303,,도로,375.00
3624,토지,행정재산,서울특별시 용산구 청파동1가 39-7,,도로,0.30
3625,토지,행정재산,서울특별시 용산구 청파동1가 39-9,,도로,1.30
3626,토지,일반재산,서울특별시 용산구 청파동1가 76-4,,도로,26.80
3627,토지,일반재산,서울특별시 용산구 청파동1가 76-1,,대,10.20
3628,토지,일반재산,서울특별시 용산구 청파동1가 66-4,,도로,10.90
3629,토지,일반재산,서울특별시 용산구 청파동1가 62-40,,대,5.00
3630,토지,일반재산,서울특별시 용산구 청파동1가 62-37,,대,6.60
3631,토지,일반재산,서울특별시 용산구 청파동1가 62-35,,대,3.00
3632,토지,행정재산,서울특별시 용산구 청파동1가 62-34,,대,4.00
3633,토지,일반재산,서울특별시 용산구 청파동1가 60-3,,대,10.60
3634,토지,일반재산,서울특별시 용산구 청파동1가 60-1,,대,6.00
3635,토지,일반재산,서울특별시 용산구 청파동1가 58-79,,대,10.20
3636,토지,행정재산,서울특별시 용산구 청파동1가 58-68,,대,30.60
3637,토지,일반재산,서울특별시 용산구 청파동1가 58-62,,대,3.90
3638,토지,일반재산,서울특별시 용산구 청파동1가 58-58,,대,11.30
3639,토지,행정재산,서울특별시 용산구 청파동1가 58-37,,도로,6.90
3640,토지,행정재산,서울특별시 용산구 청파동1가 58-31,,대,34.00
3641,토지,일반재산,서울특별시 용산구 청파동1가 58-25,,대,5.00
3642,토지,일반재산,서울특별시 용산구 청파동1가 58-24,,대,16.50
3643,토지,일반재산,서울특별시 용산구 청파동1가 58-22,,대,4.00
3644,토지,행정재산,서울특별시 용산구 청파동1가 58-8,,대,27.10
3645,토지,일반재산,서울특별시 용산구 청파동1가 57-15,,대,2.60
3646,토지,일반재산,서울특별시 용산구 청파동1가 57-14,,대,6.00
3647,토지,일반재산,서울특별시 용산구 청파동1가 57-11,,대,6.00
3648,토지,일반재산,서울특별시 용산구 청파동1가 57-10,,대,1.60
3649,토지,행정재산,서울특별시 용산구 청파동1가 57-9,,도로,0.90
3650,토지,행정재산,서울특별시 용산구 청파동1가 52-3,,도로,9.90
3651,토지,일반재산,서울특별시 용산구 청파동1가 52-1,,대,33.00
3652,토지,일반재산,서울특별시 용산구 청파동1가 39-13,,대,0.20
3653,토지,일반재산,서울특별시 용산구 청파동1가 39-12,,대,2.00
3654,토지,행정재산,서울특별시 용산구 서계동 302,,구거,12.00
3655,토지,행정재산,서울특별시 용산구 서계동 301,,도로,510.00
3656,토지,행정재산,서울특별시 용산구 서계동 276-4,,구거,8.40
3657,토지,행정재산,서울특별시 용산구 서계동 276-3,,구거,5.30
3658,토지,행정재산,서울특별시 용산구 서계동 276-1,,구거,40.60
3659,토지,행정재산,서울특별시 용산구 서계동 275-3,,도로,1.60
3660,토지,행정재산,서울특별시 용산구 서계동 275-1,,도로,56.30
3661,토지,행정재산,서울특별시 용산구 서계동 274,,도로,69.00
3662,토지,일반재산,서울특별시 용산구 서계동 273-1,,대,0.80
3663,토지,행정재산,서울특별시 용산구 서계동 273,,도로,44.80
3664,토지,행정재산,서울특별시 용산구 서계동 271,,구거,33.00
3665,토지,행정재산,서울특별시 용산구 서계동 269,,도로,87.00
3666,토지,행정재산,서울특별시 용산구 서계동 268,,도로,67.00
3667,토지,일반재산,서울특별시 용산구 서계동 267-145,,도로,9.20
3668,토지,행정재산,서울특별시 용산구 서계동 267-142,,대,33.40
3669,토지,일반재산,서울특별시 용산구 서계동 267-128,,대,9.90
3670,토지,일반재산,서울특별시 용산구 서계동 267-67,,대,3.00
3671,토지,행정재산,서울특별시 용산구 서계동 267-41,,대,86.00
3672,토지,일반재산,서울특별시 용산구 서계동 267-36,,대,5.60
3673,토지,일반재산,서울특별시 용산구 서계동 267-30,,대,24.10
3674,토지,일반재산,서울특별시 용산구 서계동 267-29,,대,5.30
3675,토지,행정재산,서울특별시 용산구 서계동 267-18,,대,1.30
3676,토지,행정재산,서울특별시 용산구 서계동 266-62,,도로,30.40
3677,토지,행정재산,서울특별시 용산구 서계동 266-49,,대,3.30
3678,토지,행정재산,서울특별시 용산구 서계동 266-48,,대,4.30
3679,토지,행정재산,서울특별시 용산구 서계동 266-46,,도로,13.20
3680,토지,행정재산,서울특별시 용산구 서계동 266-39,,도로,9.60
3681,토지,행정재산,서울특별시 용산구 서계동 266-9,,도로,29.70
3682,토지,행정재산,서울특별시 용산구 서계동 266-5,,도로,"1,193.40"
3683,토지,일반재산,서울특별시 용산구 서계동 266-3,,도로,41.60
3684,토지,행정재산,서울특별시 용산구 서계동 276-6,,구거,33.20
3685,토지,행정재산,서울특별시 용산구 서계동 276-8,,구거,34.30
3686,토지,행정재산,서울특별시 용산구 서계동 300,,도로,169.00
3687,토지,행정재산,서울특별시 용산구 서계동 298,,구거,"1,474.00"
3688,토지,행정재산,서울특별시 용산구 서계동 296,,도로,12.00
3689,토지,행정재산,서울특별시 용산구 서계동 295,,도로,109.00
3690,토지,행정재산,서울특별시 용산구 서계동 294,,구거,60.00
3691,토지,일반재산,서울특별시 용산구 서계동 292-2,,도로,0.40
3692,토지,행정재산,서울특별시 용산구 서계동 292,,구거,19.80
3693,토지,행정재산,서울특별시 용산구 서계동 291,,구거,70.00
3694,토지,행정재산,서울특별시 용산구 서계동 290-2,,도로,2.10
3695,토지,행정재산,서울특별시 용산구 서계동 289,,도로,30.00
3696,토지,행정재산,서울특별시 용산구 서계동 288-1,,도로,3.60
3697,토지,행정재산,서울특별시 용산구 서계동 286,,도로,12.00
3698,토지,행정재산,서울특별시 용산구 서계동 284-1,,구거,14.50
3699,토지,행정재산,서울특별시 용산구 서계동 283-1,,도로,3.20
3700,토지,행정재산,서울특별시 용산구 서계동 282,,도로,314.30
3701,토지,행정재산,서울특별시 용산구 서계동 281-7,,도로,2.80
3702,토지,일반재산,서울특별시 용산구 서계동 281-6,,도로,4.40
3703,토지,행정재산,서울특별시 용산구 서계동 281-3,,도로,3.90
3704,토지,행정재산,서울특별시 용산구 서계동 281-2,,도로,22.00
3705,토지,행정재산,서울특별시 용산구 서계동 280,,도로,296.80
3706,토지,행정재산,서울특별시 용산구 서계동 279,,도로,"2,670.10"
3707,토지,행정재산,서울특별시 용산구 서계동 277,,도로,319.30
3708,토지,일반재산,서울특별시 용산구 서계동 276-18,,구거,97.60
3709,토지,행정재산,서울특별시 용산구 서계동 276-16,,구거,54.10
3710,토지,행정재산,서울특별시 용산구 서계동 276-14,,구거,5.00
3711,토지,행정재산,서울특별시 용산구 서계동 276-13,,구거,8.20
3712,토지,행정재산,서울특별시 용산구 서계동 276-10,,구거,6.60
3713,토지,행정재산,서울특별시 용산구 서계동 276-9,,구거,167.40
3714,토지,일반재산,서울특별시 용산구 청파동1가 87-2,,대,7.30
3715,토지,일반재산,서울특별시 용산구 청파동1가 87-5,,대,23.10
3716,토지,일반재산,서울특별시 용산구 청파동1가 88-1,,대,11.20
3717,토지,행정재산,서울특별시 용산구 청파동1가 132-35,,대,1.60
3718,토지,행정재산,서울특별시 용산구 청파동1가 113-16,,대,19.50
3719,토지,행정재산,서울특별시 용산구 청파동1가 132-53,,도로,3.60
3720,토지,일반재산,서울특별시 용산구 청파동1가 115-2,,대,3.30
3721,토지,행정재산,서울특별시 용산구 청파동1가 91-59,,대,9.40
3722,토지,행정재산,서울특별시 용산구 청파동1가 136-2,,도로,2.30
3723,토지,행정재산,서울특별시 용산구 청파동1가 140-1,,도로,41.30
3724,토지,행정재산,서울특별시 용산구 청파동1가 115-3,,도로,14.20
3725,토지,일반재산,서울특별시 용산구 청파동1가 91-50,,대,4.30
3726,토지,일반재산,서울특별시 용산구 청파동1가 115-4,,대,43.63
3727,토지,일반재산,서울특별시 용산구 청파동1가 91-43,,대,32.70
3728,토지,행정재산,서울특별시 용산구 청파동1가 91-35,,대,26.40
3729,토지,일반재산,서울특별시 용산구 청파동1가 91-34,,대,66.10
3730,토지,행정재산,서울특별시 용산구 청파동1가 91-26,,도로,112.40
3731,토지,일반재산,서울특별시 용산구 청파동1가 91-21,,잡종지,26.40
3732,토지,행정재산,서울특별시 용산구 청파동1가 91-5,,대,3.30
3733,토지,행정재산,서울특별시 용산구 청파동1가 116-3,,대,13.20
3734,토지,행정재산,서울특별시 용산구 청파동1가 91-4,,대,2.30
3735,토지,일반재산,서울특별시 용산구 청파동1가 90-5,,대,3.70
3736,토지,일반재산,서울특별시 용산구 청파동1가 90-3,,대,9.90
3737,토지,행정재산,서울특별시 용산구 청파동1가 132-30,,도로,43.00
3738,토지,일반재산,서울특별시 용산구 청파동1가 91-63,,대,16.50
3739,토지,일반재산,서울특별시 용산구 청파동1가 100-19,,도로,2.40
3740,토지,일반재산,서울특별시 용산구 청파동1가 98-39,,대,4.71
3741,토지,행정재산,서울특별시 용산구 청파동1가 98-2,,대,0.70
3742,토지,일반재산,서울특별시 용산구 청파동1가 97-66,,대,1.60
3743,토지,일반재산,서울특별시 용산구 청파동1가 97-47,,대,2.60
3744,토지,일반재산,서울특별시 용산구 청파동1가 97-14,,대,19.80
3745,토지,일반재산,서울특별시 용산구 청파동1가 94-26,,대,3.60
3746,토지,일반재산,서울특별시 용산구 청파동1가 93-51,,대,6.90
3747,토지,일반재산,서울특별시 용산구 청파동1가 102-3,,도로,19.80
3748,토지,행정재산,서울특별시 용산구 청파동1가 93-50,,대,3.60
3749,토지,행정재산,서울특별시 용산구 청파동1가 93-46,,대,10.20
3750,토지,행정재산,서울특별시 용산구 청파동1가 132-9,,대,9.20
3751,토지,행정재산,서울특별시 용산구 청파동1가 104-2,,대,2.90
3752,토지,행정재산,서울특별시 용산구 청파동1가 132-19,,대,8.60
3753,토지,일반재산,서울특별시 용산구 청파동1가 93-40,,대,3.00
3754,토지,행정재산,서울특별시 용산구 청파동1가 93-32,,대,3.00
3755,토지,행정재산,서울특별시 용산구 청파동1가 93-23,,대,3.00
3756,토지,행정재산,서울특별시 용산구 청파동1가 93-16,,대,37.00
3757,토지,일반재산,서울특별시 용산구 청파동1가 93-14,,대,58.20
3758,토지,일반재산,서울특별시 용산구 청파동1가 105-6,,도로,17.60
3759,토지,일반재산,서울특별시 용산구 청파동1가 116-8,,대,191.70
3760,토지,일반재산,서울특별시 용산구 청파동1가 90-2,,대,10.00
3761,토지,일반재산,서울특별시 용산구 청파동1가 89-111,,대,7.90
3762,토지,행정재산,서울특별시 용산구 청파동1가 89-130,,대,3.60
3763,토지,행정재산,서울특별시 용산구 청파동1가 89-112,,대,38.70
3764,토지,행정재산,서울특별시 용산구 청파동1가 89-162,,대,24.10
3765,토지,일반재산,서울특별시 용산구 청파동1가 89-166,,도로,4.00
3766,토지,행정재산,서울특별시 용산구 청파동1가 89-129,,대,0.30
3767,토지,일반재산,서울특별시 용산구 청파동1가 132-8,,대,19.80
3768,토지,행정재산,서울특별시 용산구 청파동1가 89-120,,도로,29.80
3769,토지,일반재산,서울특별시 용산구 청파동1가 132-7,,대,3.30
3770,토지,일반재산,서울특별시 용산구 청파동1가 88-6,,대,9.90
3771,토지,일반재산,서울특별시 용산구 청파동1가 89-123,,대,36.00
3772,토지,일반재산,서울특별시 용산구 청파동1가 132-6,,대,13.20
3773,토지,일반재산,서울특별시 용산구 청파동1가 116-12,,대,3.00
3774,토지,행정재산,서울특별시 용산구 한강로2가 283,,도로,138.80
3775,토지,행정재산,서울특별시 용산구 한강로3가 18-4,,제방,5.00
3776,토지,행정재산,서울특별시 용산구 용산동5가 19-389,,도로,244.60
3777,토지,행정재산,서울특별시 용산구 한강로3가 18-3,,제방,14.20
3778,토지,행정재산,서울특별시 용산구 한강로3가 18-2,,제방,0.70
3779,토지,행정재산,서울특별시 용산구 용산동5가 19-394,,도로,222.80
3780,토지,행정재산,서울특별시 용산구 한강로3가 16-76,,도로,686.70
3781,토지,행정재산,서울특별시 용산구 한강로3가 16-70,,하천,"2,067.10"
3782,토지,일반재산,서울특별시 용산구 용산동5가 19-637,,대,51.40
3783,토지,행정재산,서울특별시 용산구 한강로3가 16-66,,하천,657.80
3784,토지,행정재산,서울특별시 용산구 한강로3가 1,,하천,363.80
3785,토지,행정재산,서울특별시 용산구 한강로3가 1-2,,도로,78.50
3786,토지,행정재산,서울특별시 용산구 한강로3가 1-4,,도로,254.50
3787,토지,행정재산,서울특별시 용산구 한강로3가 1-5,,하천,430.70
3788,토지,행정재산,서울특별시 용산구 한강로3가 1-11,,도로,245.50
3789,토지,행정재산,서울특별시 용산구 한강로3가 2-1,,하천,160.10
3790,토지,행정재산,서울특별시 용산구 한강로3가 2-3,,하천,46.90
3791,토지,행정재산,서울특별시 용산구 한강로3가 2-4,,하천,123.60
3792,토지,행정재산,서울특별시 용산구 한강로3가 2-5,,하천,"2,134.80"
3793,토지,행정재산,서울특별시 용산구 한강로3가 19-2,,유지,"1,246.30"
3794,토지,행정재산,서울특별시 용산구 한강로3가 19-4,,제방,238.00
3795,토지,일반재산,서울특별시 용산구 한강로3가 65-224,,철도용지,6.90
3796,토지,일반재산,서울특별시 용산구 한강로3가 65-265,,도로,858.20
3797,토지,행정재산,서울특별시 용산구 한강로3가 35-3,,도로,13.60
3798,토지,일반재산,서울특별시 용산구 용산동5가 2-58,,대,3.40
3799,토지,일반재산,서울특별시 용산구 용산동5가 2-64,,도로,6.10
3800,토지,일반재산,서울특별시 용산구 한강로3가 65-266,,대,1.30
3801,토지,행정재산,서울특별시 용산구 한강로3가 25-2,,유지,"2,393.00"
3802,토지,행정재산,서울특별시 용산구 한강로3가 25-1,,제방,56.50
3803,토지,행정재산,서울특별시 용산구 한강로3가 23-4,,유지,69.00
3804,토지,행정재산,서울특별시 용산구 한강로3가 23-3,,제방,82.60
3805,토지,행정재산,서울특별시 용산구 용산동5가 14-1,,대,"35,431.50"
3806,토지,행정재산,서울특별시 용산구 한강로3가 23-1,,유지,"19,950.80"
3807,토지,행정재산,서울특별시 용산구 한강로3가 22-11,,제방,45.30
3808,토지,행정재산,서울특별시 용산구 한강로3가 22-10,,제방,54.90
3809,토지,행정재산,서울특별시 용산구 한강로3가 22-9,,제방,18.80
3810,토지,행정재산,서울특별시 용산구 한강로3가 22-7,,제방,26.40
3811,토지,행정재산,서울특별시 용산구 한강로3가 22-1,,유지,"3,403.30"
3812,토지,일반재산,서울특별시 용산구 한강로3가 65-269,,대,6.30
3813,토지,행정재산,서울특별시 용산구 한강로3가 2-6,,하천,375.50
3814,토지,행정재산,서울특별시 용산구 한강로3가 2-7,,하천,10.30
3815,토지,행정재산,서울특별시 용산구 한강로3가 3-46,,하천,2.50
3816,토지,행정재산,서울특별시 용산구 한강로3가 16-12,,하천,776.10
3817,토지,행정재산,서울특별시 용산구 한강로3가 16-8,,도로,"2,214.90"
3818,토지,행정재산,서울특별시 용산구 한강로3가 16-7,,하천,"6,519.00"
3819,토지,일반재산,서울특별시 용산구 한강로3가 65-570,,잡종지,26.40
3820,토지,일반재산,서울특별시 용산구 한강로3가 65-569,,잡종지,1.30
3821,토지,행정재산,서울특별시 용산구 한강로3가 15-2,,하천,5.30
3822,토지,일반재산,서울특별시 용산구 한강로3가 14-1,,하천,183.10
3823,토지,행정재산,서울특별시 용산구 한강로3가 13,,하천,312.20
3824,토지,행정재산,서울특별시 용산구 한강로3가 12-7,,구거,12.00
3825,토지,행정재산,서울특별시 용산구 한강로3가 12-5,,구거,112.00
3826,토지,행정재산,서울특별시 용산구 한강로3가 12-4,,구거,57.50
3827,토지,행정재산,서울특별시 용산구 한강로3가 12-3,,구거,365.70
3828,토지,행정재산,서울특별시 용산구 한강로3가 65-527,,철도용지,"5,569.10"
3829,토지,행정재산,서울특별시 용산구 한강로3가 12-1,,구거,91.70
3830,토지,행정재산,서울특별시 용산구 한강로3가 12,,구거,305.00
3831,토지,일반재산,서울특별시 용산구 한강로3가 65-297,,대,1.60
3832,토지,일반재산,서울특별시 용산구 한강로3가 65-320,,대,1.00
3833,토지,행정재산,서울특별시 용산구 한강로3가 16-19,,하천,"1,111.70"
3834,토지,행정재산,서울특별시 용산구 한강로3가 16-21,,하천,"1,661.80"
3835,토지,행정재산,서울특별시 용산구 한강로3가 16-63,,도로,60.50
3836,토지,행정재산,서울특별시 용산구 한강로3가 16-51,,하천,70.40
3837,토지,행정재산,서울특별시 용산구 한강로3가 2-16,,하천,92.90
3838,토지,행정재산,서울특별시 용산구 한강로3가 2-17,,하천,14.30
3839,토지,행정재산,서울특별시 용산구 한강로3가 2-18,,하천,63.40
3840,토지,행정재산,서울특별시 용산구 한강로3가 2-19,,하천,505.10
3841,토지,행정재산,서울특별시 용산구 한강로3가 2-20,,하천,568.40
3842,토지,행정재산,서울특별시 용산구 한강로3가 16-47,,하천,118.00
3843,토지,행정재산,서울특별시 용산구 한강로3가 16-39,,도로,59.50
3844,토지,행정재산,서울특별시 용산구 한강로3가 3-3,,제방,337.50
3845,토지,행정재산,서울특별시 용산구 한강로3가 3-20,,하천,145.80
3846,토지,행정재산,서울특별시 용산구 한강로3가 3-21,,하천,"1,397.40"
3847,토지,행정재산,서울특별시 용산구 한강로3가 3-22,,하천,244.60
3848,토지,행정재산,서울특별시 용산구 한강로3가 16-38,,도로,90.20
3849,토지,행정재산,서울특별시 용산구 한강로3가 16-37,,하천,184.10
3850,토지,행정재산,서울특별시 용산구 한강로3가 16-36,,하천,333.90
3851,토지,행정재산,서울특별시 용산구 한강로3가 3-37,,하천,6.20
3852,토지,행정재산,서울특별시 용산구 한강로3가 16-23,,도로,30.70
3853,토지,일반재산,서울특별시 용산구 한강로3가 65-223,,철도용지,1.60
3854,토지,일반재산,서울특별시 용산구 한강로3가 65-216,,대,7.60
3855,토지,행정재산,서울특별시 용산구 한강로2가 331-6,,도로,19.80
3856,토지,행정재산,서울특별시 용산구 한강로2가 331-11,,도로,13.90
3857,토지,행정재산,서울특별시 용산구 한강로2가 331-13,,도로,2.00
3858,토지,행정재산,서울특별시 용산구 한강로2가 331-14,,도로,9.60
3859,토지,일반재산,서울특별시 용산구 한강로3가 40-597,,철도용지,43.00
3860,토지,일반재산,서울특별시 용산구 한강로3가 40-835,,철도용지,13.90
3861,토지,일반재산,서울특별시 용산구 한강로3가 40-837,,철도용지,2.60
3862,토지,행정재산,서울특별시 용산구 한강로2가 356-5,,도로,8.30
3863,토지,행정재산,서울특별시 용산구 한강로2가 400-1,,대,9.60
3864,토지,일반재산,서울특별시 용산구 한강로3가 40-535,,대,8.50
3865,토지,일반재산,서울특별시 용산구 한강로3가 40-532,,철도용지,22.80
3866,토지,일반재산,서울특별시 용산구 한강로3가 40-525,,철도용지,13.90
3867,토지,행정재산,서울특별시 용산구 한강로3가 40-519,,도로,435.00
3868,토지,일반재산,서울특별시 용산구 한강로3가 40-507,,철도용지,220.20
3869,토지,일반재산,서울특별시 용산구 한강로3가 40-436,,철도용지,47.30
3870,토지,일반재산,서울특별시 용산구 한강로3가 40-400,,대,3.30
3871,토지,행정재산,서울특별시 용산구 한강로2가 321-4,,도로,135.20
3872,토지,행정재산,서울특별시 용산구 한강로2가 320-7,,도로,138.80
3873,토지,행정재산,서울특별시 용산구 한강로2가 284,,도로,48.30
3874,토지,행정재산,서울특별시 용산구 한강로2가 285,,도로,51.60
3875,토지,행정재산,서울특별시 용산구 한강로2가 286,,도로,102.50
3876,토지,행정재산,서울특별시 용산구 한강로2가 287,,도로,106.80
3877,토지,일반재산,서울특별시 용산구 한강로3가 40-727,,대,0.90
3878,토지,일반재산,서울특별시 용산구 한강로3가 40-723,,대,27.70
3879,토지,일반재산,서울특별시 용산구 한강로3가 40-660,,철도용지,11.20
3880,토지,일반재산,서울특별시 용산구 한강로2가 307-4,,대,2.60
3881,토지,행정재산,서울특별시 용산구 한강로2가 310-1,,도로,964.90
3882,토지,일반재산,서울특별시 용산구 한강로3가 40-618,,대,0.90
3883,토지,행정재산,서울특별시 용산구 한강로2가 310-6,,도로,146.40
3884,토지,행정재산,서울특별시 용산구 한강로2가 310-7,,도로,243.10
3885,토지,일반재산,서울특별시 용산구 한강로2가 310-8,,도로,967.60
3886,토지,일반재산,서울특별시 용산구 한강로3가 40-617,,대,0.60
3887,토지,행정재산,서울특별시 용산구 한강로2가 313-4,,도로,252.20
3888,토지,행정재산,서울특별시 용산구 한강로2가 317,,도로,"5,515.10"
3889,토지,행정재산,서울특별시 용산구 한강로3가 40-331,,도로,365.30
3890,토지,일반재산,서울특별시 용산구 한강로3가 40-949,,대,11.90
3891,토지,행정재산,서울특별시 용산구 한강로3가 65-428,,대,"1,137.20"
3892,토지,행정재산,서울특별시 용산구 한강로3가 40-148,,도로,851.30
3893,토지,행정재산,서울특별시 용산구 한강로3가 40-145,,도로,429.10
3894,토지,행정재산,서울특별시 용산구 한강로3가 40-135,,도로,198.40
3895,토지,행정재산,서울특별시 용산구 한강로3가 40-984,,도로,29.90
3896,토지,행정재산,서울특별시 용산구 한강로3가 40-112,,도로,"14,459.80"
3897,토지,일반재산,서울특별시 용산구 한강로3가 40-952,,대,7.00
3898,토지,일반재산,서울특별시 용산구 한강로3가 40-76,,철도용지,12.70
3899,토지,행정재산,서울특별시 용산구 한강로3가 40-1062,,대,21.30
3900,토지,행정재산,서울특별시 용산구 한강로3가 49-6,,대,6.60
3901,토지,일반재산,서울특별시 용산구 한강로3가 65-2,,잡종지,14.50
3902,토지,행정재산,서울특별시 용산구 한강로3가 65-3,,학교용지,41.50
3903,토지,행정재산,서울특별시 용산구 용산동3가 5-6,,도로,144.80
3904,토지,행정재산,서울특별시 용산구 한강로3가 65-4,,학교용지,267.80
3905,토지,일반재산,서울특별시 용산구 한강로3가 65-8,,도로,"2,522.30"
3906,토지,일반재산,서울특별시 용산구 한강로3가 40-987,,잡종지,102.00
3907,토지,행정재산,서울특별시 용산구 용산동2가 1-1314,,도로,234.70
3908,토지,행정재산,서울특별시 용산구 용산동2가 1-1903,,도로,54.00
3909,토지,일반재산,서울특별시 용산구 청파동2가 1-36,,잡종지,23.10
3910,토지,일반재산,서울특별시 용산구 한남동 1-440,,대,55.00
3911,토지,행정재산,서울특별시 용산구 보광동 100-10,,도로,7.00
3912,토지,일반재산,서울특별시 용산구 보광동 100-7,,도로,10.00
3913,토지,행정재산,서울특별시 용산구 청암동 105-5,,도로,62.20
3914,토지,행정재산,서울특별시 용산구 청파동3가 111-75,,도로,3.70
3915,토지,행정재산,서울특별시 용산구 원효로4가 113-63,,임야,460.00
3916,토지,행정재산,서울특별시 용산구 청암동 114-3,,대,21.70
3917,토지,행정재산,서울특별시 용산구 청파동3가 117-19,,도로,75.20
3918,토지,행정재산,서울특별시 용산구 청파동3가 118-385,,도로,3.00
3919,토지,행정재산,서울특별시 용산구 청파동3가 118-410,,도로,428.30
3920,토지,일반재산,서울특별시 용산구 청파동3가 121-165,,대,3.70
3921,토지,일반재산,서울특별시 용산구 원효로1가 121-71,,대,26.65
3922,토지,일반재산,서울특별시 용산구 원효로1가 129-48,,대,3.50
3923,토지,행정재산,서울특별시 용산구 한강로1가 13-27,,대,6.00
3924,토지,행정재산,서울특별시 용산구 청파동3가 132-220,,도로,150.50
3925,토지,행정재산,서울특별시 용산구 청파동3가 132-221,,도로,88.10
3926,토지,행정재산,서울특별시 용산구 후암동 132-4,,도로,26.40
3927,토지,일반재산,서울특별시 용산구 청파동3가 133-21,,전,24.00
3928,토지,일반재산,서울특별시 용산구 청파동2가 134-8,,임야,32.90
3929,토지,일반재산,서울특별시 용산구 갈월동 14-118,,대,15.90
3930,토지,행정재산,서울특별시 용산구 갈월동 14-50,,도로,4.00
3931,토지,행정재산,서울특별시 용산구 한강로2가 15-40,,하천,19.80
3932,토지,행정재산,서울특별시 용산구 한강로2가 15-42,,하천,236.40
3933,토지,행정재산,서울특별시 용산구 한강로2가 15-44,,하천,40.30
3934,토지,일반재산,서울특별시 용산구 한강로2가 15-50,,유지,22.10
3935,토지,행정재산,서울특별시 용산구 한강로3가 16-65,,하천,"2,780.50"
3936,토지,행정재산,서울특별시 용산구 한강로3가 16-68,,하천,195.70
3937,토지,행정재산,서울특별시 용산구 후암동 167-8,,도로,3.30
3938,토지,행정재산,서울특별시 용산구 청암동 168-28,,대,202.30
3939,토지,행정재산,서울특별시 용산구 원효로4가 178-4,,도로,5.00
3940,토지,행정재산,서울특별시 용산구 원효로4가 178-7,,도로,60.90
3941,토지,행정재산,서울특별시 용산구 동빙고동 180-2,,도로,9.00
3942,토지,행정재산,서울특별시 용산구 동빙고동 180-5,,도로,29.00
3943,토지,일반재산,서울특별시 용산구 이태원동 193-113,,전,1.00
3944,토지,행정재산,서울특별시 용산구 이태원동 255-69,,도로,284.00
3945,토지,행정재산,서울특별시 용산구 이태원동 261-95,,도로,775.00
3946,토지,행정재산,서울특별시 용산구 이촌동 297-11,,도로,14.20
3947,토지,행정재산,서울특별시 용산구 이태원동 384-3,,도로,8.00
3948,토지,행정재산,서울특별시 용산구 원효로1가 17-17,,도로,6.60
3949,토지,행정재산,서울특별시 용산구 원효로1가 18-31,,도로,5.00
3950,토지,행정재산,서울특별시 용산구 원효로1가 18-33,,도로,4.60
3951,토지,행정재산,서울특별시 용산구 서빙고동 235-118,,도로,73.00
3952,토지,행정재산,서울특별시 용산구 한남동 664-2,,도로,"1,061.00"
3953,토지,일반재산,서울특별시 용산구 한남동 563-2,,도로,108.00
3954,토지,행정재산,서울특별시 용산구 한남동 525-7,,도로,7.00
3955,토지,행정재산,서울특별시 용산구 서빙고동 235-9,,도로,294.00
3956,토지,행정재산,서울특별시 용산구 한남동 611-1,,도로,516.00
3957,토지,행정재산,서울특별시 용산구 한남동 662-3,,도로,3.00
3958,토지,행정재산,서울특별시 용산구 동빙고동 1-15,,도로,10.00
3959,토지,행정재산,서울특별시 용산구 동빙고동 1-82,,도로,7.00
3960,토지,행정재산,서울특별시 용산구 동빙고동 21-1,,도로,102.00
3961,토지,행정재산,서울특별시 용산구 한남동 77-2,,도로,30.00
3962,토지,행정재산,서울특별시 용산구 후암동 43-71,,도로,143.70
3963,토지,행정재산,서울특별시 용산구 후암동 105-85,,도로,3.60
3964,토지,행정재산,서울특별시 용산구 후암동 105-84,,도로,4.00
3965,토지,행정재산,서울특별시 용산구 효창동 5-655,,도로,0.80
3966,토지,행정재산,서울특별시 용산구 도원동 9-297,,도로,10.00
3967,토지,행정재산,서울특별시 용산구 원효로4가 113-29,,도로,"5,192.50"
3968,토지,행정재산,서울특별시 용산구 효창동 127-5,,도로,191.70
3969,토지,행정재산,서울특별시 용산구 효창동 130-10,,도로,30.80
3970,토지,행정재산,서울특별시 용산구 효창동 130-11,,도로,13.20
3971,토지,행정재산,서울특별시 용산구 원효로4가 1-4,,도로,2.60
3972,토지,행정재산,서울특별시 용산구 원효로4가 113-52,,도로,13.90
3973,토지,행정재산,서울특별시 용산구 효창동 130-21,,도로,11.20
3974,토지,행정재산,서울특별시 용산구 원효로4가 113-64,,도로,169.40
3975,토지,행정재산,서울특별시 용산구 보광동 228-46,,도로,53.00
3976,토지,행정재산,서울특별시 용산구 보광동 238-98,,도로,3.00
3977,토지,행정재산,서울특별시 용산구 보광동 86-4,,도로,7.00
3978,토지,일반재산,서울특별시 용산구 보광동 238-113,,도로,529.00
3979,토지,행정재산,서울특별시 용산구 보광동 223,,도로,228.00
3980,토지,행정재산,서울특별시 용산구 보광동 25-4,,도로,23.00
3981,토지,행정재산,서울특별시 용산구 서계동 224-3,,도로,134.30
3982,토지,행정재산,서울특별시 용산구 한강로3가 40-212,,도로,43.00
3983,토지,행정재산,서울특별시 용산구 한강로3가 65-199,,도로,8.60
3984,토지,일반재산,서울특별시 용산구 한강로2가 414,,주차장,261.80
3985,토지,행정재산,서울특별시 용산구 한강로3가 40-509,,도로,11.20
3986,토지,행정재산,서울특별시 용산구 청파동1가 134-1,,도로,39.70
3987,토지,행정재산,서울특별시 용산구 청파동1가 134-3,,도로,19.80
3988,토지,행정재산,서울특별시 용산구 청파동3가 105-63,,도로,1.00
3989,토지,행정재산,서울특별시 용산구 청파동1가 177-14,,도로,29.80
3990,토지,일반재산,서울특별시 용산구 한강로2가 12-12,,주차장,"1,581.30"
3991,토지,일반재산,서울특별시 용산구 한강로2가 12-7,,주차장,383.90
3992,토지,행정재산,서울특별시 용산구 후암동 344-2,,도로,33.00
3993,토지,일반재산,서울특별시 용산구 용산동2가 5-1720,,대,1.60
3994,토지,일반재산,서울특별시 용산구 용산동2가 5-2145,,임야,65.00
3995,토지,일반재산,서울특별시 용산구 용산동2가 5-1997,,대,15.40
3996,토지,일반재산,서울특별시 용산구 용산동2가 5-2150,,임야,5.00
3997,토지,일반재산,서울특별시 용산구 용산동3가 1-85,,대,24.00
3998,토지,일반재산,서울특별시 용산구 용산동3가 1-90,,대,1.30
3999,토지,일반재산,서울특별시 용산구 용산동3가 1-76,,대,46.30
4000,토지,일반재산,서울특별시 용산구 용산동3가 6-21,,도로,187.10
4001,토지,일반재산,서울특별시 용산구 용산동3가 5-31,,대,8.90
4002,토지,일반재산,서울특별시 용산구 용산동5가 19-635,,대,2.30
4003,토지,일반재산,서울특별시 용산구 용산동3가 5-41,,도로,72.10
4004,토지,일반재산,서울특별시 용산구 용산동3가 1-91,,대,12.20
4005,토지,일반재산,서울특별시 용산구 용산동3가 1-58,,대,334.90
4006,토지,일반재산,서울특별시 용산구 용산동3가 6-9,,도로,2.60
4007,토지,일반재산,서울특별시 용산구 용산동3가 6-13,,도로,55.20
4008,토지,일반재산,서울특별시 용산구 용산동1가 2-6,,구거,63.80
4009,토지,일반재산,서울특별시 용산구 보광동 228-151,,도로,63.00
4010,토지,일반재산,서울특별시 용산구 보광동 228-162,,도로,3.00
4011,토지,일반재산,서울특별시 용산구 보광동 228-158,,도로,43.00
4012,토지,일반재산,서울특별시 용산구 보광동 265-888,,도로,"1,630.00"
4013,토지,일반재산,서울특별시 용산구 보광동 265-971,,대,"1,018.00"
4014,토지,일반재산,서울특별시 용산구 한남동 764-22,,도로,"1,170.00"
4015,토지,일반재산,서울특별시 용산구 한남동 765-22,,도로,377.00
4016,토지,일반재산,서울특별시 용산구 한남동 765-25,,대,40.00
4017,토지,일반재산,서울특별시 용산구 서빙고동 1-25,,대,20.00
4018,토지,일반재산,서울특별시 용산구 한남동 763-38,,대,67.00
4019,토지,일반재산,서울특별시 용산구 한남동 765-28,,대,13.00
4020,토지,일반재산,서울특별시 용산구 한남동 766-18,,도로,175.00
4021,토지,일반재산,서울특별시 용산구 한남동 620-102,,대,30.00
4022,토지,일반재산,서울특별시 용산구 동빙고동 296-2,,도로,539.00
4023,토지,일반재산,서울특별시 용산구 동빙고동 296-3,,도로,13.00
4024,토지,일반재산,서울특별시 용산구 용산동6가 68-33,,잡종지,115.00
4025,토지,일반재산,서울특별시 용산구 서빙고동 1-21,,대,342.00
4026,토지,일반재산,서울특별시 용산구 용산동6가 68-68,,잡종지,92.00
4027,토지,일반재산,서울특별시 용산구 서빙고동 1-11,,대,6.00
4028,토지,일반재산,서울특별시 용산구 서빙고동 1-13,,대,86.00
4029,토지,일반재산,서울특별시 용산구 한남동 620-188,,대,3.00
4030,토지,일반재산,서울특별시 용산구 서빙고동 1-29,,대,128.00
4031,토지,일반재산,서울특별시 용산구 한남동 703-4,,구거,56.00
4032,토지,일반재산,서울특별시 용산구 동빙고동 7-42,,도로,53.00
4033,토지,일반재산,서울특별시 용산구 동빙고동 7-41,,도로,101.00
4034,토지,일반재산,서울특별시 용산구 동빙고동 7-30,,대,20.00
4035,토지,일반재산,서울특별시 용산구 동빙고동 7-3,,대,486.00
4036,토지,일반재산,서울특별시 용산구 동빙고동 1-12,,도로,"2,010.00"
4037,토지,일반재산,서울특별시 용산구 서빙고동 273-8,,대,3.00
4038,토지,일반재산,서울특별시 용산구 한남동 771-27,,대,61.00
4039,토지,일반재산,서울특별시 용산구 한남동 635-2,,도로,198.00
4040,토지,일반재산,서울특별시 용산구 한남동 771-4,,대,32.00
4041,토지,일반재산,서울특별시 용산구 서빙고동 273-13,,대,13.00
4042,토지,일반재산,서울특별시 용산구 한남동 769-16,,도로,298.00
4043,토지,일반재산,서울특별시 용산구 한남동 633-2,,도로,40.00
4044,토지,일반재산,서울특별시 용산구 한남동 768-6,,도로,217.00
4045,토지,일반재산,서울특별시 용산구 서빙고동 1-18,,대,10.00
4046,토지,일반재산,서울특별시 용산구 이태원동 345-1,,대,203.00
4047,토지,일반재산,서울특별시 용산구 이태원동 254-13,,도로,56.00
4048,토지,일반재산,서울특별시 용산구 이태원동 254-12,,도로,76.00
4049,토지,일반재산,서울특별시 용산구 이태원동 254-1,,도로,152.00
4050,토지,일반재산,서울특별시 용산구 이태원동 286-6,,잡종지,3.00
4051,토지,일반재산,서울특별시 용산구 이태원동 286-5,,잡종지,132.00
4052,토지,일반재산,서울특별시 용산구 이태원동 284-11,,전,26.00
4053,토지,일반재산,서울특별시 용산구 이태원동 284-3,,전,7.00
4054,토지,일반재산,서울특별시 용산구 이태원동 284-1,,전,3.00
4055,토지,일반재산,서울특별시 용산구 이태원동 283-8,,도로,63.00
4056,토지,일반재산,서울특별시 용산구 이태원동 283-2,,전,30.00
4057,토지,일반재산,서울특별시 용산구 이태원동 282-9,,대,20.00
4058,토지,일반재산,서울특별시 용산구 이태원동 225-138,,대,7.00
4059,토지,일반재산,서울특별시 용산구 이태원동 282-8,,도로,76.00
4060,토지,일반재산,서울특별시 용산구 이태원동 280-10,,대,33.00
4061,토지,일반재산,서울특별시 용산구 이태원동 280-6,,구거,26.00
4062,토지,일반재산,서울특별시 용산구 이태원동 225-175,,대,7.00
4063,토지,일반재산,서울특별시 용산구 이태원동 280-5,,도로,145.00
4064,토지,일반재산,서울특별시 용산구 이태원동 280-4,,대,60.00
4065,토지,일반재산,서울특별시 용산구 이태원동 255-59,,도로,16.00
4066,토지,일반재산,서울특별시 용산구 이태원동 278-7,,대,7.00
4067,토지,일반재산,서울특별시 용산구 이태원동 225-193,,도로,172.00
4068,토지,일반재산,서울특별시 용산구 이태원동 225-194,,대,30.00
4069,토지,일반재산,서울특별시 용산구 이태원동 292-6,,도로,25.00
4070,토지,일반재산,서울특별시 용산구 이태원동 292-8,,대,15.00
4071,토지,일반재산,서울특별시 용산구 이태원동 344-3,,전,81.00
4072,토지,일반재산,서울특별시 용산구 이태원동 344-2,,잡종지,1.00
4073,토지,일반재산,서울특별시 용산구 이태원동 341-5,,대,13.00
4074,토지,일반재산,서울특별시 용산구 이태원동 340-9,,전,2.00
4075,토지,일반재산,서울특별시 용산구 이태원동 255-64,,도로,40.00
4076,토지,일반재산,서울특별시 용산구 이태원동 255-47,,도로,330.00
4077,토지,일반재산,서울특별시 용산구 이태원동 340-6,,전,79.00
4078,토지,일반재산,서울특별시 용산구 이태원동 255-21,,도로,473.00
4079,토지,일반재산,서울특별시 용산구 이태원동 255-5,,대,10.00
4080,토지,일반재산,서울특별시 용산구 이태원동 336-2,,도로,53.00
4081,토지,일반재산,서울특별시 용산구 이태원동 255-3,,전,168.00
4082,토지,일반재산,서울특별시 용산구 이태원동 312-3,,대,20.00
4083,토지,일반재산,서울특별시 용산구 이태원동 312-2,,대,179.00
4084,토지,일반재산,서울특별시 용산구 이태원동 306-8,,도로,119.00
4085,토지,일반재산,서울특별시 용산구 이태원동 305-2,,도로,235.00
4086,토지,일반재산,서울특별시 용산구 이태원동 304-4,,도로,147.00
4087,토지,일반재산,서울특별시 용산구 이태원동 303-13,,도로,268.00
4088,토지,일반재산,서울특별시 용산구 이태원동 303-9,,도로,3.00
4089,토지,일반재산,서울특별시 용산구 이태원동 294-2,,대,16.00
4090,토지,일반재산,서울특별시 용산구 이태원동 293-7,,대,20.00
4091,토지,일반재산,서울특별시 용산구 이태원동 293-6,,대,3.00
4092,토지,일반재산,서울특별시 용산구 이태원동 293-4,,도로,206.00
4093,토지,일반재산,서울특별시 용산구 이태원동 293-1,,대,3.00
4094,토지,일반재산,서울특별시 용산구 이태원동 278-6,,대,69.00
4095,토지,일반재산,서울특별시 용산구 이태원동 278-2,,도로,89.00
4096,토지,일반재산,서울특별시 용산구 이태원동 262-63,,도로,9.00
4097,토지,일반재산,서울특별시 용산구 이태원동 92-4,,대,20.00
4098,토지,일반재산,서울특별시 용산구 이태원동 258-360,,도로,10.00
4099,토지,일반재산,서울특별시 용산구 이태원동 261-45,,도로,22.00
4100,토지,일반재산,서울특별시 용산구 이태원동 258-361,,도로,7.00
4101,토지,일반재산,서울특별시 용산구 이태원동 262-18,,전,3.00
4102,토지,일반재산,서울특별시 용산구 이태원동 261-51,,대,20.00
4103,토지,일반재산,서울특별시 용산구 이태원동 261-120,,도로,10.00
4104,토지,일반재산,서울특별시 용산구 이태원동 261-119,,도로,5.00
4105,토지,일반재산,서울특별시 용산구 이태원동 261-115,,대,4.00
4106,토지,일반재산,서울특별시 용산구 이태원동 261-113,,대,46.00
4107,토지,일반재산,서울특별시 용산구 이태원동 261-112,,대,16.00
4108,토지,일반재산,서울특별시 용산구 이태원동 258-362,,도로,13.00
4109,토지,일반재산,서울특별시 용산구 이태원동 225-65,,도로,96.00
4110,토지,일반재산,서울특별시 용산구 이태원동 261-107,,대,1.00
4111,토지,일반재산,서울특별시 용산구 이태원동 15-47,,대,2.00
4112,토지,일반재산,서울특별시 용산구 이태원동 261-98,,대,28.00
4113,토지,일반재산,서울특별시 용산구 이태원동 261-90,,대,4.00
4114,토지,일반재산,서울특별시 용산구 이태원동 261-65,,도로,43.00
4115,토지,일반재산,서울특별시 용산구 이태원동 92-5,,대,13.00
4116,토지,일반재산,서울특별시 용산구 이태원동 92-26,,도로,56.00
4117,토지,일반재산,서울특별시 용산구 이태원동 92-7,,대,7.00
4118,토지,일반재산,서울특별시 용산구 이태원동 92-19,,도로,3.00
4119,토지,일반재산,서울특별시 용산구 이태원동 83-3,,잡종지,112.00
4120,토지,일반재산,서울특별시 용산구 이태원동 83-4,,잡종지,2.00
4121,토지,일반재산,서울특별시 용산구 이태원동 83-6,,도로,23.00
4122,토지,일반재산,서울특별시 용산구 이태원동 277-2,,도로,23.00
4123,토지,일반재산,서울특별시 용산구 이태원동 261-11,,도로,486.00
4124,토지,일반재산,서울특별시 용산구 이태원동 83-8,,잡종지,136.00
4125,토지,일반재산,서울특별시 용산구 이태원동 276-7,,대,13.00
4126,토지,일반재산,서울특별시 용산구 이태원동 36-33,,잡종지,53.00
4127,토지,일반재산,서울특별시 용산구 이태원동 275-4,,대,99.00
4128,토지,일반재산,서울특별시 용산구 이태원동 274-5,,전,13.00
4129,토지,일반재산,서울특별시 용산구 이태원동 274-1,,전,36.00
4130,토지,일반재산,서울특별시 용산구 이태원동 273-15,,전,102.00
4131,토지,일반재산,서울특별시 용산구 이태원동 273-9,,도로,84.00
4132,토지,일반재산,서울특별시 용산구 이태원동 261-15,,대,24.00
4133,토지,일반재산,서울특별시 용산구 이태원동 258-313,,대,7.00
4134,토지,일반재산,서울특별시 용산구 이태원동 92-8,,대,23.00
4135,토지,일반재산,서울특별시 용산구 이태원동 258-359,,도로,7.00
4136,토지,일반재산,서울특별시 용산구 이태원동 92-6,,대,10.00
4137,토지,일반재산,서울특별시 용산구 한남동 773-19,,철도용지,250.00
4138,토지,일반재산,서울특별시 용산구 보광동 273-11,,도로,95.00
4139,토지,일반재산,서울특별시 용산구 한강로2가 16-12,,유지,0.60
4140,토지,일반재산,서울특별시 용산구 서빙고동 241-71,,철도용지,13.00
4141,토지,행정재산,서울특별시 용산구 원효로2가 1-1,,대,0.64
4142,토지,행정재산,서울특별시 용산구 동자동 43-242,,도로,44.40
4143,토지,행정재산,서울특별시 용산구 동자동 43-241,,도로,3.10
4144,토지,행정재산,서울특별시 용산구 신계동 1-239,,대,52.90
4145,토지,행정재산,서울특별시 용산구 한강로3가 40-939,,철도용지,50.60
4146,토지,행정재산,서울특별시 용산구 한강로3가 40-736,,철도용지,0.90
4147,토지,행정재산,서울특별시 용산구 용산동5가 17-79,,대,125.33
4148,토지,행정재산,서울특별시 용산구 한강로3가 40-737,,철도용지,0.90
4149,토지,일반재산,서울특별시 용산구 이태원동 215-132,,대,4.00
4150,토지,일반재산,서울특별시 용산구 이태원동 215-133,,대,3.00
4151,토지,일반재산,서울특별시 용산구 이태원동 215-93,,대,3.00
4152,토지,일반재산,서울특별시 용산구 동빙고동 219-7,,도로,42.00
4153,토지,일반재산,서울특별시 용산구 서계동 224-49,,대,8.30
4154,토지,일반재산,서울특별시 용산구 서계동 224-81,,대,22.10
4155,토지,일반재산,서울특별시 용산구 이태원동 225-211,,도로,2.00
4156,토지,행정재산,서울특별시 용산구 보광동 227-24,,도로,85.00
4157,토지,일반재산,서울특별시 용산구 보광동 228-179,,대,3.00
4158,토지,일반재산,서울특별시 용산구 후암동 236-18,,대,0.08
4159,토지,행정재산,서울특별시 용산구 후암동 239-10,,도로,7.60
4160,토지,행정재산,서울특별시 용산구 청파동2가 24-1,,도로,72.70
4161,토지,일반재산,서울특별시 용산구 후암동 247-41,,대,5.19
4162,토지,행정재산,서울특별시 용산구 이태원동 258-461,,임야,209.00
4163,토지,일반재산,서울특별시 용산구 이태원동 258-511,,대,8.00
4164,토지,일반재산,서울특별시 용산구 이태원동 258-504,,대,1.00
4165,토지,일반재산,서울특별시 용산구 이태원동 258-505,,대,2.00
4166,토지,일반재산,서울특별시 용산구 이태원동 258-512,,대,74.00
4167,토지,일반재산,서울특별시 용산구 이태원동 258-513,,대,7.00
4168,토지,일반재산,서울특별시 용산구 후암동 259-28,,대,14.70
4169,토지,일반재산,서울특별시 용산구 이태원동 261-122,,대,3.00
4170,토지,행정재산,서울특별시 용산구 한남동 263-13,,도로,16.00
4171,토지,행정재산,서울특별시 용산구 보광동 27-28,,도로,20.00
4172,토지,행정재산,서울특별시 용산구 후암동 27-40,,도로,33.70
4173,토지,행정재산,서울특별시 용산구 문배동 29-11,,도로,13.80
4174,토지,일반재산,서울특별시 용산구 원효로1가 29-17,,대,1.80
4175,토지,일반재산,서울특별시 용산구 갈월동 29-3,,대,8.39
4176,토지,일반재산,서울특별시 용산구 갈월동 29-4,,대,6.99
4177,토지,행정재산,서울특별시 용산구 후암동 3-15,,도로,102.80
4178,토지,행정재산,서울특별시 용산구 문배동 30-83,,도로,4.50
4179,토지,일반재산,서울특별시 용산구 이촌동 301-265,,도로,688.00
4180,토지,행정재산,서울특별시 용산구 한남동 32-37,,도로,238.00
4181,토지,일반재산,서울특별시 용산구 한남동 32-79,,대,2.00
4182,토지,일반재산,서울특별시 용산구 후암동 335-40,,대,9.90
4183,토지,행정재산,서울특별시 용산구 한강로1가 35-3,,도로,9.50
4184,토지,일반재산,서울특별시 용산구 후암동 358-193,,도로,217.70
4185,토지,일반재산,서울특별시 용산구 후암동 358-194,,대,78.60
4186,토지,일반재산,서울특별시 용산구 후암동 358-195,,대,0.80
4187,토지,일반재산,서울특별시 용산구 후암동 358-196,,대,7.80
4188,토지,행정재산,서울특별시 용산구 후암동 359-3,,도로,11.50
4189,토지,행정재산,서울특별시 용산구 한강로1가 36-1,,도로,108.50
4190,토지,일반재산,서울특별시 용산구 동빙고동 38-54,,도로,50.00
4191,토지,행정재산,서울특별시 용산구 후암동 392-25,,도로,0.20
4192,건물,행정재산,서울특별시 용산구 한강로1가 107,서울특별시 용산구 이태원로 6 (한강로1가),,1.00
4193,토지,일반재산,서울특별시 용산구 한강로3가 40-1004,,도로,51.30
4194,토지,일반재산,서울특별시 용산구 한강로3가 40-517,,도로,11.90
4195,토지,행정재산,서울특별시 용산구 문배동 40-76,,도로,25.20
4196,토지,행정재산,서울특별시 용산구 문배동 40-77,,도로,44.50
4197,토지,행정재산,서울특별시 용산구 후암동 403-38,,구거,112.10
4198,토지,일반재산,서울특별시 용산구 후암동 406-72,,대,1.40
4199,토지,일반재산,서울특별시 용산구 후암동 432-9,,대,0.80
4200,토지,일반재산,서울특별시 용산구 후암동 438-37,,대,8.90
4201,토지,일반재산,서울특별시 용산구 원효로1가 44-5,,대,25.46
4202,토지,일반재산,서울특별시 용산구 후암동 445-18,,대,36.80
4203,토지,일반재산,서울특별시 용산구 후암동 45-69,,임야,3.50
4204,토지,일반재산,서울특별시 용산구 후암동 45-70,,임야,104.20
4205,토지,일반재산,서울특별시 용산구 후암동 45-71,,임야,26.80
4206,토지,일반재산,서울특별시 용산구 후암동 45-74,,대,4.40
4207,토지,행정재산,서울특별시 용산구 효창동 5-30,,철도용지,354.30
4208,토지,행정재산,서울특별시 용산구 효창동 5-355,,철도용지,15.50
4209,토지,일반재산,서울특별시 용산구 갈월동 5-36,,대,13.60
4210,토지,행정재산,서울특별시 용산구 효창동 5-616,,철도용지,334.50
4211,토지,행정재산,서울특별시 용산구 효창동 5-713,,도로,"12,133.70"
4212,토지,일반재산,서울특별시 용산구 효창동 5-818,,대,2.60
4213,토지,행정재산,서울특별시 용산구 청암동 51-3,,도로,141.00
4214,토지,행정재산,서울특별시 용산구 한남동 512-7,,하천,380.00
4215,토지,일반재산,서울특별시 용산구 이태원동 522-8,,대,20.50
4216,토지,행정재산,서울특별시 용산구 청암동 53-3,,도로,250.10
4217,토지,행정재산,서울특별시 용산구 청암동 55-7,,도로,495.00
4218,토지,행정재산,서울특별시 용산구 한남동 557-117,,도로,8.00
4219,토지,행정재산,서울특별시 용산구 한남동 557-120,,도로,44.00
4220,토지,행정재산,서울특별시 용산구 한남동 557-121,,도로,29.00
4221,토지,행정재산,서울특별시 용산구 한남동 568-514,,도로,16.00
4222,토지,행정재산,서울특별시 용산구 한남동 568-518,,도로,11.00
4223,토지,행정재산,서울특별시 용산구 원효로3가 59-3,,구거,42.80
4224,토지,행정재산,서울특별시 용산구 문배동 6-15,,도로,5.70
4225,토지,행정재산,서울특별시 용산구 문배동 6-16,,도로,4.20
4226,토지,행정재산,서울특별시 용산구 한남동 60-72,,도로,120.00
4227,토지,행정재산,서울특별시 용산구 한남동 60-73,,도로,22.00
4228,토지,일반재산,서울특별시 용산구 후암동 60-81,,대,10.90
4229,토지,일반재산,서울특별시 용산구 한남동 691-10,,임야,98.00
4230,토지,행정재산,서울특별시 용산구 청파동2가 71-146,,도로,16.20
4231,토지,행정재산,서울특별시 용산구 한남동 726-500,,도로,879.00
4232,토지,행정재산,서울특별시 용산구 한남동 726-501,,임야,173.00
4233,토지,행정재산,서울특별시 용산구 한남동 726-503,,도로,546.00
4234,토지,행정재산,서울특별시 용산구 한남동 726-506,,도로,29.00
4235,토지,행정재산,서울특별시 용산구 한남동 726-507,,도로,26.00
4236,토지,행정재산,서울특별시 용산구 한남동 754-30,,대,3.00
4237,토지,행정재산,서울특별시 용산구 용문동 8-167,,도로,11.20
4238,토지,행정재산,서울특별시 용산구 한강로1가 80-11,,도로,129.80
4239,토지,일반재산,서울특별시 용산구 청파동3가 86-17,,대,1.10
4240,토지,행정재산,서울특별시 용산구 청암동 92-1,,도로,368.10
4241,토지,행정재산,서울특별시 용산구 갈월동 92-56,,도로,34.00
4242,토지,행정재산,서울특별시 용산구 한강로1가 94-2,,도로,50.60
4243,토지,행정재산,서울특별시 용산구 한강로1가 98,,도로,510.80
4244,토지,행정재산,서울특별시 용산구 청암동 99-3,,대,136.70
4245,건물,행정재산,서울특별시 용산구 한강로3가 40-11,,,42.00
4246,건물,행정재산,서울특별시 용산구 용산동6가 168-6,서울특별시 용산구 서빙고로 137 (용산동6가),,"9,196.95"
4247,건물,행정재산,서울특별시 용산구 용산동6가 168-6,서울특별시 용산구 서빙고로 137 (용산동6가),,"9,196.95"
4248,건물,행정재산,서울특별시 용산구 용산동6가 168-6,서울특별시 용산구 서빙고로 137 (용산동6가),,"9,196.95"
4249,건물,행정재산,서울특별시 용산구 용산동6가 168-6,서울특별시 용산구 서빙고로 137 (용산동6가),,"9,196.95"
4250,건물,행정재산,서울특별시 용산구 용산동6가 168-6,서울특별시 용산구 서빙고로 137 (용산동6가),,"9,196.95"
4251,토지,행정재산,서울특별시 용산구 원효로1가 129-25,,대,13.90
4252,토지,행정재산,서울특별시 용산구 원효로1가 129-48,,대,54.50
4253,토지,행정재산,서울특별시 용산구 원효로1가 129-49,,철도용지,3.20
4254,토지,행정재산,서울특별시 용산구 원효로1가 129-55,,대,112.30
4255,토지,행정재산,서울특별시 용산구 원효로1가 129-59,,철도용지,52.30
4256,토지,행정재산,서울특별시 용산구 한남동 761-4,,도로,116.00
4257,토지,행정재산,서울특별시 용산구 원효로2가 1-74,,철도용지,23.10
4258,토지,행정재산,서울특별시 용산구 동자동 44-7,,철도용지,1.10
4259,토지,행정재산,서울특별시 용산구 한강로3가 40-1021,,철도용지,4.00
4260,토지,행정재산,서울특별시 용산구 한강로2가 2,,철도용지,"77,807.00"
4261,토지,행정재산,서울특별시 용산구 한강로2가 2-428,,철도용지,"4,257.50"
4262,토지,행정재산,서울특별시 용산구 한강로2가 2-383,,철도용지,78.50
4263,토지,행정재산,서울특별시 용산구 한강로2가 2-379,,철도용지,11.80
4264,토지,행정재산,서울특별시 용산구 한강로2가 2-387,,철도용지,34.50
4265,토지,행정재산,서울특별시 용산구 한강로2가 2-385,,철도용지,87.80
4266,토지,행정재산,서울특별시 용산구 한강로2가 2-384,,철도용지,83.70
4267,토지,행정재산,서울특별시 용산구 한강로2가 2-389,,철도용지,329.00
4268,토지,행정재산,서울특별시 용산구 한강로2가 2-386,,철도용지,3.80
4269,토지,행정재산,서울특별시 용산구 한강로2가 2-380,,철도용지,37.30
4270,토지,행정재산,서울특별시 용산구 한강로2가 2-381,,철도용지,49.80
4271,토지,행정재산,서울특별시 용산구 한강로2가 2-382,,철도용지,69.10
4272,토지,행정재산,서울특별시 용산구 한강로2가 2-391,,철도용지,"1,052.50"
4273,토지,행정재산,서울특별시 용산구 한강로2가 2-390,,철도용지,20.80
4274,건물,일반재산,서울특별시 용산구 용산동3가 1-107,서울특별시 용산구 이태원로 28 (용산동3가),,873.60
4275,건물,행정재산,서울특별시 용산구 용산동6가 168-6,서울특별시 용산구 서빙고로 137 (용산동6가),,"9,196.95"
4276,토지,행정재산,서울특별시 용산구 서계동 76-8,,철도용지,368.80
4277,토지,행정재산,서울특별시 용산구 문배동 28-2,,구거,17.50
4278,토지,행정재산,서울특별시 용산구 용문동 5-226,,도로,75.00
4279,토지,행정재산,서울특별시 용산구 용문동 5-233,,도로,6.90
4280,토지,행정재산,서울특별시 용산구 용문동 5-234,,도로,8.30
4281,토지,행정재산,서울특별시 용산구 용문동 5-235,,도로,1.00
4282,토지,행정재산,서울특별시 용산구 용문동 5-236,,도로,7.40
4283,토지,행정재산,서울특별시 용산구 용문동 5-237,,도로,12.20
4284,토지,행정재산,서울특별시 용산구 용문동 5-238,,도로,14.90
4285,토지,행정재산,서울특별시 용산구 용문동 5-239,,도로,18.80
4286,토지,행정재산,서울특별시 용산구 용문동 5-240,,도로,16.80
4287,토지,행정재산,서울특별시 용산구 용문동 5-241,,도로,9.70
4288,토지,행정재산,서울특별시 용산구 용문동 5-242,,도로,9.70
4289,토지,행정재산,서울특별시 용산구 용문동 5-243,,도로,16.10
4290,토지,행정재산,서울특별시 용산구 용문동 5-244,,도로,9.80
4291,토지,행정재산,서울특별시 용산구 용문동 5-245,,도로,10.30
4292,토지,행정재산,서울특별시 용산구 용문동 5-246,,도로,13.50
4293,토지,행정재산,서울특별시 용산구 용문동 5-247,,도로,6.40
4294,토지,행정재산,서울특별시 용산구 용문동 5-248,,도로,11.00
4295,토지,행정재산,서울특별시 용산구 용문동 5-249,,도로,7.90
4296,토지,행정재산,서울특별시 용산구 용문동 5-250,,도로,6.00
4297,토지,행정재산,서울특별시 용산구 용문동 5-251,,도로,4.40
4298,토지,행정재산,서울특별시 용산구 원효로2가 1-14,,구거,9.90
4299,토지,행정재산,서울특별시 용산구 한강로3가 40-1027,,철도용지,777.40
4300,건물,행정재산,서울특별시 용산구 용산동6가 168-6,서울특별시 용산구 서빙고로 137 (용산동6가),,"9,196.95"
4301,토지,행정재산,서울특별시 용산구 원효로3가 38-1,,구거,24.10
4302,건물,행정재산,서울특별시 용산구 용산동6가 168-6,서울특별시 용산구 서빙고로 137 (용산동6가),,"9,196.95"
4303,토지,일반재산,서울특별시 용산구 원효로3가 252-3,,도로,36.40
4304,토지,행정재산,서울특별시 용산구 용문동 5-273,,대,12.40
4305,토지,일반재산,서울특별시 용산구 원효로1가 54-7,,대,16.90
4306,건물,행정재산,서울특별시 용산구 용산동6가 168-6,서울특별시 용산구 서빙고로 137 (용산동6가),,"9,196.95"
4307,건물,행정재산,서울특별시 용산구 용산동6가 168-6,서울특별시 용산구 서빙고로 137 (용산동6가),,"9,196.95"
4308,건물,행정재산,서울특별시 용산구 용산동6가 168-6,서울특별시 용산구 서빙고로 137 (용산동6가),,"9,196.95"
4309,건물,행정재산,서울특별시 용산구 용산동6가 168-6,서울특별시 용산구 서빙고로 137 (용산동6가),,"9,196.95"
4310,건물,행정재산,서울특별시 용산구 용산동6가 168-6,서울특별시 용산구 서빙고로 139 (용산동6가),,"11,767.29"
4311,토지,일반재산,서울특별시 용산구 보광동 265-1020,,대,87.00
4312,토지,일반재산,서울특별시 용산구 용산동1가 1-2,,도로,"3,195.70"
4313,토지,일반재산,서울특별시 용산구 용산동1가 1-3,,구거,"1,290.60"
4314,토지,일반재산,서울특별시 용산구 이태원동 92-14,,도로,7.00
4315,토지,일반재산,서울특별시 용산구 이태원동 277-8,,대,7.00
4316,토지,일반재산,서울특별시 용산구 이태원동 83-9,,잡종지,33.00
4317,토지,일반재산,서울특별시 용산구 이태원동 273-5,,전,30.00
4318,토지,일반재산,서울특별시 용산구 이태원동 258-314,,대,9.00
4319,토지,일반재산,서울특별시 용산구 한남동 638-2,,도로,714.00
4320,토지,일반재산,서울특별시 용산구 한남동 764-9,,대,66.00
4321,토지,일반재산,서울특별시 용산구 한남동 770-27,,대,549.00
4322,토지,일반재산,서울특별시 용산구 한남동 620-186,,대,3.00
4323,토지,일반재산,서울특별시 용산구 용산동2가 1-1612,,대,10.10
4324,토지,일반재산,서울특별시 용산구 용산동2가 5-1549,,대,228.10
4325,토지,일반재산,서울특별시 용산구 용산동2가 1-1878,,임야,12.50
4326,토지,일반재산,서울특별시 용산구 용산동3가 1-39,,대,1.60
4327,토지,일반재산,서울특별시 용산구 용산동3가 6-19,,대,44.00
4328,토지,일반재산,서울특별시 용산구 용산동3가 6-20,,대,18.80
4329,토지,일반재산,서울특별시 용산구 이태원동 277-5,,대,122.70
4330,토지,일반재산,서울특별시 용산구 이태원동 277-9,,대,30.00
4331,토지,일반재산,서울특별시 용산구 이태원동 284-7,,전,63.00
4332,토지,일반재산,서울특별시 용산구 이태원동 571-2,,대,7.70
4333,토지,일반재산,서울특별시 용산구 한남동 771-19,,대,10.00
4334,토지,일반재산,서울특별시 용산구 이태원동 83-7,,잡종지,42.00
4335,토지,일반재산,서울특별시 용산구 용산동3가 1-95,,도로,339.50
4336,토지,행정재산,서울특별시 용산구 용산동6가 11-442,,대,485.40
4337,토지,행정재산,서울특별시 용산구 용산동6가 412-6,,대,"9,686.00"
4338,토지,일반재산,서울특별시 용산구 한남동 758-38,,대,23.00
4339,토지,행정재산,서울특별시 용산구 이태원동 186-2,,전,46.00
4340,토지,일반재산,서울특별시 용산구 원효로1가 45-11,,대,64.60
4341,건물,행정재산,서울특별시 용산구 용산동6가 168-6,서울특별시 용산구 서빙고로 137 (용산동6가),,"9,196.95"
4342,토지,행정재산,서울특별시 용산구 이태원동 22-92,,도로,1.00
4343,토지,행정재산,서울특별시 용산구 후암동 256-6,,도로,14.20
4344,토지,행정재산,서울특별시 용산구 후암동 58-47,,도로,1.80
4345,토지,행정재산,서울특별시 용산구 한강로3가 6,,제방,181.30
4346,토지,행정재산,서울특별시 용산구 용산동2가 1-1926,,도로,64.80
4347,토지,행정재산,서울특별시 용산구 갈월동 7-92,,도로,48.60
4348,토지,행정재산,서울특별시 용산구 갈월동 7-91,,도로,30.10
4349,토지,일반재산,서울특별시 용산구 갈월동 7-90,,도로,30.10
4350,토지,행정재산,서울특별시 용산구 용산동2가 1-1183,,도로,19.80
4351,토지,행정재산,서울특별시 용산구 후암동 448-176,,도로,8.30
4352,토지,행정재산,서울특별시 용산구 후암동 398-8,,도로,0.60
4353,토지,행정재산,서울특별시 용산구 용산동2가 5-113,,도로,57.20
4354,토지,행정재산,서울특별시 용산구 후암동 403-2,,도로,92.60
4355,토지,행정재산,서울특별시 용산구 후암동 449-13,,도로,6.00
4356,토지,행정재산,서울특별시 용산구 후암동 449-14,,도로,79.00
4357,토지,행정재산,서울특별시 용산구 갈월동 5-38,,도로,9.90
4358,토지,행정재산,서울특별시 용산구 용산동2가 1-1862,,도로,2.20
4359,토지,행정재산,서울특별시 용산구 갈월동 5-5,,도로,50.20
4360,토지,행정재산,서울특별시 용산구 후암동 338-1,,도로,2.40
4361,토지,행정재산,서울특별시 용산구 갈월동 7-93,,도로,25.10
4362,토지,행정재산,서울특별시 용산구 갈월동 7-94,,도로,34.40
4363,토지,행정재산,서울특별시 용산구 후암동 352-10,,도로,148.60
4364,토지,행정재산,서울특별시 용산구 후암동 446-15,,도로,72.20
4365,토지,행정재산,서울특별시 용산구 갈월동 1-1,,도로,86.00
4366,토지,행정재산,서울특별시 용산구 후암동 345-27,,도로,12.90
4367,토지,행정재산,서울특별시 용산구 갈월동 7-101,,도로,26.40
4368,토지,일반재산,서울특별시 용산구 용산동2가 1-1627,,도로,3.20
4369,토지,행정재산,서울특별시 용산구 용산동2가 10-52,,도로,25.40
4370,토지,행정재산,서울특별시 용산구 용산동2가 5-67,,도로,3.90
4371,토지,행정재산,서울특별시 용산구 용산동2가 10-26,,도로,36.40
4372,토지,행정재산,서울특별시 용산구 갈월동 7-129,,도로,35.00
4373,토지,행정재산,서울특별시 용산구 신계동 28-3,,도로,69.40
4374,토지,행정재산,서울특별시 용산구 용문동 38-3,,도로,38.30
4375,토지,행정재산,서울특별시 용산구 용문동 32-95,,도로,43.00
4376,토지,행정재산,서울특별시 용산구 신계동 45-6,,도로,24.10
4377,토지,일반재산,서울특별시 용산구 신계동 35-10,,도로,5.00
4378,토지,행정재산,서울특별시 용산구 문배동 30-3,,도로,36.20
4379,토지,행정재산,서울특별시 용산구 한강로1가 293-4,,도로,348.80
4380,토지,행정재산,서울특별시 용산구 신계동 28-5,,도로,33.00
4381,토지,행정재산,서울특별시 용산구 한강로1가 10-4,,도로,163.00
4382,토지,행정재산,서울특별시 용산구 신계동 23-4,,도로,201.50
4383,토지,행정재산,서울특별시 용산구 용문동 32-57,,도로,4.00
4384,토지,행정재산,서울특별시 용산구 한강로1가 10-15,,도로,40.70
4385,토지,행정재산,서울특별시 용산구 한강로1가 11-7,,도로,307.40
4386,토지,행정재산,서울특별시 용산구 한강로1가 12,,도로,295.20
4387,토지,행정재산,서울특별시 용산구 용문동 41-50,,도로,18.20
4388,토지,일반재산,서울특별시 용산구 용문동 42-2,,도로,41.60
4389,토지,행정재산,서울특별시 용산구 한강로1가 32-18,,도로,3.80
4390,토지,행정재산,서울특별시 용산구 용문동 41-56,,도로,4.10
4391,토지,행정재산,서울특별시 용산구 용문동 40-21,,도로,40.00
4392,토지,행정재산,서울특별시 용산구 용문동 41-5,,도로,7.50
4393,토지,행정재산,서울특별시 용산구 용문동 41-6,,도로,31.10
4394,토지,행정재산,서울특별시 용산구 한강로1가 14-17,,도로,305.10
4395,토지,행정재산,서울특별시 용산구 한강로2가 54,,도로,393.70
4396,토지,행정재산,서울특별시 용산구 한강로2가 2-87,,도로,20.80
4397,토지,행정재산,서울특별시 용산구 문배동 10-15,,도로,67.40
4398,토지,행정재산,서울특별시 용산구 한강로2가 2-120,,도로,20.80
4399,토지,행정재산,서울특별시 용산구 신계동 39-5,,도로,144.40
4400,토지,행정재산,서울특별시 용산구 신계동 8-9,,도로,16.20
4401,토지,행정재산,서울특별시 용산구 용문동 35-2,,도로,9.90
4402,토지,행정재산,서울특별시 용산구 신계동 13-1,,도로,13.60
4403,토지,행정재산,서울특별시 용산구 신계동 38-1,,도로,220.80
4404,토지,행정재산,서울특별시 용산구 신계동 19-11,,도로,2.00
4405,토지,행정재산,서울특별시 용산구 한강로1가 199-2,,도로,34.70
4406,토지,행정재산,서울특별시 용산구 한강로2가 117-5,,도로,13.20
4407,토지,행정재산,서울특별시 용산구 신계동 16-1,,도로,91.10
4408,토지,행정재산,서울특별시 용산구 신계동 36-9,,도로,19.50
4409,토지,행정재산,서울특별시 용산구 신계동 38-3,,도로,20.50
4410,토지,행정재산,서울특별시 용산구 한강로1가 164-1,,도로,19.80
4411,토지,일반재산,서울특별시 용산구 신계동 38-9,,도로,13.70
4412,토지,행정재산,서울특별시 용산구 한강로1가 224-2,,도로,59.50
4413,토지,일반재산,서울특별시 용산구 신계동 38-10,,도로,18.40
4414,토지,행정재산,서울특별시 용산구 한강로2가 106-5,,도로,32.70
4415,토지,행정재산,서울특별시 용산구 신계동 38-11,,도로,10.90
4416,토지,행정재산,서울특별시 용산구 신계동 38-12,,도로,26.20
4417,토지,행정재산,서울특별시 용산구 한강로2가 99-4,,도로,28.40
4418,토지,행정재산,서울특별시 용산구 한강로3가 16-15,,도로,178.20
4419,토지,행정재산,서울특별시 용산구 한강로3가 16-17,,도로,134.20
4420,토지,행정재산,서울특별시 용산구 한강로3가 40-613,,도로,68.10
4421,토지,행정재산,서울특별시 용산구 한강로3가 22-5,,도로,24.80
4422,토지,행정재산,서울특별시 용산구 한강로3가 22-3,,도로,53.60
4423,토지,행정재산,서울특별시 용산구 한강로3가 16-40,,도로,101.50
4424,토지,행정재산,서울특별시 용산구 한강로3가 16-41,,도로,34.00
4425,토지,행정재산,서울특별시 용산구 한강로3가 40-22,,도로,120.00
4426,토지,행정재산,서울특별시 용산구 한강로3가 16-42,,도로,154.40
4427,토지,행정재산,서울특별시 용산구 한강로3가 16-16,,도로,170.60
4428,토지,행정재산,서울특별시 용산구 한강로2가 292,,도로,24.10
4429,토지,행정재산,서울특별시 용산구 한강로2가 291,,도로,21.80
4430,토지,행정재산,서울특별시 용산구 한강로2가 290,,도로,44.00
4431,토지,행정재산,서울특별시 용산구 한강로2가 289,,도로,35.00
4432,토지,행정재산,서울특별시 용산구 청파동1가 60-2,,도로,16.50
4433,토지,행정재산,서울특별시 용산구 청파동1가 132-31,,도로,3.30
4434,토지,행정재산,서울특별시 용산구 청파동1가 4-1,,도로,27.80
4435,토지,일반재산,서울특별시 용산구 서계동 290-1,,도로,20.00
4436,토지,행정재산,서울특별시 용산구 청파동2가 41-21,,도로,46.90
4437,토지,행정재산,서울특별시 용산구 청파동2가 41-22,,도로,39.70
4438,토지,행정재산,서울특별시 용산구 청파동1가 6-3,,도로,2.30
4439,토지,행정재산,서울특별시 용산구 청파동2가 134-1,,도로,78.10
4440,토지,행정재산,서울특별시 용산구 청파동2가 1-63,,도로,65.10
4441,토지,행정재산,서울특별시 용산구 청파동2가 60-2,,도로,21.50
4442,토지,행정재산,서울특별시 용산구 청파동1가 132-33,,도로,0.70
4443,토지,행정재산,서울특별시 용산구 청파동1가 93-1,,도로,9.90
4444,토지,행정재산,서울특별시 용산구 서계동 267-135,,도로,18.00
4445,토지,행정재산,서울특별시 용산구 청파동3가 111-15,,도로,46.30
4446,토지,행정재산,서울특별시 용산구 청파동1가 85-1,,도로,9.90
4447,토지,행정재산,서울특별시 용산구 청파동2가 47-34,,도로,8.20
4448,토지,행정재산,서울특별시 용산구 청파동2가 1-178,,도로,19.00
4449,토지,행정재산,서울특별시 용산구 청파동2가 47-43,,도로,7.60
4450,토지,행정재산,서울특별시 용산구 청파동1가 78-5,,도로,6.70
4451,토지,행정재산,서울특별시 용산구 청파동1가 97-61,,도로,27.80
4452,토지,행정재산,서울특별시 용산구 청파동2가 1-176,,도로,22.50
4453,토지,행정재산,서울특별시 용산구 청파동2가 4-7,,도로,13.10
4454,토지,행정재산,서울특별시 용산구 청파동2가 4-9,,도로,2.40
4455,토지,행정재산,서울특별시 용산구 청파동2가 8-4,,도로,28.40
4456,토지,행정재산,서울특별시 용산구 청파동2가 8-57,,도로,1.40
4457,토지,행정재산,서울특별시 용산구 청파동1가 1-90,,도로,33.00
4458,토지,행정재산,서울특별시 용산구 청파동1가 1-125,,도로,53.20
4459,토지,행정재산,서울특별시 용산구 서계동 272,,도로,33.20
4460,토지,행정재산,서울특별시 용산구 청파동2가 42-19,,도로,62.10
4461,토지,행정재산,서울특별시 용산구 서계동 267-144,,도로,36.00
4462,토지,일반재산,서울특별시 용산구 서계동 267-143,,도로,5.00
4463,토지,행정재산,서울특별시 용산구 서계동 267-140,,도로,20.80
4464,토지,행정재산,서울특별시 용산구 서계동 267-139,,도로,75.40
4465,토지,행정재산,서울특별시 용산구 청파동1가 102-8,,도로,13.20
4466,토지,행정재산,서울특별시 용산구 서계동 267-138,,도로,17.50
4467,토지,행정재산,서울특별시 용산구 서계동 267-137,,도로,14.20
4468,토지,행정재산,서울특별시 용산구 서계동 267-136,,도로,30.40
4469,토지,행정재산,서울특별시 용산구 청파동2가 10-71,,도로,9.60
4470,토지,행정재산,서울특별시 용산구 청파동3가 111-54,,도로,5.30
4471,토지,행정재산,서울특별시 용산구 청파동1가 132-34,,도로,4.00
4472,토지,행정재산,서울특별시 용산구 서계동 266-22,,도로,1.30
4473,토지,행정재산,서울특별시 용산구 청파동2가 97-1,,도로,39.70
4474,토지,행정재산,서울특별시 용산구 청파동1가 58-70,,도로,2.00
4475,토지,행정재산,서울특별시 용산구 청파동2가 101-2,,도로,1.60
4476,토지,행정재산,서울특별시 용산구 청파동1가 132-1,,도로,6.60
4477,토지,행정재산,서울특별시 용산구 청파동3가 105-3,,도로,99.20
4478,토지,행정재산,서울특별시 용산구 청파동2가 40-18,,도로,4.90
4479,토지,행정재산,서울특별시 용산구 청파동3가 118-18,,도로,40.70
4480,토지,행정재산,서울특별시 용산구 청파동1가 91-13,,도로,43.00
4481,토지,행정재산,서울특별시 용산구 청파동2가 1,,도로,2.30
4482,토지,행정재산,서울특별시 용산구 청파동1가 58-23,,도로,59.50
4483,토지,행정재산,서울특별시 용산구 청파동2가 104-18,,도로,29.80
4484,토지,행정재산,서울특별시 용산구 청파동2가 104-19,,도로,35.20
4485,토지,행정재산,서울특별시 용산구 청파동1가 39-4,,도로,2.60
4486,토지,행정재산,서울특별시 용산구 청파동1가 58-26,,도로,11.90
4487,토지,행정재산,서울특별시 용산구 청파동1가 6-4,,도로,16.50
4488,토지,행정재산,서울특별시 용산구 청파동1가 7-8,,도로,92.60
4489,토지,행정재산,서울특별시 용산구 청파동1가 7-20,,도로,6.00
4490,토지,행정재산,서울특별시 용산구 청파동3가 117-6,,도로,96.70
4491,토지,행정재산,서울특별시 용산구 청파동2가 71-25,,도로,41.20
4492,토지,행정재산,서울특별시 용산구 청파동1가 165-4,,도로,9.90
4493,토지,행정재산,서울특별시 용산구 서계동 266-63,,도로,46.90
4494,토지,행정재산,서울특별시 용산구 청파동3가 113-15,,도로,9.90
4495,토지,행정재산,서울특별시 용산구 청파동2가 35-41,,도로,6.60
4496,토지,행정재산,서울특별시 용산구 청파동1가 91-3,,도로,13.20
4497,토지,행정재산,서울특별시 용산구 청파동1가 53-1,,도로,11.90
4498,토지,행정재산,서울특별시 용산구 청파동2가 90-26,,도로,29.80
4499,토지,행정재산,서울특별시 용산구 청파동1가 58-72,,도로,2.30
4500,토지,행정재산,서울특별시 용산구 청파동1가 132-37,,도로,20.20
4501,토지,행정재산,서울특별시 용산구 서계동 266-51,,도로,3.60
4502,토지,행정재산,서울특별시 용산구 청파동2가 35-31,,도로,9.90
4503,토지,행정재산,서울특별시 용산구 서계동 266-50,,도로,8.90
4504,토지,행정재산,서울특별시 용산구 청파동1가 52-2,,도로,36.40
4505,토지,행정재산,서울특별시 용산구 서계동 275,,도로,38.20
4506,토지,행정재산,서울특별시 용산구 청파동1가 132-39,,도로,1.30
4507,토지,행정재산,서울특별시 용산구 청파동1가 132-41,,도로,3.00
4508,토지,행정재산,서울특별시 용산구 청파동2가 91-3,,도로,23.10
4509,토지,행정재산,서울특별시 용산구 청파동2가 91-4,,도로,0.70
4510,토지,행정재산,서울특별시 용산구 청파동1가 91-49,,대,55.20
4511,토지,행정재산,서울특별시 용산구 후암동 192-36,,도로,67.40
4512,토지,행정재산,서울특별시 용산구 후암동 103-4,,도로,211.60
4513,토지,행정재산,서울특별시 용산구 후암동 143-35,,도로,36.00
4514,토지,행정재산,서울특별시 용산구 후암동 135-5,,도로,26.40
4515,토지,행정재산,서울특별시 용산구 후암동 183-2,,도로,0.70
4516,토지,행정재산,서울특별시 용산구 후암동 135-9,,도로,13.20
4517,토지,행정재산,서울특별시 용산구 후암동 103-5,,도로,19.80
4518,토지,행정재산,서울특별시 용산구 후암동 286-5,,도로,261.50
4519,토지,행정재산,서울특별시 용산구 후암동 109-43,,도로,1.70
4520,토지,일반재산,서울특별시 용산구 후암동 261-13,,대,5.90
4521,토지,행정재산,서울특별시 용산구 후암동 254-55,,도로,0.70
4522,토지,행정재산,서울특별시 용산구 후암동 140-27,,도로,13.20
4523,토지,행정재산,서울특별시 용산구 후암동 140-29,,도로,2.00
4524,토지,행정재산,서울특별시 용산구 후암동 43-67,,도로,12.20
4525,토지,행정재산,서울특별시 용산구 후암동 261-14,,도로,3.00
4526,토지,행정재산,서울특별시 용산구 후암동 108-10,,도로,5.60
4527,토지,행정재산,서울특별시 용산구 후암동 249-15,,도로,1.00
4528,토지,행정재산,서울특별시 용산구 후암동 249-11,,도로,1.30
4529,토지,행정재산,서울특별시 용산구 후암동 109-44,,도로,0.80
4530,토지,행정재산,서울특별시 용산구 후암동 263-8,,도로,35.40
4531,토지,행정재산,서울특별시 용산구 후암동 102-61,,대,3.80
4532,토지,행정재산,서울특별시 용산구 후암동 132-3,,도로,23.10
4533,토지,행정재산,서울특별시 용산구 후암동 114-30,,도로,2.60
4534,토지,행정재산,서울특별시 용산구 후암동 114-21,,도로,11.90
4535,토지,행정재산,서울특별시 용산구 후암동 55-1,,도로,13.20
4536,토지,행정재산,서울특별시 용산구 후암동 164-10,,도로,53.60
4537,토지,행정재산,서울특별시 용산구 후암동 132-2,,도로,3.30
4538,토지,행정재산,서울특별시 용산구 후암동 164-17,,도로,6.90
4539,토지,행정재산,서울특별시 용산구 후암동 38-1,,도로,52.90
4540,토지,행정재산,서울특별시 용산구 후암동 263-20,,도로,24.80
4541,토지,행정재산,서울특별시 용산구 후암동 142-40,,도로,5.60
4542,토지,행정재산,서울특별시 용산구 후암동 276-2,,도로,16.50
4543,토지,행정재산,서울특별시 용산구 후암동 109-45,,도로,1.30
4544,토지,행정재산,서울특별시 용산구 후암동 61-3,,도로,6.90
4545,토지,행정재산,서울특별시 용산구 후암동 30-46,,도로,9.90
4546,토지,행정재산,서울특별시 용산구 후암동 261-5,,대,3.30
4547,토지,행정재산,서울특별시 용산구 후암동 239-6,,도로,14.20
4548,토지,행정재산,서울특별시 용산구 후암동 238-33,,도로,2.60
4549,토지,행정재산,서울특별시 용산구 후암동 263-7,,도로,2.60
4550,토지,행정재산,서울특별시 용산구 한남동 11-378,,도로,66.00
4551,토지,행정재산,서울특별시 용산구 동빙고동 38-2,,도로,36.00
4552,토지,행정재산,서울특별시 용산구 한남동 543-12,,도로,8.00
4553,토지,행정재산,서울특별시 용산구 한남동 11-377,,도로,30.00
4554,토지,행정재산,서울특별시 용산구 주성동 43-12,,도로,54.00
4555,토지,행정재산,서울특별시 용산구 주성동 41-2,,대,2.00
4556,토지,행정재산,서울특별시 용산구 동빙고동 1-135,,도로,29.00
4557,토지,행정재산,서울특별시 용산구 한남동 772-18,,도로,90.00
4558,토지,행정재산,서울특별시 용산구 동빙고동 71-3,,도로,26.00
4559,토지,행정재산,서울특별시 용산구 한남동 727-26,,도로,4.00
4560,토지,행정재산,서울특별시 용산구 한남동 727-52,,도로,227.00
4561,토지,행정재산,서울특별시 용산구 한남동 512-6,,도로,370.00
4562,토지,행정재산,서울특별시 용산구 한남동 11-381,,도로,30.00
4563,토지,행정재산,서울특별시 용산구 한남동 557-55,,도로,20.00
4564,토지,행정재산,서울특별시 용산구 한남동 557-17,,도로,13.00
4565,토지,행정재산,서울특별시 용산구 동빙고동 38-28,,도로,37.00
4566,토지,행정재산,서울특별시 용산구 한남동 557-13,,도로,33.00
4567,토지,행정재산,서울특별시 용산구 동빙고동 38-20,,도로,40.00
4568,토지,행정재산,서울특별시 용산구 동빙고동 71-4,,도로,10.00
4569,토지,행정재산,서울특별시 용산구 한남동 636-13,,도로,30.00
4570,토지,행정재산,서울특별시 용산구 주성동 46-2,,도로,10.00
4571,토지,행정재산,서울특별시 용산구 한남동 11-11,,도로,7.00
4572,토지,행정재산,서울특별시 용산구 한남동 1-92,,도로,13.00
4573,토지,행정재산,서울특별시 용산구 이태원동 585,,도로,70.30
4574,토지,행정재산,서울특별시 용산구 한남동 1-397,,도로,2.00
4575,토지,행정재산,서울특별시 용산구 이태원동 585-2,,도로,32.90
4576,토지,행정재산,서울특별시 용산구 한남동 1-344,,도로,10.00
4577,토지,행정재산,서울특별시 용산구 한남동 1-98,,도로,13.00
4578,토지,일반재산,서울특별시 용산구 한남동 1-341,,도로,23.00
4579,토지,행정재산,서울특별시 용산구 이태원동 683,,도로,3.60
4580,토지,행정재산,서울특별시 용산구 이태원동 589,,도로,86.60
4581,토지,일반재산,서울특별시 용산구 한남동 1-340,,도로,16.00
4582,토지,행정재산,서울특별시 용산구 이태원동 521-5,,도로,3.80
4583,토지,행정재산,서울특별시 용산구 한남동 1-337,,도로,26.00
4584,토지,행정재산,서울특별시 용산구 한남동 1-336,,도로,16.00
4585,토지,행정재산,서울특별시 용산구 한남동 1-335,,도로,26.00
4586,토지,행정재산,서울특별시 용산구 한남동 1-10,,도로,46.00
4587,토지,행정재산,서울특별시 용산구 이태원동 521-7,,도로,28.60
4588,토지,행정재산,서울특별시 용산구 한남동 1-15,,도로,3.00
4589,토지,행정재산,서울특별시 용산구 이태원동 276-9,,도로,5.00
4590,토지,행정재산,서울특별시 용산구 이태원동 258-369,,도로,53.00
4591,토지,행정재산,서울특별시 용산구 이태원동 261-104,,도로,41.00
4592,토지,행정재산,서울특별시 용산구 이태원동 193-106,,도로,2.00
4593,토지,행정재산,서울특별시 용산구 한남동 11-5,,도로,317.00
4594,토지,일반재산,서울특별시 용산구 이태원동 22-88,,도로,2.00
4595,토지,행정재산,서울특별시 용산구 이태원동 392-2,,도로,10.00
4596,토지,행정재산,서울특별시 용산구 이태원동 96-5,,도로,28.00
4597,토지,행정재산,서울특별시 용산구 이태원동 116-18,,도로,33.00
4598,토지,행정재산,서울특별시 용산구 이태원동 116-19,,도로,52.00
4599,토지,행정재산,서울특별시 용산구 이태원동 22-91,,도로,7.00
4600,토지,행정재산,서울특별시 용산구 이태원동 453-13,,도로,30.00
4601,토지,행정재산,서울특별시 용산구 이태원동 243-69,,도로,51.00
4602,토지,행정재산,서울특별시 용산구 이태원동 455-7,,도로,3.00
4603,토지,행정재산,서울특별시 용산구 원효로2가 86-34,,도로,6.30
4604,토지,행정재산,서울특별시 용산구 원효로2가 85-22,,도로,2.70
4605,토지,행정재산,서울특별시 용산구 산천동 106-189,,도로,1.10
4606,토지,행정재산,서울특별시 용산구 산천동 106-60,,도로,68.80
4607,토지,행정재산,서울특별시 용산구 신창동 48-1,,도로,6.60
4608,토지,행정재산,서울특별시 용산구 청암동 78-2,,도로,463.50
4609,토지,행정재산,서울특별시 용산구 청파동3가 118-124,,도로,58.50
4610,토지,행정재산,서울특별시 용산구 청파동3가 118-66,,도로,11.20
4611,토지,행정재산,서울특별시 용산구 원효로2가 80-9,,도로,185.10
4612,토지,행정재산,서울특별시 용산구 청파동3가 118-120,,도로,75.00
4613,토지,행정재산,서울특별시 용산구 신창동 77-160,,도로,1.30
4614,토지,행정재산,서울특별시 용산구 청파동3가 118-95,,도로,19.80
4615,토지,행정재산,서울특별시 용산구 청파동3가 118-83,,도로,26.10
4616,토지,행정재산,서울특별시 용산구 청파동3가 121-133,,도로,19.30
4617,토지,행정재산,서울특별시 용산구 원효로2가 83-7,,도로,7.90
4618,토지,행정재산,서울특별시 용산구 청파동3가 121-125,,도로,24.30
4619,토지,행정재산,서울특별시 용산구 신창동 80-21,,도로,300.80
4620,토지,행정재산,서울특별시 용산구 청파동3가 118-92,,도로,26.40
4621,토지,행정재산,서울특별시 용산구 청파동3가 118-182,,도로,18.80
4622,토지,행정재산,서울특별시 용산구 청파동3가 118-140,,도로,92.60
4623,토지,행정재산,서울특별시 용산구 청파동3가 118-76,,도로,24.10
4624,토지,행정재산,서울특별시 용산구 원효로2가 1-54,,도로,6.60
4625,토지,행정재산,서울특별시 용산구 원효로1가 18-62,,도로,0.50
4626,토지,행정재산,서울특별시 용산구 원효로2가 3-37,,도로,117.10
4627,토지,행정재산,서울특별시 용산구 원효로2가 8-12,,도로,535.50
4628,토지,행정재산,서울특별시 용산구 원효로2가 3-24,,대,7.90
4629,토지,행정재산,서울특별시 용산구 원효로1가 19-2,,도로,159.70
4630,토지,행정재산,서울특별시 용산구 원효로1가 27-123,,도로,7.00
4631,토지,행정재산,서울특별시 용산구 원효로1가 46-2,,도로,2.60
4632,토지,행정재산,서울특별시 용산구 원효로1가 17-44,,도로,29.80
4633,토지,행정재산,서울특별시 용산구 원효로2가 27-11,,도로,7.40
4634,토지,행정재산,서울특별시 용산구 원효로1가 18-30,,도로,3.60
4635,토지,행정재산,서울특별시 용산구 원효로2가 52-13,,도로,173.20
4636,토지,행정재산,서울특별시 용산구 원효로2가 1-114,,도로,16.80
4637,토지,행정재산,서울특별시 용산구 원효로1가 31-10,,도로,46.30
4638,토지,행정재산,서울특별시 용산구 원효로1가 17-224,,도로,21.60
4639,토지,행정재산,서울특별시 용산구 원효로1가 31-6,,도로,49.60
4640,토지,행정재산,서울특별시 용산구 원효로1가 17-67,,도로,155.40
4641,토지,행정재산,서울특별시 용산구 원효로2가 1-78,,도로,11.20
4642,토지,행정재산,서울특별시 용산구 원효로1가 29-14,,도로,125.60
4643,토지,행정재산,서울특별시 용산구 원효로1가 17-184,,도로,3.30
4644,토지,행정재산,서울특별시 용산구 원효로1가 29-60,,도로,191.00
4645,토지,행정재산,서울특별시 용산구 원효로2가 1-42,,도로,2.00
4646,토지,행정재산,서울특별시 용산구 보광동 86-1,,도로,24.00
4647,토지,행정재산,서울특별시 용산구 보광동 86-7,,도로,6.00
4648,토지,일반재산,서울특별시 용산구 보광동 228-70,,도로,13.00
4649,토지,행정재산,서울특별시 용산구 보광동 75-22,,도로,10.00
4650,토지,행정재산,서울특별시 용산구 보광동 62-1,,도로,17.00
4651,토지,행정재산,서울특별시 용산구 보광동 216-124,,도로,19.00
4652,토지,일반재산,서울특별시 용산구 보광동 100-9,,도로,17.00
4653,토지,행정재산,서울특별시 용산구 보광동 63-1,,도로,106.00
4654,토지,행정재산,서울특별시 용산구 보광동 214-8,,도로,31.00
4655,토지,행정재산,서울특별시 용산구 보광동 214-1,,도로,9.00
4656,토지,일반재산,서울특별시 용산구 보광동 404-1,,도로,31.00
4657,토지,행정재산,서울특별시 용산구 원효로4가 114-68,,도로,141.70
4658,토지,행정재산,서울특별시 용산구 효창동 5-574,,도로,15.90
4659,토지,행정재산,서울특별시 용산구 효창동 5-56,,도로,23.50
4660,토지,행정재산,서울특별시 용산구 용문동 23-18,,도로,79.30
4661,토지,행정재산,서울특별시 용산구 효창동 5-58,,도로,88.30
4662,토지,행정재산,서울특별시 용산구 효창동 31-3,,도로,39.70
4663,토지,행정재산,서울특별시 용산구 용문동 28-84,,도로,3.30
4664,토지,행정재산,서울특별시 용산구 용문동 8-89,,도로,2.00
4665,토지,행정재산,서울특별시 용산구 효창동 3-152,,도로,57.80
4666,토지,행정재산,서울특별시 용산구 용문동 8-111,,도로,10.20
4667,토지,행정재산,서울특별시 용산구 효창동 3-136,,도로,77.00
4668,토지,행정재산,서울특별시 용산구 용문동 8-114,,도로,1.60
4669,토지,행정재산,서울특별시 용산구 효창동 3-124,,도로,112.70
4670,토지,행정재산,서울특별시 용산구 효창동 127-20,,도로,43.30
4671,토지,행정재산,서울특별시 용산구 효창동 5-400,,도로,82.60
4672,토지,행정재산,서울특별시 용산구 용문동 10-3,,도로,9.90
4673,토지,행정재산,서울특별시 용산구 원효로4가 178-10,,도로,17.30
4674,토지,행정재산,서울특별시 용산구 효창동 5-350,,도로,49.60
4675,토지,행정재산,서울특별시 용산구 용문동 8-222,,도로,2.70
4676,토지,행정재산,서울특별시 용산구 용문동 8-213,,대,1.30
4677,토지,행정재산,서울특별시 용산구 효창동 5-354,,도로,5.00
4678,토지,행정재산,서울특별시 용산구 효창동 242-8,,도로,8.00
4679,토지,행정재산,서울특별시 용산구 효창동 238-2,,도로,1.30
4680,토지,행정재산,서울특별시 용산구 효창동 232-2,,도로,12.70
4681,토지,행정재산,서울특별시 용산구 효창동 3-65,,도로,118.00
4682,토지,행정재산,서울특별시 용산구 용문동 28-82,,도로,2.30
4683,토지,행정재산,서울특별시 용산구 효창동 2-24,,도로,112.40
4684,토지,행정재산,서울특별시 용산구 효창동 1-2,,도로,36.40
4685,토지,행정재산,서울특별시 용산구 용문동 28-42,,도로,19.80
4686,토지,행정재산,서울특별시 용산구 효창동 2-28,,도로,3.30
4687,토지,행정재산,서울특별시 용산구 효창동 5-720,,도로,3.70
4688,토지,행정재산,서울특별시 용산구 용문동 28-4,,도로,63.10
4689,토지,행정재산,서울특별시 용산구 효창동 5-462,,도로,5.30
4690,토지,행정재산,서울특별시 용산구 효창동 5-584,,도로,75.00
4691,토지,행정재산,서울특별시 용산구 효창동 2-45,,도로,48.60
4692,토지,행정재산,서울특별시 용산구 효창동 5-463,,도로,14.20
4693,토지,행정재산,서울특별시 용산구 효창동 5-515,,도로,6.00
4694,토지,행정재산,서울특별시 용산구 용문동 28-10,,도로,13.20
4695,토지,행정재산,서울특별시 용산구 갈월동 44-19,,도로,33.00
4696,토지,행정재산,서울특별시 용산구 서계동 226-11,,도로,82.60
4697,토지,행정재산,서울특별시 용산구 서계동 225-4,,도로,13.20
4698,토지,행정재산,서울특별시 용산구 서계동 260-44,,도로,51.60
4699,토지,행정재산,서울특별시 용산구 서계동 13-2,,도로,3.30
4700,토지,행정재산,서울특별시 용산구 서계동 224-53,,도로,30.00
4701,토지,행정재산,서울특별시 용산구 서계동 224-52,,도로,14.00
4702,토지,행정재산,서울특별시 용산구 서계동 260-47,,도로,11.70
4703,토지,행정재산,서울특별시 용산구 서계동 7-1,,도로,78.30
4704,토지,행정재산,서울특별시 용산구 서계동 224-47,,도로,18.50
4705,토지,행정재산,서울특별시 용산구 갈월동 7-202,,도로,71.80
4706,토지,행정재산,서울특별시 용산구 서계동 130-3,,도로,40.30
4707,토지,행정재산,서울특별시 용산구 서계동 32-2,,도로,5.00
4708,토지,행정재산,서울특별시 용산구 동자동 19-36,,도로,39.70
4709,토지,행정재산,서울특별시 용산구 갈월동 14-8,,도로,10.90
4710,토지,행정재산,서울특별시 용산구 서계동 234-48,,도로,0.90
4711,토지,행정재산,서울특별시 용산구 동자동 19-125,,도로,27.10
4712,토지,행정재산,서울특별시 용산구 서계동 233-21,,도로,4.60
4713,토지,행정재산,서울특별시 용산구 동자동 19-126,,도로,6.60
4714,토지,행정재산,서울특별시 용산구 갈월동 27-5,,도로,4.00
4715,토지,행정재산,서울특별시 용산구 갈월동 101-44,,도로,235.40
4716,토지,행정재산,서울특별시 용산구 갈월동 27-6,,도로,0.70
4717,토지,행정재산,서울특별시 용산구 갈월동 13-4,,도로,26.40
4718,토지,행정재산,서울특별시 용산구 갈월동 28-7,,도로,29.80
4719,토지,행정재산,서울특별시 용산구 갈월동 11-59,,도로,10.20
4720,토지,행정재산,서울특별시 용산구 서계동 33-73,,도로,6.60
4721,토지,행정재산,서울특별시 용산구 서계동 260-23,,도로,6.60
4722,토지,행정재산,서울특별시 용산구 갈월동 11-15,,도로,144.10
4723,토지,일반재산,서울특별시 용산구 서계동 243-8,,도로,11.30
4724,토지,일반재산,서울특별시 용산구 서계동 243-44,,도로,0.50
4725,토지,행정재산,서울특별시 용산구 후암동 105-57,,도로,27.40
4726,토지,행정재산,서울특별시 용산구 후암동 192-97,,도로,1.90
4727,토지,행정재산,서울특별시 용산구 한남동 25-3,,도로,23.00
4728,토지,행정재산,서울특별시 용산구 서빙고동 241-63,,철도용지,66.00
4729,토지,행정재산,서울특별시 용산구 서빙고동 241-77,,철도용지,51.00
4730,토지,행정재산,서울특별시 용산구 한강로2가 410-2,,도로,460.70
4731,토지,행정재산,서울특별시 용산구 서빙고동 241-3,,철도용지,106.00
4732,토지,행정재산,서울특별시 용산구 서빙고동 241-12,,철도용지,489.00
4733,토지,행정재산,서울특별시 용산구 서빙고동 241-19,,철도용지,813.00
4734,토지,행정재산,서울특별시 용산구 서빙고동 241-65,,철도용지,86.00
4735,토지,행정재산,서울특별시 용산구 서빙고동 241-20,,철도용지,43.00
4736,토지,행정재산,서울특별시 용산구 청파동1가 180-10,,철도용지,22.80
4737,토지,행정재산,서울특별시 용산구 청파동1가 180-12,,철도용지,26.80
4738,토지,행정재산,서울특별시 용산구 용문동 41-52,,도로,211.70
4739,토지,행정재산,서울특별시 용산구 서빙고동 235-109,,잡종지,251.00
4740,토지,행정재산,서울특별시 용산구 원효로1가 26-45,,대,21.80
4741,토지,행정재산,서울특별시 용산구 이태원동 215-50,,대,21.00
4742,토지,일반재산,서울특별시 용산구 이태원동 215-43,,대,20.00
4743,건물,행정재산,서울특별시 용산구 용산동6가 168-6,서울특별시 용산구 서빙고로 139 (용산동6가),,454.50
4744,토지,행정재산,서울특별시 용산구 효창동 3-282,,도로,9.90
4745,토지,행정재산,서울특별시 용산구 효창동 5-372,,대,3.00
4746,토지,행정재산,서울특별시 용산구 효창동 3-193,,대,2.00
4747,토지,행정재산,서울특별시 용산구 청파동3가 118-289,,도로,16.20
4748,토지,행정재산,서울특별시 용산구 원효로1가 22-29,,대,5.60
4749,토지,행정재산,서울특별시 용산구 원효로1가 22-44,,도로,12.20
4750,토지,행정재산,서울특별시 용산구 원효로1가 22-47,,도로,15.20
4751,토지,행정재산,서울특별시 용산구 원효로1가 24-26,,대,1.30
4752,토지,행정재산,서울특별시 용산구 후암동 56-25,,도로,3.60
4753,건물,행정재산,서울특별시 용산구 용산동6가 168-6,서울특별시 용산구 서빙고로 137 (용산동6가),,"9,196.95"
4754,건물,행정재산,서울특별시 용산구 용산동6가 168-6,서울특별시 용산구 서빙고로 137 (용산동6가),,"9,196.95"
4755,토지,일반재산,서울특별시 용산구 동빙고동 1-121,,잡종지,690.00
4756,토지,일반재산,서울특별시 용산구 서빙고동 271-118,,제방,3.00
4757,토지,일반재산,서울특별시 용산구 동빙고동 310-8,,도로,879.00
4758,토지,일반재산,서울특별시 용산구 동빙고동 310-46,,도로,79.00
4759,토지,일반재산,서울특별시 용산구 이태원동 341-15,,대,1.00
4760,토지,일반재산,서울특별시 용산구 용산동5가 19-636,,도로,45.70
4761,토지,일반재산,서울특별시 용산구 한강로3가 65-270,,도로,49.60
4762,건물,행정재산,서울특별시 용산구 한강로1가 107,서울특별시 용산구 이태원로 6 (한강로1가),,1.00
4763,건물,행정재산,서울특별시 용산구 한남동 723-52,서울특별시 용산구 한남대로28길 45 (한남동),,60.74
4764,건물,행정재산,서울특별시 용산구 용산동6가 168-6,서울특별시 용산구 서빙고로 137 (용산동6가),,"9,196.95"
4765,토지,행정재산,서울특별시 용산구 용문동 8-88,,도로,8.90
4766,토지,행정재산,서울특별시 용산구 용문동 8-86,,도로,2.30
4767,토지,행정재산,서울특별시 용산구 효창동 22-1,,도로,0.70
4768,토지,일반재산,서울특별시 용산구 도원동 19-2,,도로,9.40
4769,토지,행정재산,서울특별시 용산구 서계동 224-80,,도로,0.20
4770,토지,행정재산,서울특별시 용산구 남영동 101,,도로,16.90
4771,토지,행정재산,서울특별시 용산구 서계동 32-4,,도로,3.30
4772,토지,행정재산,서울특별시 용산구 남영동 29-12,,도로,70.90
4773,토지,행정재산,서울특별시 용산구 남영동 25-1,,도로,49.60
4774,토지,일반재산,서울특별시 용산구 남영동 32-2,,도로,8.90
4775,토지,행정재산,서울특별시 용산구 남영동 32-3,,도로,1.70
4776,토지,행정재산,서울특별시 용산구 서계동 224-48,,도로,53.10
4777,토지,행정재산,서울특별시 용산구 후암동 59-24,,도로,8.00
4778,토지,행정재산,서울특별시 용산구 후암동 59-26,,도로,0.20
4779,토지,행정재산,서울특별시 용산구 신창동 77-149,,도로,16.50
4780,토지,행정재산,서울특별시 용산구 한강로1가 194-5,,도로,26.10
4781,토지,행정재산,서울특별시 용산구 한강로1가 141-5,,도로,13.60
4782,토지,행정재산,서울특별시 용산구 한강로2가 143-6,,도로,8.60
4783,토지,행정재산,서울특별시 용산구 갈월동 7-160,,도로,26.40
4784,토지,행정재산,서울특별시 용산구 청파동1가 3-71,,도로,49.60
4785,토지,일반재산,서울특별시 용산구 동빙고동 170-3,,주차장,443.00
4786,토지,일반재산,서울특별시 용산구 동빙고동 7-43,,대,"1,344.00"
4787,토지,행정재산,서울특별시 용산구 동자동 19-44,,도로,28.40
4788,토지,행정재산,서울특별시 용산구 동자동 19-53,,도로,318.70
4789,토지,행정재산,서울특별시 용산구 동자동 19-56,,도로,149.40
4790,토지,행정재산,서울특별시 용산구 보광동 217-12,,도로,83.00
4791,토지,일반재산,서울특별시 용산구 동자동 37-109,,도로,71.00
4792,건물,행정재산,서울특별시 용산구 문배동 24-5,서울특별시 용산구 백범로90길 32 (문배동),,657.22
4793,토지,행정재산,서울특별시 용산구 문배동 24-5,,대,"1,015.20"
4794,건물,행정재산,서울특별시 용산구 용산동6가 11-426,서울특별시 용산구 서빙고로 137 (용산동6가),,786.36
4795,건물,행정재산,서울특별시 용산구 용산동6가 168-6,서울특별시 용산구 서빙고로 137 (용산동6가),,"9,196.95"
4796,건물,행정재산,서울특별시 용산구 용산동6가 168-6,서울특별시 용산구 서빙고로 137 (용산동6가),,"9,196.95"
4797,건물,행정재산,서울특별시 용산구 용산동6가 168-6,서울특별시 용산구 서빙고로 137 (용산동6가),,"9,196.95"
4798,건물,행정재산,서울특별시 용산구 용산동6가 168-6,서울특별시 용산구 서빙고로 137 (용산동6가),,"9,196.95"
4799,건물,행정재산,서울특별시 용산구 용산동6가 168-6,서울특별시 용산구 서빙고로 137 (용산동6가),,"9,196.95"
4800,건물,행정재산,서울특별시 용산구 용산동6가 168-6,서울특별시 용산구 서빙고로 137 (용산동6가),,"9,196.95"
4801,건물,행정재산,서울특별시 용산구 용산동6가 168-6,서울특별시 용산구 서빙고로 137 (용산동6가),,"9,196.95"
4802,건물,행정재산,서울특별시 용산구 용산동6가 168-6,서울특별시 용산구 서빙고로 137 (용산동6가),,"9,196.95"
4803,건물,행정재산,서울특별시 용산구 용산동6가 168-6,서울특별시 용산구 서빙고로 137 (용산동6가),,"9,196.95"
4804,건물,행정재산,서울특별시 용산구 용산동6가 168-6,서울특별시 용산구 서빙고로 137 (용산동6가),,"9,196.95"
4805,건물,행정재산,서울특별시 용산구 용산동6가 168-6,서울특별시 용산구 서빙고로 137 (용산동6가),,"9,196.95"
4806,건물,행정재산,서울특별시 용산구 용산동6가 168-6,서울특별시 용산구 서빙고로 137 (용산동6가),,"9,196.95"
4807,건물,행정재산,서울특별시 용산구 용산동6가 168-6,서울특별시 용산구 서빙고로 137 (용산동6가),,"9,196.95"
4808,건물,행정재산,서울특별시 용산구 용산동6가 168-6,서울특별시 용산구 서빙고로 137 (용산동6가),,"9,196.95"
4809,건물,행정재산,서울특별시 용산구 용산동6가 168-6,서울특별시 용산구 서빙고로 137 (용산동6가),,"9,196.95"
4810,토지,일반재산,서울특별시 용산구 청파동3가 134-37,,대,22.50
4811,토지,행정재산,서울특별시 용산구 원효로1가 26-61,,도로,78.10
4812,토지,일반재산,서울특별시 용산구 효창동 5-715,,공원,4.30
4813,토지,행정재산,서울특별시 용산구 한강로2가 2-429,,철도용지,62.30
4814,토지,일반재산,서울특별시 용산구 한강로2가 408-2,,도로,0.71
4815,토지,일반재산,서울특별시 용산구 한강로2가 408-3,,도로,0.10
4816,토지,일반재산,서울특별시 용산구 갈월동 24-11,,도로,17.60
4817,토지,일반재산,서울특별시 용산구 후암동 140-48,,대,2.60
4818,토지,일반재산,서울특별시 용산구 후암동 64-6,,도로,1.87
4819,토지,행정재산,서울특별시 용산구 청파동2가 120-68,,대,27.50
4820,건물,행정재산,서울특별시 용산구 용산동6가 168-6,서울특별시 용산구 서빙고로 137 (용산동6가),,"9,196.65"
4821,토지,행정재산,서울특별시 용산구 효창동 255,,임야,"11,519.20"
4822,건물,행정재산,서울특별시 용산구 효창동 255,,,"9,683.00"
4823,토지,행정재산,서울특별시 용산구 효창동 3,,임야,"2,561.20"
4824,토지,행정재산,서울특별시 용산구 보광동 217-19,,도로,56.00
4825,토지,행정재산,서울특별시 용산구 보광동 217-6,,도로,76.00
4826,토지,행정재산,서울특별시 용산구 보광동 225-2,,도로,20.00
4827,토지,행정재산,서울특별시 용산구 보광동 256-1,,도로,76.00
4828,건물,행정재산,서울특별시 용산구 용산동6가 168-6,,,"133,557.46"
4829,건물,행정재산,서울특별시 용산구 용산동6가 168-6,,,"1,436.94"
4830,건물,행정재산,서울특별시 용산구 용산동5가 14-1,서울특별시 용산구 서빙고로 137 (용산동6가),,147.09
4831,건물,행정재산,서울특별시 용산구 용산동5가 14-1,서울특별시 용산구 서빙고로 137 (용산동6가),,500.76
4832,건물,행정재산,서울특별시 용산구 용산동6가 11-438,서울특별시 용산구 서빙고로 139 (용산동6가),,845.70
4833,건물,행정재산,서울특별시 용산구 용산동6가 168-6,,,156.00
4834,건물,행정재산,서울특별시 용산구 용산동6가 168-6,서울특별시 용산구 서빙고로 137 (용산동6가),,"9,196.95"
4835,토지,일반재산,서울특별시 용산구 후암동 30-84,,대,"42,499.00"
4836,토지,행정재산,서울특별시 용산구 후암동 30-185,,대,144.10
4837,토지,행정재산,서울특별시 용산구 용산동2가 산 1-2,,임야,397.00
4838,토지,행정재산,서울특별시 용산구 청파동2가 134,,임야,"22,849.80"
4839,토지,행정재산,서울특별시 용산구 청파동2가 134-4,,임야,334.90
4840,토지,행정재산,서울특별시 용산구 효창동 255-10,,도로,363.20
4841,토지,행정재산,서울특별시 용산구 효창동 255-12,,도로,228.90
4842,토지,행정재산,서울특별시 용산구 효창동 255,,임야,"72,534.00"
4843,토지,행정재산,서울특별시 용산구 효창동 254,,도로,44.80
4844,토지,행정재산,서울특별시 용산구 효창동 255-4,,임야,"2,733.80"
4845,토지,행정재산,서울특별시 용산구 효창동 255-7,,도로,64.30
4846,토지,행정재산,서울특별시 용산구 서계동 1-10,,대,9.50
4847,토지,행정재산,서울특별시 용산구 서계동 225-8,,대,0.80
4848,토지,행정재산,서울특별시 용산구 서계동 1-5,,대,9.20
4849,토지,행정재산,서울특별시 용산구 서계동 224-40,,대,30.70
4850,토지,행정재산,서울특별시 용산구 서계동 225-7,,대,43.20
4851,토지,행정재산,서울특별시 용산구 서계동 225-6,,대,104.50
4852,토지,행정재산,서울특별시 용산구 서계동 224-39,,대,21.80
4853,토지,행정재산,서울특별시 용산구 서계동 224-38,,대,639.00
4854,토지,행정재산,서울특별시 용산구 서계동 224-43,,대,7.00
4855,토지,행정재산,서울특별시 용산구 서계동 1-6,,대,6.50
4856,토지,행정재산,서울특별시 용산구 서계동 1-7,,대,29.80
4857,토지,행정재산,서울특별시 용산구 서계동 1-8,,대,16.90
4858,토지,행정재산,서울특별시 용산구 서계동 1-9,,대,8.40
4859,토지,행정재산,서울특별시 용산구 서계동 1-4,,대,9.30
4860,토지,행정재산,서울특별시 용산구 서계동 1-3,,대,3.30
4861,토지,행정재산,서울특별시 용산구 서계동 1-1,,대,3.60
4862,토지,행정재산,서울특별시 용산구 서계동 1-2,,대,8.60
4863,토지,행정재산,서울특별시 용산구 서계동 238-97,,도로,6.40
4864,토지,행정재산,서울특별시 용산구 서계동 1,,임야,"4,190.10"
4865,토지,일반재산,서울특별시 용산구 서빙고동 235-125,,잡종지,34.00
4866,토지,일반재산,서울특별시 용산구 서빙고동 235-94,,잡종지,74.00
4867,토지,일반재산,서울특별시 용산구 서빙고동 4-62,,잡종지,20.00
4868,토지,일반재산,서울특별시 용산구 서빙고동 4-63,,잡종지,42.00
4869,토지,일반재산,서울특별시 용산구 서빙고동 4-64,,잡종지,116.00
4870,토지,행정재산,서울특별시 용산구 한남동 산 10-215,,임야,473.00
4871,건물,행정재산,서울특별시 용산구 남영동 12-1,서울특별시 용산구 두텁바위로 6-1 (남영동),,505.16
4872,토지,행정재산,서울특별시 용산구 남영동 12-1,,대,332.90
4873,건물,행정재산,서울특별시 용산구 한강로2가 1,서울특별시 용산구 한강대로57길 5 (한강로2가),,443.30
4874,건물,행정재산,서울특별시 용산구 보광동 217-28,서울특별시 용산구 보광로 25 (보광동),,286.10
4875,토지,행정재산,서울특별시 용산구 보광동 217-28,,대,221.00
4876,건물,행정재산,서울특별시 용산구 원효로3가 1-157,서울특별시 용산구 원효로41길 47 (원효로3가),,363.80
4877,토지,행정재산,서울특별시 용산구 원효로3가 1-157,,대,342.90
4878,토지,일반재산,서울특별시 용산구 갈월동 71-1,,도로,111.10
4879,토지,일반재산,서울특별시 용산구 갈월동 71-2,,대,69.40
4880,건물,일반재산,서울특별시 용산구 갈월동 71-1,서울특별시 용산구 한강대로 345 (갈월동),,195.56
4881,토지,행정재산,서울특별시 용산구 원효로3가 46-4,,대,145.50
4882,건물,행정재산,서울특별시 용산구 원효로3가 46-4,서울특별시 용산구 원효로41길 36 (원효로3가),,239.40
4883,토지,일반재산,서울특별시 용산구 효창동 5-767,,철도용지,14.80
4884,건물,행정재산,서울특별시 용산구 보광동 223-5,서울특별시 용산구 보광로 25-1 (보광동),,92.40
4885,토지,행정재산,서울특별시 용산구 청파동3가 134-17,,대,212.80
4886,토지,행정재산,서울특별시 용산구 청파동3가 134-63,,임야,22.30
4887,토지,행정재산,서울특별시 용산구 한강로1가 16,,대,80.30
4888,건물,행정재산,서울특별시 용산구 한강로1가 16,서울특별시 용산구 한강대로 198-2 (한강로1가),,196.44
4889,토지,행정재산,서울특별시 용산구 용산동2가 11-13,,대,297.55
4890,토지,행정재산,서울특별시 용산구 후암동 244-103,,대,181.80
4891,건물,행정재산,서울특별시 용산구 후암동 244-103,서울특별시 용산구 후암로16나길 17 (후암동),,187.72
4892,건물,행정재산,서울특별시 용산구 원효로1가 25-2,,,238.70
4893,토지,행정재산,서울특별시 용산구 이태원동 127-10,,대,163.60
4894,건물,행정재산,서울특별시 용산구 이태원동 127-10,서울특별시 용산구 이태원로 184 (이태원동),,267.43
4895,토지,행정재산,서울특별시 용산구 원효로1가 12-12,,대,"7,160.30"
4896,건물,행정재산,서울특별시 용산구 원효로1가 12-12,서울특별시 용산구 원효로89길 24 (원효로1가),,"2,592.96"
4897,건물,행정재산,서울특별시 용산구 원효로1가 12-12,서울특별시 용산구 원효로89길 24 (원효로1가),,322.56
4898,건물,행정재산,서울특별시 용산구 원효로1가 12-12,서울특별시 용산구 원효로89길 24 (원효로1가),,135.00
4899,건물,행정재산,서울특별시 용산구 원효로1가 12-12,서울특별시 용산구 원효로89길 24 (원효로1가),,116.40
4900,건물,행정재산,서울특별시 용산구 원효로1가 12-12,서울특별시 용산구 원효로89길 24 (원효로1가),,"3,935.56"
4901,토지,행정재산,서울특별시 용산구 청파동3가 10-14,,하천,31.10
4902,건물,행정재산,서울특별시 용산구 청파동3가 10-12,,,166.32
4903,토지,행정재산,서울특별시 용산구 용산동5가 24,,대,53.67
4904,건물,행정재산,서울특별시 용산구 용산동5가 24,서울특별시 용산구 서빙고로67길 24 (동빙고동),,198.69
4905,건물,행정재산,서울특별시 용산구 한남동 산 10-215,서울특별시 용산구 이태원로 281 (한남동),,138.30
4906,건물,행정재산,서울특별시 용산구 한남동 622-3,서울특별시 용산구 대사관로34길 53 (한남동),,169.89
4907,건물,행정재산,서울특별시 용산구 신창동 1,서울특별시 용산구 원효로41길 29 (원효로3가),,24.51
4908,건물,행정재산,서울특별시 용산구 한강로2가 142,서울특별시 용산구 한강대로 118 (한강로2가),,28.63
4909,건물,행정재산,서울특별시 용산구 한강로2가 142,서울특별시 용산구 한강대로 118 (한강로2가),,"8,700.00"
4910,건물,행정재산,서울특별시 용산구 신창동 1,서울특별시 용산구 원효로41길 29 (원효로3가),,997.65
4911,토지,행정재산,서울특별시 용산구 한강로2가 142,,대,"2,128.90"
4912,토지,행정재산,서울특별시 용산구 원효로3가 1-154,,대,"13,907.80"
4913,토지,행정재산,서울특별시 용산구 원효로3가 1-160,,대,92.20
4914,건물,행정재산,서울특별시 용산구 원효로1가 27-4,서울특별시 용산구 원효로 227 (원효로1가),,801.85
4915,토지,행정재산,서울특별시 용산구 원효로1가 27-4,,대,495.70
4916,건물,행정재산,서울특별시 용산구 이촌동 301-104,서울특별시 용산구 이촌로77길 9 (이촌동),,292.45
4917,토지,행정재산,서울특별시 용산구 이촌동 301-104,,대,502.50
4918,건물,행정재산,서울특별시 용산구 이태원동 525,서울특별시 용산구 녹사평대로 212 (이태원동),,363.39
4919,토지,행정재산,서울특별시 용산구 이태원동 525,,대,523.30
4920,건물,행정재산,서울특별시 용산구 한강로1가 107,서울특별시 용산구 이태원로 6 (한강로1가),,"2,438.79"
4921,건물,행정재산,서울특별시 용산구 한강로1가 107,서울특별시 용산구 이태원로 6 (한강로1가),,1.00
4922,토지,일반재산,서울특별시 용산구 갈월동 1-7,,도로,68.00
4923,토지,일반재산,서울특별시 용산구 갈월동 92-70,,도로,7.30
4924,토지,일반재산,서울특별시 용산구 남영동 136,,대,9.90
4925,토지,일반재산,서울특별시 용산구 동빙고동 7-51,,대,41.00
4926,토지,일반재산,서울특별시 용산구 문배동 2-16,,도로,5.10
4927,토지,행정재산,서울특별시 용산구 문배동 26-7,,구거,10.10
4928,토지,행정재산,서울특별시 용산구 문배동 37-16,,하천,93.20
4929,토지,일반재산,서울특별시 용산구 보광동 260-9,,도로,"1,980.00"
4930,토지,일반재산,서울특별시 용산구 보광동 75-15,,대,7.00
4931,토지,일반재산,서울특별시 용산구 서계동 217-55,,도로,56.80
4932,토지,일반재산,서울특별시 용산구 서계동 217-65,,도로,0.30
4933,토지,일반재산,서울특별시 용산구 서계동 237-12,,대,4.60
4934,토지,일반재산,서울특별시 용산구 서계동 279-1,,도로,288.20
4935,토지,일반재산,서울특별시 용산구 서계동 280-1,,도로,20.00
4936,토지,일반재산,서울특별시 용산구 서계동 33-222,,대,19.80
4937,토지,일반재산,서울특별시 용산구 서계동 33-277,,대,190.70
4938,토지,일반재산,서울특별시 용산구 서계동 45-18,,대,1.00
4939,토지,일반재산,서울특별시 용산구 용문동 32-120,,대,3.40
4940,토지,행정재산,서울특별시 용산구 용문동 5-223,,도로,244.10
4941,토지,행정재산,서울특별시 용산구 용문동 5-275,,도로,14.30
4942,토지,일반재산,서울특별시 용산구 용산동3가 1-106,,대,586.00
4943,토지,일반재산,서울특별시 용산구 용산동3가 1-107,,대,414.00
4944,토지,일반재산,서울특별시 용산구 용산동3가 11-5,,대,46.40
4945,토지,일반재산,서울특별시 용산구 용산동3가 11-6,,대,19.60
4946,건물,일반재산,서울특별시 용산구 용산동3가 1,,,"56,133.90"
4947,건물,일반재산,서울특별시 용산구 용산동3가 4-1,,,668.69
4948,건물,일반재산,서울특별시 용산구 용산동3가 4-1,,,"1,498.79"
4949,건물,일반재산,서울특별시 용산구 용산동3가 4-1,,,115.00
4950,건물,일반재산,서울특별시 용산구 용산동3가 4-1,,,146.81
4951,건물,일반재산,서울특별시 용산구 용산동3가 4-1,,,520.60
4952,건물,일반재산,서울특별시 용산구 용산동3가 4-1,,,152.76
4953,토지,일반재산,서울특별시 용산구 용산동3가 4-10,,대,41.40
4954,토지,일반재산,서울특별시 용산구 용산동3가 4-11,,대,53.10
4955,토지,일반재산,서울특별시 용산구 용산동3가 4-12,,대,995.30
4956,토지,일반재산,서울특별시 용산구 용산동3가 4-13,,대,"2,182.10"
4957,토지,일반재산,서울특별시 용산구 용산동3가 4-14,,대,106.80
4958,토지,일반재산,서울특별시 용산구 용산동3가 4-4,,대,"1,901.50"
4959,토지,일반재산,서울특별시 용산구 용산동3가 4-8,,대,"18,405.90"
4960,토지,일반재산,서울특별시 용산구 용산동3가 4-9,,대,0.70
4961,토지,일반재산,서울특별시 용산구 용산동3가 5-45,,대,60.00
4962,토지,일반재산,서울특별시 용산구 용산동3가 5-46,,대,349.70
4963,토지,일반재산,서울특별시 용산구 용산동3가 6-43,,도로,492.80
4964,토지,일반재산,서울특별시 용산구 용산동3가 6-44,,도로,944.00
4965,토지,일반재산,서울특별시 용산구 용산동3가 6-45,,도로,"1,691.70"
4966,토지,일반재산,서울특별시 용산구 용산동3가 6-46,,도로,82.70
4967,토지,일반재산,서울특별시 용산구 용산동3가 9-1,,대,19.70
4968,토지,일반재산,서울특별시 용산구 용산동3가 9-3,,대,"28,520.10"
4969,토지,일반재산,서울특별시 용산구 용산동4가 1-11,,도로,278.60
4970,건물,일반재산,서울특별시 용산구 용산동5가 6,,,431.70
4971,건물,일반재산,서울특별시 용산구 용산동5가 6,,,42.00
4972,건물,일반재산,서울특별시 용산구 용산동5가 6,,,82.60
4973,토지,일반재산,서울특별시 용산구 용산동5가 6-2,,대,28.50
4974,토지,일반재산,서울특별시 용산구 용산동5가 6-4,,대,"5,507.10"
4975,토지,일반재산,서울특별시 용산구 용산동6가 93-9,,도로,"1,445.00"
4976,토지,일반재산,서울특별시 용산구 원효로1가 129-58,,도로,21.00
4977,토지,일반재산,서울특별시 용산구 원효로1가 17-198,,대,12.60
4978,토지,일반재산,서울특별시 용산구 원효로1가 23-66,,도로,4.10
4979,토지,일반재산,서울특별시 용산구 원효로1가 27-124,,도로,0.10
4980,토지,일반재산,서울특별시 용산구 원효로1가 30-86,,도로,9.20
4981,토지,행정재산,서울특별시 용산구 원효로2가 1-76,,도로,451.70
4982,토지,행정재산,서울특별시 용산구 원효로2가 1-94,,도로,6.00
4983,토지,행정재산,서울특별시 용산구 원효로2가 1-95,,도로,379.80
4984,토지,일반재산,서울특별시 용산구 원효로2가 7-17,,도로,142.00
4985,토지,일반재산,서울특별시 용산구 원효로2가 7-18,,도로,83.10
4986,토지,일반재산,서울특별시 용산구 원효로2가 78-37,,도로,26.00
4987,토지,행정재산,서울특별시 용산구 원효로2가 86-14,,도로,120.70
4988,토지,일반재산,서울특별시 용산구 이태원동 186-3,,전,14.00
4989,토지,일반재산,서울특별시 용산구 이태원동 215-28,,도로,83.00
4990,토지,일반재산,서울특별시 용산구 이태원동 258-508,,대,2.00
4991,토지,일반재산,서울특별시 용산구 주성동 51-13,,도로,14.00
4992,토지,일반재산,서울특별시 용산구 청파동1가 76,,대,14.90
4993,토지,일반재산,서울특별시 용산구 청파동2가 35-68,,대,1.80
4994,토지,일반재산,서울특별시 용산구 청파동2가 36-29,,대,3.40
4995,토지,일반재산,서울특별시 용산구 청파동2가 42-1,,대,24.10
4996,토지,일반재산,서울특별시 용산구 청파동2가 54-11,,도로,12.00
4997,토지,일반재산,서울특별시 용산구 청파동3가 10-11,,하천,7.30
4998,토지,일반재산,서울특별시 용산구 청파동3가 10-18,,하천,19.50
4999,토지,일반재산,서울특별시 용산구 청파동3가 10-19,,하천,19.80
5000,토지,일반재산,서울특별시 용산구 청파동3가 118-163,,대,1.60
5001,토지,일반재산,서울특별시 용산구 청파동3가 118-249,,대,0.50
5002,토지,일반재산,서울특별시 용산구 청파동3가 24-107,,대,2.40
5003,토지,일반재산,서울특별시 용산구 한강로2가 12-19,,주차장,40.70
5004,토지,일반재산,서울특별시 용산구 한강로2가 310-3,,대,56.30
5005,토지,행정재산,서울특별시 용산구 한강로3가 2-13,,도로,0.70
5006,토지,행정재산,서울특별시 용산구 한강로3가 2-15,,도로,72.40
5007,토지,일반재산,서울특별시 용산구 한강로3가 40-77,,대,23.60
5008,토지,일반재산,서울특별시 용산구 한남동 1-18,,대,33.00
5009,토지,일반재산,서울특별시 용산구 한남동 11-495,,도로,72.00
5010,토지,일반재산,서울특별시 용산구 한남동 568-521,,도로,22.00
5011,토지,일반재산,서울특별시 용산구 효창동 171-11,,대,0.10
5012,토지,일반재산,서울특별시 용산구 효창동 243,,대,3.30
5013,토지,일반재산,서울특별시 용산구 후암동 105-87,,도로,27.10
5014,토지,일반재산,서울특별시 용산구 후암동 139-3,,대,7.90
5015,토지,일반재산,서울특별시 용산구 후암동 140-46,,대,8.60
5016,토지,일반재산,서울특별시 용산구 후암동 140-47,,대,5.30
5017,토지,일반재산,서울특별시 용산구 후암동 155-20,,대,33.00
5018,토지,일반재산,서울특별시 용산구 후암동 155-5,,대,42.90
5019,토지,일반재산,서울특별시 용산구 후암동 175-6,,대,1.09
5020,토지,일반재산,서울특별시 용산구 후암동 175-7,,대,6.24
5021,토지,일반재산,서울특별시 용산구 후암동 175-8,,대,14.61
5022,토지,일반재산,서울특별시 용산구 후암동 192-113,,도로,135.80
5023,토지,일반재산,서울특별시 용산구 후암동 30-178,,임야,43.00
5024,토지,일반재산,서울특별시 용산구 후암동 406-108,,대,139.90
5025,토지,일반재산,서울특별시 용산구 후암동 44-63,,대,7.90
5026,토지,일반재산,서울특별시 용산구 후암동 44-74,,대,2.60
5027,토지,일반재산,서울특별시 용산구 후암동 59-27,,도로,2.30
5028,토지,일반재산,서울특별시 용산구 원효로3가 61-11,,도로,240.40
5029,건물,행정재산,서울특별시 용산구 한남동 657-44,서울특별시 용산구 대사관로 49 (한남동),,292.21
5030,토지,행정재산,서울특별시 용산구 한남동 657-44,,대,334.00
5031,건물,행정재산,서울특별시 용산구 후암동 22,서울특별시 용산구 후암로 58-1 (후암동),,303.54
5032,토지,행정재산,서울특별시 용산구 후암동 22,,대,386.80
5033,건물,행정재산,서울특별시 용산구 한강로1가 107,서울특별시 용산구 이태원로 6 (한강로1가),,66.98
5034,건물,행정재산,서울특별시 용산구 용산동6가 168-6,서울특별시 용산구 서빙고로 137 (용산동6가),,"9,196.95"
5035,건물,행정재산,서울특별시 용산구 용산동6가 168-6,서울특별시 용산구 서빙고로 137 (용산동6가),,"9,196.95"
5036,토지,행정재산,서울특별시 용산구 보광동 75-2,,도로,66.00
5037,토지,행정재산,서울특별시 용산구 보광동 21-2,,도로,7.00
5038,토지,행정재산,서울특별시 용산구 보광동 22-2,,도로,20.00
5039,토지,행정재산,서울특별시 용산구 보광동 23-2,,도로,20.00
5040,토지,행정재산,서울특별시 용산구 보광동 25-3,,도로,26.00
5041,토지,행정재산,서울특별시 용산구 보광동 35-9,,도로,7.00
5042,토지,행정재산,서울특별시 용산구 보광동 47-1,,도로,17.00
5043,토지,행정재산,서울특별시 용산구 원효로3가 251-3,,도로,"1,375.20"
5044,토지,행정재산,서울특별시 용산구 용문동 8-14,,도로,36.00
5045,토지,행정재산,서울특별시 용산구 효창동 126-19,,도로,78.50
5046,토지,행정재산,서울특별시 용산구 효창동 126-6,,구거,401.80
5047,토지,행정재산,서울특별시 용산구 효창동 127-1,,도로,297.50
5048,토지,행정재산,서울특별시 용산구 원효로3가 141-2,,도로,69.40
5049,토지,행정재산,서울특별시 용산구 원효로3가 251-18,,도로,290.90
5050,토지,행정재산,서울특별시 용산구 효창동 3-34,,대,23.10
5051,토지,행정재산,서울특별시 용산구 효창동 5-464,,도로,135.50
5052,토지,행정재산,서울특별시 용산구 원효로3가 132-2,,도로,115.60
5053,토지,행정재산,서울특별시 용산구 용문동 8-119,,도로,32.10
5054,토지,행정재산,서울특별시 용산구 효창동 3-39,,대,416.50
5055,토지,행정재산,서울특별시 용산구 원효로3가 145-2,,도로,3.30
5056,토지,행정재산,서울특별시 용산구 용문동 8-189,,도로,8.30
5057,토지,행정재산,서울특별시 용산구 원효로3가 278-14,,도로,26.40
5058,토지,행정재산,서울특별시 용산구 효창동 2-42,,도로,35.70
5059,토지,행정재산,서울특별시 용산구 용문동 25-29,,대,13.20
5060,토지,행정재산,서울특별시 용산구 용문동 28-2,,도로,252.60
5061,토지,행정재산,서울특별시 용산구 용문동 28-18,,도로,224.80
5062,토지,행정재산,서울특별시 용산구 효창동 5-587,,도로,37.40
5063,토지,행정재산,서울특별시 용산구 효창동 5-615,,구거,169.20
5064,토지,행정재산,서울특별시 용산구 원효로4가 116-2,,도로,51.90
5065,토지,행정재산,서울특별시 용산구 원효로4가 91-2,,도로,35.40
5066,토지,행정재산,서울특별시 용산구 효창동 5-664,,도로,247.00
5067,토지,행정재산,서울특별시 용산구 용문동 1-9,,도로,182.20
5068,토지,행정재산,서울특별시 용산구 효창동 1-8,,도로,61.80
5069,토지,행정재산,서울특별시 용산구 도원동 7-4,,도로,51.30
5070,토지,행정재산,서울특별시 용산구 도원동 7-2,,도로,"1,322.50"
5071,토지,행정재산,서울특별시 용산구 효창동 3-305,,도로,11.80
5072,토지,행정재산,서울특별시 용산구 효창동 3-312,,도로,52.30
5073,토지,행정재산,서울특별시 용산구 효창동 6-8,,도로,221.50
5074,토지,행정재산,서울특별시 용산구 효창동 255-3,,도로,"3,365.20"
5075,토지,행정재산,서울특별시 용산구 효창동 255-2,,도로,"2,608.00"
5076,토지,행정재산,서울특별시 용산구 효창동 255-1,,도로,"2,844.20"
5077,토지,행정재산,서울특별시 용산구 효창동 5-768,,도로,72.80
5078,토지,행정재산,서울특별시 용산구 효창동 3-32,,대,37.00
5079,토지,행정재산,서울특별시 용산구 효창동 5-2,,도로,"13,615.50"
5080,토지,행정재산,서울특별시 용산구 용문동 27-9,,도로,88.90
5081,토지,행정재산,서울특별시 용산구 효창동 5-320,,철도용지,56.20
5082,토지,행정재산,서울특별시 용산구 용문동 13,,도로,482.60
5083,토지,행정재산,서울특별시 용산구 용문동 14-3,,도로,6.60
5084,토지,행정재산,서울특별시 용산구 효창동 3-151,,도로,"2,569.60"
5085,토지,행정재산,서울특별시 용산구 용문동 16,,도로,29.80
5086,토지,행정재산,서울특별시 용산구 용문동 12-5,,도로,92.60
5087,토지,행정재산,서울특별시 용산구 용문동 11-2,,도로,312.40
5088,토지,행정재산,서울특별시 용산구 용문동 17,,도로,271.10
5089,토지,행정재산,서울특별시 용산구 효창동 3-180,,도로,32.70
5090,토지,행정재산,서울특별시 용산구 효창동 3-192,,대,33.70
5091,토지,행정재산,서울특별시 용산구 용문동 24,,도로,386.80
5092,토지,행정재산,서울특별시 용산구 효창동 5-343,,도로,53.20
5093,토지,행정재산,서울특별시 용산구 용문동 25-10,,도로,311.10
5094,토지,행정재산,서울특별시 용산구 효창동 6-3,,도로,301.80
5095,토지,행정재산,서울특별시 용산구 효창동 5-53,,도로,"1,117.40"
5096,토지,행정재산,서울특별시 용산구 용문동 11-1,,도로,249.60
5097,토지,행정재산,서울특별시 용산구 효창동 5-35,,도로,132.20
5098,토지,행정재산,서울특별시 용산구 효창동 5-33,,도로,"3,848.40"
5099,토지,행정재산,서울특별시 용산구 동자동 20-6,,도로,610.60
5100,토지,행정재산,서울특별시 용산구 동자동 19-128,,도로,"1,068.30"
5101,토지,행정재산,서울특별시 용산구 갈월동 26-1,,도로,43.00
5102,토지,행정재산,서울특별시 용산구 갈월동 27-4,,도로,0.30
5103,토지,일반재산,서울특별시 용산구 갈월동 25-9,,도로,6.60
5104,토지,행정재산,서울특별시 용산구 갈월동 45-16,,도로,189.80
5105,토지,행정재산,서울특별시 용산구 서계동 234-15,,대,100.90
5106,토지,행정재산,서울특별시 용산구 갈월동 24-8,,도로,9.10
5107,토지,행정재산,서울특별시 용산구 서계동 230-8,,도로,23.10
5108,토지,행정재산,서울특별시 용산구 동자동 21-15,,도로,16.50
5109,토지,행정재산,서울특별시 용산구 동자동 22-8,,도로,38.70
5110,토지,행정재산,서울특별시 용산구 서계동 235-17,,도로,30.70
5111,토지,행정재산,서울특별시 용산구 동자동 19-76,,도로,24.50
5112,토지,행정재산,서울특별시 용산구 동자동 19-38,,도로,843.00
5113,토지,행정재산,서울특별시 용산구 동자동 18-52,,도로,81.70
5114,토지,행정재산,서울특별시 용산구 동자동 15-3,,도로,191.60
5115,토지,행정재산,서울특별시 용산구 서계동 238-60,,도로,92.80
5116,토지,행정재산,서울특별시 용산구 서계동 33-155,,도로,33.00
5117,토지,행정재산,서울특별시 용산구 동자동 1-22,,도로,244.10
5118,토지,행정재산,서울특별시 용산구 동자동 1-31,,도로,16.50
5119,토지,행정재산,서울특별시 용산구 동자동 1-33,,도로,111.70
5120,토지,행정재산,서울특별시 용산구 갈월동 8-75,,도로,56.00
5121,토지,행정재산,서울특별시 용산구 갈월동 8-31,,도로,26.40
5122,토지,행정재산,서울특별시 용산구 서계동 33-59,,도로,43.00
5123,토지,행정재산,서울특별시 용산구 갈월동 98-10,,도로,"1,103.80"
5124,토지,행정재산,서울특별시 용산구 갈월동 99-4,,도로,647.90
5125,토지,행정재산,서울특별시 용산구 동자동 22-10,,도로,"2,008.60"
5126,토지,행정재산,서울특별시 용산구 갈월동 24-12,,도로,5.30
5127,토지,행정재산,서울특별시 용산구 갈월동 58-9,,도로,7.30
5128,토지,행정재산,서울특별시 용산구 갈월동 59-2,,도로,34.00
5129,토지,행정재산,서울특별시 용산구 갈월동 59-29,,도로,8.90
5130,토지,행정재산,서울특별시 용산구 서계동 226-1,,도로,330.60
5131,토지,행정재산,서울특별시 용산구 서계동 226-2,,도로,2.30
5132,토지,행정재산,서울특별시 용산구 갈월동 56-4,,도로,102.10
5133,토지,행정재산,서울특별시 용산구 갈월동 56-2,,도로,9.90
5134,토지,행정재산,서울특별시 용산구 동자동 37-103,,도로,275.40
5135,토지,행정재산,서울특별시 용산구 갈월동 59-40,,도로,6.70
5136,토지,행정재산,서울특별시 용산구 서계동 224-70,,도로,30.90
5137,토지,행정재산,서울특별시 용산구 서계동 224-69,,도로,32.50
5138,토지,행정재산,서울특별시 용산구 서계동 224-68,,도로,265.60
5139,토지,행정재산,서울특별시 용산구 갈월동 54-3,,도로,4.00
5140,토지,행정재산,서울특별시 용산구 갈월동 54-1,,도로,8.90
5141,토지,행정재산,서울특별시 용산구 동자동 35-69,,도로,134.90
5142,토지,행정재산,서울특별시 용산구 갈월동 45-22,,대,3.30
5143,토지,행정재산,서울특별시 용산구 동자동 35-48,,도로,231.40
5144,토지,행정재산,서울특별시 용산구 서계동 224-37,,도로,122.30
5145,토지,행정재산,서울특별시 용산구 갈월동 51-1,,도로,416.50
5146,토지,행정재산,서울특별시 용산구 갈월동 51-4,,도로,74.70
5147,토지,행정재산,서울특별시 용산구 갈월동 52-8,,도로,26.40
5148,토지,행정재산,서울특별시 용산구 동자동 35-65,,도로,26.40
5149,토지,행정재산,서울특별시 용산구 갈월동 51-14,,도로,26.80
5150,토지,행정재산,서울특별시 용산구 후암동 256-4,,도로,108.80
5151,토지,행정재산,서울특별시 용산구 후암동 1-75,,도로,267.80
5152,토지,행정재산,서울특별시 용산구 후암동 30-159,,도로,70.00
5153,토지,행정재산,서울특별시 용산구 후암동 115-2,,도로,46.20
5154,토지,행정재산,서울특별시 용산구 후암동 102-17,,도로,318.00
5155,토지,행정재산,서울특별시 용산구 후암동 30-162,,도로,152.20
5156,토지,행정재산,서울특별시 용산구 후암동 257-5,,도로,16.50
5157,토지,행정재산,서울특별시 용산구 후암동 257-10,,도로,66.10
5158,토지,행정재산,서울특별시 용산구 후암동 259-1,,도로,23.10
5159,토지,행정재산,서울특별시 용산구 후암동 265-29,,대,15.90
5160,토지,행정재산,서울특별시 용산구 후암동 30-60,,도로,92.60
5161,토지,행정재산,서울특별시 용산구 후암동 260,,도로,813.60
5162,토지,행정재산,서울특별시 용산구 후암동 1-17,,도로,255.50
5163,토지,행정재산,서울특별시 용산구 후암동 30-86,,도로,53.50
5164,토지,행정재산,서울특별시 용산구 후암동 30-164,,도로,193.90
5165,토지,행정재산,서울특별시 용산구 후암동 292-1,,도로,263.60
5166,토지,행정재산,서울특별시 용산구 후암동 30-85,,대,72.60
5167,토지,행정재산,서울특별시 용산구 후암동 247-15,,도로,613.90
5168,토지,행정재산,서울특별시 용산구 후암동 30-52,,도로,119.00
5169,토지,행정재산,서울특별시 용산구 후암동 102-3,,도로,57.50
5170,토지,행정재산,서울특별시 용산구 후암동 264-13,,도로,69.40
5171,토지,행정재산,서울특별시 용산구 후암동 27-4,,도로,66.10
5172,토지,행정재산,서울특별시 용산구 후암동 249-25,,도로,80.30
5173,토지,행정재산,서울특별시 용산구 후암동 30-149,,도로,44.30
5174,토지,행정재산,서울특별시 용산구 후암동 249-19,,도로,52.90
5175,토지,행정재산,서울특별시 용산구 후암동 26,,도로,49.60
5176,토지,행정재산,서울특별시 용산구 후암동 265-20,,도로,110.50
5177,토지,행정재산,서울특별시 용산구 후암동 265-10,,도로,112.10
5178,토지,행정재산,서울특별시 용산구 후암동 250-10,,도로,178.50
5179,토지,행정재산,서울특별시 용산구 후암동 251-11,,도로,19.80
5180,토지,행정재산,서울특별시 용산구 후암동 252-3,,도로,308.80
5181,토지,행정재산,서울특별시 용산구 후암동 123-18,,도로,"1,025.10"
5182,토지,행정재산,서울특별시 용산구 후암동 129-1,,도로,33.00
5183,토지,행정재산,서울특별시 용산구 후암동 254-43,,도로,"2,333.30"
5184,토지,행정재산,서울특별시 용산구 후암동 30-134,,도로,29.10
5185,토지,행정재산,서울특별시 용산구 후암동 30-42,,도로,"2,483.50"
5186,토지,행정재산,서울특별시 용산구 후암동 249-6,,도로,26.10
5187,토지,행정재산,서울특별시 용산구 후암동 264-18,,대,3.30
5188,토지,행정재산,서울특별시 용산구 후암동 264-15,,도로,28.80
5189,토지,행정재산,서울특별시 용산구 후암동 247-55,,도로,34.00
5190,토지,행정재산,서울특별시 용산구 후암동 251-9,,도로,36.40
5191,토지,행정재산,서울특별시 용산구 후암동 247-4,,도로,39.70
5192,토지,행정재산,서울특별시 용산구 후암동 49-39,,도로,367.50
5193,토지,행정재산,서울특별시 용산구 후암동 49-14,,도로,69.80
5194,토지,행정재산,서울특별시 용산구 후암동 49-8,,도로,30.40
5195,토지,행정재산,서울특별시 용산구 후암동 49-4,,도로,59.50
5196,토지,행정재산,서울특별시 용산구 후암동 48-17,,도로,405.00
5197,토지,행정재산,서울특별시 용산구 후암동 47-9,,도로,31.10
5198,토지,행정재산,서울특별시 용산구 후암동 163-3,,대,19.80
5199,토지,행정재산,서울특별시 용산구 후암동 46-9,,도로,367.90
5200,토지,행정재산,서울특별시 용산구 후암동 164-3,,도로,178.50
5201,토지,행정재산,서울특별시 용산구 후암동 164-4,,도로,3.60
5202,토지,행정재산,서울특별시 용산구 후암동 164-12,,도로,3.00
5203,토지,행정재산,서울특별시 용산구 후암동 164-15,,도로,43.60
5204,토지,행정재산,서울특별시 용산구 후암동 164-19,,도로,1.30
5205,토지,행정재산,서울특별시 용산구 후암동 165-4,,도로,53.00
5206,토지,행정재산,서울특별시 용산구 후암동 166-2,,구거,2.00
5207,토지,행정재산,서울특별시 용산구 후암동 166-3,,도로,50.60
5208,토지,행정재산,서울특별시 용산구 후암동 159-4,,도로,0.30
5209,토지,행정재산,서울특별시 용산구 후암동 49-41,,도로,64.10
5210,토지,행정재산,서울특별시 용산구 후암동 143-6,,도로,52.90
5211,토지,행정재산,서울특별시 용산구 후암동 143-7,,도로,320.70
5212,토지,행정재산,서울특별시 용산구 후암동 143-10,,도로,439.50
5213,토지,행정재산,서울특별시 용산구 후암동 56-18,,도로,2.60
5214,토지,행정재산,서울특별시 용산구 후암동 56-15,,도로,23.10
5215,토지,행정재산,서울특별시 용산구 후암동 55-28,,도로,975.20
5216,토지,행정재산,서울특별시 용산구 후암동 150-9,,도로,98.00
5217,토지,행정재산,서울특별시 용산구 후암동 152-2,,도로,4.30
5218,토지,행정재산,서울특별시 용산구 후암동 55-3,,도로,16.50
5219,토지,행정재산,서울특별시 용산구 후암동 155-9,,도로,109.10
5220,토지,행정재산,서울특별시 용산구 후암동 55-2,,도로,153.30
5221,토지,행정재산,서울특별시 용산구 후암동 51-3,,도로,181.80
5222,토지,행정재산,서울특별시 용산구 후암동 51-2,,도로,290.90
5223,토지,행정재산,서울특별시 용산구 후암동 155-16,,도로,46.60
5224,토지,행정재산,서울특별시 용산구 후암동 155-18,,도로,42.30
5225,토지,행정재산,서울특별시 용산구 후암동 156-4,,도로,129.90
5226,토지,행정재산,서울특별시 용산구 후암동 167-2,,구거,95.20
5227,토지,행정재산,서울특별시 용산구 후암동 41-6,,도로,101.20
5228,토지,행정재산,서울특별시 용산구 후암동 140-20,,도로,3.30
5229,토지,행정재산,서울특별시 용산구 후암동 58-51,,도로,115.30
5230,토지,행정재산,서울특별시 용산구 후암동 140-4,,도로,69.40
5231,토지,행정재산,서울특별시 용산구 후암동 193-6,,구거,72.70
5232,토지,행정재산,서울특별시 용산구 후암동 44-9,,도로,448.60
5233,토지,행정재산,서울특별시 용산구 후암동 43-64,,도로,5.70
5234,토지,행정재산,서울특별시 용산구 후암동 292-3,,도로,57.10
5235,토지,행정재산,서울특별시 용산구 후암동 43-8,,도로,66.10
5236,토지,행정재산,서울특별시 용산구 후암동 238-2,,도로,23.80
5237,토지,행정재산,서울특별시 용산구 후암동 238-36,,대,45.60
5238,토지,행정재산,서울특별시 용산구 후암동 244-2,,도로,165.30
5239,토지,행정재산,서울특별시 용산구 후암동 244-3,,도로,165.30
5240,토지,행정재산,서울특별시 용산구 후암동 30-170,,도로,157.70
5241,토지,행정재산,서울특별시 용산구 후암동 61-4,,도로,12.20
5242,토지,행정재산,서울특별시 용산구 후암동 244-29,,도로,8.60
5243,토지,행정재산,서울특별시 용산구 후암동 58-48,,도로,133.10
5244,토지,일반재산,서울특별시 용산구 후암동 58-46,,도로,2.40
5245,토지,행정재산,서울특별시 용산구 후암동 58-45,,도로,1.40
5246,토지,행정재산,서울특별시 용산구 후암동 58-44,,도로,0.90
5247,토지,행정재산,서울특별시 용산구 후암동 191-2,,도로,82.60
5248,토지,행정재산,서울특별시 용산구 후암동 184-7,,도로,114.20
5249,토지,행정재산,서울특별시 용산구 후암동 184-8,,도로,36.00
5250,토지,행정재산,서울특별시 용산구 후암동 58-43,,도로,0.20
5251,토지,행정재산,서울특별시 용산구 후암동 192-5,,도로,40.30
5252,토지,행정재산,서울특별시 용산구 후암동 192-6,,도로,32.70
5253,토지,행정재산,서울특별시 용산구 한남동 11-379,,도로,"2,033.00"
5254,토지,행정재산,서울특별시 용산구 서빙고동 271-75,,도로,10.00
5255,토지,행정재산,서울특별시 용산구 주성동 50-2,,도로,341.00
5256,토지,행정재산,서울특별시 용산구 주성동 51-2,,도로,23.00
5257,토지,행정재산,서울특별시 용산구 서빙고동 271-86,,구거,"1,712.00"
5258,토지,행정재산,서울특별시 용산구 주성동 51-5,,도로,43.00
5259,토지,행정재산,서울특별시 용산구 동빙고동 38-4,,도로,637.00
5260,토지,행정재산,서울특별시 용산구 동빙고동 38-3,,도로,20.00
5261,토지,행정재산,서울특별시 용산구 한남동 60-47,,도로,93.00
5262,토지,행정재산,서울특별시 용산구 한남동 32-9,,도로,393.00
5263,토지,행정재산,서울특별시 용산구 동빙고동 42-2,,도로,152.00
5264,토지,행정재산,서울특별시 용산구 한남동 35-2,,도로,40.00
5265,토지,행정재산,서울특별시 용산구 주성동 45-2,,도로,803.00
5266,토지,행정재산,서울특별시 용산구 한남동 27-1,,도로,122.00
5267,토지,행정재산,서울특별시 용산구 한남동 27-4,,도로,109.00
5268,토지,행정재산,서울특별시 용산구 한남동 11-446,,도로,188.00
5269,토지,행정재산,서울특별시 용산구 동빙고동 308-2,,도로,764.00
5270,토지,행정재산,서울특별시 용산구 동빙고동 307-2,,도로,"1,127.00"
5271,토지,행정재산,서울특별시 용산구 한남동 76-10,,도로,354.00
5272,토지,행정재산,서울특별시 용산구 한남동 719-18,,도로,298.00
5273,토지,행정재산,서울특별시 용산구 한남동 11-445,,도로,42.00
5274,토지,행정재산,서울특별시 용산구 한남동 703-8,,도로,31.00
5275,토지,행정재산,서울특별시 용산구 주성동 48-2,,도로,304.00
5276,토지,행정재산,서울특별시 용산구 한남동 664-4,,도로,126.00
5277,토지,행정재산,서울특별시 용산구 동빙고동 44-1,,도로,89.00
5278,토지,행정재산,서울특별시 용산구 동빙고동 43-2,,도로,56.00
5279,토지,행정재산,서울특별시 용산구 한남동 390-3,,도로,198.00
5280,토지,행정재산,서울특별시 용산구 동빙고동 28-2,,도로,426.00
5281,토지,행정재산,서울특별시 용산구 한남동 11-117,,도로,"1,720.00"
5282,토지,행정재산,서울특별시 용산구 한남동 634-4,,도로,109.00
5283,토지,행정재산,서울특별시 용산구 한남동 634-7,,도로,155.00
5284,토지,행정재산,서울특별시 용산구 한남동 11-82,,도로,255.00
5285,토지,행정재산,서울특별시 용산구 한남동 636-6,,도로,50.00
5286,토지,행정재산,서울특별시 용산구 한남동 638-10,,도로,"3,265.00"
5287,토지,일반재산,서울특별시 용산구 한남동 757-16,,대,150.00
5288,토지,행정재산,서울특별시 용산구 한남동 655-7,,도로,99.00
5289,토지,행정재산,서울특별시 용산구 한남동 727-51,,도로,"1,578.00"
5290,토지,행정재산,서울특별시 용산구 이태원동 612,,대,6.00
5291,토지,행정재산,서울특별시 용산구 이태원동 613,,대,178.50
5292,토지,행정재산,서울특별시 용산구 이태원동 72-7,,도로,30.00
5293,토지,행정재산,서울특별시 용산구 이태원동 64-13,,도로,301.00
5294,토지,행정재산,서울특별시 용산구 이태원동 63-16,,도로,40.00
5295,토지,행정재산,서울특별시 용산구 이태원동 72-47,,도로,296.00
5296,토지,행정재산,서울특별시 용산구 이태원동 74-2,,도로,75.00
5297,토지,행정재산,서울특별시 용산구 이태원동 591,,도로,48.90
5298,토지,행정재산,서울특별시 용산구 이태원동 74-44,,도로,298.00
5299,토지,행정재산,서울특별시 용산구 이태원동 455-48,,도로,40.00
5300,토지,행정재산,서울특별시 용산구 이태원동 75-12,,도로,69.00
5301,토지,행정재산,서울특별시 용산구 이태원동 79-15,,도로,"1,646.00"
5302,토지,행정재산,서울특별시 용산구 이태원동 585-1,,도로,13.50
5303,토지,행정재산,서울특별시 용산구 이태원동 117-2,,도로,152.00
5304,토지,행정재산,서울특별시 용산구 이태원동 582,,도로,54.20
5305,토지,행정재산,서울특별시 용산구 이태원동 58-2,,도로,53.00
5306,토지,행정재산,서울특별시 용산구 이태원동 57-10,,도로,162.00
5307,토지,행정재산,서울특별시 용산구 이태원동 36-6,,도로,"2,446.00"
5308,토지,행정재산,서울특별시 용산구 한남동 11-4,,도로,"1,292.00"
5309,토지,행정재산,서울특별시 용산구 한남동 1-339,,도로,10.00
5310,토지,행정재산,서울특별시 용산구 이촌동 171-1,,도로,"29,421.90"
5311,토지,행정재산,서울특별시 용산구 이촌동 209-4,,도로,197.00
5312,토지,행정재산,서울특별시 용산구 이촌동 297-12,,도로,76.40
5313,토지,행정재산,서울특별시 용산구 이촌동 300-1,,도로,"1,898.50"
5314,토지,행정재산,서울특별시 용산구 이촌동 300-2,,구거,901.80
5315,토지,행정재산,서울특별시 용산구 이촌동 300-12,,도로,"1,394.40"
5316,토지,행정재산,서울특별시 용산구 이촌동 300-303,,도로,193.10
5317,토지,행정재산,서울특별시 용산구 이촌동 301-2,,구거,691.90
5318,토지,행정재산,서울특별시 용산구 이촌동 301-5,,도로,"38,103.10"
5319,토지,행정재산,서울특별시 용산구 한남동 1-76,,도로,3.00
5320,토지,행정재산,서울특별시 용산구 이촌동 301-8,,도로,923.30
5321,토지,행정재산,서울특별시 용산구 한남동 1-20,,도로,"1,164.00"
5322,토지,행정재산,서울특별시 용산구 한남동 1-13,,도로,"1,924.00"
5323,토지,행정재산,서울특별시 용산구 이촌동 301-159,,도로,69.40
5324,토지,행정재산,서울특별시 용산구 이촌동 301-163,,도로,"7,785.00"
5325,토지,행정재산,서울특별시 용산구 이촌동 302-31,,도로,"8,191.70"
5326,토지,행정재산,서울특별시 용산구 이촌동 309-9,,도로,95.50
5327,토지,행정재산,서울특별시 용산구 이태원동 22-15,,도로,26.00
5328,토지,행정재산,서울특별시 용산구 이태원동 22-35,,도로,13.00
5329,토지,행정재산,서울특별시 용산구 이태원동 22-84,,도로,96.00
5330,토지,행정재산,서울특별시 용산구 이태원동 22-85,,잡종지,30.00
5331,토지,행정재산,서울특별시 용산구 이태원동 22-86,,대,4.00
5332,토지,행정재산,서울특별시 용산구 이태원동 34-1,,도로,147.00
5333,토지,행정재산,서울특별시 용산구 이태원동 34-66,,도로,876.00
5334,토지,행정재산,서울특별시 용산구 이태원동 118-11,,도로,159.00
5335,토지,행정재산,서울특별시 용산구 이태원동 118-52,,도로,20.00
5336,토지,행정재산,서울특별시 용산구 이태원동 118-81,,도로,34.00
5337,토지,행정재산,서울특별시 용산구 이태원동 225-91,,도로,23.00
5338,토지,행정재산,서울특별시 용산구 이태원동 225-110,,도로,14.00
5339,토지,행정재산,서울특별시 용산구 이태원동 225-200,,도로,119.00
5340,토지,행정재산,서울특별시 용산구 이태원동 225-208,,도로,16.00
5341,토지,행정재산,서울특별시 용산구 이태원동 228-17,,도로,367.00
5342,토지,행정재산,서울특별시 용산구 이태원동 243-60,,도로,"1,890.00"
5343,토지,행정재산,서울특별시 용산구 이태원동 243-67,,도로,102.00
5344,토지,행정재산,서울특별시 용산구 이태원동 251-14,,도로,99.00
5345,토지,행정재산,서울특별시 용산구 이태원동 258-473,,도로,"1,603.00"
5346,토지,행정재산,서울특별시 용산구 이태원동 261,,도로,281.00
5347,토지,행정재산,서울특별시 용산구 이태원동 261-99,,도로,208.00
5348,토지,행정재산,서울특별시 용산구 이태원동 261-100,,도로,68.00
5349,토지,행정재산,서울특별시 용산구 이태원동 261-110,,도로,"2,133.00"
5350,토지,행정재산,서울특별시 용산구 이태원동 261-111,,임야,896.00
5351,토지,행정재산,서울특별시 용산구 이태원동 276-3,,도로,141.00
5352,토지,행정재산,서울특별시 용산구 이태원동 278-1,,대,7.00
5353,토지,행정재산,서울특별시 용산구 이태원동 346-1,,대,20.00
5354,토지,행정재산,서울특별시 용산구 이태원동 401-12,,도로,8.00
5355,토지,행정재산,서울특별시 용산구 이태원동 452-19,,도로,40.00
5356,토지,행정재산,서울특별시 용산구 이태원동 453-8,,도로,155.00
5357,토지,행정재산,서울특별시 용산구 이태원동 453-12,,도로,10.00
5358,토지,행정재산,서울특별시 용산구 이태원동 453-26,,도로,64.00
5359,토지,행정재산,서울특별시 용산구 이태원동 455-5,,도로,7.00
5360,토지,행정재산,서울특별시 용산구 이태원동 455-6,,도로,26.00
5361,토지,행정재산,서울특별시 용산구 이태원동 455-31,,도로,36.00
5362,토지,행정재산,서울특별시 용산구 이태원동 225-88,,도로,40.00
5363,토지,행정재산,서울특별시 용산구 이태원동 225-82,,도로,43.00
5364,토지,행정재산,서울특별시 용산구 이태원동 120-6,,도로,30.00
5365,토지,행정재산,서울특별시 용산구 이태원동 122-20,,도로,23.00
5366,토지,행정재산,서울특별시 용산구 이태원동 165-1,,도로,36.00
5367,토지,행정재산,서울특별시 용산구 이태원동 165-15,,도로,16.00
5368,토지,행정재산,서울특별시 용산구 이태원동 171-19,,도로,59.00
5369,토지,행정재산,서울특별시 용산구 이태원동 186-1,,도로,92.00
5370,토지,행정재산,서울특별시 용산구 이태원동 193-104,,도로,196.00
5371,토지,행정재산,서울특별시 용산구 이태원동 193-109,,도로,31.00
5372,토지,행정재산,서울특별시 용산구 이태원동 193-110,,도로,86.00
5373,토지,행정재산,서울특별시 용산구 이태원동 521-6,,도로,98.10
5374,토지,행정재산,서울특별시 용산구 이태원동 215-45,,도로,165.00
5375,토지,행정재산,서울특별시 용산구 이태원동 521,,도로,27.10
5376,토지,행정재산,서울특별시 용산구 이태원동 215-88,,도로,16.00
5377,토지,행정재산,서울특별시 용산구 이태원동 224-7,,구거,7.00
5378,토지,행정재산,서울특별시 용산구 이태원동 225-71,,도로,449.00
5379,토지,행정재산,서울특별시 용산구 이태원동 225-7,,도로,40.00
5380,토지,행정재산,서울특별시 용산구 이태원동 225-79,,도로,23.00
5381,토지,행정재산,서울특별시 용산구 이태원동 225-49,,도로,368.00
5382,토지,행정재산,서울특별시 용산구 이태원동 225-68,,대,23.00
5383,토지,행정재산,서울특별시 용산구 이태원동 225-70,,도로,46.00
5384,토지,행정재산,서울특별시 용산구 원효로1가 27-90,,도로,78.30
5385,토지,행정재산,서울특별시 용산구 원효로1가 13-4,,도로,79.30
5386,토지,행정재산,서울특별시 용산구 원효로1가 108-11,,도로,224.80
5387,토지,행정재산,서울특별시 용산구 원효로1가 14-2,,도로,94.30
5388,토지,행정재산,서울특별시 용산구 원효로1가 16-2,,도로,29.80
5389,토지,행정재산,서울특별시 용산구 원효로1가 27-23,,도로,284.30
5390,토지,행정재산,서울특별시 용산구 원효로1가 17-3,,도로,92.60
5391,토지,행정재산,서울특별시 용산구 청암동 168-5,,대,72.70
5392,토지,행정재산,서울특별시 용산구 원효로1가 17-23,,도로,614.90
5393,토지,행정재산,서울특별시 용산구 원효로1가 17-26,,도로,201.60
5394,토지,행정재산,서울특별시 용산구 원효로1가 17-28,,도로,19.80
5395,토지,행정재산,서울특별시 용산구 원효로1가 17-32,,도로,102.50
5396,토지,행정재산,서울특별시 용산구 원효로1가 46-8,,도로,"5,382.10"
5397,토지,행정재산,서울특별시 용산구 청파동3가 118-115,,도로,138.80
5398,토지,행정재산,서울특별시 용산구 원효로1가 17-37,,도로,33.00
5399,토지,행정재산,서울특별시 용산구 청파동3가 118-144,,도로,168.60
5400,토지,행정재산,서울특별시 용산구 원효로1가 18-32,,도로,6.30
5401,토지,행정재산,서울특별시 용산구 원효로1가 17-48,,도로,743.80
5402,토지,행정재산,서울특별시 용산구 원효로1가 18-20,,도로,577.00
5403,토지,행정재산,서울특별시 용산구 원효로1가 17-219,,도로,50.20
5404,토지,행정재산,서울특별시 용산구 원효로1가 17-73,,도로,62.80
5405,토지,행정재산,서울특별시 용산구 원효로1가 17-147,,도로,81.30
5406,토지,행정재산,서울특별시 용산구 청암동 96-3,,대,3.00
5407,토지,행정재산,서울특별시 용산구 청파동3가 118-114,,도로,69.40
5408,토지,행정재산,서울특별시 용산구 청파동3가 118-113,,도로,61.70
5409,토지,행정재산,서울특별시 용산구 산천동 106-195,,도로,36.10
5410,토지,행정재산,서울특별시 용산구 원효로1가 12-8,,도로,152.10
5411,토지,행정재산,서울특별시 용산구 원효로1가 128-32,,도로,146.40
5412,토지,행정재산,서울특별시 용산구 원효로2가 64-1,,도로,793.40
5413,토지,행정재산,서울특별시 용산구 원효로2가 78-18,,도로,35.10
5414,토지,행정재산,서울특별시 용산구 원효로1가 130-3,,도로,237.00
5415,토지,행정재산,서울특별시 용산구 신창동 76-19,,도로,141.80
5416,토지,행정재산,서울특별시 용산구 원효로2가 61-10,,도로,67.20
5417,토지,행정재산,서울특별시 용산구 신창동 63-2,,도로,70.20
5418,토지,행정재산,서울특별시 용산구 원효로2가 60,,도로,396.70
5419,토지,행정재산,서울특별시 용산구 원효로2가 56-2,,도로,"3,041.30"
5420,토지,행정재산,서울특별시 용산구 원효로2가 78-57,,도로,7.90
5421,토지,행정재산,서울특별시 용산구 원효로2가 79-25,,도로,232.10
5422,토지,행정재산,서울특별시 용산구 청파동3가 132-137,,도로,78.70
5423,토지,행정재산,서울특별시 용산구 청파동3가 133-9,,도로,29.80
5424,토지,행정재산,서울특별시 용산구 청파동3가 134-14,,도로,170.20
5425,토지,행정재산,서울특별시 용산구 원효로2가 81-15,,도로,36.40
5426,토지,행정재산,서울특별시 용산구 원효로2가 5-1,,도로,317.30
5427,토지,행정재산,서울특별시 용산구 원효로1가 128-31,,도로,29.40
5428,토지,행정재산,서울특별시 용산구 산천동 79-1,,도로,26.40
5429,토지,행정재산,서울특별시 용산구 청파동3가 132-76,,도로,353.60
5430,토지,행정재산,서울특별시 용산구 원효로2가 76-10,,도로,237.00
5431,토지,행정재산,서울특별시 용산구 원효로1가 12-5,,도로,76.00
5432,토지,행정재산,서울특별시 용산구 원효로2가 77-15,,도로,133.20
5433,토지,행정재산,서울특별시 용산구 산천동 106-194,,도로,63.00
5434,토지,행정재산,서울특별시 용산구 청파동3가 132-77,,도로,152.10
5435,토지,행정재산,서울특별시 용산구 원효로1가 12-11,,도로,138.80
5436,토지,행정재산,서울특별시 용산구 산천동 42-2,,도로,16.50
5437,토지,행정재산,서울특별시 용산구 원효로1가 12-4,,도로,26.40
5438,토지,행정재산,서울특별시 용산구 신창동 91-1,,도로,9.60
5439,토지,행정재산,서울특별시 용산구 원효로1가 120-29,,도로,51.90
5440,토지,행정재산,서울특별시 용산구 원효로1가 120-30,,도로,162.30
5441,토지,행정재산,서울특별시 용산구 원효로1가 121-51,,도로,13.20
5442,토지,행정재산,서울특별시 용산구 원효로1가 127-3,,도로,109.10
5443,토지,행정재산,서울특별시 용산구 문배동 2-4,,도로,90.60
5444,토지,행정재산,서울특별시 용산구 문배동 11-11,,도로,534.90
5445,토지,행정재산,서울특별시 용산구 한강로1가 138,,도로,"7,765.30"
5446,토지,행정재산,서울특별시 용산구 신계동 28-1,,도로,587.80
5447,토지,행정재산,서울특별시 용산구 문배동 40-11,,도로,244.60
5448,토지,행정재산,서울특별시 용산구 문배동 40-30,,도로,515.40
5449,토지,행정재산,서울특별시 용산구 신계동 18-1,,도로,3.00
5450,토지,행정재산,서울특별시 용산구 용문동 32-201,,도로,569.90
5451,토지,행정재산,서울특별시 용산구 신계동 18-17,,도로,6.30
5452,토지,행정재산,서울특별시 용산구 신계동 18-16,,도로,6.90
5453,토지,행정재산,서울특별시 용산구 신계동 36-31,,도로,63.80
5454,토지,행정재산,서울특별시 용산구 용문동 32-72,,도로,"1,107.50"
5455,토지,행정재산,서울특별시 용산구 용문동 32-65,,도로,16.50
5456,토지,행정재산,서울특별시 용산구 신계동 36-33,,도로,58.30
5457,토지,행정재산,서울특별시 용산구 신계동 18-10,,도로,19.80
5458,토지,행정재산,서울특별시 용산구 신계동 4-2,,제방,85.10
5459,토지,행정재산,서울특별시 용산구 신계동 6-14,,도로,32.40
5460,토지,행정재산,서울특별시 용산구 신계동 45-4,,도로,250.20
5461,토지,행정재산,서울특별시 용산구 신계동 7-44,,도로,25.40
5462,토지,행정재산,서울특별시 용산구 신계동 11-6,,도로,23.10
5463,토지,행정재산,서울특별시 용산구 신계동 16-3,,도로,132.90
5464,토지,행정재산,서울특별시 용산구 신계동 36-16,,도로,9.20
5465,토지,행정재산,서울특별시 용산구 신계동 20,,도로,66.10
5466,토지,행정재산,서울특별시 용산구 한강로1가 165,,도로,9.90
5467,토지,행정재산,서울특별시 용산구 신계동 28-34,,도로,4.90
5468,토지,행정재산,서울특별시 용산구 신계동 31,,도로,102.50
5469,토지,행정재산,서울특별시 용산구 용문동 41-12,,도로,162.60
5470,토지,행정재산,서울특별시 용산구 신계동 23-3,,도로,155.40
5471,토지,행정재산,서울특별시 용산구 문배동 11-20,,도로,151.40
5472,토지,행정재산,서울특별시 용산구 문배동 31-2,,도로,743.80
5473,토지,행정재산,서울특별시 용산구 신계동 35-19,,도로,16.80
5474,토지,행정재산,서울특별시 용산구 한강로1가 193-1,,도로,410.20
5475,토지,행정재산,서울특별시 용산구 신계동 35-34,,도로,34.70
5476,토지,행정재산,서울특별시 용산구 신계동 36-3,,도로,62.80
5477,토지,행정재산,서울특별시 용산구 신계동 35-35,,도로,1.70
5478,토지,행정재산,서울특별시 용산구 신계동 21,,도로,119.00
5479,토지,행정재산,서울특별시 용산구 후암동 418-32,,도로,144.10
5480,토지,행정재산,서울특별시 용산구 후암동 418-30,,도로,5.30
5481,토지,행정재산,서울특별시 용산구 후암동 418-23,,도로,451.20
5482,토지,행정재산,서울특별시 용산구 후암동 418-20,,도로,26.10
5483,토지,행정재산,서울특별시 용산구 후암동 418-19,,도로,102.50
5484,토지,행정재산,서울특별시 용산구 후암동 418-11,,도로,285.30
5485,토지,행정재산,서울특별시 용산구 용산동2가 1-1883,,도로,191.40
5486,토지,행정재산,서울특별시 용산구 후암동 418-8,,도로,115.70
5487,토지,행정재산,서울특별시 용산구 후암동 417-10,,도로,237.20
5488,토지,행정재산,서울특별시 용산구 갈월동 5-2,,도로,69.40
5489,토지,행정재산,서울특별시 용산구 갈월동 5-3,,도로,11.60
5490,토지,행정재산,서울특별시 용산구 후암동 415-3,,도로,"1,275.10"
5491,토지,행정재산,서울특별시 용산구 후암동 406-30,,도로,"2,130.50"
5492,토지,행정재산,서울특별시 용산구 후암동 418-10,,도로,138.60
5493,토지,행정재산,서울특별시 용산구 후암동 418-37,,도로,32.40
5494,토지,행정재산,서울특별시 용산구 후암동 428-11,,도로,16.50
5495,토지,행정재산,서울특별시 용산구 후암동 292-5,,도로,1.00
5496,토지,행정재산,서울특별시 용산구 용산동2가 10-4,,도로,88.30
5497,토지,행정재산,서울특별시 용산구 후암동 428-10,,도로,16.50
5498,토지,행정재산,서울특별시 용산구 후암동 428-9,,도로,16.50
5499,토지,행정재산,서울특별시 용산구 용산동2가 10-39,,도로,220.50
5500,토지,행정재산,서울특별시 용산구 후암동 428-8,,도로,13.20
5501,토지,행정재산,서울특별시 용산구 후암동 428-7,,도로,9.90
5502,토지,행정재산,서울특별시 용산구 후암동 428-6,,도로,9.90
5503,토지,행정재산,서울특별시 용산구 후암동 428-5,,도로,6.60
5504,토지,행정재산,서울특별시 용산구 후암동 428-4,,도로,6.90
5505,토지,행정재산,서울특별시 용산구 후암동 428-3,,도로,13.20
5506,토지,행정재산,서울특별시 용산구 후암동 428-1,,도로,13.20
5507,토지,행정재산,서울특별시 용산구 후암동 428,,도로,109.10
5508,토지,행정재산,서울특별시 용산구 후암동 419-2,,도로,81.00
5509,토지,행정재산,서울특별시 용산구 갈월동 5-34,,도로,201.60
5510,토지,행정재산,서울특별시 용산구 후암동 404-61,,구거,921.00
5511,토지,행정재산,서울특별시 용산구 후암동 404-60,,도로,449.60
5512,토지,행정재산,서울특별시 용산구 후암동 358-157,,도로,317.70
5513,토지,행정재산,서울특별시 용산구 후암동 358-20,,도로,"1,699.50"
5514,토지,행정재산,서울특별시 용산구 후암동 358-7,,도로,9.90
5515,토지,행정재산,서울특별시 용산구 후암동 349-1,,도로,338.20
5516,토지,행정재산,서울특별시 용산구 후암동 345-6,,도로,76.40
5517,토지,행정재산,서울특별시 용산구 후암동 339-18,,도로,"1,143.80"
5518,토지,행정재산,서울특별시 용산구 후암동 338-3,,도로,14.10
5519,토지,행정재산,서울특별시 용산구 후암동 337-10,,도로,372.90
5520,토지,행정재산,서울특별시 용산구 후암동 337-9,,도로,252.10
5521,토지,행정재산,서울특별시 용산구 후암동 336-8,,도로,205.00
5522,토지,행정재산,서울특별시 용산구 후암동 335-4,,도로,228.10
5523,토지,행정재산,서울특별시 용산구 후암동 334-12,,도로,20.10
5524,토지,행정재산,서울특별시 용산구 후암동 303-6,,도로,927.70
5525,토지,행정재산,서울특별시 용산구 후암동 300-3,,도로,20.80
5526,토지,행정재산,서울특별시 용산구 후암동 300-2,,도로,16.50
5527,토지,행정재산,서울특별시 용산구 후암동 297-39,,도로,17.20
5528,토지,행정재산,서울특별시 용산구 후암동 358-158,,도로,137.00
5529,토지,행정재산,서울특별시 용산구 후암동 358-177,,도로,152.00
5530,토지,행정재산,서울특별시 용산구 갈월동 7-89,,도로,178.50
5531,토지,행정재산,서울특별시 용산구 후암동 403-25,,구거,77.70
5532,토지,행정재산,서울특별시 용산구 후암동 403-21,,구거,221.20
5533,토지,행정재산,서울특별시 용산구 후암동 398-7,,도로,64.60
5534,토지,행정재산,서울특별시 용산구 갈월동 6-8,,도로,370.20
5535,토지,행정재산,서울특별시 용산구 갈월동 6-28,,도로,479.30
5536,토지,행정재산,서울특별시 용산구 후암동 398-5,,도로,14.40
5537,토지,행정재산,서울특별시 용산구 후암동 398-1,,도로,87.90
5538,토지,행정재산,서울특별시 용산구 후암동 392-14,,도로,326.10
5539,토지,행정재산,서울특별시 용산구 갈월동 7-20,,도로,39.70
5540,토지,행정재산,서울특별시 용산구 후암동 376-1,,도로,707.40
5541,토지,행정재산,서울특별시 용산구 후암동 374-2,,구거,32.60
5542,토지,행정재산,서울특별시 용산구 갈월동 7-81,,도로,"2,305.80"
5543,토지,행정재산,서울특별시 용산구 후암동 374-1,,구거,61.30
5544,토지,행정재산,서울특별시 용산구 후암동 373,,도로,19.80
5545,토지,행정재산,서울특별시 용산구 후암동 361-3,,도로,851.60
5546,토지,행정재산,서울특별시 용산구 후암동 359-1,,구거,99.10
5547,토지,행정재산,서울특별시 용산구 용산동2가 9-15,,도로,327.30
5548,토지,행정재산,서울특별시 용산구 후암동 428-12,,도로,16.50
5549,토지,행정재산,서울특별시 용산구 후암동 448-32,,대,3.50
5550,토지,행정재산,서울특별시 용산구 후암동 448-80,,대,0.60
5551,토지,행정재산,서울특별시 용산구 후암동 448-172,,도로,437.30
5552,토지,행정재산,서울특별시 용산구 후암동 448-182,,도로,11.10
5553,토지,행정재산,서울특별시 용산구 후암동 448-183,,도로,48.70
5554,토지,행정재산,서울특별시 용산구 후암동 448-186,,도로,87.80
5555,토지,행정재산,서울특별시 용산구 후암동 449-12,,도로,81.40
5556,토지,행정재산,서울특별시 용산구 후암동 456-2,,도로,52.90
5557,토지,행정재산,서울특별시 용산구 용산동2가 1-16,,도로,510.40
5558,토지,행정재산,서울특별시 용산구 용산동2가 1-38,,도로,"1,164.50"
5559,토지,행정재산,서울특별시 용산구 용산동2가 1-102,,도로,68.70
5560,토지,행정재산,서울특별시 용산구 용산동2가 1-123,,도로,72.70
5561,토지,행정재산,서울특별시 용산구 용산동2가 1-128,,도로,50.20
5562,토지,행정재산,서울특별시 용산구 용산동2가 1-168,,도로,31.70
5563,토지,행정재산,서울특별시 용산구 용산동2가 1-457,,도로,"7,731.50"
5564,토지,행정재산,서울특별시 용산구 용산동2가 1-748,,도로,181.10
5565,토지,행정재산,서울특별시 용산구 용산동2가 1-1146,,도로,130.00
5566,토지,행정재산,서울특별시 용산구 용산동2가 1-1154,,도로,29.80
5567,토지,행정재산,서울특별시 용산구 용산동2가 1-1322,,도로,56.20
5568,토지,행정재산,서울특별시 용산구 용산동2가 1-1589,,도로,21.20
5569,토지,행정재산,서울특별시 용산구 용산동2가 1-1779,,도로,18.10
5570,토지,행정재산,서울특별시 용산구 용산동2가 5-39,,도로,"1,323.30"
5571,토지,행정재산,서울특별시 용산구 용산동2가 1-1787,,도로,92.20
5572,토지,일반재산,서울특별시 용산구 용산동2가 1-1944,,대,2.10
5573,토지,행정재산,서울특별시 용산구 용산동2가 1-1880,,도로,133.60
5574,토지,행정재산,서울특별시 용산구 후암동 448-28,,도로,2.10
5575,토지,행정재산,서울특별시 용산구 후암동 448-23,,도로,360.30
5576,토지,행정재산,서울특별시 용산구 후암동 428-14,,도로,217.20
5577,토지,행정재산,서울특별시 용산구 후암동 428-13,,도로,647.30
5578,토지,행정재산,서울특별시 용산구 후암동 445-13,,도로,62.40
5579,토지,행정재산,서울특별시 용산구 후암동 445-14,,도로,70.00
5580,토지,행정재산,서울특별시 용산구 후암동 446-44,,대,4.70
5581,토지,행정재산,서울특별시 용산구 후암동 447-2,,도로,97.20
5582,토지,행정재산,서울특별시 용산구 후암동 448-6,,대,1.70
5583,토지,행정재산,서울특별시 용산구 후암동 448-7,,도로,2.30
5584,토지,행정재산,서울특별시 용산구 후암동 445-5,,도로,101.90
5585,토지,행정재산,서울특별시 용산구 후암동 448-12,,도로,2.30
5586,토지,행정재산,서울특별시 용산구 후암동 448-19,,도로,56.90
5587,토지,행정재산,서울특별시 용산구 후암동 448-20,,도로,4.80
5588,토지,행정재산,서울특별시 용산구 후암동 448-22,,도로,32.40
5589,토지,행정재산,서울특별시 용산구 후암동 448-21,,대,1.20
5590,토지,행정재산,서울특별시 용산구 한강로3가 7,,구거,29.80
5591,토지,행정재산,서울특별시 용산구 한강로3가 12-2,,구거,575.90
5592,토지,행정재산,서울특별시 용산구 한강로2가 412,,도로,"18,795.60"
5593,토지,행정재산,서울특별시 용산구 한강로3가 12-6,,구거,249.00
5594,토지,행정재산,서울특별시 용산구 한강로3가 13-7,,하천,114.20
5595,토지,행정재산,서울특별시 용산구 한강로3가 6-12,,제방,2.00
5596,토지,행정재산,서울특별시 용산구 한강로3가 2-27,,하천,11.90
5597,토지,행정재산,서울특별시 용산구 한강로3가 3-1,,제방,165.60
5598,토지,행정재산,서울특별시 용산구 한강로3가 3-24,,하천,56.30
5599,토지,행정재산,서울특별시 용산구 한강로3가 3-27,,제방,"1,155.90"
5600,토지,행정재산,서울특별시 용산구 한강로3가 2-21,,하천,53.80
5601,토지,행정재산,서울특별시 용산구 한강로3가 6-11,,제방,50.80
5602,토지,행정재산,서울특별시 용산구 한강로3가 3-30,,철도용지,3.60
5603,토지,행정재산,서울특별시 용산구 한강로3가 12-8,,구거,214.70
5604,토지,행정재산,서울특별시 용산구 한강로3가 3-38,,하천,286.30
5605,토지,행정재산,서울특별시 용산구 한강로3가 3-42,,철도용지,478.90
5606,토지,행정재산,서울특별시 용산구 용산동5가 19-390,,도로,64.80
5607,토지,행정재산,서울특별시 용산구 한강로3가 3-45,,제방,2.80
5608,토지,행정재산,서울특별시 용산구 한강로3가 3-47,,철도용지,114.40
5609,토지,행정재산,서울특별시 용산구 한강로3가 5-1,,철도용지,105.40
5610,토지,행정재산,서울특별시 용산구 한강로2가 288,,도로,69.40
5611,토지,행정재산,서울특별시 용산구 한강로3가 5-2,,철도용지,61.10
5612,토지,행정재산,서울특별시 용산구 한강로3가 5-4,,철도용지,323.40
5613,토지,행정재산,서울특별시 용산구 한강로3가 2-23,,하천,5.30
5614,토지,행정재산,서울특별시 용산구 서계동 290,,도로,251.90
5615,토지,행정재산,서울특별시 용산구 청파동3가 107-40,,도로,38.70
5616,토지,행정재산,서울특별시 용산구 서계동 287,,도로,422.00
5617,토지,행정재산,서울특별시 용산구 청파동1가 113-12,,도로,431.70
5618,토지,행정재산,서울특별시 용산구 서계동 278,,도로,120.00
5619,토지,행정재산,서울특별시 용산구 서계동 288,,도로,91.40
5620,토지,행정재산,서울특별시 용산구 서계동 275-2,,도로,129.90
5621,토지,행정재산,서울특별시 용산구 서계동 277-4,,도로,134.30
5622,토지,행정재산,서울특별시 용산구 청파동2가 1-179,,도로,40.50
5623,토지,행정재산,서울특별시 용산구 서계동 285,,도로,160.00
5624,토지,행정재산,서울특별시 용산구 청파동2가 1-175,,도로,2.50
5625,토지,행정재산,서울특별시 용산구 청파동1가 113-31,,도로,25.10
5626,토지,행정재산,서울특별시 용산구 청파동3가 105-24,,도로,139.20
5627,토지,행정재산,서울특별시 용산구 서계동 281,,도로,"1,562.50"
5628,토지,행정재산,서울특별시 용산구 청파동2가 1-174,,도로,436.00
5629,토지,행정재산,서울특별시 용산구 청파동2가 1-8,,도로,780.10
5630,토지,행정재산,서울특별시 용산구 서계동 283,,도로,265.80
5631,토지,행정재산,서울특별시 용산구 청파동2가 1-5,,도로,178.40
5632,토지,행정재산,서울특별시 용산구 서계동 282-1,,도로,14.20
5633,토지,행정재산,서울특별시 용산구 청파동2가 1-170,,도로,851.60
5634,토지,행정재산,서울특별시 용산구 청파동2가 1-169,,도로,"2,352.60"
5635,토지,행정재산,서울특별시 용산구 서계동 281-4,,도로,43.90
5636,토지,행정재산,서울특별시 용산구 청파동3가 105-47,,도로,8.60
5637,토지,행정재산,서울특별시 용산구 청파동1가 100-6,,도로,264.50
5638,토지,행정재산,서울특별시 용산구 서계동 266-19,,도로,6.90
5639,토지,행정재산,서울특별시 용산구 서계동 266-18,,도로,9.90
5640,토지,행정재산,서울특별시 용산구 청파동3가 118-14,,도로,25.10
5641,토지,행정재산,서울특별시 용산구 서계동 266-12,,도로,271.10
5642,토지,행정재산,서울특별시 용산구 청파동3가 118-25,,도로,234.40
5643,토지,행정재산,서울특별시 용산구 청파동3가 118-43,,도로,135.50
5644,토지,행정재산,서울특별시 용산구 청파동3가 118-47,,도로,348.10
5645,토지,행정재산,서울특별시 용산구 청파동1가 24-2,,도로,1.30
5646,토지,행정재산,서울특별시 용산구 청파동2가 104-8,,도로,33.00
5647,토지,행정재산,서울특별시 용산구 청파동1가 91-6,,도로,277.70
5648,토지,행정재산,서울특별시 용산구 청파동2가 90-34,,도로,30.10
5649,토지,행정재산,서울특별시 용산구 청파동1가 58-2,,도로,56.20
5650,토지,행정재산,서울특별시 용산구 청파동1가 58-9,,도로,77.00
5651,토지,행정재산,서울특별시 용산구 청파동1가 58-13,,도로,166.60
5652,토지,행정재산,서울특별시 용산구 청파동2가 71-141,,도로,17.50
5653,토지,일반재산,서울특별시 용산구 청파동1가 89-178,,도로,47.50
5654,토지,행정재산,서울특별시 용산구 청파동2가 71-73,,도로,57.60
5655,토지,행정재산,서울특별시 용산구 청파동2가 71-54,,도로,9.90
5656,토지,행정재산,서울특별시 용산구 청파동2가 71-17,,도로,49.60
5657,토지,행정재산,서울특별시 용산구 청파동2가 71-13,,도로,119.00
5658,토지,행정재산,서울특별시 용산구 청파동1가 59-1,,도로,9.90
5659,토지,행정재산,서울특별시 용산구 청파동1가 64-1,,도로,31.40
5660,토지,행정재산,서울특별시 용산구 청파동1가 68-1,,도로,45.30
5661,토지,행정재산,서울특별시 용산구 청파동1가 89-72,,도로,"3,702.60"
5662,토지,행정재산,서울특별시 용산구 청파동3가 113-17,,도로,60.50
5663,토지,행정재산,서울특별시 용산구 청파동3가 113-16,,도로,6.00
5664,토지,행정재산,서울특별시 용산구 청파동1가 98-7,,도로,"1,123.00"
5665,토지,행정재산,서울특별시 용산구 서계동 293,,도로,121.00
5666,토지,행정재산,서울특별시 용산구 청파동2가 3-24,,도로,228.80
5667,토지,행정재산,서울특별시 용산구 서계동 297,,구거,"1,256.00"
5668,토지,행정재산,서울특별시 용산구 서계동 299,,도로,418.00
5669,토지,행정재산,서울특별시 용산구 청파동2가 8-9,,도로,660.50
5670,토지,행정재산,서울특별시 용산구 청파동1가 1-75,,도로,"5,471.10"
5671,토지,행정재산,서울특별시 용산구 청파동1가 97-46,,도로,"1,821.50"
5672,토지,행정재산,서울특별시 용산구 청파동2가 10-19,,도로,"2,082.60"
5673,토지,행정재산,서울특별시 용산구 청파동1가 1-148,,도로,46.30
5674,토지,행정재산,서울특별시 용산구 청파동1가 1-166,,도로,44.00
5675,토지,행정재산,서울특별시 용산구 청파동1가 1-167,,도로,16.50
5676,토지,행정재산,서울특별시 용산구 청파동2가 10-60,,도로,56.50
5677,토지,행정재산,서울특별시 용산구 청파동3가 108-9,,도로,23.10
5678,토지,행정재산,서울특별시 용산구 청파동3가 108-40,,도로,21.20
5679,토지,행정재산,서울특별시 용산구 청파동1가 3-16,,도로,598.30
5680,토지,행정재산,서울특별시 용산구 청파동2가 10-84,,도로,13.90
5681,토지,행정재산,서울특별시 용산구 청파동1가 93-21,,도로,370.90
5682,토지,행정재산,서울특별시 용산구 청파동2가 134-3,,도로,477.50
5683,토지,행정재산,서울특별시 용산구 청파동1가 3-61,,도로,154.40
5684,토지,행정재산,서울특별시 용산구 청파동2가 133-2,,도로,7.30
5685,토지,행정재산,서울특별시 용산구 청파동2가 133-1,,도로,67.60
5686,토지,행정재산,서울특별시 용산구 청파동1가 5-2,,도로,29.80
5687,토지,행정재산,서울특별시 용산구 청파동3가 111-50,,도로,5.30
5688,토지,행정재산,서울특별시 용산구 서계동 270,,도로,"1,122.50"
5689,건물,행정재산,서울특별시 용산구 용산동6가 168-6,서울특별시 용산구 서빙고로 137 (용산동6가),,"9,196.95"
5690,건물,행정재산,서울특별시 용산구 용산동6가 168-6,서울특별시 용산구 서빙고로 137 (용산동6가),,"9,196.95"
5691,건물,행정재산,서울특별시 용산구 용산동6가 168-6,서울특별시 용산구 서빙고로 137 (용산동6가),,"9,196.95"
5692,토지,행정재산,서울특별시 용산구 후암동 30-183,,대,"2,346.30"
5693,토지,행정재산,서울특별시 용산구 후암동 30-80,,대,"4,128.00"
5694,건물,행정재산,서울특별시 용산구 용산동6가 168-6,서울특별시 용산구 서빙고로 137 (용산동6가),,"9,196.95"
5695,토지,일반재산,서울특별시 용산구 용산동6가 93-2,,잡종지,"4,040.00"
5696,토지,일반재산,서울특별시 용산구 용산동6가 68-42,,잡종지,79.00
5697,토지,일반재산,서울특별시 용산구 서빙고동 4-2,,도로,"10,943.00"
5698,토지,일반재산,서울특별시 용산구 용산동6가 68-6,,잡종지,62.00
5699,토지,일반재산,서울특별시 용산구 용산동6가 68-4,,잡종지,66.00
5700,토지,일반재산,서울특별시 용산구 용산동6가 68-2,,잡종지,"5,932.00"
5701,토지,일반재산,서울특별시 용산구 용산동4가 10-4,,대,"5,842.00"
5702,토지,일반재산,서울특별시 용산구 용산동4가 19-2,,대,"6,153.10"
5703,토지,일반재산,서울특별시 용산구 용산동4가 1-1,,도로,"11,643.00"
5704,토지,일반재산,서울특별시 용산구 한강로1가 1-2,,도로,"3,011.60"
5705,토지,일반재산,서울특별시 용산구 이태원동 225-231,,도로,17.00
5706,토지,일반재산,서울특별시 용산구 한강로3가 40-708,,대,"3,208.50"
5707,토지,일반재산,서울특별시 용산구 용산동2가 1-1511,,도로,52.60
5708,건물,일반재산,서울특별시 용산구 용산동2가 2,,,"1,471.53"
5709,건물,일반재산,서울특별시 용산구 용산동2가 2,,,"1,319.57"
5710,건물,일반재산,서울특별시 용산구 용산동2가 2,,,19.83
5711,토지,일반재산,서울특별시 용산구 용산동2가 2,,대,"19,235.50"
5712,토지,일반재산,서울특별시 용산구 용산동2가 2-12,,대,"3,671.10"
5713,건물,일반재산,서울특별시 용산구 용산동2가 2-15,,,24.00
5714,건물,일반재산,서울특별시 용산구 용산동2가 2-7,,,"6,375.56"
5715,건물,일반재산,서울특별시 용산구 용산동2가 2-7,,,"2,185.13"
5716,건물,일반재산,서울특별시 용산구 용산동2가 2-7,,,"1,542.35"
5717,건물,일반재산,서울특별시 용산구 용산동2가 2-7,,,727.27
5718,토지,일반재산,서울특별시 용산구 용산동2가 3-4,,대,"4,701.50"
5719,토지,일반재산,서울특별시 용산구 용산동2가 9-30,,대,25.40
5720,토지,일반재산,서울특별시 용산구 이태원동 261-26,,대,13.00
5721,토지,일반재산,서울특별시 용산구 동빙고동 294,,도로,102.00
5722,토지,일반재산,서울특별시 용산구 동빙고동 295-2,,도로,106.00
5723,토지,일반재산,서울특별시 용산구 동빙고동 295-3,,잡종지,179.00
5724,토지,일반재산,서울특별시 용산구 동빙고동 297-1,,도로,165.00
5725,토지,일반재산,서울특별시 용산구 동빙고동 298-4,,도로,13.00
5726,토지,일반재산,서울특별시 용산구 동빙고동 299-1,,도로,23.00
5727,토지,일반재산,서울특별시 용산구 동빙고동 300-1,,도로,99.00
5728,토지,일반재산,서울특별시 용산구 동빙고동 301-2,,도로,198.00
5729,토지,일반재산,서울특별시 용산구 동빙고동 302-2,,도로,"1,164.00"
5730,토지,일반재산,서울특별시 용산구 동빙고동 304-2,,도로,83.00
5731,토지,일반재산,서울특별시 용산구 동빙고동 306-2,,도로,926.00
5732,토지,일반재산,서울특별시 용산구 동빙고동 7-26,,대,"1,498.00"
5733,토지,일반재산,서울특별시 용산구 동빙고동 7-29,,대,397.00
5734,토지,일반재산,서울특별시 용산구 서빙고동 235-115,,도로,173.00
5735,토지,일반재산,서울특별시 용산구 서빙고동 235-143,,잡종지,103.00
5736,토지,일반재산,서울특별시 용산구 서빙고동 235-62,,잡종지,99.00
5737,토지,일반재산,서울특별시 용산구 서빙고동 283-1,,잡종지,440.00
5738,토지,일반재산,서울특별시 용산구 용산동1가 8-4,,도로,"6,232.40"
5739,토지,일반재산,서울특별시 용산구 용산동2가 1-133,,대,2.60
5740,토지,일반재산,서울특별시 용산구 용산동3가 1-4,,대,92.60
5741,토지,일반재산,서울특별시 용산구 용산동3가 1-5,,도로,350.40
5742,토지,일반재산,서울특별시 용산구 용산동3가 1-6,,도로,697.50
5743,토지,일반재산,서울특별시 용산구 용산동3가 1-7,,도로,"5,319.00"
5744,토지,일반재산,서울특별시 용산구 용산동3가 1-96,,대,873.40
5745,토지,일반재산,서울특별시 용산구 용산동5가 17-2,,도로,"4,532.60"
5746,토지,일반재산,서울특별시 용산구 용산동5가 19-1,,도로,"2,921.80"
5747,토지,일반재산,서울특별시 용산구 용산동5가 19-18,,대,4.50
5748,토지,일반재산,서울특별시 용산구 용산동5가 19-391,,도로,651.20
5749,토지,일반재산,서울특별시 용산구 용산동6가 1-2,,하천,129.00
5750,토지,일반재산,서울특별시 용산구 용산동6가 11-371,,도로,"3,830.40"
5751,토지,일반재산,서울특별시 용산구 용산동6가 11-429,,대,127.00
5752,토지,일반재산,서울특별시 용산구 용산동6가 14-1,,잡종지,383.00
5753,토지,일반재산,서울특별시 용산구 용산동6가 14-2,,하천,387.00
5754,토지,일반재산,서울특별시 용산구 용산동6가 14-6,,잡종지,16.00
5755,토지,일반재산,서울특별시 용산구 용산동6가 15-1,,하천,26.00
5756,토지,일반재산,서울특별시 용산구 용산동6가 2-1,,도로,7.00
5757,토지,일반재산,서울특별시 용산구 용산동6가 2-2,,하천,281.00
5758,토지,일반재산,서울특별시 용산구 용산동6가 412-2,,잡종지,"2,489.00"
5759,토지,일반재산,서울특별시 용산구 용산동6가 439-4,,구거,73.00
5760,토지,일반재산,서울특별시 용산구 용산동6가 444-2,,구거,73.00
5761,토지,일반재산,서울특별시 용산구 용산동6가 68-34,,도로,30.00
5762,토지,일반재산,서울특별시 용산구 용산동6가 68-52,,잡종지,13.00
5763,토지,일반재산,서울특별시 용산구 용산동6가 68-64,,도로,43.00
5764,토지,일반재산,서울특별시 용산구 용산동6가 68-65,,잡종지,122.00
5765,토지,일반재산,서울특별시 용산구 용산동6가 68-66,,도로,26.00
5766,토지,일반재산,서울특별시 용산구 용산동6가 68-69,,잡종지,764.00
5767,토지,일반재산,서울특별시 용산구 용산동6가 68-75,,잡종지,53.00
5768,토지,일반재산,서울특별시 용산구 용산동6가 68-78,,잡종지,10.00
5769,토지,일반재산,서울특별시 용산구 용산동6가 68-79,,잡종지,185.00
5770,토지,일반재산,서울특별시 용산구 용산동6가 68-82,,잡종지,23.00
5771,토지,일반재산,서울특별시 용산구 이태원동 34-126,,잡종지,"2,311.00"
5772,토지,일반재산,서울특별시 용산구 이태원동 34-2,,도로,"3,203.00"
5773,토지,일반재산,서울특별시 용산구 이태원동 34-45,,도로,33.00
5774,토지,일반재산,서울특별시 용산구 이태원동 34-46,,잡종지,76.00
5775,토지,일반재산,서울특별시 용산구 한남동 644-13,,전,13.00
5776,토지,일반재산,서울특별시 용산구 한남동 644-14,,전,20.00
5777,토지,일반재산,서울특별시 용산구 한남동 644-15,,전,36.00
5778,토지,일반재산,서울특별시 용산구 한남동 699-10,,전,106.00
5779,토지,일반재산,서울특별시 용산구 한남동 699-28,,대,14.00
5780,토지,일반재산,서울특별시 용산구 한남동 699-19,,대,1.00
5781,토지,일반재산,서울특별시 용산구 한남동 699-2,,대,15.00
5782,토지,일반재산,서울특별시 용산구 한남동 699-33,,구거,10.00
5783,토지,일반재산,서울특별시 용산구 한남동 699-4,,구거,288.00
5784,토지,일반재산,서울특별시 용산구 한남동 699-32,,구거,3.00
5785,토지,일반재산,서울특별시 용산구 한남동 699-35,,전,16.00
5786,토지,일반재산,서울특별시 용산구 한남동 699-5,,전,10.00
5787,토지,일반재산,서울특별시 용산구 한남동 699-34,,전,42.00
5788,토지,일반재산,서울특별시 용산구 한남동 699-36,,전,107.00
5789,토지,일반재산,서울특별시 용산구 한남동 704-1,,도로,23.00
5790,토지,일반재산,서울특별시 용산구 한남동 704-22,,도로,269.00
5791,토지,일반재산,서울특별시 용산구 한남동 704-23,,구거,198.00
5792,토지,일반재산,서울특별시 용산구 한남동 704-24,,구거,117.00
5793,토지,일반재산,서울특별시 용산구 한남동 704-25,,구거,32.00
5794,토지,일반재산,서울특별시 용산구 한남동 704-4,,구거,13.00
5795,토지,일반재산,서울특별시 용산구 한남동 704-6,,대,33.00
5796,토지,일반재산,서울특별시 용산구 한남동 705-1,,도로,"1,011.00"
5797,토지,일반재산,서울특별시 용산구 한남동 705-4,,구거,10.00
5798,토지,일반재산,서울특별시 용산구 한남동 706-2,,도로,393.00
5799,토지,일반재산,서울특별시 용산구 한남동 706-4,,구거,2.00
5800,토지,일반재산,서울특별시 용산구 한남동 707-2,,도로,850.00
5801,토지,일반재산,서울특별시 용산구 한남동 707-3,,구거,7.00
5802,토지,일반재산,서울특별시 용산구 한남동 710-2,,도로,777.00
5803,토지,일반재산,서울특별시 용산구 한남동 710-5,,구거,50.00
5804,토지,일반재산,서울특별시 용산구 한남동 716-4,,도로,20.00
5805,토지,일반재산,서울특별시 용산구 한남동 717-2,,도로,"2,681.00"
5806,토지,일반재산,서울특별시 용산구 한남동 717-8,,구거,218.00
5807,토지,일반재산,서울특별시 용산구 한남동 717-9,,구거,26.00
5808,토지,일반재산,서울특별시 용산구 한남동 718-1,,도로,16.00
5809,토지,일반재산,서울특별시 용산구 한남동 718-2,,구거,136.00
5810,토지,일반재산,서울특별시 용산구 한남동 718-5,,전,4.00
5811,토지,일반재산,서울특별시 용산구 한남동 719-4,,도로,860.00
5812,토지,일반재산,서울특별시 용산구 한남동 719-7,,도로,20.00
5813,토지,일반재산,서울특별시 용산구 한남동 719-8,,구거,45.00
5814,토지,일반재산,서울특별시 용산구 한남동 721-1,,도로,559.00
5815,토지,일반재산,서울특별시 용산구 한남동 721-2,,구거,118.00
5816,토지,일반재산,서울특별시 용산구 한남동 721-3,,전,63.00
5817,토지,일반재산,서울특별시 용산구 한남동 721-4,,전,11.00
5818,토지,일반재산,서울특별시 용산구 한남동 721-8,,구거,173.00
5819,토지,일반재산,서울특별시 용산구 한남동 722-2,,전,2.00
5820,토지,일반재산,서울특별시 용산구 한남동 722-34,,구거,3.00
5821,토지,일반재산,서울특별시 용산구 한남동 722-36,,도로,601.18
5822,토지,일반재산,서울특별시 용산구 한남동 722-4,,구거,23.00
5823,토지,일반재산,서울특별시 용산구 한남동 731-23,,전,16.00
5824,토지,일반재산,서울특별시 용산구 한남동 731-26,,전,58.00
5825,토지,일반재산,서울특별시 용산구 한남동 731-31,,구거,2.00
5826,토지,일반재산,서울특별시 용산구 한남동 731-32,,전,12.00
5827,토지,일반재산,서울특별시 용산구 한남동 731-34,,구거,5.00
5828,토지,일반재산,서울특별시 용산구 한남동 731-6,,구거,25.00
5829,토지,일반재산,서울특별시 용산구 한남동 731-7,,전,10.00
5830,토지,일반재산,서울특별시 용산구 한남동 731-35,,구거,17.00
5831,토지,일반재산,서울특별시 용산구 한남동 731-8,,구거,93.00
5832,토지,일반재산,서울특별시 용산구 한남동 731-9,,전,7.00
5833,토지,일반재산,서울특별시 용산구 용산동6가 68-28,,잡종지,86.00
5834,건물,일반재산,서울특별시 용산구 용산동2가 2-15,,,"11,572.00"
5835,토지,일반재산,서울특별시 용산구 용산동2가 1-134,,대,16.50
5836,토지,일반재산,서울특별시 용산구 한남동 704-21,,구거,542.00
5837,토지,일반재산,서울특별시 용산구 한남동 719-14,,구거,253.00
5838,건물,일반재산,서울특별시 용산구 한강로3가 99,서울특별시 용산구 한강대로23길 25 (한강로3가),,"40,265.72"
5839,건물,행정재산,서울특별시 용산구 용산동6가 22-1,,,345.51
5840,건물,행정재산,서울특별시 용산구 용산동6가 22-1,,,36.45
5841,토지,일반재산,서울특별시 용산구 동빙고동 1-126,,잡종지,243.00
5842,건물,일반재산,서울특별시 용산구 한강로2가 114-7,,,32.30
5843,토지,행정재산,서울특별시 용산구 한강로3가 40-996,,철도용지,12.20
5844,토지,행정재산,서울특별시 용산구 청파동2가 120-53,,대,26.10
5845,토지,행정재산,서울특별시 용산구 청파동2가 120-27,,대,19.20
5846,토지,행정재산,서울특별시 용산구 청파동2가 120-26,,대,92.60
5847,토지,행정재산,서울특별시 용산구 청파동2가 120-47,,대,92.90
5848,토지,행정재산,서울특별시 용산구 청파동2가 120-18,,대,4.30
5849,토지,행정재산,서울특별시 용산구 청파동2가 120-23,,대,25.80
5850,토지,행정재산,서울특별시 용산구 청파동2가 120-49,,대,6.00
5851,토지,행정재산,서울특별시 용산구 청파동2가 120-19,,대,8.30
5852,토지,행정재산,서울특별시 용산구 청파동2가 120-51,,대,16.50
5853,토지,행정재산,서울특별시 용산구 청파동2가 120-15,,대,6.00
5854,토지,행정재산,서울특별시 용산구 청파동2가 120-14,,대,37.00
5855,토지,행정재산,서울특별시 용산구 청파동2가 120-11,,대,9.60
5856,토지,행정재산,서울특별시 용산구 청파동2가 120-10,,대,34.40
5857,토지,행정재산,서울특별시 용산구 청파동2가 120-9,,대,46.00
5858,토지,행정재산,서울특별시 용산구 청파동2가 120-8,,대,54.50
5859,토지,행정재산,서울특별시 용산구 청파동2가 120-52,,대,38.30
5860,토지,행정재산,서울특별시 용산구 용문동 5-59,,대,122.30
5861,토지,행정재산,서울특별시 용산구 갈월동 44-31,,철도용지,51.90
5862,건물,행정재산,서울특별시 용산구 한강로3가 40-1007,서울특별시 용산구 한강대로7길 9-28 (한강로3가),,"1,840.81"
5863,건물,행정재산,서울특별시 용산구 한강로3가 40-1007,서울특별시 용산구 한강대로7길 9-28 (한강로3가),,442.14
5864,건물,행정재산,서울특별시 용산구 한강로3가 40-1007,서울특별시 용산구 한강대로7길 9-28 (한강로3가),,254.44
5865,토지,일반재산,서울특별시 용산구 용산동2가 7-116,,대,"7,903.50"
5866,토지,일반재산,서울특별시 용산구 용산동2가 5-2171,,대,16.50
5867,토지,일반재산,서울특별시 용산구 용산동6가 68-80,,잡종지,"1,119.00"
5868,토지,일반재산,서울특별시 용산구 용산동6가 68-81,,잡종지,61.00
5869,토지,일반재산,서울특별시 용산구 용산동6가 68-83,,잡종지,38.00
5870,토지,일반재산,서울특별시 용산구 용산동6가 68-85,,잡종지,43.00
5871,건물,행정재산,서울특별시 용산구 한강로3가 65-342,서울특별시 용산구 서빙고로24길 15 (한강로3가),,"3,469.91"
5872,토지,행정재산,서울특별시 용산구 한강로3가 65-342,,대,"5,527.30"
5873,건물,일반재산,서울특별시 용산구 용산동3가 1,,,"2,481.10"
5874,건물,행정재산,서울특별시 용산구 한강로2가 1,,,"7,973.98"
5875,토지,일반재산,서울특별시 용산구 원효로1가 17-196,,대,12.90
5876,토지,일반재산,서울특별시 용산구 원효로2가 96-23,,도로,14.00
5877,건물,행정재산,서울특별시 용산구 용산동6가 168-6,,,70.08
5878,건물,행정재산,서울특별시 용산구 용산동6가 168-6,서울특별시 용산구 서빙고로 137 (용산동6가),,"9,196.95"
5879,토지,일반재산,서울특별시 용산구 이태원동 276-23,,도로,45.00
5880,건물,행정재산,서울특별시 용산구 용산동6가 168-6,서울특별시 용산구 서빙고로 137 (용산동6가),,"9,196.95"
5881,토지,일반재산,서울특별시 용산구 청암동 116-4,,대,4.40
5882,토지,일반재산,서울특별시 용산구 원효로1가 43-8,,잡종지,3.81
5883,토지,일반재산,서울특별시 용산구 청암동 115-4,,대,44.40
5884,토지,일반재산,서울특별시 용산구 청암동 80-5,,대,0.10
5885,건물,일반재산,서울특별시 용산구 한강로2가 16-1,,,262.53
5886,건물,행정재산,서울특별시 용산구 용산동6가 168-6,서울특별시 용산구 서빙고로 137 (용산동6가),,"9,196.95"
5887,건물,행정재산,서울특별시 용산구 용산동6가 168-6,서울특별시 용산구 서빙고로 137 (용산동6가),,"9,196.95"
5888,건물,행정재산,서울특별시 용산구 용산동6가 168-6,,,53.14
5889,토지,행정재산,서울특별시 용산구 후암동 192-24,,도로,97.30
5890,토지,행정재산,서울특별시 용산구 원효로4가 113-75,,제방,39.80
5891,토지,행정재산,서울특별시 용산구 효창동 73-3,,도로,11.90
5892,토지,행정재산,서울특별시 용산구 효창동 191-1,,도로,13.20
5893,토지,행정재산,서울특별시 용산구 용문동 8-203,,도로,18.80
5894,토지,행정재산,서울특별시 용산구 원효로3가 43-2,,도로,9.90
5895,토지,행정재산,서울특별시 용산구 효창동 180-4,,도로,6.90
5896,토지,행정재산,서울특별시 용산구 효창동 5-698,,도로,69.90
5897,토지,행정재산,서울특별시 용산구 효창동 166-10,,도로,17.80
5898,토지,행정재산,서울특별시 용산구 효창동 5-416,,도로,2.80
5899,토지,행정재산,서울특별시 용산구 원효로3가 280-2,,도로,39.70
5900,토지,행정재산,서울특별시 용산구 효창동 166-9,,도로,29.40
5901,토지,행정재산,서울특별시 용산구 보광동 257-5,,도로,165.00
5902,토지,행정재산,서울특별시 용산구 갈월동 89-1,,도로,97.90
5903,토지,행정재산,서울특별시 용산구 동자동 14-52,,도로,"2,434.50"
5904,토지,행정재산,서울특별시 용산구 갈월동 101-23,,도로,244.90
5905,토지,행정재산,서울특별시 용산구 갈월동 101-12,,도로,62.80
5906,토지,행정재산,서울특별시 용산구 동자동 14-149,,도로,57.20
5907,토지,행정재산,서울특별시 용산구 동자동 14-140,,도로,33.00
5908,토지,행정재산,서울특별시 용산구 갈월동 69-29,,도로,424.70
5909,토지,행정재산,서울특별시 용산구 갈월동 8-16,,도로,16.50
5910,토지,행정재산,서울특별시 용산구 갈월동 93-48,,도로,222.40
5911,토지,행정재산,서울특별시 용산구 갈월동 69-62,,도로,575.50
5912,토지,행정재산,서울특별시 용산구 동자동 14-114,,도로,73.50
5913,토지,행정재산,서울특별시 용산구 서계동 217-19,,도로,81.00
5914,토지,행정재산,서울특별시 용산구 갈월동 93-59,,도로,29.80
5915,토지,행정재산,서울특별시 용산구 서계동 217-37,,도로,4.60
5916,토지,행정재산,서울특별시 용산구 갈월동 63-3,,도로,4.60
5917,토지,행정재산,서울특별시 용산구 서빙고동 243-2,,대,40.00
5918,토지,행정재산,서울특별시 용산구 서빙고동 243-1,,대,241.00
5919,토지,행정재산,서울특별시 용산구 서빙고동 235-7,,도로,"1,071.00"
5920,토지,행정재산,서울특별시 용산구 한남동 726-260,,도로,426.00
5921,토지,행정재산,서울특별시 용산구 동빙고동 1-5,,도로,119.00
5922,토지,행정재산,서울특별시 용산구 원효로1가 28-54,,도로,17.20
5923,토지,행정재산,서울특별시 용산구 원효로1가 23-19,,도로,33.90
5924,토지,행정재산,서울특별시 용산구 원효로1가 23-47,,도로,20.50
5925,토지,행정재산,서울특별시 용산구 원효로2가 1-43,,도로,4.00
5926,토지,행정재산,서울특별시 용산구 한남동 5-15,,도로,8.00
5927,토지,행정재산,서울특별시 용산구 이태원동 22-24,,도로,61.00
5928,토지,행정재산,서울특별시 용산구 이태원동 177-2,,도로,40.00
5929,토지,행정재산,서울특별시 용산구 신계동 36-23,,도로,8.30
5930,토지,행정재산,서울특별시 용산구 한강로1가 26-7,,공원,183.20
5931,토지,행정재산,서울특별시 용산구 한강로1가 26-8,,공원,103.80
5932,토지,행정재산,서울특별시 용산구 한강로1가 26-9,,도로,135.30
5933,토지,행정재산,서울특별시 용산구 한강로1가 31-3,,도로,54.90
5934,토지,행정재산,서울특별시 용산구 한강로2가 252-2,,도로,79.30
5935,토지,행정재산,서울특별시 용산구 신계동 36-36,,도로,3.50
5936,토지,행정재산,서울특별시 용산구 한강로2가 245-6,,도로,2.60
5937,토지,행정재산,서울특별시 용산구 한강로2가 245-5,,도로,2.30
5938,토지,행정재산,서울특별시 용산구 한강로2가 245-3,,도로,64.80
5939,토지,행정재산,서울특별시 용산구 한강로2가 15-41,,하천,19.80
5940,토지,행정재산,서울특별시 용산구 용산동2가 7-78,,도로,7.90
5941,토지,행정재산,서울특별시 용산구 후암동 448-91,,도로,231.30
5942,토지,행정재산,서울특별시 용산구 갈월동 4-3,,도로,10.60
5943,토지,행정재산,서울특별시 용산구 용산동2가 5-99,,도로,60.50
5944,토지,행정재산,서울특별시 용산구 용산동2가 1-1175,,도로,28.80
5945,토지,행정재산,서울특별시 용산구 용산동2가 5-100,,도로,137.80
5946,토지,행정재산,서울특별시 용산구 용산동2가 1-1176,,도로,152.40
5947,토지,행정재산,서울특별시 용산구 한강로2가 410,,도로,586.00
5948,토지,행정재산,서울특별시 용산구 한강로3가 40-587,,도로,203.30
5949,토지,행정재산,서울특별시 용산구 한강로2가 352-2,,도로,263.50
5950,토지,행정재산,서울특별시 용산구 한강로2가 329-4,,도로,14.20
5951,토지,행정재산,서울특별시 용산구 한강로2가 312-3,,도로,485.60
5952,토지,행정재산,서울특별시 용산구 한강로3가 65-267,,도로,94.60
5953,토지,행정재산,서울특별시 용산구 한강로2가 355-4,,도로,165.00
5954,토지,행정재산,서울특별시 용산구 한강로3가 3-2,,하천,477.40
5955,토지,행정재산,서울특별시 용산구 한강로2가 356-4,,도로,5.00
5956,토지,행정재산,서울특별시 용산구 한강로3가 65-248,,도로,71.70
5957,건물,행정재산,서울특별시 용산구 용산동6가 168-6,서울특별시 용산구 서빙고로 137 (용산동6가),,"9,196.95"
5958,건물,행정재산,서울특별시 용산구 용산동6가 168-6,서울특별시 용산구 서빙고로 137 (용산동6가),,"9,196.95"
5959,토지,행정재산,서울특별시 용산구 효창동 5-544,,철도용지,1.30
5960,토지,행정재산,서울특별시 용산구 효창동 5-528,,철도용지,3.00
5961,토지,행정재산,서울특별시 용산구 청파동2가 120-45,,철도용지,51.60
5962,토지,행정재산,서울특별시 용산구 용산동6가 69-92,,대,46.00
5963,토지,행정재산,서울특별시 용산구 서빙고동 191-2,,대,69.00
5964,토지,행정재산,서울특별시 용산구 서빙고동 188-2,,대,63.00
5965,토지,행정재산,서울특별시 용산구 한강로3가 72-5,,철도용지,184.50
5966,토지,행정재산,서울특별시 용산구 한강로3가 72-3,,철도용지,51.20
5967,토지,행정재산,서울특별시 용산구 한강로3가 72-1,,철도용지,277.10
5968,토지,행정재산,서울특별시 용산구 한강로3가 69-3,,철도용지,0.30
5969,토지,행정재산,서울특별시 용산구 한강로3가 67-4,,철도용지,1.60
5970,토지,행정재산,서울특별시 용산구 한강로3가 67-2,,철도용지,357.70
5971,토지,행정재산,서울특별시 용산구 한강로3가 69-1,,철도용지,2.50
5972,토지,행정재산,서울특별시 용산구 한강로3가 68,,철도용지,211.60
5973,토지,행정재산,서울특별시 용산구 한강로3가 72-6,,철도용지,54.80
5974,토지,행정재산,서울특별시 용산구 한강로3가 75-1,,철도용지,13.20
5975,토지,행정재산,서울특별시 용산구 한강로3가 67-1,,철도용지,116.40
5976,토지,행정재산,서울특별시 용산구 원효로2가 1-73,,철도용지,"2,251.60"
5977,토지,행정재산,서울특별시 용산구 용문동 5-261,,대,24.00
5978,토지,행정재산,서울특별시 용산구 용문동 5-260,,대,12.70
5979,토지,행정재산,서울특별시 용산구 용문동 5-149,,철도용지,37.40
5980,토지,행정재산,서울특별시 용산구 용문동 5-150,,철도용지,22.10
5981,토지,행정재산,서울특별시 용산구 용문동 5-151,,철도용지,50.60
5982,토지,행정재산,서울특별시 용산구 용문동 5-152,,철도용지,42.00
5983,토지,행정재산,서울특별시 용산구 용문동 5-153,,철도용지,65.10
5984,토지,행정재산,서울특별시 용산구 용문동 5-154,,철도용지,53.90
5985,토지,행정재산,서울특별시 용산구 용문동 5-155,,철도용지,45.30
5986,토지,행정재산,서울특별시 용산구 용문동 5-156,,철도용지,48.60
5987,토지,행정재산,서울특별시 용산구 용문동 5-157,,철도용지,67.10
5988,토지,행정재산,서울특별시 용산구 용문동 5-158,,철도용지,48.60
5989,토지,행정재산,서울특별시 용산구 용문동 5-159,,철도용지,48.60
5990,토지,행정재산,서울특별시 용산구 용문동 5-160,,철도용지,44.00
5991,토지,행정재산,서울특별시 용산구 용문동 5-161,,철도용지,40.70
5992,토지,행정재산,서울특별시 용산구 용문동 5-162,,철도용지,18.80
5993,토지,행정재산,서울특별시 용산구 용문동 5-163,,철도용지,28.80
5994,토지,행정재산,서울특별시 용산구 용문동 5-164,,철도용지,42.00
5995,토지,행정재산,서울특별시 용산구 용문동 5-165,,철도용지,32.10
5996,토지,행정재산,서울특별시 용산구 용문동 5-166,,철도용지,40.70
5997,토지,행정재산,서울특별시 용산구 용문동 5-167,,철도용지,53.90
5998,토지,행정재산,서울특별시 용산구 용문동 5-168,,철도용지,25.40
5999,토지,행정재산,서울특별시 용산구 용문동 5-169,,철도용지,34.00
6000,토지,행정재산,서울특별시 용산구 용문동 5-148,,철도용지,9.60
6001,토지,행정재산,서울특별시 용산구 용문동 5-147,,철도용지,18.80
6002,토지,행정재산,서울특별시 용산구 용문동 5-146,,철도용지,27.40
6003,토지,행정재산,서울특별시 용산구 도원동 1-59,,철도용지,"5,350.90"
6004,토지,행정재산,서울특별시 용산구 도원동 1-118,,철도용지,619.30
6005,토지,행정재산,서울특별시 용산구 도원동 1-119,,철도용지,355.70
6006,토지,행정재산,서울특별시 용산구 도원동 1-124,,철도용지,1.60
6007,토지,행정재산,서울특별시 용산구 용문동 5-1,,대,71.10
6008,토지,행정재산,서울특별시 용산구 용문동 5-64,,대,45.10
6009,토지,행정재산,서울특별시 용산구 용문동 5-66,,대,50.60
6010,토지,행정재산,서울특별시 용산구 용문동 5-67,,대,39.00
6011,토지,행정재산,서울특별시 용산구 용문동 5-68,,대,51.80
6012,토지,행정재산,서울특별시 용산구 용문동 5-69,,대,103.00
6013,토지,행정재산,서울특별시 용산구 용문동 5-133,,철도용지,"11,310.70"
6014,토지,행정재산,서울특별시 용산구 용문동 5-136,,철도용지,18.80
6015,토지,행정재산,서울특별시 용산구 용문동 5-137,,철도용지,45.30
6016,토지,행정재산,서울특별시 용산구 용문동 5-138,,철도용지,37.40
6017,토지,행정재산,서울특별시 용산구 용문동 5-139,,철도용지,51.90
6018,토지,행정재산,서울특별시 용산구 용문동 5-140,,철도용지,58.50
6019,토지,행정재산,서울특별시 용산구 용문동 5-141,,철도용지,61.80
6020,토지,행정재산,서울특별시 용산구 용문동 5-142,,철도용지,51.90
6021,토지,행정재산,서울특별시 용산구 용문동 5-143,,철도용지,37.40
6022,토지,행정재산,서울특별시 용산구 용문동 5-144,,철도용지,25.40
6023,토지,행정재산,서울특별시 용산구 용문동 5-145,,철도용지,32.10
6024,토지,행정재산,서울특별시 용산구 용문동 5-170,,철도용지,38.70
6025,토지,행정재산,서울특별시 용산구 용문동 5-171,,철도용지,51.90
6026,토지,행정재산,서울특별시 용산구 용문동 5-201,,철도용지,25.40
6027,토지,행정재산,서울특별시 용산구 용문동 5-202,,철도용지,37.40
6028,토지,행정재산,서울특별시 용산구 용문동 5-203,,철도용지,8.60
6029,토지,행정재산,서울특별시 용산구 용문동 5-204,,철도용지,27.40
6030,토지,행정재산,서울특별시 용산구 용문동 5-205,,철도용지,68.40
6031,토지,행정재산,서울특별시 용산구 용문동 5-206,,철도용지,38.70
6032,토지,행정재산,서울특별시 용산구 용문동 5-207,,철도용지,34.00
6033,토지,행정재산,서울특별시 용산구 용문동 5-208,,철도용지,20.80
6034,토지,행정재산,서울특별시 용산구 용문동 5-209,,철도용지,42.00
6035,토지,행정재산,서울특별시 용산구 용문동 5-210,,철도용지,37.40
6036,토지,행정재산,서울특별시 용산구 용문동 5-211,,철도용지,7.30
6037,토지,행정재산,서울특별시 용산구 용문동 5-212,,철도용지,20.80
6038,토지,행정재산,서울특별시 용산구 용문동 5-213,,철도용지,34.00
6039,토지,행정재산,서울특별시 용산구 용문동 5-214,,철도용지,25.40
6040,토지,행정재산,서울특별시 용산구 용문동 5-215,,철도용지,27.70
6041,토지,행정재산,서울특별시 용산구 용문동 5-216,,철도용지,1.00
6042,토지,행정재산,서울특별시 용산구 용문동 5-219,,대,15.50
6043,토지,행정재산,서울특별시 용산구 용문동 5-220,,철도용지,0.60
6044,토지,행정재산,서울특별시 용산구 용문동 5-257,,대,37.00
6045,토지,행정재산,서울특별시 용산구 용문동 5-258,,대,38.00
6046,토지,행정재산,서울특별시 용산구 용문동 5-259,,대,12.80
6047,토지,행정재산,서울특별시 용산구 용문동 5-200,,철도용지,24.10
6048,토지,행정재산,서울특별시 용산구 용문동 5-199,,철도용지,32.10
6049,토지,행정재산,서울특별시 용산구 용문동 5-198,,철도용지,47.30
6050,토지,행정재산,서울특별시 용산구 용문동 5-172,,철도용지,70.40
6051,토지,행정재산,서울특별시 용산구 용문동 5-173,,철도용지,27.40
6052,토지,행정재산,서울특별시 용산구 용문동 5-174,,철도용지,275.40
6053,토지,행정재산,서울특별시 용산구 용문동 5-175,,철도용지,3.30
6054,토지,행정재산,서울특별시 용산구 용문동 5-176,,철도용지,12.60
6055,토지,행정재산,서울특별시 용산구 용문동 5-177,,철도용지,18.80
6056,토지,행정재산,서울특별시 용산구 용문동 5-178,,철도용지,60.50
6057,토지,행정재산,서울특별시 용산구 용문동 5-179,,철도용지,37.40
6058,토지,행정재산,서울특별시 용산구 용문동 5-185,,철도용지,32.10
6059,토지,행정재산,서울특별시 용산구 용문동 5-186,,철도용지,34.00
6060,토지,행정재산,서울특별시 용산구 용문동 5-187,,철도용지,40.70
6061,토지,행정재산,서울특별시 용산구 용문동 5-188,,철도용지,34.00
6062,토지,행정재산,서울특별시 용산구 용문동 5-189,,철도용지,32.10
6063,토지,행정재산,서울특별시 용산구 용문동 5-190,,철도용지,37.40
6064,토지,행정재산,서울특별시 용산구 용문동 5-191,,철도용지,50.60
6065,토지,행정재산,서울특별시 용산구 용문동 5-192,,철도용지,40.70
6066,토지,행정재산,서울특별시 용산구 용문동 5-193,,철도용지,47.30
6067,토지,행정재산,서울특별시 용산구 용문동 5-194,,철도용지,35.40
6068,토지,행정재산,서울특별시 용산구 용문동 5-195,,철도용지,32.10
6069,토지,행정재산,서울특별시 용산구 용문동 5-196,,철도용지,37.40
6070,토지,행정재산,서울특별시 용산구 용문동 5-197,,철도용지,48.60
6071,토지,행정재산,서울특별시 용산구 용문동 5-65,,대,64.30
6072,토지,행정재산,서울특별시 용산구 한강로3가 40-824,,철도용지,6.90
6073,토지,행정재산,서울특별시 용산구 한강로3가 40-825,,철도용지,10.20
6074,토지,행정재산,서울특별시 용산구 한강로3가 40-822,,철도용지,8.90
6075,토지,행정재산,서울특별시 용산구 한강로3가 40-826,,철도용지,0.70
6076,토지,행정재산,서울특별시 용산구 한강로3가 40-851,,철도용지,27.40
6077,토지,행정재산,서울특별시 용산구 한강로3가 40-850,,철도용지,8.90
6078,토지,행정재산,서울특별시 용산구 한강로3가 40-849,,철도용지,9.90
6079,토지,행정재산,서울특별시 용산구 한강로3가 40-845,,철도용지,9.20
6080,토지,행정재산,서울특별시 용산구 한강로3가 40-844,,철도용지,9.00
6081,토지,행정재산,서울특별시 용산구 한강로3가 40-843,,철도용지,17.50
6082,토지,행정재산,서울특별시 용산구 한강로3가 40-841,,철도용지,17.50
6083,토지,행정재산,서울특별시 용산구 한강로3가 40-840,,철도용지,13.90
6084,토지,행정재산,서울특별시 용산구 한강로3가 65-439,,철도용지,95.50
6085,토지,행정재산,서울특별시 용산구 한강로3가 40-834,,철도용지,13.90
6086,토지,행정재산,서울특별시 용산구 한강로3가 40-833,,철도용지,17.80
6087,토지,행정재산,서울특별시 용산구 한강로3가 40-832,,철도용지,13.60
6088,토지,행정재산,서울특별시 용산구 한강로3가 40-831,,철도용지,6.90
6089,토지,행정재산,서울특별시 용산구 한강로3가 40-830,,철도용지,1.30
6090,토지,행정재산,서울특별시 용산구 한강로3가 40-829,,철도용지,1.00
6091,토지,행정재산,서울특별시 용산구 한강로3가 40-828,,철도용지,1.60
6092,토지,행정재산,서울특별시 용산구 한강로3가 40-827,,철도용지,1.60
6093,토지,행정재산,서울특별시 용산구 한강로3가 40-821,,철도용지,4.00
6094,토지,행정재산,서울특별시 용산구 한강로3가 40-820,,철도용지,24.10
6095,토지,행정재산,서울특별시 용산구 한강로3가 40-819,,철도용지,14.20
6096,토지,행정재산,서울특별시 용산구 한강로3가 40-791,,철도용지,65.10
6097,토지,행정재산,서울특별시 용산구 한강로3가 40-790,,철도용지,30.00
6098,토지,행정재산,서울특별시 용산구 한강로3가 40-789,,철도용지,7.80
6099,토지,행정재산,서울특별시 용산구 한강로3가 40-788,,철도용지,11.40
6100,토지,행정재산,서울특별시 용산구 한강로3가 40-787,,철도용지,38.30
6101,토지,행정재산,서울특별시 용산구 한강로3가 40-782,,철도용지,46.30
6102,토지,행정재산,서울특별시 용산구 한강로3가 40-776,,철도용지,28.80
6103,토지,행정재산,서울특별시 용산구 한강로3가 40-775,,철도용지,48.60
6104,토지,행정재산,서울특별시 용산구 한강로3가 40-774,,철도용지,47.30
6105,토지,행정재산,서울특별시 용산구 한강로3가 40-773,,철도용지,45.30
6106,토지,행정재산,서울특별시 용산구 한강로3가 40-772,,철도용지,60.50
6107,토지,행정재산,서울특별시 용산구 한강로3가 40-771,,철도용지,66.10
6108,토지,행정재산,서울특별시 용산구 한강로3가 40-770,,철도용지,132.20
6109,토지,행정재산,서울특별시 용산구 한강로3가 40-769,,철도용지,65.10
6110,토지,행정재산,서울특별시 용산구 한강로3가 40-767,,철도용지,2.60
6111,토지,행정재산,서울특별시 용산구 한강로3가 40-766,,철도용지,6.60
6112,토지,행정재산,서울특별시 용산구 한강로3가 40-765,,철도용지,10.60
6113,토지,행정재산,서울특별시 용산구 한강로3가 40-764,,철도용지,15.90
6114,토지,행정재산,서울특별시 용산구 한강로3가 40-792,,철도용지,35.40
6115,토지,행정재산,서울특별시 용산구 한강로3가 40-794,,철도용지,10.90
6116,토지,행정재산,서울특별시 용산구 한강로3가 40-818,,철도용지,61.80
6117,토지,행정재산,서울특별시 용산구 한강로3가 40-817,,철도용지,14.20
6118,토지,행정재산,서울특별시 용산구 한강로3가 40-816,,철도용지,3.80
6119,토지,행정재산,서울특별시 용산구 한강로3가 40-814,,철도용지,6.00
6120,토지,행정재산,서울특별시 용산구 한강로3가 40-813,,철도용지,206.00
6121,토지,행정재산,서울특별시 용산구 한강로3가 40-812,,철도용지,138.80
6122,토지,행정재산,서울특별시 용산구 한강로3가 40-811,,철도용지,9.20
6123,토지,행정재산,서울특별시 용산구 한강로3가 40-806,,철도용지,12.20
6124,토지,행정재산,서울특별시 용산구 한강로3가 40-805,,철도용지,5.30
6125,토지,행정재산,서울특별시 용산구 한강로3가 40-804,,철도용지,36.40
6126,토지,행정재산,서울특별시 용산구 한강로3가 40-803,,철도용지,39.70
6127,토지,행정재산,서울특별시 용산구 한강로3가 40-802,,철도용지,20.80
6128,토지,행정재산,서울특별시 용산구 한강로3가 40-801,,철도용지,19.80
6129,토지,행정재산,서울특별시 용산구 한강로3가 40-800,,철도용지,45.30
6130,토지,행정재산,서울특별시 용산구 한강로3가 40-799,,철도용지,36.40
6131,토지,행정재산,서울특별시 용산구 한강로3가 40-798,,철도용지,34.00
6132,토지,행정재산,서울특별시 용산구 한강로3가 40-797,,철도용지,50.60
6133,토지,행정재산,서울특별시 용산구 한강로3가 40-796,,철도용지,27.40
6134,토지,행정재산,서울특별시 용산구 한강로3가 40-852,,철도용지,1.30
6135,토지,행정재산,서울특별시 용산구 한강로3가 40-853,,철도용지,5.00
6136,토지,행정재산,서울특별시 용산구 한강로3가 66-3,,철도용지,"2,090.60"
6137,토지,행정재산,서울특별시 용산구 한강로3가 66-4,,철도용지,"4,019.80"
6138,토지,행정재산,서울특별시 용산구 한강로3가 65-244,,대,1.60
6139,토지,행정재산,서울특별시 용산구 한강로3가 65-240,,대,18.40
6140,토지,행정재산,서울특별시 용산구 한강로3가 65-239,,도로,139.70
6141,토지,행정재산,서울특별시 용산구 한강로3가 65-238,,도로,91.60
6142,토지,행정재산,서울특별시 용산구 한강로3가 65-237,,대,92.20
6143,토지,행정재산,서울특별시 용산구 한강로3가 65-236,,도로,233.90
6144,토지,행정재산,서울특별시 용산구 한강로3가 65-206,,철도용지,651.30
6145,토지,행정재산,서울특별시 용산구 한강로3가 64,,도로,"11,307.40"
6146,토지,행정재산,서울특별시 용산구 한강로3가 40-1078,,철도용지,"11,003.30"
6147,토지,행정재산,서울특별시 용산구 한강로3가 40-1077,,철도용지,423.00
6148,토지,행정재산,서울특별시 용산구 한강로3가 40-1076,,철도용지,"23,323.00"
6149,토지,행정재산,서울특별시 용산구 한강로3가 40-1075,,철도용지,654.90
6150,토지,행정재산,서울특별시 용산구 한강로3가 40-1074,,철도용지,21.00
6151,토지,행정재산,서울특별시 용산구 한강로3가 40-1071,,도로,974.60
6152,토지,행정재산,서울특별시 용산구 한강로3가 40-1070,,철도용지,47.80
6153,토지,행정재산,서울특별시 용산구 한강로3가 40-1069,,철도용지,47.80
6154,토지,행정재산,서울특별시 용산구 한강로3가 40-1068,,철도용지,174.00
6155,토지,행정재산,서울특별시 용산구 한강로3가 66-2,,철도용지,"4,450.90"
6156,토지,행정재산,서울특별시 용산구 한강로3가 66-1,,철도용지,286.30
6157,토지,행정재산,서울특별시 용산구 한강로3가 65-438,,철도용지,255.20
6158,토지,행정재산,서울특별시 용산구 한강로3가 65-437,,철도용지,48.30
6159,토지,행정재산,서울특별시 용산구 한강로3가 65-440,,철도용지,28.80
6160,토지,행정재산,서울특별시 용산구 한강로3가 65-345,,도로,19.50
6161,토지,행정재산,서울특별시 용산구 한강로3가 65-455,,철도용지,"1,044.00"
6162,토지,행정재산,서울특별시 용산구 한강로3가 65-503,,철도용지,784.20
6163,토지,행정재산,서울특별시 용산구 한강로3가 65-510,,도로,149.80
6164,토지,행정재산,서울특별시 용산구 한강로3가 65-512,,도로,"2,318.90"
6165,토지,행정재산,서울특별시 용산구 한강로3가 65-528,,도로,40.00
6166,토지,일반재산,서울특별시 용산구 한강로3가 65-552,,철도용지,"19,161.60"
6167,토지,행정재산,서울특별시 용산구 한강로3가 65-565,,대,42.30
6168,토지,행정재산,서울특별시 용산구 한강로3가 65-566,,대,52.00
6169,토지,행정재산,서울특별시 용산구 한강로3가 65-574,,철도용지,207.80
6170,토지,행정재산,서울특별시 용산구 한강로3가 65-575,,철도용지,6.40
6171,토지,행정재산,서울특별시 용산구 한강로3가 65-576,,철도용지,10.60
6172,토지,행정재산,서울특별시 용산구 한강로3가 65-602,,철도용지,868.00
6173,토지,행정재산,서울특별시 용산구 한강로3가 65-603,,철도용지,954.40
6174,토지,행정재산,서울특별시 용산구 한강로3가 65-604,,철도용지,4.00
6175,토지,행정재산,서울특별시 용산구 한강로3가 65-605,,철도용지,"3,064.40"
6176,토지,행정재산,서울특별시 용산구 한강로3가 40-1067,,철도용지,278.40
6177,토지,행정재산,서울특별시 용산구 한강로3가 40-1066,,철도용지,490.90
6178,토지,행정재산,서울특별시 용산구 한강로3가 40-1065,,철도용지,278.40
6179,토지,행정재산,서울특별시 용산구 한강로3가 40-924,,철도용지,203.80
6180,토지,행정재산,서울특별시 용산구 한강로3가 40-923,,철도용지,28.00
6181,토지,행정재산,서울특별시 용산구 한강로3가 40-903,,철도용지,4.50
6182,토지,행정재산,서울특별시 용산구 한강로3가 40-902,,철도용지,25.70
6183,토지,행정재산,서울특별시 용산구 한강로3가 40-898,,철도용지,15.00
6184,토지,행정재산,서울특별시 용산구 한강로3가 40-897,,철도용지,107.00
6185,토지,행정재산,서울특별시 용산구 한강로3가 40-896,,철도용지,18.00
6186,토지,행정재산,서울특별시 용산구 한강로3가 40-873,,철도용지,28.80
6187,토지,행정재산,서울특별시 용산구 한강로3가 40-867,,철도용지,4.60
6188,토지,행정재산,서울특별시 용산구 한강로3가 40-866,,철도용지,34.00
6189,토지,행정재산,서울특별시 용산구 한강로3가 40-865,,철도용지,5.00
6190,토지,행정재산,서울특별시 용산구 한강로3가 40-864,,철도용지,3.30
6191,토지,행정재산,서울특별시 용산구 한강로3가 40-862,,철도용지,7.60
6192,토지,행정재산,서울특별시 용산구 한강로3가 40-861,,철도용지,39.00
6193,토지,행정재산,서울특별시 용산구 한강로3가 40-860,,철도용지,38.70
6194,토지,행정재산,서울특별시 용산구 한강로3가 40-858,,철도용지,2.30
6195,토지,행정재산,서울특별시 용산구 한강로3가 40-857,,철도용지,25.40
6196,토지,행정재산,서울특별시 용산구 한강로3가 40-855,,철도용지,30.70
6197,토지,행정재산,서울특별시 용산구 한강로3가 40-854,,철도용지,39.70
6198,토지,행정재산,서울특별시 용산구 한강로3가 40-930,,철도용지,18.60
6199,토지,행정재산,서울특별시 용산구 한강로3가 40-931,,철도용지,9.90
6200,토지,행정재산,서울특별시 용산구 한강로3가 40-1061,,철도용지,219.10
6201,토지,행정재산,서울특별시 용산구 한강로3가 40-1058,,철도용지,"2,399.70"
6202,토지,행정재산,서울특별시 용산구 한강로3가 40-1026,,철도용지,"8,759.20"
6203,토지,행정재산,서울특별시 용산구 한강로3가 40-1009,,철도용지,"1,913.50"
6204,토지,행정재산,서울특별시 용산구 한강로3가 40-1007,,철도용지,"57,208.30"
6205,토지,행정재산,서울특별시 용산구 한강로3가 40-1005,,철도용지,413.40
6206,토지,행정재산,서울특별시 용산구 한강로3가 40-1000,,철도용지,"1,113.20"
6207,토지,행정재산,서울특별시 용산구 한강로3가 40-999,,철도용지,"90,780.40"
6208,토지,행정재산,서울특별시 용산구 한강로3가 40-998,,철도용지,3.80
6209,토지,행정재산,서울특별시 용산구 한강로3가 40-985,,철도용지,15.40
6210,토지,행정재산,서울특별시 용산구 한강로3가 40-973,,철도용지,232.00
6211,토지,행정재산,서울특별시 용산구 한강로3가 40-964,,철도용지,651.60
6212,토지,행정재산,서울특별시 용산구 한강로3가 40-963,,철도용지,14.90
6213,토지,행정재산,서울특별시 용산구 한강로3가 40-960,,철도용지,5.20
6214,토지,행정재산,서울특별시 용산구 한강로3가 40-959,,철도용지,"1,867.20"
6215,토지,행정재산,서울특별시 용산구 한강로3가 40-938,,철도용지,0.20
6216,토지,행정재산,서울특별시 용산구 한강로3가 40-937,,철도용지,27.10
6217,토지,행정재산,서울특별시 용산구 한강로3가 40-936,,철도용지,23.10
6218,토지,행정재산,서울특별시 용산구 한강로3가 40-935,,철도용지,38.40
6219,토지,행정재산,서울특별시 용산구 한강로3가 40-763,,철도용지,35.70
6220,토지,행정재산,서울특별시 용산구 한강로3가 40-762,,철도용지,84.30
6221,토지,행정재산,서울특별시 용산구 한강로3가 40-99,,철도용지,9.20
6222,토지,행정재산,서울특별시 용산구 한강로3가 40-98,,철도용지,61.20
6223,토지,행정재산,서울특별시 용산구 한강로3가 40-92,,철도용지,594.00
6224,토지,행정재산,서울특별시 용산구 한강로3가 40-86,,철도용지,32.10
6225,토지,행정재산,서울특별시 용산구 한강로3가 40-85,,철도용지,25.00
6226,토지,행정재산,서울특별시 용산구 한강로3가 40-82,,철도용지,98.20
6227,토지,행정재산,서울특별시 용산구 한강로3가 40-66,,철도용지,14.20
6228,토지,행정재산,서울특별시 용산구 한강로3가 40-65,,철도용지,40.70
6229,토지,행정재산,서울특별시 용산구 한강로3가 40-64,,철도용지,17.50
6230,토지,행정재산,서울특별시 용산구 한강로3가 40-63,,철도용지,42.00
6231,토지,행정재산,서울특별시 용산구 한강로3가 40-62,,철도용지,44.60
6232,토지,행정재산,서울특별시 용산구 한강로3가 40-61,,철도용지,159.70
6233,토지,행정재산,서울특별시 용산구 한강로3가 40-60,,철도용지,19.50
6234,토지,행정재산,서울특별시 용산구 한강로3가 40-54,,철도용지,873.20
6235,토지,행정재산,서울특별시 용산구 한강로3가 40-53,,대,106.80
6236,토지,행정재산,서울특별시 용산구 한강로3가 40-52,,철도용지,33.70
6237,토지,행정재산,서울특별시 용산구 한강로3가 40-51,,철도용지,85.00
6238,토지,행정재산,서울특별시 용산구 한강로3가 40-50,,철도용지,78.30
6239,토지,행정재산,서울특별시 용산구 한강로3가 40-49,,철도용지,189.10
6240,토지,행정재산,서울특별시 용산구 한강로3가 40-47,,철도용지,28.10
6241,토지,행정재산,서울특별시 용산구 한강로3가 40-103,,철도용지,101.50
6242,토지,행정재산,서울특별시 용산구 한강로3가 40-105,,철도용지,162.00
6243,토지,행정재산,서울특별시 용산구 한강로3가 40-246,,철도용지,22.80
6244,토지,행정재산,서울특별시 용산구 한강로3가 40-245,,철도용지,20.20
6245,토지,행정재산,서울특별시 용산구 한강로3가 40-244,,철도용지,20.50
6246,토지,행정재산,서울특별시 용산구 한강로3가 40-243,,철도용지,22.10
6247,토지,행정재산,서울특별시 용산구 한강로3가 40-242,,철도용지,33.00
6248,토지,행정재산,서울특별시 용산구 한강로3가 40-241,,철도용지,39.70
6249,토지,행정재산,서울특별시 용산구 한강로3가 40-240,,철도용지,55.20
6250,토지,행정재산,서울특별시 용산구 한강로3가 40-239,,철도용지,14.20
6251,토지,행정재산,서울특별시 용산구 한강로3가 40-238,,철도용지,16.50
6252,토지,행정재산,서울특별시 용산구 한강로3가 40-237,,철도용지,38.70
6253,토지,행정재산,서울특별시 용산구 한강로3가 40-236,,철도용지,77.00
6254,토지,행정재산,서울특별시 용산구 한강로3가 40-234,,철도용지,95.90
6255,토지,행정재산,서울특별시 용산구 한강로3가 40-233,,철도용지,138.80
6256,토지,행정재산,서울특별시 용산구 한강로3가 40-232,,철도용지,76.00
6257,토지,행정재산,서울특별시 용산구 한강로3가 40-231,,철도용지,145.40
6258,토지,행정재산,서울특별시 용산구 한강로3가 40-230,,철도용지,53.90
6259,토지,행정재산,서울특별시 용산구 한강로3가 40-229,,철도용지,128.90
6260,토지,행정재산,서울특별시 용산구 한강로3가 40-228,,철도용지,99.20
6261,토지,행정재산,서울특별시 용산구 한강로3가 40-111,,철도용지,117.40
6262,토지,행정재산,서울특별시 용산구 한강로3가 40-109,,철도용지,4.30
6263,토지,행정재산,서울특별시 용산구 한강로3가 40-46,,철도용지,67.10
6264,토지,행정재산,서울특별시 용산구 한강로3가 40-45,,철도용지,355.40
6265,토지,행정재산,서울특별시 용산구 한강로3가 40-44,,철도용지,74.40
6266,토지,행정재산,서울특별시 용산구 한강로3가 9-1,,철도용지,83.40
6267,토지,행정재산,서울특별시 용산구 한강로3가 9,,철도용지,95.40
6268,토지,행정재산,서울특별시 용산구 한강로3가 8-12,,제방,317.80
6269,토지,행정재산,서울특별시 용산구 한강로3가 8-11,,철도용지,3.60
6270,토지,행정재산,서울특별시 용산구 한강로3가 8-10,,철도용지,12.10
6271,토지,행정재산,서울특별시 용산구 한강로3가 8-9,,제방,0.60
6272,토지,행정재산,서울특별시 용산구 한강로3가 8-8,,제방,2.70
6273,토지,행정재산,서울특별시 용산구 한강로3가 8-7,,제방,21.40
6274,토지,행정재산,서울특별시 용산구 한강로3가 8-6,,제방,21.40
6275,토지,행정재산,서울특별시 용산구 한강로3가 8-5,,제방,13.10
6276,토지,행정재산,서울특별시 용산구 한강로3가 8-3,,철도용지,83.00
6277,토지,행정재산,서울특별시 용산구 한강로3가 8-2,,제방,110.60
6278,토지,행정재산,서울특별시 용산구 한강로3가 8-1,,철도용지,26.10
6279,토지,행정재산,서울특별시 용산구 한강로3가 8,,제방,93.80
6280,토지,행정재산,서울특별시 용산구 한강로3가 6-8,,철도용지,2.50
6281,토지,행정재산,서울특별시 용산구 한강로3가 6-7,,제방,7.90
6282,토지,행정재산,서울특별시 용산구 한강로3가 6-6,,철도용지,20.30
6283,토지,행정재산,서울특별시 용산구 한강로3가 6-3,,철도용지,758.20
6284,토지,행정재산,서울특별시 용산구 한강로3가 6-2,,제방,57.80
6285,토지,행정재산,서울특별시 용산구 한강로3가 6-1,,철도용지,2.20
6286,토지,행정재산,서울특별시 용산구 한강로3가 10,,구거,119.40
6287,토지,행정재산,서울특별시 용산구 한강로3가 10-1,,구거,12.80
6288,토지,행정재산,서울특별시 용산구 한강로3가 40-43,,철도용지,40.00
6289,토지,행정재산,서울특별시 용산구 한강로3가 40-42,,철도용지,48.60
6290,토지,행정재산,서울특별시 용산구 한강로3가 40-40,,철도용지,61.50
6291,토지,행정재산,서울특별시 용산구 한강로3가 40-38,,철도용지,59.50
6292,토지,행정재산,서울특별시 용산구 한강로3가 40-37,,철도용지,90.70
6293,토지,행정재산,서울특별시 용산구 한강로3가 40-33,,철도용지,76.70
6294,토지,행정재산,서울특별시 용산구 한강로3가 40-32,,철도용지,21.80
6295,토지,행정재산,서울특별시 용산구 한강로3가 40-31,,철도용지,33.00
6296,토지,행정재산,서울특별시 용산구 한강로3가 40-30,,철도용지,33.70
6297,토지,행정재산,서울특별시 용산구 한강로3가 40-28,,철도용지,21.50
6298,토지,행정재산,서울특별시 용산구 한강로3가 40-27,,철도용지,67.40
6299,토지,행정재산,서울특별시 용산구 한강로3가 40-26,,철도용지,38.70
6300,토지,행정재산,서울특별시 용산구 한강로3가 40-25,,철도용지,71.70
6301,토지,행정재산,서울특별시 용산구 한강로3가 40-24,,철도용지,251.40
6302,토지,행정재산,서울특별시 용산구 한강로3가 40-2,,도로,"10,359.30"
6303,토지,행정재산,서울특별시 용산구 한강로3가 30-2,,철도용지,10.70
6304,토지,행정재산,서울특별시 용산구 한강로3가 19-7,,제방,11.20
6305,토지,행정재산,서울특별시 용산구 한강로3가 19-6,,제방,18.80
6306,토지,행정재산,서울특별시 용산구 한강로3가 19-5,,도로,25.40
6307,토지,행정재산,서울특별시 용산구 한강로3가 11,,구거,13.20
6308,토지,행정재산,서울특별시 용산구 한강로3가 40-247,,철도용지,29.40
6309,토지,행정재산,서울특별시 용산구 한강로3가 40-248,,철도용지,41.00
6310,토지,행정재산,서울특별시 용산구 한강로3가 40-661,,철도용지,14.20
6311,토지,행정재산,서울특별시 용산구 한강로3가 40-638,,철도용지,2.00
6312,토지,행정재산,서울특별시 용산구 한강로3가 40-636,,철도용지,74.60
6313,토지,행정재산,서울특별시 용산구 한강로3가 40-628,,철도용지,47.60
6314,토지,행정재산,서울특별시 용산구 한강로3가 40-623,,철도용지,11.60
6315,토지,행정재산,서울특별시 용산구 한강로3가 40-621,,철도용지,33.40
6316,토지,행정재산,서울특별시 용산구 한강로3가 40-620,,철도용지,54.50
6317,토지,행정재산,서울특별시 용산구 한강로3가 40-589,,도로,138.80
6318,토지,행정재산,서울특별시 용산구 한강로3가 40-586,,도로,216.90
6319,토지,행정재산,서울특별시 용산구 한강로3가 40-574,,도로,412.20
6320,토지,행정재산,서울특별시 용산구 한강로3가 40-569,,철도용지,16.50
6321,토지,행정재산,서울특별시 용산구 한강로3가 40-568,,철도용지,27.40
6322,토지,행정재산,서울특별시 용산구 한강로3가 40-567,,철도용지,16.50
6323,토지,행정재산,서울특별시 용산구 한강로3가 40-566,,철도용지,23.10
6324,토지,행정재산,서울특별시 용산구 한강로3가 40-565,,철도용지,88.30
6325,토지,행정재산,서울특별시 용산구 한강로3가 40-563,,철도용지,24.10
6326,토지,행정재산,서울특별시 용산구 한강로3가 40-562,,철도용지,11.90
6327,토지,행정재산,서울특별시 용산구 한강로3가 40-561,,철도용지,31.70
6328,토지,행정재산,서울특별시 용산구 한강로3가 40-559,,철도용지,18.50
6329,토지,행정재산,서울특별시 용산구 한강로3가 40-558,,철도용지,13.90
6330,토지,행정재산,서울특별시 용산구 한강로3가 40-662,,철도용지,1.00
6331,토지,행정재산,서울특별시 용산구 한강로3가 40-663,,철도용지,6.30
6332,토지,행정재산,서울특별시 용산구 한강로3가 40-759,,철도용지,56.80
6333,토지,행정재산,서울특별시 용산구 한강로3가 40-755,,철도용지,166.00
6334,토지,행정재산,서울특별시 용산구 한강로3가 40-754,,철도용지,17.80
6335,토지,행정재산,서울특별시 용산구 한강로3가 40-753,,철도용지,43.30
6336,토지,행정재산,서울특별시 용산구 한강로3가 40-752,,철도용지,9.20
6337,토지,행정재산,서울특별시 용산구 한강로3가 40-751,,철도용지,12.20
6338,토지,행정재산,서울특별시 용산구 한강로3가 40-750,,철도용지,14.50
6339,토지,행정재산,서울특별시 용산구 한강로3가 40-749,,철도용지,12.90
6340,토지,행정재산,서울특별시 용산구 한강로3가 40-748,,철도용지,18.80
6341,토지,행정재산,서울특별시 용산구 한강로3가 40-747,,철도용지,16.50
6342,토지,행정재산,서울특별시 용산구 한강로3가 40-745,,철도용지,15.20
6343,토지,행정재산,서울특별시 용산구 한강로3가 40-744,,철도용지,10.20
6344,토지,행정재산,서울특별시 용산구 한강로3가 40-743,,철도용지,2.30
6345,토지,행정재산,서울특별시 용산구 한강로3가 40-742,,철도용지,2.00
6346,토지,행정재산,서울특별시 용산구 한강로3가 40-741,,철도용지,6.00
6347,토지,행정재산,서울특별시 용산구 한강로3가 40-740,,철도용지,6.90
6348,토지,행정재산,서울특별시 용산구 한강로3가 40-739,,철도용지,9.60
6349,토지,행정재산,서울특별시 용산구 한강로3가 40-735,,철도용지,26.40
6350,토지,행정재산,서울특별시 용산구 한강로3가 40-665,,철도용지,3.30
6351,토지,행정재산,서울특별시 용산구 한강로3가 40-664,,철도용지,"1,540.50"
6352,토지,행정재산,서울특별시 용산구 한강로3가 40-557,,철도용지,26.80
6353,토지,행정재산,서울특별시 용산구 한강로3가 40-556,,철도용지,31.10
6354,토지,행정재산,서울특별시 용산구 한강로3가 40-555,,철도용지,30.10
6355,토지,행정재산,서울특별시 용산구 한강로3가 40-378,,철도용지,39.70
6356,토지,행정재산,서울특별시 용산구 한강로3가 40-377,,철도용지,12.90
6357,토지,행정재산,서울특별시 용산구 한강로3가 40-375,,철도용지,11.20
6358,토지,행정재산,서울특별시 용산구 한강로3가 40-374,,철도용지,12.20
6359,토지,행정재산,서울특별시 용산구 한강로3가 40-373,,철도용지,4.00
6360,토지,행정재산,서울특별시 용산구 한강로3가 40-370,,철도용지,13.20
6361,토지,행정재산,서울특별시 용산구 한강로3가 40-368,,철도용지,7.30
6362,토지,행정재산,서울특별시 용산구 한강로3가 40-367,,철도용지,46.30
6363,토지,행정재산,서울특별시 용산구 한강로3가 40-271,,철도용지,15.50
6364,토지,행정재산,서울특별시 용산구 한강로3가 40-267,,철도용지,71.10
6365,토지,행정재산,서울특별시 용산구 한강로3가 40-266,,철도용지,61.50
6366,토지,행정재산,서울특별시 용산구 한강로3가 40-265,,철도용지,62.10
6367,토지,행정재산,서울특별시 용산구 한강로3가 40-263,,철도용지,56.20
6368,토지,행정재산,서울특별시 용산구 한강로3가 40-260,,철도용지,31.60
6369,토지,행정재산,서울특별시 용산구 한강로3가 40-259,,철도용지,35.30
6370,토지,행정재산,서울특별시 용산구 한강로3가 40-258,,철도용지,89.60
6371,토지,행정재산,서울특별시 용산구 한강로3가 40-256,,철도용지,134.30
6372,토지,행정재산,서울특별시 용산구 한강로3가 40-254,,철도용지,81.60
6373,토지,행정재산,서울특별시 용산구 한강로3가 40-252,,철도용지,29.80
6374,토지,행정재산,서울특별시 용산구 한강로3가 40-249,,철도용지,37.40
6375,토지,행정재산,서울특별시 용산구 한강로3가 40-380,,철도용지,13.20
6376,토지,행정재산,서울특별시 용산구 한강로3가 40-382,,철도용지,99.20
6377,토지,행정재산,서울특별시 용산구 한강로3가 40-554,,철도용지,20.80
6378,토지,행정재산,서울특별시 용산구 한강로3가 40-552,,철도용지,176.40
6379,토지,행정재산,서울특별시 용산구 한강로3가 40-551,,철도용지,41.60
6380,토지,행정재산,서울특별시 용산구 한강로3가 40-550,,철도용지,98.80
6381,토지,행정재산,서울특별시 용산구 한강로3가 40-549,,철도용지,40.30
6382,토지,행정재산,서울특별시 용산구 한강로3가 40-548,,철도용지,47.90
6383,토지,행정재산,서울특별시 용산구 한강로3가 40-547,,철도용지,23.80
6384,토지,행정재산,서울특별시 용산구 한강로3가 40-546,,철도용지,23.80
6385,토지,행정재산,서울특별시 용산구 한강로3가 40-545,,철도용지,10.90
6386,토지,행정재산,서울특별시 용산구 한강로3가 40-544,,철도용지,5.60
6387,토지,행정재산,서울특별시 용산구 한강로3가 40-541,,철도용지,9.60
6388,토지,행정재산,서울특별시 용산구 한강로3가 66-7,,철도용지,"1,208.60"
6389,토지,행정재산,서울특별시 용산구 한강로3가 40-383,,대,64.50
6390,토지,행정재산,서울특별시 용산구 한강로3가 40-384,,대,81.60
6391,토지,행정재산,서울특별시 용산구 한강로3가 40-392,,철도용지,63.80
6392,토지,행정재산,서울특별시 용산구 한강로3가 40-394,,철도용지,56.20
6393,토지,행정재산,서울특별시 용산구 한강로3가 40-398,,철도용지,41.00
6394,토지,행정재산,서울특별시 용산구 한강로3가 40-406,,철도용지,23.50
6395,토지,행정재산,서울특별시 용산구 한강로3가 40-523,,철도용지,2.00
6396,토지,행정재산,서울특별시 용산구 한강로3가 40-533,,철도용지,10.20
6397,토지,행정재산,서울특별시 용산구 한강로3가 40-540,,철도용지,14.20
6398,토지,행정재산,서울특별시 용산구 한강로2가 10,,하천,59.50
6399,토지,행정재산,서울특별시 용산구 한강로2가 9,,철도용지,19.80
6400,토지,행정재산,서울특별시 용산구 한강로2가 8,,제방,102.50
6401,토지,행정재산,서울특별시 용산구 한강로2가 7-2,,제방,256.80
6402,토지,행정재산,서울특별시 용산구 한강로2가 7-1,,하천,314.70
6403,토지,행정재산,서울특별시 용산구 한강로2가 15-3,,하천,113.60
6404,토지,행정재산,서울특별시 용산구 한강로2가 15-5,,철도용지,45.40
6405,토지,행정재산,서울특별시 용산구 한강로2가 17-8,,유지,17.10
6406,토지,행정재산,서울특별시 용산구 한강로2가 17-7,,유지,25.60
6407,토지,행정재산,서울특별시 용산구 한강로2가 17-6,,철도용지,5.30
6408,토지,행정재산,서울특별시 용산구 한강로2가 17-5,,철도용지,93.50
6409,토지,행정재산,서울특별시 용산구 한강로2가 17-4,,철도용지,135.20
6410,토지,행정재산,서울특별시 용산구 한강로2가 17-3,,유지,1.60
6411,토지,행정재산,서울특별시 용산구 한강로2가 16-23,,철도용지,0.90
6412,토지,행정재산,서울특별시 용산구 한강로2가 16-19,,유지,24.00
6413,토지,행정재산,서울특별시 용산구 한강로2가 16-11,,유지,249.20
6414,토지,행정재산,서울특별시 용산구 한강로2가 16-9,,도로,918.10
6415,토지,행정재산,서울특별시 용산구 한강로2가 16-3,,유지,552.80
6416,토지,행정재산,서울특별시 용산구 한강로2가 16-2,,철도용지,"2,223.50"
6417,토지,행정재산,서울특별시 용산구 한강로2가 16-1,,유지,"6,728.90"
6418,토지,행정재산,서울특별시 용산구 한강로2가 15-49,,유지,31.70
6419,토지,행정재산,서울특별시 용산구 한강로2가 15-48,,유지,58.20
6420,토지,행정재산,서울특별시 용산구 한강로2가 15-34,,철도용지,306.80
6421,토지,행정재산,서울특별시 용산구 한강로2가 15-33,,철도용지,527.80
6422,토지,행정재산,서울특별시 용산구 용문동 32-194,,대,45.60
6423,토지,행정재산,서울특별시 용산구 한강로2가 15-29,,철도용지,100.20
6424,토지,행정재산,서울특별시 용산구 한강로2가 249-3,,대,4.00
6425,토지,행정재산,서울특별시 용산구 한강로2가 249-4,,도로,6.00
6426,토지,행정재산,서울특별시 용산구 한강로2가 6-6,,하천,31.10
6427,토지,행정재산,서울특별시 용산구 한강로2가 6-5,,제방,273.60
6428,토지,행정재산,서울특별시 용산구 한강로1가 78-20,,철도용지,8.30
6429,토지,행정재산,서울특별시 용산구 한강로1가 78-21,,철도용지,4.50
6430,토지,행정재산,서울특별시 용산구 한강로1가 79-1,,철도용지,249.50
6431,토지,행정재산,서울특별시 용산구 한강로1가 79-2,,철도용지,164.90
6432,토지,행정재산,서울특별시 용산구 한강로1가 79-3,,철도용지,45.30
6433,토지,행정재산,서울특별시 용산구 한강로1가 79-6,,철도용지,46.50
6434,토지,행정재산,서울특별시 용산구 한강로1가 79-7,,철도용지,1.70
6435,토지,행정재산,서울특별시 용산구 한강로1가 79-8,,철도용지,5.20
6436,토지,행정재산,서울특별시 용산구 한강로1가 79-9,,철도용지,34.90
6437,토지,행정재산,서울특별시 용산구 한강로1가 258-1,,철도용지,"3,495.20"
6438,토지,행정재산,서울특별시 용산구 한강로1가 258-3,,철도용지,71.70
6439,토지,행정재산,서울특별시 용산구 한강로2가 2-48,,철도용지,76.00
6440,토지,행정재산,서울특별시 용산구 한강로2가 2-49,,철도용지,79.30
6441,토지,행정재산,서울특별시 용산구 한강로2가 2-50,,철도용지,96.80
6442,토지,행정재산,서울특별시 용산구 한강로2가 2-51,,철도용지,119.00
6443,토지,행정재산,서울특별시 용산구 한강로2가 2-52,,철도용지,168.60
6444,토지,행정재산,서울특별시 용산구 한강로2가 2-130,,철도용지,342.30
6445,토지,행정재산,서울특별시 용산구 한강로2가 2-151,,철도용지,23.10
6446,토지,행정재산,서울특별시 용산구 한강로2가 2-165,,철도용지,26.40
6447,토지,행정재산,서울특별시 용산구 한강로2가 2-178,,철도용지,10.20
6448,토지,행정재산,서울특별시 용산구 한강로2가 2-193,,철도용지,12.60
6449,토지,행정재산,서울특별시 용산구 한강로2가 2-221,,철도용지,191.10
6450,토지,행정재산,서울특별시 용산구 한강로2가 2-226,,철도용지,49.60
6451,토지,행정재산,서울특별시 용산구 한강로2가 2-228,,철도용지,148.80
6452,토지,행정재산,서울특별시 용산구 한강로2가 2-229,,철도용지,332.90
6453,토지,행정재산,서울특별시 용산구 한강로2가 2-230,,철도용지,28.80
6454,토지,행정재산,서울특별시 용산구 한강로2가 2-231,,철도용지,12.20
6455,토지,행정재산,서울특별시 용산구 한강로2가 2-232,,철도용지,10.90
6456,토지,행정재산,서울특별시 용산구 한강로1가 78-19,,철도용지,5.80
6457,토지,행정재산,서울특별시 용산구 한강로1가 78-18,,철도용지,14.50
6458,토지,행정재산,서울특별시 용산구 한강로1가 78-17,,철도용지,0.70
6459,토지,행정재산,서울특별시 용산구 신계동 7-9,,대,12.30
6460,토지,행정재산,서울특별시 용산구 한강로1가 1-3,,철도용지,"1,100.80"
6461,토지,행정재산,서울특별시 용산구 한강로1가 1-4,,철도용지,"9,302.50"
6462,토지,행정재산,서울특별시 용산구 신계동 3-24,,철도용지,469.80
6463,토지,행정재산,서울특별시 용산구 신계동 3-23,,철도용지,"1,818.60"
6464,토지,행정재산,서울특별시 용산구 신계동 3-22,,철도용지,92.20
6465,토지,행정재산,서울특별시 용산구 신계동 3-9,,철도용지,236.90
6466,토지,행정재산,서울특별시 용산구 신계동 3-8,,철도용지,"3,233.40"
6467,토지,행정재산,서울특별시 용산구 신계동 1-282,,철도용지,775.90
6468,토지,행정재산,서울특별시 용산구 신계동 1-277,,철도용지,"4,421.70"
6469,토지,행정재산,서울특별시 용산구 신계동 1-276,,철도용지,"6,537.50"
6470,토지,행정재산,서울특별시 용산구 신계동 1-275,,철도용지,"1,285.00"
6471,토지,행정재산,서울특별시 용산구 신계동 1-244,,대,52.90
6472,토지,행정재산,서울특별시 용산구 한강로1가 78-1,,철도용지,303.10
6473,토지,행정재산,서울특별시 용산구 신계동 1-13,,철도용지,181.80
6474,토지,행정재산,서울특별시 용산구 한강로1가 78-3,,철도용지,4.90
6475,토지,행정재산,서울특별시 용산구 한강로1가 78-4,,철도용지,16.80
6476,토지,행정재산,서울특별시 용산구 한강로1가 78-5,,철도용지,2.10
6477,토지,행정재산,서울특별시 용산구 한강로1가 78-6,,철도용지,"6,277.60"
6478,토지,행정재산,서울특별시 용산구 한강로1가 78-8,,철도용지,30.60
6479,토지,행정재산,서울특별시 용산구 한강로1가 78-9,,철도용지,9.60
6480,토지,행정재산,서울특별시 용산구 한강로1가 78-10,,철도용지,13.70
6481,토지,행정재산,서울특별시 용산구 한강로1가 78-11,,철도용지,19.20
6482,토지,행정재산,서울특별시 용산구 한강로1가 78-12,,철도용지,12.30
6483,토지,행정재산,서울특별시 용산구 한강로1가 78-13,,철도용지,7.10
6484,토지,행정재산,서울특별시 용산구 한강로1가 78-14,,철도용지,16.10
6485,토지,행정재산,서울특별시 용산구 한강로1가 78-15,,철도용지,1.30
6486,토지,행정재산,서울특별시 용산구 한강로1가 78-16,,철도용지,2.20
6487,토지,행정재산,서울특별시 용산구 한강로2가 2-234,,철도용지,32.10
6488,토지,행정재산,서울특별시 용산구 한강로2가 2-237,,철도용지,14.20
6489,토지,행정재산,서울특별시 용산구 한강로2가 2-287,,철도용지,150.70
6490,토지,행정재산,서울특별시 용산구 한강로2가 2-339,,철도용지,148.40
6491,토지,행정재산,서울특별시 용산구 한강로2가 2-340,,철도용지,157.00
6492,토지,행정재산,서울특별시 용산구 한강로2가 2-341,,철도용지,166.90
6493,토지,행정재산,서울특별시 용산구 한강로2가 2-342,,철도용지,200.00
6494,토지,행정재산,서울특별시 용산구 한강로2가 2-344,,철도용지,706.40
6495,토지,행정재산,서울특별시 용산구 한강로2가 2-349,,철도용지,296.60
6496,토지,행정재산,서울특별시 용산구 한강로2가 2-365,,철도용지,736.30
6497,토지,행정재산,서울특별시 용산구 한강로2가 2-367,,철도용지,"1,524.40"
6498,토지,행정재산,서울특별시 용산구 한강로2가 2-368,,철도용지,1.00
6499,토지,행정재산,서울특별시 용산구 한강로2가 2-424,,철도용지,170.00
6500,토지,행정재산,서울특별시 용산구 한강로2가 2-430,,철도용지,534.10
6501,토지,행정재산,서울특별시 용산구 한강로2가 4-2,,철도용지,15.50
6502,토지,행정재산,서울특별시 용산구 한강로2가 4-3,,철도용지,83.30
6503,토지,행정재산,서울특별시 용산구 한강로2가 4-4,,철도용지,190.00
6504,토지,행정재산,서울특별시 용산구 한강로2가 4-6,,철도용지,89.90
6505,토지,행정재산,서울특별시 용산구 한강로2가 4-7,,철도용지,101.20
6506,토지,행정재산,서울특별시 용산구 한강로2가 4-9,,철도용지,750.10
6507,토지,행정재산,서울특별시 용산구 한강로2가 4-10,,철도용지,149.10
6508,토지,행정재산,서울특별시 용산구 한강로2가 4-11,,철도용지,20.80
6509,토지,행정재산,서울특별시 용산구 한강로2가 4-12,,철도용지,203.60
6510,토지,행정재산,서울특별시 용산구 한강로2가 4-13,,하천,763.60
6511,토지,행정재산,서울특별시 용산구 한강로2가 4-14,,제방,152.10
6512,토지,행정재산,서울특별시 용산구 한강로2가 4-17,,철도용지,"1,064.50"
6513,토지,행정재산,서울특별시 용산구 한강로2가 4-18,,철도용지,134.50
6514,토지,행정재산,서울특별시 용산구 한강로2가 4-20,,제방,196.40
6515,토지,행정재산,서울특별시 용산구 한강로2가 5-1,,제방,18.50
6516,토지,행정재산,서울특별시 용산구 한강로2가 5-2,,하천,47.60
6517,토지,행정재산,서울특별시 용산구 한강로2가 6-1,,철도용지,"1,651.00"
6518,토지,행정재산,서울특별시 용산구 한강로2가 6-2,,하천,614.90
6519,토지,행정재산,서울특별시 용산구 한강로2가 2-284,,철도용지,147.40
6520,토지,행정재산,서울특별시 용산구 한강로2가 2-283,,철도용지,137.50
6521,토지,행정재산,서울특별시 용산구 한강로2가 2-280,,철도용지,137.50
6522,토지,행정재산,서울특별시 용산구 한강로2가 2-238,,철도용지,248.90
6523,토지,행정재산,서울특별시 용산구 한강로2가 2-243,,철도용지,4.00
6524,토지,행정재산,서울특별시 용산구 한강로2가 2-247,,철도용지,6.00
6525,토지,행정재산,서울특별시 용산구 한강로2가 2-248,,철도용지,6.00
6526,토지,행정재산,서울특별시 용산구 한강로2가 2-249,,철도용지,4.30
6527,토지,행정재산,서울특별시 용산구 한강로2가 2-250,,철도용지,1.60
6528,토지,행정재산,서울특별시 용산구 한강로2가 2-251,,철도용지,2.00
6529,토지,행정재산,서울특별시 용산구 한강로2가 2-252,,철도용지,2.00
6530,토지,행정재산,서울특별시 용산구 한강로2가 2-253,,철도용지,2.00
6531,토지,행정재산,서울특별시 용산구 한강로2가 2-254,,철도용지,76.00
6532,토지,행정재산,서울특별시 용산구 한강로2가 2-255,,철도용지,193.40
6533,토지,행정재산,서울특별시 용산구 한강로2가 2-256,,철도용지,133.20
6534,토지,행정재산,서울특별시 용산구 한강로2가 2-258,,철도용지,27.40
6535,토지,행정재산,서울특별시 용산구 한강로2가 2-259,,철도용지,15.50
6536,토지,행정재산,서울특별시 용산구 한강로2가 2-263,,철도용지,25.10
6537,토지,행정재산,서울특별시 용산구 한강로2가 2-265,,철도용지,13.90
6538,토지,행정재산,서울특별시 용산구 한강로1가 78-2,,철도용지,2.30
6539,토지,행정재산,서울특별시 용산구 한강로2가 2-266,,철도용지,9.60
6540,토지,행정재산,서울특별시 용산구 한강로2가 2-279,,철도용지,144.10
6541,토지,행정재산,서울특별시 용산구 한강로2가 2-276,,철도용지,184.10
6542,토지,행정재산,서울특별시 용산구 한강로2가 2-275,,철도용지,164.30
6543,토지,행정재산,서울특별시 용산구 한강로2가 2-267,,철도용지,6.60
6544,토지,행정재산,서울특별시 용산구 한강로2가 2-268,,철도용지,9.60
6545,토지,행정재산,서울특별시 용산구 한강로2가 2-273,,철도용지,8.90
6546,토지,행정재산,서울특별시 용산구 한강로2가 2-270,,철도용지,14.20
6547,토지,행정재산,서울특별시 용산구 한강로2가 2-269,,철도용지,10.90
6548,토지,행정재산,서울특별시 용산구 용산동5가 19-551,,도로,"2,270.50"
6549,토지,행정재산,서울특별시 용산구 용산동5가 17-112,,철도용지,"2,888.70"
6550,토지,행정재산,서울특별시 용산구 용산동5가 17-100,,철도용지,"1,583.50"
6551,토지,행정재산,서울특별시 용산구 용산동5가 17-99,,철도용지,745.30
6552,토지,행정재산,서울특별시 용산구 용산동5가 17-98,,철도용지,"3,505.30"
6553,토지,행정재산,서울특별시 용산구 용산동5가 17-77,,철도용지,390.40
6554,토지,행정재산,서울특별시 용산구 용산동5가 17-71,,철도용지,20.20
6555,토지,행정재산,서울특별시 용산구 용산동5가 17-69,,도로,"4,564.30"
6556,토지,행정재산,서울특별시 용산구 용산동5가 19-561,,철도용지,899.20
6557,토지,행정재산,서울특별시 용산구 용산동6가 69-147,,철도용지,760.00
6558,토지,행정재산,서울특별시 용산구 용산동6가 69-148,,철도용지,487.00
6559,토지,행정재산,서울특별시 용산구 용산동6가 69-149,,철도용지,11.00
6560,토지,행정재산,서울특별시 용산구 보광동 70-3,,도로,17.00
6561,토지,행정재산,서울특별시 용산구 용산동6가 69-150,,철도용지,963.00
6562,토지,행정재산,서울특별시 용산구 용산동6가 69-151,,철도용지,290.00
6563,토지,행정재산,서울특별시 용산구 용산동6가 69-152,,철도용지,34.00
6564,토지,행정재산,서울특별시 용산구 용산동6가 69-153,,철도용지,75.00
6565,토지,행정재산,서울특별시 용산구 용산동6가 69-154,,철도용지,69.00
6566,토지,행정재산,서울특별시 용산구 용산동6가 69-155,,철도용지,125.00
6567,토지,행정재산,서울특별시 용산구 용산동6가 69-156,,철도용지,376.00
6568,토지,행정재산,서울특별시 용산구 용산동6가 69-157,,철도용지,18.00
6569,토지,행정재산,서울특별시 용산구 보광동 70-12,,도로,"2,331.00"
6570,토지,행정재산,서울특별시 용산구 용산동6가 69-158,,철도용지,727.00
6571,토지,행정재산,서울특별시 용산구 용산동6가 69-159,,철도용지,592.00
6572,토지,행정재산,서울특별시 용산구 보광동 36-12,,철도용지,"9,957.00"
6573,토지,행정재산,서울특별시 용산구 용산동6가 69-144,,철도용지,"1,799.40"
6574,토지,행정재산,서울특별시 용산구 용산동6가 412-5,,잡종지,116.00
6575,토지,행정재산,서울특별시 용산구 용산동6가 69-80,,대,50.00
6576,토지,행정재산,서울특별시 용산구 보광동 36-2,,도로,119.00
6577,토지,행정재산,서울특별시 용산구 용산동6가 69-84,,철도용지,60.00
6578,토지,행정재산,서울특별시 용산구 용산동6가 69-85,,철도용지,86.00
6579,토지,행정재산,서울특별시 용산구 용산동6가 69-86,,철도용지,10.00
6580,토지,행정재산,서울특별시 용산구 용산동6가 69-87,,철도용지,46.00
6581,토지,행정재산,서울특별시 용산구 용산동6가 69-88,,철도용지,10.00
6582,토지,행정재산,서울특별시 용산구 용산동6가 69-89,,철도용지,7.00
6583,토지,행정재산,서울특별시 용산구 용산동6가 69-90,,도로,33.00
6584,토지,행정재산,서울특별시 용산구 용산동6가 69-91,,철도용지,10.00
6585,토지,행정재산,서울특별시 용산구 용산동6가 69-107,,대,3.00
6586,토지,행정재산,서울특별시 용산구 보광동 36-5,,철도용지,331.00
6587,토지,행정재산,서울특별시 용산구 보광동 36-8,,철도용지,165.00
6588,토지,행정재산,서울특별시 용산구 보광동 36-9,,철도용지,17.00
6589,토지,행정재산,서울특별시 용산구 용산동6가 69-109,,도로,7.00
6590,토지,행정재산,서울특별시 용산구 용산동6가 69-111,,도로,24.00
6591,토지,행정재산,서울특별시 용산구 용산동6가 69-114,,대,3.00
6592,토지,행정재산,서울특별시 용산구 용산동6가 69-118,,도로,"4,204.60"
6593,토지,행정재산,서울특별시 용산구 용산동6가 69-142,,철도용지,"2,408.00"
6594,토지,행정재산,서울특별시 용산구 보광동 157-3,,도로,129.00
6595,토지,행정재산,서울특별시 용산구 용산동6가 69-143,,철도용지,"1,833.00"
6596,토지,행정재산,서울특별시 용산구 보광동 141-2,,도로,20.00
6597,토지,행정재산,서울특별시 용산구 보광동 142-2,,도로,73.00
6598,토지,행정재산,서울특별시 용산구 보광동 142-3,,도로,10.00
6599,토지,행정재산,서울특별시 용산구 보광동 146-2,,도로,106.00
6600,토지,행정재산,서울특별시 용산구 보광동 146-3,,도로,17.00
6601,토지,행정재산,서울특별시 용산구 보광동 146-5,,도로,43.00
6602,토지,행정재산,서울특별시 용산구 보광동 146-6,,도로,10.00
6603,토지,행정재산,서울특별시 용산구 보광동 147-2,,도로,109.00
6604,토지,행정재산,서울특별시 용산구 보광동 147-3,,도로,17.00
6605,토지,행정재산,서울특별시 용산구 보광동 147-4,,도로,116.00
6606,토지,행정재산,서울특별시 용산구 보광동 147-5,,도로,298.00
6607,토지,행정재산,서울특별시 용산구 보광동 147-10,,도로,145.00
6608,토지,행정재산,서울특별시 용산구 보광동 147-11,,도로,218.00
6609,토지,행정재산,서울특별시 용산구 보광동 147-12,,도로,116.00
6610,토지,행정재산,서울특별시 용산구 보광동 147-13,,도로,7.00
6611,토지,행정재산,서울특별시 용산구 보광동 147-22,,도로,17.00
6612,토지,행정재산,서울특별시 용산구 보광동 148-1,,도로,30.00
6613,토지,행정재산,서울특별시 용산구 보광동 148-2,,도로,132.00
6614,토지,행정재산,서울특별시 용산구 보광동 148-3,,도로,304.00
6615,토지,행정재산,서울특별시 용산구 보광동 148-4,,도로,36.00
6616,토지,행정재산,서울특별시 용산구 보광동 157-6,,철도용지,"2,064.00"
6617,토지,행정재산,서울특별시 용산구 보광동 141-3,,철도용지,99.00
6618,토지,행정재산,서울특별시 용산구 용산동6가 69-78,,철도용지,7.00
6619,토지,행정재산,서울특별시 용산구 보광동 131-2,,도로,79.00
6620,토지,행정재산,서울특별시 용산구 보광동 141-1,,도로,26.00
6621,토지,행정재산,서울특별시 용산구 보광동 140-4,,철도용지,79.00
6622,토지,행정재산,서울특별시 용산구 보광동 140-3,,도로,63.00
6623,토지,행정재산,서울특별시 용산구 보광동 84-1,,도로,"2,271.00"
6624,토지,행정재산,서울특별시 용산구 보광동 140-2,,도로,36.00
6625,토지,행정재산,서울특별시 용산구 보광동 140-1,,도로,10.00
6626,토지,행정재산,서울특별시 용산구 보광동 139-4,,도로,13.00
6627,토지,행정재산,서울특별시 용산구 보광동 139-3,,도로,129.00
6628,토지,행정재산,서울특별시 용산구 보광동 139-2,,도로,17.00
6629,토지,행정재산,서울특별시 용산구 보광동 87-4,,도로,17.00
6630,토지,행정재산,서울특별시 용산구 보광동 130-2,,도로,3.00
6631,토지,행정재산,서울특별시 용산구 보광동 88-2,,도로,36.00
6632,토지,행정재산,서울특별시 용산구 이촌동 301-6,,도로,305.80
6633,토지,행정재산,서울특별시 용산구 이촌동 301-157,,도로,667.80
6634,토지,행정재산,서울특별시 용산구 서빙고동 241-38,,철도용지,56.00
6635,토지,행정재산,서울특별시 용산구 용산동6가 69-6,,철도용지,274.00
6636,토지,행정재산,서울특별시 용산구 용산동6가 69-7,,철도용지,"6,967.00"
6637,토지,행정재산,서울특별시 용산구 용산동6가 69-8,,철도용지,248.00
6638,토지,행정재산,서울특별시 용산구 용산동6가 69-9,,도로,13.00
6639,토지,행정재산,서울특별시 용산구 용산동6가 69-10,,철도용지,681.00
6640,토지,행정재산,서울특별시 용산구 용산동6가 69-17,,잡종지,"1,805.00"
6641,토지,행정재산,서울특별시 용산구 용산동6가 69-18,,철도용지,321.00
6642,토지,행정재산,서울특별시 용산구 용산동6가 69-19,,철도용지,"1,150.00"
6643,토지,행정재산,서울특별시 용산구 용산동6가 69-20,,철도용지,109.00
6644,토지,행정재산,서울특별시 용산구 용산동6가 69-21,,철도용지,136.00
6645,토지,행정재산,서울특별시 용산구 용산동6가 69-22,,철도용지,20.00
6646,토지,행정재산,서울특별시 용산구 용산동6가 69-23,,대,364.00
6647,토지,행정재산,서울특별시 용산구 용산동6가 69-4,,철도용지,"5,127.00"
6648,토지,행정재산,서울특별시 용산구 용산동6가 69-3,,철도용지,919.00
6649,토지,행정재산,서울특별시 용산구 용산동6가 69-2,,철도용지,108.00
6650,토지,행정재산,서울특별시 용산구 한남동 541-2,,철도용지,"2,787.00"
6651,토지,행정재산,서울특별시 용산구 한남동 542-4,,도로,36.00
6652,토지,행정재산,서울특별시 용산구 한남동 542-6,,대,92.00
6653,토지,행정재산,서울특별시 용산구 한남동 542-7,,철도용지,701.00
6654,토지,행정재산,서울특별시 용산구 한남동 542-9,,철도용지,254.00
6655,토지,행정재산,서울특별시 용산구 용산동6가 68-3,,잡종지,46.00
6656,토지,행정재산,서울특별시 용산구 한남동 773-17,,철도용지,"11,061.00"
6657,토지,일반재산,서울특별시 용산구 한남동 773-11,,철도용지,"1,611.00"
6658,토지,행정재산,서울특별시 용산구 한남동 543-17,,철도용지,47.00
6659,토지,행정재산,서울특별시 용산구 한남동 544-3,,도로,159.00
6660,토지,행정재산,서울특별시 용산구 한남동 544-9,,철도용지,30.00
6661,토지,행정재산,서울특별시 용산구 한남동 544-13,,대,10.00
6662,토지,행정재산,서울특별시 용산구 한남동 555-1,,도로,664.00
6663,토지,행정재산,서울특별시 용산구 한남동 555-3,,철도용지,"5,104.00"
6664,토지,행정재산,서울특별시 용산구 용산동6가 69-1,,철도용지,4.00
6665,토지,행정재산,서울특별시 용산구 용산동6가 69-24,,대,36.00
6666,토지,행정재산,서울특별시 용산구 용산동6가 69-25,,잡종지,13.00
6667,토지,행정재산,서울특별시 용산구 용산동6가 69-58,,대,83.00
6668,토지,행정재산,서울특별시 용산구 용산동6가 69-59,,대,86.00
6669,토지,행정재산,서울특별시 용산구 용산동6가 69-60,,잡종지,13.00
6670,토지,행정재산,서울특별시 용산구 용산동6가 69-61,,대,40.00
6671,토지,행정재산,서울특별시 용산구 용산동6가 69-64,,대,10.00
6672,토지,행정재산,서울특별시 용산구 용산동6가 69-65,,대,33.00
6673,토지,행정재산,서울특별시 용산구 용산동6가 69-66,,철도용지,13.00
6674,토지,행정재산,서울특별시 용산구 용산동6가 69-67,,대,30.00
6675,토지,행정재산,서울특별시 용산구 용산동6가 69-68,,대,7.00
6676,토지,행정재산,서울특별시 용산구 용산동6가 69-69,,잡종지,3.00
6677,토지,행정재산,서울특별시 용산구 용산동6가 69-70,,대,23.00
6678,토지,행정재산,서울특별시 용산구 용산동6가 69-71,,대,30.00
6679,토지,행정재산,서울특별시 용산구 용산동6가 69-72,,대,16.00
6680,토지,행정재산,서울특별시 용산구 용산동6가 69-73,,대,16.00
6681,토지,행정재산,서울특별시 용산구 용산동6가 69-74,,대,5.00
6682,토지,행정재산,서울특별시 용산구 용산동6가 69-75,,철도용지,25.00
6683,토지,행정재산,서울특별시 용산구 용산동6가 69-57,,대,20.00
6684,토지,행정재산,서울특별시 용산구 용산동6가 69-56,,잡종지,251.00
6685,토지,행정재산,서울특별시 용산구 용산동6가 69-52,,철도용지,238.00
6686,토지,행정재산,서울특별시 용산구 용산동6가 69-27,,대,212.00
6687,토지,행정재산,서울특별시 용산구 용산동6가 69-29,,대,238.00
6688,토지,행정재산,서울특별시 용산구 용산동6가 69-30,,대,337.00
6689,토지,행정재산,서울특별시 용산구 용산동6가 69-33,,대,281.00
6690,토지,행정재산,서울특별시 용산구 용산동6가 69-35,,대,43.00
6691,토지,행정재산,서울특별시 용산구 용산동6가 69-36,,대,92.00
6692,토지,행정재산,서울특별시 용산구 용산동6가 69-37,,대,43.00
6693,토지,행정재산,서울특별시 용산구 용산동6가 69-39,,철도용지,264.00
6694,토지,행정재산,서울특별시 용산구 용산동6가 69-40,,철도용지,96.00
6695,토지,행정재산,서울특별시 용산구 용산동6가 69-41,,철도용지,33.00
6696,토지,행정재산,서울특별시 용산구 용산동6가 69-43,,철도용지,10.00
6697,토지,행정재산,서울특별시 용산구 용산동6가 69-44,,철도용지,152.00
6698,토지,행정재산,서울특별시 용산구 용산동6가 69-45,,철도용지,198.00
6699,토지,행정재산,서울특별시 용산구 용산동6가 69-46,,철도용지,92.00
6700,토지,행정재산,서울특별시 용산구 용산동6가 69-48,,철도용지,36.00
6701,토지,행정재산,서울특별시 용산구 용산동6가 69-50,,철도용지,30.00
6702,토지,행정재산,서울특별시 용산구 한남동 541-1,,도로,122.00
6703,토지,행정재산,서울특별시 용산구 용산동6가 69-77,,철도용지,5.00
6704,토지,행정재산,서울특별시 용산구 한남동 399-4,,철도용지,"8,271.00"
6705,토지,행정재산,서울특별시 용산구 한남동 399-3,,철도용지,122.00
6706,토지,행정재산,서울특별시 용산구 한남동 399-2,,철도용지,850.00
6707,토지,행정재산,서울특별시 용산구 한남동 399-1,,철도용지,"13,402.00"
6708,토지,행정재산,서울특별시 용산구 동빙고동 170-1,,철도용지,"2,436.00"
6709,토지,행정재산,서울특별시 용산구 서빙고동 241-36,,철도용지,7.00
6710,토지,행정재산,서울특별시 용산구 서빙고동 241-67,,철도용지,9.00
6711,토지,행정재산,서울특별시 용산구 서빙고동 241-69,,철도용지,5.00
6712,토지,행정재산,서울특별시 용산구 서빙고동 187-2,,대,3.00
6713,토지,행정재산,서울특별시 용산구 서빙고동 235-10,,잡종지,"1,845.00"
6714,토지,행정재산,서울특별시 용산구 주성동 40-1,,도로,"1,577.00"
6715,토지,행정재산,서울특별시 용산구 서빙고동 235-78,,도로,20.00
6716,토지,행정재산,서울특별시 용산구 주성동 10-3,,도로,106.00
6717,토지,행정재산,서울특별시 용산구 주성동 10-2,,도로,10.00
6718,토지,행정재산,서울특별시 용산구 서빙고동 235-79,,잡종지,10.00
6719,토지,행정재산,서울특별시 용산구 서빙고동 241-78,,철도용지,36.00
6720,토지,행정재산,서울특별시 용산구 서빙고동 235-136,,잡종지,276.00
6721,토지,행정재산,서울특별시 용산구 서빙고동 241-81,,철도용지,274.00
6722,토지,행정재산,서울특별시 용산구 서빙고동 241-83,,철도용지,62.00
6723,토지,행정재산,서울특별시 용산구 서빙고동 241-84,,철도용지,300.00
6724,토지,행정재산,서울특별시 용산구 서빙고동 241-1,,철도용지,63.00
6725,토지,행정재산,서울특별시 용산구 서빙고동 241-2,,철도용지,218.00
6726,토지,행정재산,서울특별시 용산구 서빙고동 241-4,,철도용지,111.00
6727,토지,행정재산,서울특별시 용산구 서빙고동 241-6,,철도용지,195.00
6728,토지,행정재산,서울특별시 용산구 서빙고동 241-10,,철도용지,73.00
6729,토지,행정재산,서울특별시 용산구 서빙고동 241-11,,철도용지,"30,357.00"
6730,토지,행정재산,서울특별시 용산구 서빙고동 241-14,,철도용지,"1,987.00"
6731,토지,행정재산,서울특별시 용산구 서빙고동 241-15,,철도용지,274.00
6732,토지,행정재산,서울특별시 용산구 서빙고동 241-16,,철도용지,86.00
6733,토지,행정재산,서울특별시 용산구 서빙고동 241-17,,철도용지,13.00
6734,토지,행정재산,서울특별시 용산구 서빙고동 241-18,,철도용지,106.00
6735,토지,행정재산,서울특별시 용산구 한남동 399-6,,철도용지,25.00
6736,토지,행정재산,서울특별시 용산구 한남동 399-7,,철도용지,"9,464.00"
6737,토지,행정재산,서울특별시 용산구 한남동 540-6,,철도용지,757.00
6738,토지,행정재산,서울특별시 용산구 한남동 540-5,,철도용지,258.00
6739,토지,행정재산,서울특별시 용산구 한남동 540-2,,임야,23.00
6740,토지,행정재산,서울특별시 용산구 서빙고동 241-55,,철도용지,489.00
6741,토지,행정재산,서울특별시 용산구 용산동6가 11-422,,철도용지,"2,416.50"
6742,토지,행정재산,서울특별시 용산구 용산동6가 11-393,,도로,707.40
6743,토지,행정재산,서울특별시 용산구 한남동 511-11,,도로,202.00
6744,토지,행정재산,서울특별시 용산구 서빙고동 241-60,,철도용지,"1,322.00"
6745,토지,행정재산,서울특별시 용산구 용산동6가 11-376,,도로,"1,091.00"
6746,토지,행정재산,서울특별시 용산구 한남동 511-10,,도로,46.00
6747,토지,행정재산,서울특별시 용산구 한남동 511-2,,임야,16.00
6748,토지,행정재산,서울특별시 용산구 한남동 510-4,,도로,261.00
6749,토지,행정재산,서울특별시 용산구 한남동 510-2,,전,50.00
6750,토지,행정재산,서울특별시 용산구 주성동 69,,철도용지,"1,686.00"
6751,토지,행정재산,서울특별시 용산구 주성동 64,,철도용지,"5,930.00"
6752,토지,행정재산,서울특별시 용산구 한남동 399-8,,철도용지,"3,124.00"
6753,토지,행정재산,서울특별시 용산구 한남동 399-9,,도로,185.00
6754,토지,행정재산,서울특별시 용산구 한남동 399-20,,철도용지,"3,296.00"
6755,토지,행정재산,서울특별시 용산구 한남동 504-2,,잡종지,30.00
6756,토지,행정재산,서울특별시 용산구 서빙고동 241-85,,철도용지,4.00
6757,토지,행정재산,서울특별시 용산구 주성동 63,,도로,"3,782.00"
6758,토지,행정재산,서울특별시 용산구 이촌동 198-1,,철도용지,"8,416.50"
6759,토지,행정재산,서울특별시 용산구 이촌동 198-2,,철도용지,445.30
6760,토지,행정재산,서울특별시 용산구 이촌동 301-9,,철도용지,888.80
6761,토지,행정재산,서울특별시 용산구 이촌동 208-2,,대,354.20
6762,토지,행정재산,서울특별시 용산구 원효로2가 7-6,,대,581.80
6763,토지,행정재산,서울특별시 용산구 원효로2가 1-161,,철도용지,0.90
6764,토지,행정재산,서울특별시 용산구 원효로1가 109,,하천,56.20
6765,토지,행정재산,서울특별시 용산구 원효로1가 111,,도로,23.10
6766,토지,행정재산,서울특별시 용산구 원효로1가 112-1,,도로,33.00
6767,토지,행정재산,서울특별시 용산구 원효로1가 113-1,,도로,59.50
6768,토지,행정재산,서울특별시 용산구 원효로2가 1-20,,철도용지,49.00
6769,토지,행정재산,서울특별시 용산구 원효로2가 1-22,,도로,143.10
6770,토지,행정재산,서울특별시 용산구 원효로2가 1-23,,대,189.90
6771,토지,행정재산,서울특별시 용산구 원효로2가 1-27,,대,11.50
6772,토지,행정재산,서울특별시 용산구 원효로1가 110-1,,하천,273.70
6773,토지,행정재산,서울특별시 용산구 원효로2가 1-68,,철도용지,5.10
6774,토지,행정재산,서울특별시 용산구 원효로2가 1-75,,철도용지,37.00
6775,토지,행정재산,서울특별시 용산구 원효로2가 1-87,,대,3.30
6776,토지,행정재산,서울특별시 용산구 원효로2가 1-93,,철도용지,"1,175.60"
6777,토지,행정재산,서울특별시 용산구 원효로2가 1-129,,대,54.90
6778,토지,행정재산,서울특별시 용산구 원효로2가 1-130,,철도용지,44.00
6779,토지,행정재산,서울특별시 용산구 원효로2가 1-138,,대,2.70
6780,토지,행정재산,서울특별시 용산구 원효로2가 1-150,,도로,41.80
6781,토지,행정재산,서울특별시 용산구 원효로2가 1-66,,철도용지,101.50
6782,토지,행정재산,서울특별시 용산구 갈월동 93-61,,철도용지,"4,690.90"
6783,토지,행정재산,서울특별시 용산구 동자동 43-234,,철도용지,120.10
6784,토지,행정재산,서울특별시 용산구 동자동 43-239,,도로,7.20
6785,토지,행정재산,서울특별시 용산구 갈월동 99-5,,철도용지,119.00
6786,토지,행정재산,서울특별시 용산구 동자동 43-240,,도로,64.10
6787,토지,행정재산,서울특별시 용산구 갈월동 44-37,,철도용지,209.10
6788,토지,행정재산,서울특별시 용산구 갈월동 100-5,,철도용지,"5,894.20"
6789,토지,행정재산,서울특별시 용산구 갈월동 100-2,,철도용지,0.70
6790,토지,행정재산,서울특별시 용산구 갈월동 96-1,,철도용지,"1,371.90"
6791,토지,행정재산,서울특별시 용산구 갈월동 69-7,,철도용지,74.00
6792,토지,행정재산,서울특별시 용산구 갈월동 69-68,,대,22.10
6793,토지,행정재산,서울특별시 용산구 갈월동 44-6,,철도용지,"11,131.20"
6794,토지,행정재산,서울특별시 용산구 갈월동 69-67,,철도용지,5.30
6795,토지,행정재산,서울특별시 용산구 동자동 43-67,,도로,156.10
6796,토지,행정재산,서울특별시 용산구 동자동 43-196,,철도용지,357.00
6797,토지,행정재산,서울특별시 용산구 동자동 43-200,,철도용지,70.20
6798,토지,행정재산,서울특별시 용산구 동자동 43-201,,철도용지,8.90
6799,토지,행정재산,서울특별시 용산구 동자동 43-202,,도로,34.70
6800,토지,행정재산,서울특별시 용산구 동자동 43-203,,철도용지,1.60
6801,토지,행정재산,서울특별시 용산구 동자동 43-214,,도로,53.60
6802,토지,행정재산,서울특별시 용산구 갈월동 69-13,,철도용지,148.80
6803,토지,행정재산,서울특별시 용산구 갈월동 69-11,,구거,17.50
6804,토지,행정재산,서울특별시 용산구 동자동 43-205,,철도용지,"98,874.10"
6805,토지,행정재산,서울특별시 용산구 서계동 76-6,,철도용지,"4,628.80"
6806,토지,행정재산,서울특별시 용산구 갈월동 69-10,,철도용지,46.30
6807,토지,행정재산,서울특별시 용산구 갈월동 69-8,,철도용지,36.40
6808,토지,행정재산,서울특별시 용산구 서계동 76-4,,철도용지,"3,005.10"
6809,토지,행정재산,서울특별시 용산구 서계동 76-1,,철도용지,"1,692.00"
6810,토지,행정재산,서울특별시 용산구 동자동 43-66,,철도용지,15.40
6811,토지,행정재산,서울특별시 용산구 갈월동 44-24,,철도용지,"8,135.60"
6812,토지,행정재산,서울특별시 용산구 동자동 43-217,,도로,11.40
6813,토지,행정재산,서울특별시 용산구 갈월동 44-36,,철도용지,167.40
6814,토지,행정재산,서울특별시 용산구 동자동 43-233,,철도용지,149.60
6815,토지,행정재산,서울특별시 용산구 동자동 43-230,,철도용지,"2,053.30"
6816,토지,행정재산,서울특별시 용산구 동자동 43-227,,철도용지,"9,256.00"
6817,토지,행정재산,서울특별시 용산구 동자동 43-226,,철도용지,"1,257.10"
6818,토지,행정재산,서울특별시 용산구 갈월동 71-17,,철도용지,4.60
6819,토지,행정재산,서울특별시 용산구 갈월동 71-16,,철도용지,12.60
6820,토지,행정재산,서울특별시 용산구 갈월동 44-35,,철도용지,483.80
6821,토지,행정재산,서울특별시 용산구 서계동 226-6,,공원,4.50
6822,토지,행정재산,서울특별시 용산구 서계동 226-22,,철도용지,26.20
6823,토지,행정재산,서울특별시 용산구 갈월동 44-25,,철도용지,"3,100.00"
6824,토지,행정재산,서울특별시 용산구 갈월동 69-116,,도로,359.10
6825,토지,행정재산,서울특별시 용산구 갈월동 69-113,,대,4.60
6826,토지,행정재산,서울특별시 용산구 갈월동 69-112,,철도용지,3.60
6827,토지,행정재산,서울특별시 용산구 갈월동 69-111,,대,4.00
6828,토지,행정재산,서울특별시 용산구 갈월동 88-41,,철도용지,"3,305.80"
6829,토지,행정재산,서울특별시 용산구 청파동2가 120-41,,철도용지,149.80
6830,토지,행정재산,서울특별시 용산구 청파동2가 120-40,,철도용지,99.90
6831,토지,행정재산,서울특별시 용산구 청파동2가 120-37,,철도용지,175.20
6832,토지,행정재산,서울특별시 용산구 청파동2가 120-36,,철도용지,390.10
6833,토지,행정재산,서울특별시 용산구 청파동2가 120-34,,철도용지,732.60
6834,토지,행정재산,서울특별시 용산구 청파동2가 120-56,,대,91.20
6835,토지,행정재산,서울특별시 용산구 청파동2가 120-20,,대,24.80
6836,토지,행정재산,서울특별시 용산구 청파동2가 120-16,,철도용지,819.20
6837,토지,행정재산,서울특별시 용산구 청파동2가 120-7,,대,14.50
6838,토지,행정재산,서울특별시 용산구 청파동2가 120-24,,대,30.40
6839,토지,행정재산,서울특별시 용산구 청파동3가 11-2,,철도용지,105.10
6840,토지,행정재산,서울특별시 용산구 청파동1가 180-38,,철도용지,41.00
6841,토지,행정재산,서울특별시 용산구 청파동3가 12-10,,대,78.00
6842,토지,행정재산,서울특별시 용산구 청파동3가 12-9,,대,42.60
6843,토지,행정재산,서울특별시 용산구 청파동3가 12-8,,대,8.90
6844,토지,행정재산,서울특별시 용산구 청파동3가 12-7,,대,1.70
6845,토지,행정재산,서울특별시 용산구 청파동3가 12-6,,철도용지,241.70
6846,토지,행정재산,서울특별시 용산구 청파동3가 12-4,,대,"1,695.90"
6847,토지,행정재산,서울특별시 용산구 청파동3가 12-1,,철도용지,12.90
6848,토지,행정재산,서울특별시 용산구 청파동3가 11-9,,대,8.60
6849,토지,행정재산,서울특별시 용산구 청파동3가 11-8,,대,10.60
6850,토지,행정재산,서울특별시 용산구 청파동3가 11-6,,대,0.70
6851,토지,행정재산,서울특별시 용산구 청파동3가 10-20,,대,4.30
6852,토지,행정재산,서울특별시 용산구 청파동3가 10-7,,대,101.00
6853,토지,행정재산,서울특별시 용산구 청파동3가 10-5,,하천,52.20
6854,토지,행정재산,서울특별시 용산구 청파동3가 10-2,,대,3.30
6855,토지,행정재산,서울특별시 용산구 청파동2가 123-1,,대,41.00
6856,토지,행정재산,서울특별시 용산구 청파동2가 120-65,,대,164.60
6857,토지,행정재산,서울특별시 용산구 청파동2가 120-64,,대,124.90
6858,토지,행정재산,서울특별시 용산구 청파동2가 120-62,,철도용지,27.40
6859,토지,행정재산,서울특별시 용산구 청파동2가 120-61,,철도용지,49.90
6860,토지,행정재산,서울특별시 용산구 청파동2가 120-60,,철도용지,41.00
6861,토지,행정재산,서울특별시 용산구 청파동2가 120-59,,철도용지,7.60
6862,토지,행정재산,서울특별시 용산구 청파동2가 120-58,,철도용지,6.90
6863,토지,행정재산,서울특별시 용산구 문배동 30-74,,철도용지,365.50
6864,토지,행정재산,서울특별시 용산구 문배동 1-1,,철도용지,357.00
6865,토지,행정재산,서울특별시 용산구 문배동 30-45,,철도용지,48.30
6866,토지,행정재산,서울특별시 용산구 문배동 30-13,,철도용지,"1,379.90"
6867,토지,행정재산,서울특별시 용산구 문배동 29-8,,철도용지,186.80
6868,토지,행정재산,서울특별시 용산구 문배동 28-5,,철도용지,414.20
6869,건물,행정재산,서울특별시 용산구 용산동6가 168-6,,,16.70
6870,토지,행정재산,서울특별시 용산구 용산동2가 2-19,,대,"13,200.00"
6871,건물,행정재산,서울특별시 용산구 용산동6가 168-6,서울특별시 용산구 서빙고로 137 (용산동6가),,"9,196.95"
6872,건물,행정재산,서울특별시 용산구 용산동6가 168-6,서울특별시 용산구 서빙고로 137 (용산동6가),,"9,196.95"
6873,토지,일반재산,서울특별시 용산구 청파동3가 132-231,,대,1.20
6874,토지,일반재산,서울특별시 용산구 청파동3가 132-232,,대,1.70
6875,토지,일반재산,서울특별시 용산구 효창동 32-4,,대,0.50
6876,토지,일반재산,서울특별시 용산구 청파동3가 105-59,,도로,4.70
6877,건물,행정재산,서울특별시 용산구 용산동6가 168-6,서울특별시 용산구 서빙고로 137 (용산동6가),,"9,196.95"
6878,건물,행정재산,서울특별시 용산구 용산동6가 168-6,서울특별시 용산구 서빙고로 137 (용산동6가),,"9,196.95"
6879,토지,행정재산,서울특별시 용산구 효창동 190-4,,도로,35.40
6880,토지,행정재산,서울특별시 용산구 효창동 184-12,,도로,1.30
6881,토지,행정재산,서울특별시 용산구 효창동 166-8,,도로,1.60
6882,토지,행정재산,서울특별시 용산구 서계동 145-3,,도로,16.80
6883,토지,행정재산,서울특별시 용산구 갈월동 92-6,,도로,1.60
6884,토지,행정재산,서울특별시 용산구 원효로1가 129-54,,도로,17.10
6885,토지,행정재산,서울특별시 용산구 원효로1가 129-53,,도로,238.10
6886,토지,행정재산,서울특별시 용산구 한남동 726-523,,도로,71.00
6887,건물,행정재산,서울특별시 용산구 용산동6가 168-6,서울특별시 용산구 서빙고로 137 (용산동6가),,"9,196.95"
6888,건물,행정재산,서울특별시 용산구 보광동 238-2,서울특별시 용산구 보광로 73 (보광동),,"5,065.77"
6889,건물,행정재산,서울특별시 용산구 보광동 238-2,,,"6,329.40"
6890,건물,행정재산,서울특별시 용산구 보광동 238-2,,,"5,719.29"
6891,건물,행정재산,서울특별시 용산구 보광동 238-2,,,22.57
6892,토지,행정재산,서울특별시 용산구 이촌동 171,,하천,27.90
6893,토지,일반재산,서울특별시 용산구 한강로1가 24-9,,대,4.00
6894,토지,일반재산,서울특별시 용산구 한강로3가 65-581,,대,1.46
6895,토지,행정재산,서울특별시 용산구 한남동 11-410,,도로,195.00
6896,토지,일반재산,서울특별시 용산구 한남동 635-5,,도로,137.00
6897,토지,일반재산,서울특별시 용산구 한남동 759-10,,대,47.00
6898,토지,일반재산,서울특별시 용산구 한남동 759-13,,대,60.00
6899,토지,일반재산,서울특별시 용산구 한남동 759-15,,대,53.00
6900,토지,일반재산,서울특별시 용산구 한남동 759-27,,대,66.00
6901,토지,일반재산,서울특별시 용산구 한남동 759-28,,대,7.00
6902,토지,일반재산,서울특별시 용산구 한남동 759-29,,대,2.00
6903,토지,일반재산,서울특별시 용산구 한남동 759-32,,대,30.00
6904,토지,일반재산,서울특별시 용산구 한남동 759-6,,대,33.00
6905,토지,일반재산,서울특별시 용산구 한남동 760-34,,대,69.00
6906,토지,일반재산,서울특별시 용산구 한남동 760-35,,대,3.00
6907,토지,일반재산,서울특별시 용산구 한남동 770-23,,대,60.00
6908,토지,일반재산,서울특별시 용산구 한남동 산 9-21,,임야,684.42
6909,토지,행정재산,서울특별시 용산구 한남동 산 8-4,,임야,46.00
6910,토지,일반재산,서울특별시 용산구 한남동 1-45,,도로,63.00
6911,토지,행정재산,서울특별시 용산구 한남동 1-77,,도로,7.00
6912,토지,행정재산,서울특별시 용산구 한남동 11-113,,도로,23.00
6913,토지,행정재산,서울특별시 용산구 한남동 272-2,,도로,231.00
6914,토지,행정재산,서울특별시 용산구 한남동 32-4,,도로,7.00
6915,토지,행정재산,서울특별시 용산구 한남동 32-40,,도로,102.00
6916,토지,행정재산,서울특별시 용산구 한남동 32-41,,도로,92.00
6917,토지,행정재산,서울특별시 용산구 한남동 32-42,,도로,106.00
6918,토지,행정재산,서울특별시 용산구 한남동 32-43,,도로,43.00
6919,토지,행정재산,서울특별시 용산구 한남동 32-44,,도로,3.00
6920,토지,행정재산,서울특별시 용산구 한남동 32-56,,도로,20.00
6921,토지,행정재산,서울특별시 용산구 한남동 32-7,,도로,50.00
6922,토지,행정재산,서울특별시 용산구 한남동 32-8,,도로,83.00
6923,토지,행정재산,서울특별시 용산구 한남동 68-2,,도로,803.00
6924,토지,행정재산,서울특별시 용산구 한남동 75-2,,도로,267.00
6925,토지,일반재산,서울특별시 용산구 이촌동 302-209,,대,174.40
6926,토지,일반재산,서울특별시 용산구 서계동 243-43,,대,14.60
6927,토지,일반재산,서울특별시 용산구 후암동 139-7,,대,11.53
6928,토지,일반재산,서울특별시 용산구 후암동 140-14,,대,8.20
6929,토지,일반재산,서울특별시 용산구 후암동 142-100,,대,7.10
6930,토지,일반재산,서울특별시 용산구 후암동 142-101,,대,67.10
6931,토지,일반재산,서울특별시 용산구 후암동 142-105,,대,4.70
6932,토지,일반재산,서울특별시 용산구 후암동 142-107,,대,32.10
6933,토지,일반재산,서울특별시 용산구 후암동 142-108,,대,60.20
6934,토지,일반재산,서울특별시 용산구 후암동 142-11,,대,7.30
6935,토지,일반재산,서울특별시 용산구 후암동 142-111,,대,7.00
6936,토지,일반재산,서울특별시 용산구 후암동 142-112,,대,9.30
6937,토지,일반재산,서울특별시 용산구 후암동 142-18,,대,1.30
6938,토지,일반재산,서울특별시 용산구 후암동 142-20,,대,3.60
6939,토지,일반재산,서울특별시 용산구 후암동 142-21,,대,15.50
6940,토지,일반재산,서울특별시 용산구 후암동 142-5,,대,20.40
6941,토지,일반재산,서울특별시 용산구 후암동 142-50,,대,0.70
6942,토지,일반재산,서울특별시 용산구 후암동 142-52,,대,73.70
6943,토지,일반재산,서울특별시 용산구 후암동 142-53,,대,5.90
6944,토지,일반재산,서울특별시 용산구 후암동 142-54,,대,13.00
6945,토지,일반재산,서울특별시 용산구 후암동 142-59,,대,5.30
6946,토지,일반재산,서울특별시 용산구 후암동 142-61,,대,13.20
6947,토지,일반재산,서울특별시 용산구 후암동 142-67,,대,6.90
6948,토지,일반재산,서울특별시 용산구 후암동 142-70,,대,26.70
6949,토지,일반재산,서울특별시 용산구 후암동 142-72,,대,26.80
6950,토지,일반재산,서울특별시 용산구 후암동 142-74,,대,29.10
6951,토지,일반재산,서울특별시 용산구 후암동 142-75,,대,5.20
6952,토지,일반재산,서울특별시 용산구 후암동 142-77,,대,7.10
6953,토지,일반재산,서울특별시 용산구 후암동 142-80,,대,32.30
6954,토지,일반재산,서울특별시 용산구 후암동 142-89,,대,6.90
6955,토지,일반재산,서울특별시 용산구 후암동 142-92,,대,2.30
6956,토지,일반재산,서울특별시 용산구 후암동 142-95,,대,3.30
6957,토지,일반재산,서울특별시 용산구 후암동 142-99,,대,101.00
6958,토지,일반재산,서울특별시 용산구 후암동 147-14,,대,0.40
6959,토지,일반재산,서울특별시 용산구 후암동 147-3,,대,1.30
6960,토지,일반재산,서울특별시 용산구 후암동 147-4,,대,6.60
6961,토지,일반재산,서울특별시 용산구 후암동 147-6,,대,13.50
6962,토지,일반재산,서울특별시 용산구 후암동 147-7,,대,7.40
6963,토지,일반재산,서울특별시 용산구 후암동 175-4,,대,12.09
6964,토지,일반재산,서울특별시 용산구 후암동 247-43,,도로,12.02
6965,토지,행정재산,서울특별시 용산구 후암동 301-10,,도로,31.40
6966,토지,행정재산,서울특별시 용산구 후암동 301-3,,도로,312.90
6967,토지,일반재산,서울특별시 용산구 후암동 445-6,,대,105.20
6968,토지,일반재산,서울특별시 용산구 후암동 60-20,,대,13.75
6969,토지,행정재산,서울특별시 용산구 후암동 105-56,,도로,"2,180.80"
6970,토지,행정재산,서울특별시 용산구 후암동 192-14,,도로,404.00
6971,토지,행정재산,서울특별시 용산구 후암동 244-58,,도로,26.40
6972,토지,일반재산,서울특별시 용산구 후암동 264-34,,도로,49.30
6973,토지,일반재산,서울특별시 용산구 후암동 438-25,,도로,23.10
6974,토지,일반재산,서울특별시 용산구 후암동 445-15,,도로,199.70
6975,토지,일반재산,서울특별시 용산구 후암동 445-16,,도로,33.90
6976,토지,일반재산,서울특별시 용산구 후암동 445-17,,도로,86.60
6977,토지,일반재산,서울특별시 용산구 후암동 448-194,,도로,96.40
6978,토지,일반재산,서울특별시 용산구 후암동 448-193,,도로,23.80
